# Blender 4.4.3
# www.blender.org
mtllib Elbow.mtl
o Elbow
v 1.645903 1.636225 -0.994993
v 2.353010 2.343332 -0.702100
v 2.645903 2.636225 0.005007
v 2.353010 2.343332 0.712114
v 1.645903 1.636225 1.005007
v 0.938796 0.929119 0.712114
v 0.645903 0.636225 0.005007
v 0.938796 0.929119 -0.702100
v -1.332191 2.311677 0.682088
v -1.332190 1.637732 0.962545
v -1.332191 0.963787 0.682088
v -1.332196 1.637732 -0.952531
v -1.332196 2.311677 -0.672074
v -1.332193 2.590834 0.005007
v -1.332193 0.684630 0.005007
v -1.332196 0.963787 -0.672074
v -1.332193 2.036353 0.005007
v -1.332194 1.918691 -0.280377
v -1.332195 1.637732 -0.397296
v -1.332192 1.356773 0.290391
v -1.332191 1.637732 0.407310
v -1.332192 1.918691 0.290391
v -1.332194 1.356773 -0.280377
v -1.332193 1.239111 0.005007
v -2.280059 1.671793 0.005010
v -2.280059 1.637732 -0.029392
v -2.280059 1.603671 0.005010
v -2.280059 1.637732 0.039413
v -2.280059 1.756742 0.005010
v -2.280059 1.696404 -0.054699
v -2.280059 1.758752 -0.118151
v -2.280058 1.637732 0.125214
v -2.280058 1.696404 0.064720
v -2.280058 1.758752 0.128172
v -2.280059 1.518722 0.005010
v -2.280058 1.579061 0.064720
v -2.280058 1.516712 0.128172
v -2.280059 1.637732 -0.115194
v -2.280059 1.579061 -0.054699
v -2.280059 1.516712 -0.118151
v -2.280058 1.844972 0.005010
v -2.280059 1.811143 -0.171469
v -2.280059 1.637732 -0.204316
v -2.280059 1.464321 -0.171469
v -2.280058 1.430492 0.005010
v -2.280058 1.464321 0.181490
v -2.280058 1.637732 0.214337
v -2.280058 1.811143 0.181490
v -2.280059 1.637732 0.005010
v -1.304313 0.935264 0.247641
v -1.304313 0.971547 0.335004
v -1.304313 1.058439 0.372405
v -1.321051 0.938460 0.244537
v -1.325483 0.974283 0.331506
v -1.328539 1.061180 0.367647
v -1.328428 1.148248 0.331790
v -1.325215 1.184483 0.244938
v -1.320783 1.148660 0.157969
v -1.317727 1.061763 0.121827
v -1.317838 0.974695 0.157685
v -1.348410 0.936709 0.244722
v -1.350128 0.972538 0.331004
v -1.364480 1.057583 0.366958
v -1.383059 1.142024 0.331522
v -1.394982 1.176398 0.245456
v -1.393264 1.140569 0.159174
v -1.378912 1.055524 0.123220
v -1.360333 0.971083 0.158656
v -1.371325 0.931056 0.247385
v -1.370805 0.967263 0.332741
v -1.396731 1.048214 0.369779
v -1.433915 1.126488 0.336802
v -1.460575 1.156233 0.253128
v -1.461095 1.120026 0.167772
v -1.435169 1.039076 0.130734
v -1.397985 0.960802 0.163711
v -1.390864 0.921952 0.252068
v -1.388745 0.958714 0.336375
v -1.425547 1.033254 0.375784
v -1.479714 1.101907 0.347210
v -1.519514 1.124456 0.267390
v -1.521634 1.087693 0.183083
v -1.484831 1.013154 0.143674
v -1.430664 0.944501 0.172249
v -1.407923 0.909128 0.258733
v -1.404860 0.946388 0.342002
v -1.450913 1.012529 0.384849
v -1.519106 1.068806 0.362175
v -1.569491 1.082253 0.287262
v -1.572554 1.044992 0.203993
v -1.526500 0.978851 0.161146
v -1.458308 0.922574 0.183820
v -1.422770 0.891827 0.267602
v -1.419301 0.929332 0.349952
v -1.472358 0.985718 0.396919
v -1.550861 1.027953 0.380991
v -1.608824 1.031297 0.311497
v -1.612293 0.993791 0.229147
v -1.559237 0.937406 0.182180
v -1.480733 0.895171 0.198109
v -1.434920 0.869199 0.278926
v -1.431386 0.906592 0.360531
v -1.488988 0.952588 0.411878
v -1.573985 0.980243 0.402887
v -1.636586 0.973357 0.338827
v -1.640121 0.935964 0.257221
v -1.582519 0.889968 0.205875
v -1.497522 0.862313 0.214866
v -1.443300 0.840613 0.292806
v -1.439842 0.877525 0.373840
v -1.499665 0.913132 0.429467
v -1.587726 0.926577 0.427101
v -1.652439 0.909983 0.368128
v -1.655897 0.873071 0.287093
v -1.596074 0.837464 0.231466
v -1.508013 0.824019 0.233833
v -1.446528 0.805775 0.309130
v -1.443135 0.841892 0.389735
v -1.503185 0.867574 0.449295
v -1.591501 0.867778 0.452922
v -1.656350 0.842384 0.398490
v -1.659743 0.806267 0.317886
v -1.599693 0.780585 0.258326
v -1.511377 0.780381 0.254699
v -1.443145 0.764711 0.327599
v -1.439708 0.799802 0.407866
v -1.498393 0.816312 0.470870
v -1.584822 0.804570 0.479704
v -1.648367 0.771453 0.429194
v -1.651804 0.736362 0.348927
v -1.593119 0.719852 0.285923
v -1.506690 0.731594 0.277089
v -1.431737 0.717682 0.347774
v -1.428104 0.751605 0.427749
v -1.484226 0.759847 0.493645
v -1.567229 0.737580 0.506862
v -1.628490 0.697847 0.459656
v -1.632123 0.663923 0.379681
v -1.576001 0.655681 0.313785
v -1.492998 0.677949 0.300569
v -1.304312 1.281468 0.578080
v -1.304312 1.305043 0.669777
v -1.397082 1.545508 0.616444
v -1.401663 1.530611 0.520642
v -1.398403 1.454817 0.466515
v -1.389258 1.364239 0.484244
v -1.382322 1.310726 0.561637
v -1.381694 1.323551 0.655024
v -1.384854 1.396935 0.711242
v -1.390024 1.489548 0.695943
v -1.483938 1.556090 0.636915
v -1.503933 1.541070 0.548501
v -1.510412 1.463111 0.494309
v -1.496391 1.369413 0.508896
v -1.471208 1.317538 0.579623
v -1.443422 1.335641 0.671938
v -1.445396 1.408904 0.723051
v -1.461857 1.500721 0.708576
v -1.570585 1.516743 0.691748
v -1.615544 1.475368 0.623506
v -1.617292 1.389887 0.580293
v -1.576608 1.318685 0.582333
v -1.519756 1.292969 0.634787
v -1.472713 1.324441 0.713528
v -1.480417 1.399489 0.756522
v -1.519759 1.480968 0.745480
v -1.617478 1.447176 0.777413
v -1.662485 1.369933 0.752696
v -1.653251 1.294134 0.711921
v -1.599460 1.255360 0.681996
v -1.530825 1.261902 0.695441
v -1.481348 1.310934 0.747241
v -1.494220 1.386083 0.786129
v -1.547807 1.450766 0.793836
v -1.617061 1.388527 0.867730
v -1.656512 1.294570 0.861704
v -1.646771 1.220198 0.818387
v -1.592259 1.200812 0.767319
v -1.527691 1.236805 0.739752
v -1.482388 1.303553 0.762938
v -1.497113 1.376862 0.803161
v -1.552141 1.421046 0.840409
v -1.587232 1.343522 0.941342
v -1.615569 1.244609 0.953034
v -1.606731 1.170250 0.906539
v -1.567551 1.160613 0.831103
v -1.518582 1.218921 0.770255
v -1.481055 1.299106 0.771058
v -1.495181 1.368747 0.815717
v -1.541327 1.394927 0.880417
v -1.533185 1.309088 0.998431
v -1.546074 1.207644 1.019758
v -1.541589 1.135412 0.969447
v -1.523631 1.132695 0.878355
v -1.502864 1.199364 0.795356
v -1.473933 1.287907 0.785012
v -1.484823 1.353626 0.834537
v -1.513147 1.368765 0.918082
v -1.460262 1.278880 1.038643
v -1.459454 1.179332 1.062500
v -1.460573 1.108698 1.009918
v -1.463247 1.107987 0.912359
v -1.472545 1.174935 0.818337
v -1.455497 1.264749 0.803939
v -1.459209 1.328386 0.858309
v -1.464102 1.340780 0.952099
v -1.368793 1.249108 1.065461
v -1.358627 1.154044 1.087210
v -1.364930 1.084536 1.033856
v -1.384469 1.082222 0.936310
v -1.414736 1.146476 0.842472
v -1.419404 1.230924 0.822650
v -1.410567 1.296810 0.882473
v -1.391902 1.310262 0.980945
v -1.254246 1.219895 1.080280
v -1.241013 1.129632 1.097367
v -1.250922 1.061136 1.044463
v -1.281441 1.054741 0.951487
v -1.322375 1.115452 0.866997
v -1.340819 1.197048 0.848357
v -1.321573 1.266625 0.910019
v -1.292284 1.274228 1.003881
v -1.115636 1.195089 1.079918
v -1.104604 1.108835 1.092803
v -1.116677 1.040958 1.041036
v -1.149493 1.030443 0.954616
v -1.197039 1.081139 0.882721
v -1.219081 1.162472 0.872521
v -1.200848 1.227320 0.930210
v -1.156783 1.242090 1.014147
v -0.959011 1.179502 1.060949
v -0.957483 1.093114 1.073160
v -0.971085 1.025535 1.022234
v -0.995624 1.015490 0.939086
v -1.035120 1.060996 0.877334
v -1.057203 1.136032 0.874723
v -1.038051 1.202643 0.927814
v -0.992849 1.224446 1.000791
v -1.304312 1.922653 0.471384
v -1.304312 1.827969 0.473253
v -1.304312 1.761708 0.540915
v -1.419949 1.931911 0.499702
v -1.429518 1.838278 0.502520
v -1.413319 1.771603 0.567007
v -1.380841 1.770943 0.655389
v -1.351110 1.836685 0.715892
v -1.341541 1.930318 0.713075
v -1.357740 1.996992 0.648587
v -1.390218 1.997652 0.560206
v -1.511056 1.944689 0.546900
v -1.524685 1.852381 0.551853
v -1.496836 1.784490 0.609702
v -1.443822 1.780786 0.686559
v -1.396698 1.843439 0.737403
v -1.383069 1.935748 0.732450
v -1.410918 2.003639 0.674601
v -1.463932 2.007343 0.597744
v -1.579885 1.960856 0.613435
v -1.597348 1.870215 0.622165
v -1.558073 1.800025 0.668291
v -1.485066 1.791401 0.724794
v -1.421094 1.849396 0.758574
v -1.403631 1.940037 0.749844
v -1.442906 2.010227 0.703718
v -1.515913 2.018851 0.647215
v -1.620242 1.979356 0.696278
v -1.640182 1.890636 0.710236
v -1.593175 1.817252 0.739711
v -1.506757 1.802192 0.767438
v -1.431550 1.854277 0.777174
v -1.411611 1.942997 0.763216
v -1.458618 2.016381 0.733741
v -1.545036 2.031442 0.706014
v -1.627450 1.997895 0.786388
v -1.647753 1.911061 0.805856
v -1.599444 1.834425 0.817025
v -1.510822 1.812881 0.813351
v -1.433801 1.859049 0.796987
v -1.413498 1.945883 0.777519
v -1.461807 2.022519 0.766351
v -1.550429 2.044063 0.770024
v -1.603407 2.014184 0.873372
v -1.622336 1.928944 0.897373
v -1.578511 1.849844 0.892604
v -1.497602 1.823220 0.861861
v -1.427005 1.864668 0.823150
v -1.408076 1.949908 0.799149
v -1.451902 2.029008 0.803917
v -1.532811 2.055632 0.834661
v -1.553758 2.027098 0.951396
v -1.570494 1.943113 0.978534
v -1.534318 1.862584 0.961904
v -1.466422 1.832685 0.911246
v -1.406577 1.870929 0.856237
v -1.389840 1.954914 0.829098
v -1.426016 2.035443 0.845729
v -1.493913 2.065342 0.896386
v -1.483035 2.036314 1.018561
v -1.497408 1.953321 1.047659
v -1.469974 1.872232 1.022904
v -1.416802 1.840546 0.958796
v -1.369040 1.876825 0.892890
v -1.354667 1.959817 0.863791
v -1.382102 2.040907 0.888546
v -1.435273 2.072593 0.952654
v -1.393720 2.041634 1.073984
v -1.405842 1.959460 1.104207
v -1.387212 1.878439 1.074183
v -1.348743 1.846031 1.001500
v -1.312971 1.881221 0.928733
v -1.300850 1.963395 0.898510
v -1.319480 2.044417 0.928533
v -1.357948 2.076824 1.001217
v -1.287138 2.042747 1.116496
v -1.297207 1.961278 1.147275
v -1.287016 1.880773 1.114093
v -1.262535 1.848390 1.036389
v -1.238104 1.883100 0.959679
v -1.228035 1.964569 0.928900
v -1.238226 2.045074 0.962082
v -1.262707 2.077457 1.039786
v -1.164150 2.039228 1.144494
v -1.172383 1.958390 1.175435
v -1.170078 1.878724 1.140679
v -1.158583 1.846898 1.060585
v -1.144634 1.881555 0.982073
v -1.136400 1.962393 0.951132
v -1.138705 2.042059 0.985888
v -1.150199 2.073885 1.065981
v -1.383874 2.272983 0.353064
v -1.375031 2.332044 0.280262
v -1.378077 2.323164 0.186569
v -1.391227 2.251544 0.126868
v -1.406778 2.159137 0.136132
v -1.415620 2.100075 0.208934
v -1.412575 2.108956 0.302627
v -1.399425 2.180576 0.362328
v -1.433584 2.288810 0.354464
v -1.411984 2.343183 0.281606
v -1.422818 2.336951 0.189004
v -1.459740 2.273766 0.130904
v -1.501121 2.190639 0.141340
v -1.522721 2.136267 0.214198
v -1.511886 2.142498 0.306799
v -1.474965 2.205684 0.364899
v -1.472304 2.316242 0.358479
v -1.440643 2.362915 0.284885
v -1.458381 2.361705 0.193886
v -1.515128 2.313321 0.138789
v -1.577641 2.246105 0.151868
v -1.609303 2.199432 0.225462
v -1.591564 2.200642 0.316461
v -1.534817 2.249027 0.371559
v -1.501556 2.353568 0.365093
v -1.463485 2.391386 0.290367
v -1.486323 2.396867 0.201417
v -1.556692 2.366800 0.150350
v -1.633370 2.318798 0.167079
v -1.671442 2.280980 0.241806
v -1.648604 2.275499 0.330755
v -1.578235 2.305566 0.381823
v -1.520686 2.398679 0.374277
v -1.479420 2.427887 0.298280
v -1.505333 2.441069 0.211757
v -1.583243 2.430503 0.165392
v -1.667514 2.402380 0.186345
v -1.708779 2.373172 0.262342
v -1.682867 2.359990 0.348865
v -1.604956 2.370555 0.395230
v -1.528402 2.448206 0.385755
v -1.486349 2.469583 0.308457
v -1.513308 2.491198 0.224754
v -1.593485 2.500390 0.183676
v -1.679914 2.491773 0.209287
v -1.721967 2.470396 0.286584
v -1.695009 2.448781 0.370288
v -1.614832 2.439589 0.411366
v -1.523916 2.498178 0.399058
v -1.482911 2.512585 0.320438
v -1.508688 2.543250 0.240031
v -1.586148 2.572211 0.204938
v -1.669914 2.582502 0.235717
v -1.710919 2.568095 0.314337
v -1.685142 2.537430 0.394744
v -1.607683 2.508469 0.429837
v -1.507051 2.545039 0.413745
v -1.468636 2.553402 0.333773
v -1.490564 2.593371 0.257206
v -1.559988 2.641533 0.228893
v -1.636243 2.669676 0.265422
v -1.674657 2.661313 0.345393
v -1.652730 2.621344 0.421961
v -1.583305 2.573181 0.450273
v -1.477453 2.586342 0.429686
v -1.442921 2.589841 0.348395
v -1.458010 2.638433 0.276116
v -1.513880 2.703652 0.255190
v -1.577804 2.747295 0.297874
v -1.612336 2.743796 0.379166
v -1.597248 2.695204 0.451444
v -1.541378 2.629985 0.472370
v -1.433329 2.620405 0.447250
v -1.403488 2.620555 0.364816
v -1.409175 2.675737 0.296929
v -1.447058 2.753625 0.283357
v -1.494946 2.808595 0.332051
v -1.524787 2.808445 0.414485
v -1.519100 2.753263 0.482372
v -1.481217 2.675375 0.495944
v -1.371053 2.644696 0.467054
v -1.345984 2.643099 0.383813
v -1.341104 2.701885 0.319935
v -1.359272 2.786616 0.312838
v -1.389845 2.847661 0.366679
v -1.414915 2.849257 0.449919
v -1.419794 2.790472 0.513798
v -1.401626 2.705740 0.520895
v -1.266112 2.652544 0.405671
v -1.304315 2.113733 -0.165909
v -1.382740 2.291957 -0.127047
v -1.353384 2.343741 -0.200007
v -1.344593 2.329314 -0.292642
v -1.361514 2.257126 -0.350686
v -1.394238 2.169465 -0.340139
v -1.423594 2.117681 -0.267179
v -1.432386 2.132108 -0.174544
v -1.415464 2.204296 -0.116500
v -1.428416 2.318485 -0.138923
v -1.373909 2.355236 -0.205328
v -1.358356 2.336981 -0.295639
v -1.390869 2.274414 -0.356954
v -1.452401 2.204185 -0.353354
v -1.506908 2.167434 -0.286950
v -1.522460 2.185689 -0.196638
v -1.489948 2.248256 -0.135324
v -1.462893 2.360717 -0.156738
v -1.393443 2.378995 -0.215386
v -1.373914 2.356030 -0.303068
v -1.415745 2.305276 -0.368422
v -1.494433 2.256463 -0.373163
v -1.563883 2.238185 -0.314515
v -1.583411 2.261150 -0.226832
v -1.541580 2.311904 -0.161479
v -1.486089 2.416188 -0.179479
v -1.410082 2.418020 -0.231281
v -1.388837 2.390942 -0.316598
v -1.434797 2.350816 -0.385454
v -1.521041 2.321146 -0.397514
v -1.597047 2.319314 -0.345713
v -1.618293 2.346392 -0.260395
v -1.572332 2.386518 -0.191539
v -1.497437 2.481340 -0.205704
v -1.419575 2.469740 -0.251904
v -1.397862 2.439404 -0.335209
v -1.445017 2.408103 -0.406820
v -1.533417 2.394172 -0.424787
v -1.611279 2.405771 -0.378587
v -1.632991 2.436107 -0.295282
v -1.585836 2.467409 -0.223671
v -1.496735 2.552137 -0.233785
v -1.419568 2.529199 -0.275249
v -1.398046 2.496212 -0.356791
v -1.444778 2.472502 -0.430643
v -1.532388 2.471956 -0.453545
v -1.609555 2.494894 -0.412081
v -1.631076 2.527880 -0.330539
v -1.584345 2.551591 -0.256687
v -1.484125 2.624485 -0.262082
v -1.409420 2.591196 -0.299244
v -1.388525 2.555877 -0.379157
v -1.433681 2.539216 -0.455008
v -1.518437 2.550973 -0.482366
v -1.593143 2.584262 -0.445203
v -1.614037 2.619581 -0.365290
v -1.568881 2.636242 -0.289439
v -1.459977 2.694328 -0.288974
v -1.389566 2.650777 -0.321939
v -1.369727 2.613211 -0.400273
v -1.412082 2.603635 -0.478090
v -1.491819 2.627659 -0.509805
v -1.562230 2.671209 -0.476840
v -1.582069 2.708776 -0.398506
v -1.539714 2.718352 -0.320690
v -1.424855 2.757691 -0.312881
v -1.361302 2.703366 -0.341564
v -1.343102 2.663489 -0.418320
v -1.380916 2.661418 -0.498187
v -1.452594 2.698368 -0.534380
v -1.516148 2.752694 -0.505698
v -1.534348 2.792571 -0.428942
v -1.496534 2.794641 -0.349074
v -1.379518 2.810785 -0.332303
v -1.326712 2.745193 -0.356702
v -1.311023 2.702937 -0.431896
v -1.341641 2.708769 -0.513839
v -1.400630 2.759272 -0.554528
v -1.453435 2.824864 -0.530129
v -1.469124 2.867120 -0.454935
v -1.438507 2.861288 -0.372993
v -1.324733 2.850245 -0.345910
v -1.287916 2.774251 -0.366633
v -1.275901 2.729848 -0.440416
v -1.295728 2.743046 -0.524039
v -1.335781 2.806114 -0.568515
v -1.372599 2.882107 -0.547792
v -1.384614 2.926510 -0.474008
v -1.364787 2.913312 -0.390386
v -1.244392 2.790665 -0.371339
v -1.237062 2.745000 -0.444113
v -1.379354 1.964965 -0.665500
v -1.379203 1.878535 -0.700810
v -1.394727 1.793138 -0.666411
v -1.416833 1.758798 -0.582452
v -1.432572 1.795631 -0.498115
v -1.432724 1.882061 -0.462805
v -1.417199 1.967458 -0.497205
v -1.395093 2.001798 -0.581164
v -1.414977 1.968535 -0.677078
v -1.413148 1.883265 -0.711157
v -1.445939 1.801826 -0.684175
v -1.494139 1.771923 -0.611938
v -1.529515 1.811073 -0.536762
v -1.531343 1.896343 -0.502683
v -1.498553 1.977782 -0.529665
v -1.450352 2.007685 -0.601902
v -1.437139 1.973438 -0.693313
v -1.433576 1.889060 -0.725354
v -1.480882 1.813389 -0.711396
v -1.551347 1.790751 -0.659616
v -1.603693 1.834408 -0.600346
v -1.607256 1.918786 -0.568305
v -1.559949 1.994457 -0.582263
v -1.489484 2.017095 -0.634043
v -1.451249 1.979859 -0.714939
v -1.446418 1.896134 -0.744155
v -1.502261 1.827121 -0.746498
v -1.586066 1.813246 -0.720594
v -1.648741 1.862638 -0.681619
v -1.653573 1.946363 -0.652404
v -1.597729 2.015377 -0.650061
v -1.513924 2.029251 -0.675965
v -1.457976 1.988550 -0.744825
v -1.452714 1.905371 -0.770767
v -1.510595 1.842698 -0.789238
v -1.597713 1.837243 -0.789417
v -1.663035 1.892202 -0.771200
v -1.668297 1.975380 -0.745258
v -1.610416 2.038053 -0.726787
v -1.523299 2.043508 -0.726608
v -1.454132 1.999394 -0.783740
v -1.449337 1.916799 -0.806355
v -1.504371 1.859450 -0.838587
v -1.586994 1.860943 -0.861555
v -1.648808 1.920402 -0.861805
v -1.653602 2.002998 -0.839190
v -1.598569 2.060346 -0.806958
v -1.515945 2.058853 -0.783989
v -1.435914 2.011298 -0.829684
v -1.432362 1.929416 -0.849198
v -1.481558 1.876234 -0.892204
v -1.554684 1.882906 -0.933510
v -1.608904 1.945523 -0.948920
v -1.612456 2.027405 -0.929406
v -1.563259 2.080587 -0.886400
v -1.490133 2.073916 -0.845094
v -1.400342 2.022723 -0.879301
v -1.398626 1.941736 -0.896111
v -1.440386 1.891661 -0.947034
v -1.501160 1.901832 -1.002239
v -1.545347 1.966291 -1.029388
v -1.547063 2.047278 -1.012578
v -1.505303 2.097353 -0.961655
v -1.444529 2.087182 -0.906450
v -1.345186 2.032009 -0.928848
v -1.345697 1.952123 -0.943455
v -1.379365 1.904255 -0.999763
v -1.426467 1.916446 -1.064787
v -1.459413 1.981555 -1.100438
v -1.458902 2.061441 -1.085830
v -1.425234 2.109309 -1.029522
v -1.378131 2.097118 -0.964498
v -1.268665 2.037461 -0.974472
v -1.271584 1.958880 -0.987417
v -1.297180 1.912488 -1.046946
v -1.330458 1.925461 -1.118187
v -1.351924 1.990199 -1.159409
v -1.349005 2.068779 -1.146463
v -1.323409 2.115171 -1.086934
v -1.290131 2.102198 -1.015693
v -1.169339 2.037356 -1.012227
v -1.174654 1.960261 -1.024031
v -1.192681 1.914789 -1.085010
v -1.212857 1.927576 -1.159446
v -1.223366 1.991132 -1.203733
v -1.218050 2.068228 -1.191929
v -1.200024 2.113700 -1.130949
v -1.179847 2.100912 -1.056514
v -1.304316 1.439587 -0.462789
v -1.304316 1.518461 -0.515122
v -1.304316 1.538313 -0.607673
v -1.304317 1.487515 -0.686227
v -1.304316 1.347895 -0.481331
v -1.475522 1.418049 -0.488542
v -1.475602 1.497520 -0.539049
v -1.450299 1.520711 -0.626733
v -1.414433 1.474038 -0.700230
v -1.389016 1.384840 -0.716487
v -1.388936 1.305369 -0.665980
v -1.414240 1.282177 -0.578296
v -1.450105 1.328851 -0.504799
v -1.571961 1.391883 -0.538431
v -1.565409 1.472565 -0.585108
v -1.519848 1.501191 -0.661501
v -1.461967 1.460993 -0.722861
v -1.425671 1.375517 -0.733244
v -1.432223 1.294835 -0.686567
v -1.477784 1.266209 -0.610174
v -1.535666 1.306408 -0.548814
v -1.642695 1.361162 -0.611379
v -1.630880 1.443529 -0.652282
v -1.567992 1.479612 -0.710074
v -1.490868 1.448275 -0.750902
v -1.444688 1.367875 -0.750848
v -1.456502 1.285508 -0.709944
v -1.519390 1.249425 -0.652152
v -1.596514 1.280762 -0.611325
v -1.681905 1.328148 -0.699234
v -1.667454 1.412112 -0.733946
v -1.595016 1.456144 -0.769690
v -1.507026 1.434452 -0.785527
v -1.455026 1.359742 -0.772180
v -1.469478 1.275778 -0.737468
v -1.541915 1.231746 -0.701724
v -1.629906 1.253438 -0.685887
v -1.690812 1.295413 -0.791047
v -1.675934 1.380381 -0.820889
v -1.601761 1.431165 -0.836728
v -1.511743 1.418016 -0.829287
v -1.458612 1.348638 -0.802923
v -1.473490 1.263670 -0.773081
v -1.547662 1.212886 -0.757241
v -1.637680 1.226035 -0.764683
v -1.675589 1.263836 -0.880306
v -1.661244 1.349123 -0.907152
v -1.589935 1.404935 -0.907730
v -1.503434 1.398578 -0.881703
v -1.452412 1.333776 -0.844317
v -1.466757 1.248489 -0.817472
v -1.538066 1.192677 -0.816893
v -1.624567 1.199034 -0.842920
v -1.641764 1.233007 -0.964857
v -1.628002 1.318068 -0.990259
v -1.561461 1.377510 -0.979808
v -1.481121 1.376511 -0.939626
v -1.434044 1.315657 -0.893250
v -1.447807 1.230596 -0.867848
v -1.514347 1.171155 -0.878299
v -1.594687 1.172153 -0.918481
v -1.592780 1.202258 -1.043766
v -1.579218 1.286695 -1.068815
v -1.518076 1.348846 -1.050376
v -1.445171 1.352303 -0.999250
v -1.403208 1.295041 -0.945386
v -1.416770 1.210604 -0.920337
v -1.477912 1.148454 -0.938776
v -1.550818 1.144997 -0.989902
v -1.530771 1.171058 -1.115821
v -1.516828 1.254556 -1.141250
v -1.461303 1.318869 -1.116883
v -1.396721 1.326323 -1.056995
v -1.360914 1.272552 -0.996667
v -1.374857 1.189054 -0.971238
v -1.430382 1.124741 -0.995605
v -1.494964 1.117286 -1.055493
v -1.457280 1.139035 -1.179265
v -1.442241 1.221310 -1.205547
v -1.392512 1.287494 -1.176693
v -1.337223 1.298819 -1.109605
v -1.308761 1.248650 -1.043582
v -1.323800 1.166376 -1.017300
v -1.373529 1.100191 -1.046155
v -1.428818 1.088867 -1.113243
v -1.373627 1.105937 -1.231846
v -1.356649 1.186697 -1.259225
v -1.312989 1.254635 -1.227004
v -1.268223 1.269955 -1.154057
v -1.248574 1.223682 -1.083115
v -1.265552 1.142922 -1.055736
v -1.309212 1.074984 -1.087957
v -1.353978 1.059664 -1.160904
v -1.304315 1.134285 -0.129644
v -1.304315 1.189034 -0.207000
v -1.401727 1.135306 -0.319281
v -1.361087 1.072467 -0.366308
v -1.329058 0.990647 -0.345287
v -1.324402 0.937774 -0.268531
v -1.349846 0.944821 -0.181004
v -1.390485 1.007660 -0.133977
v -1.422514 1.089481 -0.154998
v -1.427171 1.142353 -0.231754
v -1.490364 1.079715 -0.347887
v -1.421907 1.032063 -0.386700
v -1.367033 0.963328 -0.359719
v -1.357886 0.913775 -0.282748
v -1.399825 0.912431 -0.200877
v -1.468283 0.960083 -0.162063
v -1.523157 1.028818 -0.189045
v -1.532303 1.078371 -0.266015
v -1.529814 1.032484 -0.370920
v -1.454163 0.994307 -0.404846
v -1.392426 0.934699 -0.373752
v -1.380767 0.888577 -0.295853
v -1.426016 0.882959 -0.216781
v -1.501667 0.921136 -0.182855
v -1.563404 0.980744 -0.213949
v -1.575063 1.026866 -0.291848
v -1.563281 0.975510 -0.396381
v -1.481595 0.948795 -0.424911
v -1.413843 0.900598 -0.389036
v -1.399713 0.859154 -0.309771
v -1.447482 0.848738 -0.233548
v -1.529168 0.875454 -0.205018
v -1.596920 0.923650 -0.240893
v -1.611050 0.965095 -0.320158
v -1.587095 0.908806 -0.423091
v -1.501123 0.895980 -0.445775
v -1.428948 0.861917 -0.404536
v -1.412849 0.826570 -0.323533
v -1.462256 0.810645 -0.250215
v -1.548228 0.823471 -0.227532
v -1.620403 0.857534 -0.268771
v -1.636502 0.892881 -0.349774
v -1.597156 0.833105 -0.449523
v -1.509698 0.836329 -0.466307
v -1.435878 0.818840 -0.419556
v -1.418938 0.790883 -0.336656
v -1.468801 0.768835 -0.266168
v -1.556260 0.765611 -0.249384
v -1.630080 0.783100 -0.296135
v -1.647020 0.811057 -0.379035
v -1.589592 0.750276 -0.473821
v -1.504296 0.770389 -0.485352
v -1.432576 0.770535 -0.433688
v -1.416446 0.750629 -0.349092
v -1.465353 0.722330 -0.281119
v -1.550650 0.702217 -0.269588
v -1.622369 0.702071 -0.321253
v -1.638500 0.721977 -0.405849
v -1.561629 0.662953 -0.494165
v -1.481987 0.698808 -0.501742
v -1.416023 0.715543 -0.446472
v -1.402379 0.703355 -0.360733
v -1.449048 0.669384 -0.294748
v -1.528690 0.633529 -0.287172
v -1.594654 0.616794 -0.342441
v -1.608298 0.628982 -0.428180
v -1.511728 0.573405 -0.509195
v -1.439979 0.622247 -0.514338
v -1.382159 0.652793 -0.457034
v -1.372138 0.647147 -0.370850
v -1.415787 0.608618 -0.306272
v -1.487536 0.559776 -0.301129
v -1.545356 0.529231 -0.358433
v -1.555377 0.534876 -0.444617
v 2.335575 -1.323920 -0.666445
v 1.668408 -1.323876 -0.962664
v 0.988058 -1.323915 -0.698125
v 1.623398 -1.324162 0.951883
v 2.303748 -1.324122 0.687344
v 2.598741 -1.324022 0.017011
v 0.693064 -1.324015 -0.027791
v 0.956231 -1.324117 0.655664
v 2.044414 -1.324020 0.003979
v 1.920077 -1.324062 0.286518
v 1.636447 -1.324079 0.396801
v 1.371729 -1.323975 -0.297299
v 1.655358 -1.323959 -0.407582
v 1.933492 -1.323977 -0.284092
v 1.358314 -1.324060 0.273311
v 1.247392 -1.324018 -0.014759
v 1.679954 -2.271885 -0.004731
v 1.645094 -2.271890 0.028861
v 1.611851 -2.271885 -0.006332
v 1.646711 -2.271879 -0.039925
v 1.764880 -2.271885 -0.002735
v 1.703155 -2.271894 0.055540
v 1.763995 -2.271903 0.120440
v 1.648728 -2.271867 -0.125703
v 1.705961 -2.271876 -0.063846
v 1.769784 -2.271867 -0.125815
v 1.526926 -2.271884 -0.008329
v 1.588651 -2.271876 -0.066604
v 1.527811 -2.271866 -0.131504
v 1.643078 -2.271903 0.114639
v 1.585844 -2.271893 0.052783
v 1.522022 -2.271902 0.114752
v 1.853086 -2.271885 -0.000661
v 1.815118 -2.271911 0.174975
v 1.640983 -2.271916 0.203737
v 1.468392 -2.271910 0.166823
v 1.438720 -2.271884 -0.010402
v 1.476688 -2.271858 -0.186038
v 1.650823 -2.271853 -0.214801
v 1.823413 -2.271859 -0.177887
v 1.645903 -2.271885 -0.005532
v 0.949332 -1.296101 -0.264464
v 0.987658 -1.296088 -0.350950
v 1.075404 -1.296083 -0.386298
v 0.952454 -1.312839 -0.261288
v 0.990311 -1.317259 -0.347392
v 1.078033 -1.320310 -0.381481
v 1.164234 -1.320204 -0.343587
v 1.198418 -1.317005 -0.255907
v 1.160561 -1.312585 -0.169803
v 1.072839 -1.309534 -0.135714
v 0.986638 -1.309639 -0.173608
v 0.950707 -1.340198 -0.261518
v 0.988555 -1.341904 -0.346934
v 1.074421 -1.356251 -0.380881
v 1.158006 -1.374836 -0.343474
v 1.190348 -1.386771 -0.256625
v 1.152500 -1.385066 -0.171209
v 1.066634 -1.370718 -0.137262
v 0.983049 -1.352134 -0.174669
v 0.945119 -1.363113 -0.264316
v 0.983322 -1.362581 -0.348798
v 1.065121 -1.388502 -0.383927
v 1.142598 -1.425691 -0.349125
v 1.170369 -1.452363 -0.264778
v 1.132165 -1.452895 -0.180297
v 1.050367 -1.426974 -0.145168
v 0.972890 -1.389785 -0.179970
v 0.936127 -1.382651 -0.269215
v 0.974861 -1.380520 -0.352635
v 1.050306 -1.417317 -0.390286
v 1.118268 -1.471488 -0.360114
v 1.138935 -1.511300 -0.279792
v 1.100202 -1.513432 -0.196373
v 1.024756 -1.476634 -0.158721
v 0.956795 -1.422463 -0.188894
v 0.923463 -1.399709 -0.276182
v 0.962671 -1.396634 -0.358551
v 1.029800 -1.442682 -0.399839
v 1.085529 -1.510878 -0.375858
v 1.097211 -1.561274 -0.300657
v 1.058003 -1.564349 -0.218288
v 0.990873 -1.518301 -0.177000
v 0.935145 -1.450105 -0.200981
v 0.906375 -1.414555 -0.285457
v 0.945806 -1.411074 -0.366903
v 1.003280 -1.464124 -0.412539
v 1.045129 -1.542630 -0.395634
v 1.046839 -1.600603 -0.326090
v 1.007408 -1.604084 -0.244644
v 0.949934 -1.551034 -0.199008
v 0.908085 -1.472529 -0.215913
v 0.884020 -1.426704 -0.297312
v 0.923321 -1.423157 -0.378015
v 0.970511 -1.480752 -0.428275
v 0.997947 -1.565751 -0.418649
v 0.989558 -1.628361 -0.354777
v 0.950257 -1.631908 -0.274074
v 0.903067 -1.574313 -0.223814
v 0.875631 -1.489314 -0.233440
v 0.855768 -1.435081 -0.311861
v 0.894575 -1.431612 -0.392005
v 0.931479 -1.491427 -0.446788
v 0.944864 -1.579488 -0.444119
v 0.926889 -1.644210 -0.385562
v 0.888083 -1.647679 -0.305418
v 0.851178 -1.587864 -0.250635
v 0.837793 -1.499803 -0.253303
v 0.821324 -1.438307 -0.329000
v 0.859325 -1.434902 -0.408733
v 0.886400 -1.494943 -0.467682
v 0.886689 -1.583259 -0.471315
v 0.860022 -1.648115 -0.417505
v 0.822021 -1.651520 -0.337773
v 0.794946 -1.591479 -0.278824
v 0.794657 -1.503164 -0.275190
v 0.780705 -1.434921 -0.348429
v 0.817673 -1.431472 -0.427848
v 0.835659 -1.490148 -0.490455
v 0.824128 -1.576576 -0.499575
v 0.789833 -1.640128 -0.449866
v 0.752865 -1.643576 -0.370447
v 0.734879 -1.584901 -0.307840
v 0.746410 -1.498473 -0.298720
v 0.734163 -1.423510 -0.369702
v 0.769957 -1.419865 -0.448857
v 0.779745 -1.475978 -0.514549
v 0.757794 -1.558979 -0.528297
v 0.716963 -1.620246 -0.482047
v 0.681169 -1.623891 -0.402893
v 0.671381 -1.567778 -0.337200
v 0.693331 -1.484777 -0.323452
v 1.303206 -1.296053 -0.586674
v 1.328930 -1.296040 -0.677792
v 1.568074 -1.388819 -0.618835
v 1.550930 -1.393413 -0.523411
v 1.473885 -1.390161 -0.471079
v 1.383749 -1.381014 -0.490932
v 1.332070 -1.374066 -0.569560
v 1.347086 -1.373424 -0.662619
v 1.421771 -1.376576 -0.717098
v 1.513999 -1.381749 -0.699627
v 1.579135 -1.475672 -0.639065
v 1.562041 -1.495679 -0.551032
v 1.482830 -1.502167 -0.498688
v 1.389501 -1.488143 -0.515470
v 1.339303 -1.462949 -0.587393
v 1.359571 -1.435149 -0.679254
v 1.434015 -1.437117 -0.728631
v 1.525465 -1.453580 -0.712004
v 1.541088 -1.562310 -0.694820
v 1.498120 -1.607279 -0.627576
v 1.411647 -1.609034 -0.586384
v 1.340513 -1.568348 -0.590091
v 1.316037 -1.511489 -0.643127
v 1.349351 -1.464435 -0.721099
v 1.425389 -1.472132 -0.762319
v 1.506585 -1.511477 -0.749371
v 1.473553 -1.609191 -0.782104
v 1.395751 -1.654202 -0.759215
v 1.319015 -1.644973 -0.720231
v 1.279548 -1.591186 -0.691219
v 1.286404 -1.522550 -0.704496
v 1.336640 -1.473065 -0.755122
v 1.412683 -1.485932 -0.792235
v 1.477528 -1.539517 -0.798427
v 1.417043 -1.608761 -0.873773
v 1.322971 -1.648212 -0.869963
v 1.247601 -1.638478 -0.828405
v 1.227020 -1.583973 -0.777799
v 1.262355 -1.519408 -0.749384
v 1.329630 -1.474103 -0.770989
v 1.403864 -1.488822 -0.809479
v 1.448912 -1.543844 -0.845687
v 1.373781 -1.578920 -0.948419
v 1.275170 -1.607255 -0.962436
v 1.199739 -1.598424 -0.917700
v 1.188331 -1.559255 -0.842507
v 1.245193 -1.510296 -0.780298
v 1.325375 -1.472769 -0.779211
v 1.396046 -1.486887 -0.822222
v 1.423740 -1.533025 -0.886295
v 1.340698 -1.524865 -1.006293
v 1.239784 -1.537750 -1.030000
v 1.166389 -1.533273 -0.981401
v 1.161531 -1.515328 -0.890395
v 1.226231 -1.494573 -0.805850
v 1.314507 -1.465644 -0.793423
v 1.381372 -1.476527 -0.841391
v 1.398470 -1.504839 -0.924561
v 1.311443 -1.451936 -1.047194
v 1.212484 -1.451124 -1.073384
v 1.140634 -1.452251 -1.022476
v 1.137630 -1.454939 -0.924962
v 1.202349 -1.464251 -0.829394
v 1.291800 -1.447206 -0.812886
v 1.356697 -1.450910 -0.865746
v 1.371292 -1.455789 -0.959220
v 1.282310 -1.360464 -1.074691
v 1.187784 -1.350294 -1.098667
v 1.117041 -1.356604 -1.046962
v 1.112435 -1.376157 -0.949500
v 1.174465 -1.406439 -0.854182
v 1.258424 -1.411109 -0.832382
v 1.325699 -1.402264 -0.890638
v 1.341461 -1.383584 -0.988765
v 1.253454 -1.245914 -1.090176
v 1.163617 -1.232679 -1.109378
v 1.093897 -1.242594 -1.058099
v 1.085319 -1.273127 -0.965304
v 1.144027 -1.314074 -0.879416
v 1.225162 -1.332521 -0.858866
v 1.296169 -1.313266 -0.918874
v 1.305976 -1.283963 -1.012526
v 1.228646 -1.107303 -1.090377
v 1.142719 -1.096270 -1.105283
v 1.073644 -1.108350 -1.055128
v 1.061101 -1.141178 -0.968984
v 1.110093 -1.188735 -0.895924
v 1.191164 -1.210779 -0.883818
v 1.257350 -1.192538 -0.939965
v 1.274088 -1.148461 -1.023525
v 1.164783 -1.048900 -0.886618
v 1.232623 -1.029741 -0.938125
v 1.941707 -1.296071 -0.464938
v 1.847092 -1.296071 -0.469032
v 1.782440 -1.296061 -0.538233
v 1.951627 -1.411704 -0.493048
v 1.858086 -1.421272 -0.498066
v 1.792946 -1.405063 -0.564101
v 1.794363 -1.372573 -0.652469
v 1.861509 -1.342833 -0.711406
v 1.955049 -1.333265 -0.706387
v 2.020190 -1.349473 -0.640353
v 2.018773 -1.381964 -0.551985
v 1.965512 -1.502804 -0.539946
v 1.873345 -1.516432 -0.547069
v 1.806832 -1.488575 -0.606493
v 1.804936 -1.435549 -0.683409
v 1.868767 -1.388418 -0.732759
v 1.960934 -1.374790 -0.725636
v 2.027447 -1.402648 -0.666211
v 2.029343 -1.455673 -0.589296
v 1.983238 -1.571624 -0.606092
v 1.892827 -1.589085 -0.616952
v 1.823740 -1.549803 -0.664710
v 1.816447 -1.476788 -0.721389
v 1.875219 -1.412811 -0.753788
v 1.965630 -1.395350 -0.742927
v 2.034717 -1.434632 -0.695169
v 2.042010 -1.507647 -0.638490
v 2.003680 -1.611969 -0.688483
v 1.915312 -1.631906 -0.704525
v 1.842641 -1.584894 -0.735710
v 1.828237 -1.498472 -0.763771
v 1.880537 -1.423265 -0.772269
v 1.968904 -1.403327 -0.756227
v 2.041575 -1.450339 -0.725042
v 2.055979 -1.536761 -0.696982
v 2.024332 -1.619164 -0.778134
v 1.937979 -1.639463 -0.799640
v 1.861627 -1.591152 -0.812600
v 1.840003 -1.502531 -0.809421
v 1.885773 -1.425512 -0.791965
v 1.972126 -1.405213 -0.770459
v 2.048477 -1.453524 -0.757499
v 2.070101 -1.542145 -0.760678
v 2.042660 -1.595108 -0.864707
v 1.958008 -1.614033 -0.890707
v 1.878818 -1.570208 -0.887793
v 1.851478 -1.489304 -0.857672
v 1.892005 -1.418713 -0.817988
v 1.976658 -1.399787 -0.791987
v 2.055848 -1.443613 -0.794901
v 2.083187 -1.524518 -0.825023
v 2.057404 -1.545448 -0.942399
v 1.974080 -1.562180 -0.971506
v 1.893183 -1.526006 -0.956768
v 1.862101 -1.458116 -0.906817
v 1.899042 -1.398280 -0.850915
v 1.982366 -1.381547 -0.821808
v 2.063263 -1.417721 -0.836546
v 2.094345 -1.485611 -0.886497
v 2.068196 -1.474715 -1.009318
v 1.985911 -1.489084 -1.040361
v 1.904261 -1.461652 -1.017515
v 1.871078 -1.408490 -0.954162
v 1.905798 -1.360738 -0.887414
v 1.988083 -1.346369 -0.856371
v 2.069732 -1.373800 -0.879217
v 2.102916 -1.426963 -0.942570
v 2.074817 -1.385392 -1.064588
v 1.993376 -1.397509 -1.096736
v 1.911672 -1.378883 -1.068622
v 1.877565 -1.340425 -0.996715
v 1.911035 -1.304663 -0.923136
v 1.992476 -1.292547 -0.890988
v 2.074181 -1.311173 -0.919102
v 2.108288 -1.349631 -0.991009
v 2.076930 -1.278803 -1.107047
v 1.996206 -1.288867 -1.139733
v 1.914944 -1.278681 -1.108452
v 1.880744 -1.254211 -1.031526
v 1.913641 -1.229792 -0.954019
v 1.994364 -1.219728 -0.921332
v 2.075627 -1.229914 -0.952613
v 2.109827 -1.254384 -1.029539
v 2.074070 -1.155811 -1.135102
v 1.993981 -1.164040 -1.167935
v 1.913520 -1.161739 -1.135061
v 1.879820 -1.150256 -1.055736
v 1.912622 -1.136318 -0.976428
v 1.992711 -1.128089 -0.943595
v 2.073172 -1.130390 -0.976470
v 2.106872 -1.141872 -1.055794
v 2.289158 -1.375651 -0.338428
v 2.346493 -1.366820 -0.264257
v 2.335413 -1.369879 -0.170799
v 2.262409 -1.383037 -0.112800
v 2.170246 -1.398586 -0.124235
v 2.112911 -1.407418 -0.198406
v 2.123991 -1.404359 -0.291865
v 2.196995 -1.391201 -0.349864
v 2.305014 -1.425361 -0.339463
v 2.357660 -1.403772 -0.265344
v 2.349253 -1.414620 -0.172916
v 2.284720 -1.451550 -0.116323
v 2.201862 -1.492929 -0.128715
v 2.149217 -1.514518 -0.202834
v 2.157623 -1.503670 -0.295262
v 2.222157 -1.466740 -0.351855
v 2.332533 -1.464081 -0.342839
v 2.377463 -1.432431 -0.268163
v 2.374115 -1.450182 -0.177220
v 2.324449 -1.506937 -0.123283
v 2.257560 -1.569448 -0.137948
v 2.212629 -1.601098 -0.212624
v 2.215978 -1.583347 -0.303566
v 2.265644 -1.526592 -0.357503
v 2.370004 -1.493332 -0.348577
v 2.406055 -1.455272 -0.272977
v 2.409444 -1.478123 -0.183927
v 2.378185 -1.548499 -0.133590
v 2.330590 -1.625175 -0.151454
v 2.294538 -1.663235 -0.227055
v 2.291150 -1.640384 -0.316105
v 2.322409 -1.570008 -0.366442
v 2.415318 -1.512460 -0.356702
v 2.442732 -1.471206 -0.280033
v 2.453877 -1.497131 -0.193228
v 2.442225 -1.575049 -0.147135
v 2.414601 -1.659316 -0.168756
v 2.387187 -1.700570 -0.245424
v 2.376042 -1.674645 -0.332229
v 2.387695 -1.596728 -0.378322
v 2.465101 -1.520175 -0.367013
v 2.484656 -1.478134 -0.289228
v 2.504298 -1.505105 -0.205044
v 2.512521 -1.585288 -0.163773
v 2.504509 -1.671714 -0.189592
v 2.484954 -1.713755 -0.267376
v 2.465312 -1.686785 -0.351561
v 2.457089 -1.606601 -0.392832
v 2.515373 -1.515688 -0.379137
v 2.527928 -1.474694 -0.300194
v 2.556695 -1.500483 -0.219092
v 2.584822 -1.577948 -0.183340
v 2.595834 -1.661710 -0.213881
v 2.583279 -1.702703 -0.292824
v 2.554512 -1.676915 -0.373926
v 2.526384 -1.599450 -0.409678
v 2.562566 -1.498821 -0.392716
v 2.569046 -1.460417 -0.312565
v 2.607205 -1.482356 -0.235082
v 2.654689 -1.551785 -0.205656
v 2.683682 -1.628034 -0.241524
v 2.677201 -1.666437 -0.321675
v 2.639042 -1.644499 -0.399158
v 2.591559 -1.575069 -0.428584
v 2.604232 -1.469221 -0.407678
v 2.605820 -1.434701 -0.326322
v 2.652699 -1.449800 -0.252923
v 2.717409 -1.505673 -0.230478
v 2.762043 -1.569591 -0.272135
v 2.760455 -1.604111 -0.353491
v 2.713576 -1.589012 -0.426889
v 2.648866 -1.533139 -0.449334
v 2.638699 -1.425094 -0.424430
v 2.636911 -1.395265 -0.342011
v 2.690482 -1.400962 -0.272847
v 2.768030 -1.438848 -0.257453
v 2.824129 -1.486728 -0.304848
v 2.825916 -1.516557 -0.387268
v 2.772346 -1.510860 -0.456432
v 2.694798 -1.472975 -0.471825
v 2.663449 -1.362815 -0.443648
v 2.659895 -1.337758 -0.360465
v 2.717163 -1.332887 -0.295222
v 2.801705 -1.351057 -0.286138
v 2.863997 -1.381623 -0.338534
v 2.867550 -1.406680 -0.421717
v 2.810283 -1.411550 -0.486960
v 2.725741 -1.393381 -0.496044
v 2.669851 -1.257883 -0.382083
v 2.117755 -1.296167 0.176670
v 2.296844 -1.374588 0.141996
v 2.346899 -1.345243 0.216158
v 2.330298 -1.336464 0.308429
v 2.256766 -1.353394 0.364758
v 2.169377 -1.386116 0.352149
v 2.119322 -1.415461 0.277987
v 2.135922 -1.424240 0.185716
v 2.209455 -1.407310 0.129387
v 2.323085 -1.420265 0.154486
v 2.358265 -1.365767 0.221744
v 2.337892 -1.350228 0.311603
v 2.273901 -1.382750 0.371426
v 2.203776 -1.444281 0.366168
v 2.168597 -1.498778 0.298910
v 2.188969 -1.514318 0.209050
v 2.252960 -1.481796 0.149228
v 2.364887 -1.454744 0.173283
v 2.381781 -1.385303 0.232355
v 2.356762 -1.365787 0.319476
v 2.304486 -1.407628 0.383612
v 2.255575 -1.486316 0.387194
v 2.238680 -1.555757 0.328122
v 2.263699 -1.575273 0.241001
v 2.315976 -1.533432 0.176865
v 2.419807 -1.477944 0.197319
v 2.420422 -1.401945 0.249160
v 2.391346 -1.380712 0.333820
v 2.349612 -1.426682 0.401708
v 2.319668 -1.512928 0.413054
v 2.319054 -1.588927 0.361213
v 2.348129 -1.610160 0.276553
v 2.389863 -1.564189 0.208665
v 2.484325 -1.489296 0.225065
v 2.471643 -1.411441 0.270992
v 2.439358 -1.389740 0.353564
v 2.406382 -1.436906 0.424412
v 2.392032 -1.525308 0.442035
v 2.404715 -1.603163 0.396108
v 2.437000 -1.624864 0.313536
v 2.469976 -1.577698 0.242688
v 2.554443 -1.488599 0.254803
v 2.530536 -1.411438 0.295728
v 2.495643 -1.389928 0.376475
v 2.470202 -1.436670 0.449743
v 2.469118 -1.524283 0.472613
v 2.493025 -1.601445 0.431688
v 2.527919 -1.622954 0.350941
v 2.553359 -1.576212 0.277673
v 2.626105 -1.475993 0.284794
v 2.591952 -1.401293 0.321175
v 2.554765 -1.380410 0.400239
v 2.536326 -1.425577 0.475671
v 2.547437 -1.510337 0.503285
v 2.581590 -1.585037 0.466904
v 2.618778 -1.605920 0.387840
v 2.637217 -1.560753 0.312408
v 2.695297 -1.451849 0.313325
v 2.650984 -1.381443 0.345267
v 2.611587 -1.361615 0.422699
v 2.600185 -1.403981 0.500263
v 2.623456 -1.483723 0.532522
v 2.667769 -1.554130 0.500580
v 2.707167 -1.573957 0.423148
v 2.718569 -1.531591 0.345584
v 2.758081 -1.416731 0.338719
v 2.703097 -1.353182 0.366126
v 2.661427 -1.334992 0.441927
v 2.657480 -1.372818 0.521717
v 2.693569 -1.444502 0.558758
v 2.748553 -1.508052 0.531352
v 2.790224 -1.526241 0.455551
v 2.794170 -1.488415 0.375760
v 2.810704 -1.371397 0.359390
v 2.744557 -1.318595 0.382248
v 2.700545 -1.302916 0.456431
v 2.704449 -1.333546 0.538483
v 2.753983 -1.392541 0.580340
v 2.820129 -1.445343 0.557482
v 2.864141 -1.461021 0.483299
v 2.860237 -1.430392 0.401247
v 2.849833 -1.316615 0.373928
v 2.773373 -1.279800 0.392865
v 2.727249 -1.267796 0.465586
v 2.738477 -1.287634 0.549493
v 2.800483 -1.327695 0.595433
v 2.876942 -1.364510 0.576497
v 2.923067 -1.376513 0.503775
v 2.911838 -1.356675 0.419869
v 2.789672 -1.236276 0.397962
v 2.742310 -1.228957 0.469644
v 1.957286 -1.371279 0.672615
v 1.870050 -1.371132 0.705885
v 1.785485 -1.386651 0.669485
v 1.753128 -1.408745 0.584739
v 1.791934 -1.424471 0.501290
v 1.879170 -1.424618 0.468020
v 1.963735 -1.409099 0.504420
v 1.996091 -1.387005 0.589166
v 1.960584 -1.406903 0.684269
v 1.874536 -1.405079 0.716335
v 1.793753 -1.437865 0.687442
v 1.765556 -1.486055 0.614515
v 1.806462 -1.521420 0.540274
v 1.892510 -1.523243 0.508209
v 1.973293 -1.490457 0.537102
v 2.001490 -1.442267 0.610029
v 1.965103 -1.429067 0.700612
v 1.879996 -1.425508 0.730661
v 1.804673 -1.472813 0.714922
v 1.783259 -1.543270 0.662614
v 1.828296 -1.595607 0.604379
v 1.913404 -1.599166 0.574329
v 1.988726 -1.551862 0.590069
v 2.010141 -1.481404 0.642377
v 1.971014 -1.443181 0.722381
v 1.886626 -1.438353 0.749622
v 1.817576 -1.494197 0.750333
v 1.804314 -1.577998 0.724099
v 1.854609 -1.640668 0.686286
v 1.938997 -1.645495 0.659046
v 2.008047 -1.589652 0.658334
v 2.021309 -1.505850 0.684569
v 1.979000 -1.449913 0.752462
v 1.895235 -1.444654 0.776443
v 1.832145 -1.502537 0.793427
v 1.826687 -1.589655 0.793465
v 1.882059 -1.654975 0.776535
v 1.965824 -1.660233 0.752554
v 2.028914 -1.602350 0.735570
v 2.034371 -1.515232 0.735532
v 1.988927 -1.446074 0.791621
v 1.905823 -1.441282 0.812289
v 1.847733 -1.496320 0.843157
v 1.848685 -1.578947 0.866142
v 1.908122 -1.640761 0.867780
v 1.991226 -1.645552 0.847112
v 2.049316 -1.590514 0.816244
v 2.048364 -1.507888 0.793259
v 1.999748 -1.427862 0.837835
v 1.917430 -1.424313 0.855419
v 1.863252 -1.473515 0.897157
v 1.868950 -1.546647 0.938598
v 1.931188 -1.600869 0.955467
v 2.013507 -1.604419 0.937882
v 2.067685 -1.555217 0.896145
v 2.061986 -1.482084 0.854704
v 2.010004 -1.392298 0.887712
v 1.928644 -1.390584 0.902614
v 1.877386 -1.432351 0.952340
v 1.886257 -1.493133 1.007760
v 1.950060 -1.537324 1.036410
v 2.031420 -1.539038 1.021507
v 2.082677 -1.497271 0.971782
v 2.073807 -1.436489 0.916362
v 2.018123 -1.337149 0.937471
v 1.937915 -1.337662 0.950197
v 1.888737 -1.371337 1.005359
v 1.899397 -1.418450 1.070646
v 1.963649 -1.451400 1.107811
v 2.043857 -1.450887 1.095086
v 2.093035 -1.417212 1.039923
v 2.082375 -1.370100 0.974637
v 2.022500 -1.260634 0.983222
v 1.943637 -1.263556 0.994316
v 1.895859 -1.289160 1.052735
v 1.907154 -1.322448 1.124256
v 1.970905 -1.343921 1.166985
v 2.049768 -1.340999 1.155890
v 2.097546 -1.315395 1.097472
v 2.086251 -1.282107 1.025950
v 2.021508 -1.161314 1.020979
v 1.944157 -1.166631 1.030966
v 1.897264 -1.184666 1.090858
v 1.908298 -1.204854 1.165570
v 1.970797 -1.215369 1.211337
v 2.048148 -1.210052 1.201350
v 2.095040 -1.192017 1.141458
v 2.084006 -1.171829 1.066746
v 1.436818 -1.296209 0.457624
v 1.514440 -1.296217 0.511796
v 1.532112 -1.296231 0.604788
v 1.479481 -1.296242 0.682126
v 1.344716 -1.296211 0.474005
v 1.414681 -1.467419 0.482838
v 1.492943 -1.467506 0.535199
v 1.514067 -1.442216 0.623407
v 1.465678 -1.406361 0.695792
v 1.376123 -1.380946 0.709952
v 1.297861 -1.380858 0.657591
v 1.276737 -1.406149 0.569383
v 1.325125 -1.442003 0.496998
v 1.387349 -1.563865 0.532085
v 1.466912 -1.557321 0.580646
v 1.493735 -1.511770 0.657697
v 1.452105 -1.453898 0.718104
v 1.366410 -1.417603 0.726480
v 1.286847 -1.424148 0.677919
v 1.260024 -1.469698 0.600867
v 1.301653 -1.527571 0.540461
v 1.354923 -1.634609 0.604280
v 1.436305 -1.622801 0.647109
v 1.471020 -1.559921 0.705743
v 1.438732 -1.482804 0.745833
v 1.358355 -1.436622 0.743897
v 1.276973 -1.448431 0.701067
v 1.242257 -1.511310 0.642434
v 1.274545 -1.588428 0.602343
v 1.319853 -1.673832 0.691329
v 1.402977 -1.659386 0.728007
v 1.446157 -1.586954 0.764786
v 1.424099 -1.498966 0.780122
v 1.349723 -1.446964 0.765031
v 1.266599 -1.461411 0.728353
v 1.223418 -1.533843 0.691573
v 1.245477 -1.621831 0.676238
v 1.284969 -1.682752 0.782346
v 1.369212 -1.667879 0.814179
v 1.419610 -1.593709 0.831218
v 1.406639 -1.503690 0.823483
v 1.337899 -1.450554 0.795503
v 1.253657 -1.465427 0.763670
v 1.203259 -1.539597 0.746630
v 1.216229 -1.629616 0.754366
v 1.251303 -1.667542 0.870841
v 1.335935 -1.653202 0.899685
v 1.391717 -1.581893 0.901586
v 1.385974 -1.495388 0.875429
v 1.322069 -1.444360 0.836538
v 1.237437 -1.458701 0.807693
v 1.181654 -1.530010 0.805793
v 1.187397 -1.616515 0.831949
v 1.218495 -1.633730 0.954648
v 1.302935 -1.619971 0.982045
v 1.362606 -1.553429 0.973003
v 1.362552 -1.473084 0.932820
v 1.302805 -1.425999 0.885034
v 1.218364 -1.439758 0.857638
v 1.158694 -1.506300 0.866679
v 1.158748 -1.586645 0.906862
v 1.185900 -1.584757 1.032820
v 1.269725 -1.571199 1.059848
v 1.332292 -1.510054 1.042884
v 1.336949 -1.437141 0.991864
v 1.280970 -1.395171 0.936675
v 1.197145 -1.408729 0.909647
v 1.134578 -1.469874 0.926611
v 1.129920 -1.542787 0.977631
v 1.153014 -1.522758 1.104131
v 1.235892 -1.508819 1.131517
v 1.300760 -1.453290 1.108677
v 1.309619 -1.388700 1.048990
v 1.257281 -1.352884 0.987420
v 1.174403 -1.366823 0.960034
v 1.109535 -1.422352 0.982874
v 1.100676 -1.486942 1.042561
v 1.119510 -1.449276 1.166815
v 1.201144 -1.434242 1.195026
v 1.267988 -1.384508 1.167742
v 1.280886 -1.329209 1.100947
v 1.232283 -1.300738 1.033768
v 1.150649 -1.315773 1.005558
v 1.083805 -1.365506 1.032841
v 1.070907 -1.420805 1.099636
v 1.085185 -1.365631 1.218616
v 1.165279 -1.348657 1.247888
v 1.233955 -1.304992 1.217279
v 1.250985 -1.260216 1.144719
v 1.206393 -1.240556 1.072712
v 1.126299 -1.257530 1.043440
v 1.057622 -1.301194 1.074049
v 1.040592 -1.345971 1.146609
v 1.139430 -1.296158 0.117395
v 1.192346 -1.296170 0.196016
v 1.135994 -1.393598 0.306990
v 1.072067 -1.352965 0.352532
v 0.990763 -1.320933 0.329599
v 0.939709 -1.316265 0.251622
v 0.948812 -1.341697 0.164281
v 1.012738 -1.382329 0.118738
v 1.094042 -1.414361 0.141672
v 1.145096 -1.419029 0.219648
v 1.079746 -1.482239 0.334268
v 1.031194 -1.413787 0.371960
v 0.963113 -1.358909 0.343379
v 0.915382 -1.349751 0.265266
v 0.915963 -1.391678 0.183380
v 0.964514 -1.460130 0.145687
v 1.032596 -1.515009 0.174269
v 1.080327 -1.524167 0.252381
v 1.031986 -1.521692 0.356179
v 0.993023 -1.446046 0.389209
v 0.934162 -1.384304 0.356732
v 0.889884 -1.372634 0.277772
v 0.886126 -1.417871 0.198583
v 0.925089 -1.493517 0.165553
v 0.983950 -1.555259 0.198030
v 1.028228 -1.566930 0.276990
v 0.974430 -1.555163 0.380289
v 0.947051 -1.473481 0.408195
v 0.899711 -1.405723 0.371207
v 0.860141 -1.391582 0.290992
v 0.851520 -1.439340 0.214538
v 0.878899 -1.521022 0.186632
v 0.926239 -1.588779 0.223620
v 0.965809 -1.602921 0.303835
v 0.907116 -1.578980 0.405421
v 0.893761 -1.493012 0.427809
v 0.860677 -1.420831 0.385791
v 0.827244 -1.404720 0.303982
v 0.813046 -1.454117 0.230303
v 0.826401 -1.540085 0.207915
v 0.859485 -1.612266 0.249933
v 0.892919 -1.628377 0.331742
v 0.830815 -1.589046 0.430064
v 0.833644 -1.501590 0.446932
v 0.817258 -1.427763 0.399794
v 0.791257 -1.410810 0.316262
v 0.770872 -1.460664 0.245268
v 0.768044 -1.548119 0.228400
v 0.784430 -1.621947 0.275539
v 0.810430 -1.638899 0.359071
v 0.747438 -1.581485 0.452410
v 0.767274 -1.496190 0.464423
v 0.768635 -1.424463 0.412787
v 0.750722 -1.408320 0.327748
v 0.724029 -1.457218 0.259123
v 0.704192 -1.542512 0.247110
v 0.702832 -1.614239 0.298746
v 0.720745 -1.630382 0.383785
v 0.659661 -1.553524 0.470700
v 0.695328 -1.473883 0.479129
v 0.713357 -1.407911 0.424278
v 0.703188 -1.394255 0.338277
v 0.670777 -1.440914 0.271506
v 0.635110 -1.520555 0.263077
v 0.617081 -1.586527 0.317928
v 0.627250 -1.600183 0.403928
v 0.569785 -1.503625 0.483629
v 0.618493 -1.431877 0.489929
v 0.650376 -1.374049 0.433366
v 0.646758 -1.364015 0.347075
v 0.609758 -1.407654 0.281603
v 0.561049 -1.479403 0.275303
v 0.529166 -1.537231 0.331865
v 0.532784 -1.547264 0.418157
v 1.571249 1.636225 -0.994993
v 0.864142 0.929119 -0.702100
v 2.278356 2.343332 -0.702100
v 2.571249 2.636225 0.005007
v 2.278356 2.343332 0.712114
v 1.571249 1.636225 1.005007
v 0.864142 0.929119 0.712114
v 0.571249 0.636225 0.005007
v 1.645903 1.585415 -0.994993
v 0.938796 0.890284 -0.702100
v 2.353010 2.280545 -0.702100
v 2.645903 2.568478 0.005007
v 2.353010 2.280545 0.712114
v 1.645903 1.585415 1.005007
v 0.938796 0.890284 0.712114
v 0.645903 0.602352 0.005007
v 1.645903 -1.361883 -0.994993
v 1.646148 -1.362038 -0.993673
v 2.353010 -1.361883 -0.702100
v 2.352261 -1.362063 -0.700568
v 2.645903 -1.361883 0.005007
v 2.644248 -1.362379 0.005428
v 2.353010 -1.361883 0.712114
v 2.351532 -1.362585 0.711371
v 1.645903 -1.361883 1.005007
v 1.645318 -1.362745 1.003626
v 0.938796 -1.361883 0.712114
v 0.939181 -1.362899 0.710867
v 0.645903 -1.361883 0.005007
v 0.646786 -1.363030 0.004393
v 0.939437 -1.362811 -0.701217
v 0.938796 -1.361883 -0.702100
v -1.353190 1.636288 -0.993234
v -1.352206 1.636225 -0.994993
v -1.353209 2.342049 -0.700883
v -1.352206 2.343332 -0.702100
v -1.353229 2.634426 0.005007
v -1.352206 2.636225 0.005007
v -1.353209 2.342049 0.710897
v -1.352206 2.343332 0.712114
v -1.353190 1.636288 1.003249
v -1.352206 1.636225 1.005007
v -1.353213 0.930518 0.710902
v -1.352206 0.929119 0.712114
v -1.353234 0.638134 0.005007
v -1.352206 0.636225 0.005007
v -1.352206 0.929119 -0.702100
v -1.353213 0.930518 -0.700888
v -1.334086 2.041146 -0.273995
v -1.332195 2.039083 -0.274102
v -1.332194 2.173651 -0.061194
v -1.334085 2.175985 -0.062320
v -1.332194 2.389266 -0.195560
v -1.334085 2.387659 -0.197159
v -1.332195 2.253267 -0.410831
v -1.334086 2.252820 -0.408833
v -1.334087 1.703881 -0.538278
v -1.332196 1.702774 -0.535918
v -1.334086 1.913769 -0.402945
v -1.332195 1.913852 -0.400880
v -1.334087 2.049101 -0.612833
v -1.332196 2.051098 -0.613284
v -1.332196 1.837621 -0.749780
v -1.334087 1.839213 -0.748166
v -1.334083 1.547693 0.490353
v -1.332192 1.549213 0.488951
v -1.332192 1.304643 0.434401
v -1.334083 1.303756 0.436849
v -1.332191 1.247985 0.680796
v -1.334082 1.250253 0.680786
v -1.332191 1.495279 0.736023
v -1.334082 1.494189 0.734290
v -1.334083 1.913769 0.412960
v -1.332192 1.913852 0.410894
v -1.334083 1.703881 0.548292
v -1.332191 1.702774 0.545932
v -1.334082 1.839213 0.758179
v -1.332191 1.837621 0.759794
v -1.332191 2.051098 0.623298
v -1.334082 2.049101 0.622847
v -1.334085 1.156887 -0.086207
v -1.332194 1.158270 -0.084673
v -1.332195 1.212881 -0.330548
v -1.334086 1.210432 -0.331402
v -1.332195 0.965225 -0.387214
v -1.334086 0.965236 -0.384946
v -1.332194 0.909966 -0.138651
v -1.334085 0.911692 -0.139751
v -1.334086 1.303756 -0.426835
v -1.332195 1.304643 -0.424387
v -1.334086 1.547693 -0.480339
v -1.332195 1.549213 -0.478937
v -1.334087 1.494189 -0.724276
v -1.332196 1.495279 -0.726008
v -1.332196 1.247985 -0.670782
v -1.334087 1.250253 -0.670772
v -1.334084 2.118577 0.096220
v -1.332193 2.117194 0.094687
v -1.334083 2.065032 0.341416
v -1.332192 2.062583 0.340562
v -1.334083 2.310228 0.394960
v -1.332192 2.310239 0.397228
v -1.332193 2.365498 0.148664
v -1.334084 2.363772 0.149765
v -1.334083 1.210432 0.341416
v -1.332192 1.212881 0.340562
v -1.334084 1.156887 0.096220
v -1.332193 1.158270 0.094687
v -1.334084 0.911692 0.149765
v -1.332193 0.909966 0.148664
v -1.332192 0.965225 0.397228
v -1.334083 0.965236 0.394960
v -1.334086 2.364079 -0.330922
v -1.332195 2.365152 -0.332481
v -1.334087 1.972186 -0.723969
v -1.332196 1.973759 -0.725030
v -1.334082 1.361140 0.758059
v -1.332191 1.361494 0.759923
v -1.334082 1.972186 0.733983
v -1.332191 1.973759 0.735044
v -1.334086 0.887682 -0.273438
v -1.332195 0.885822 -0.273087
v -1.334087 1.361140 -0.748045
v -1.332196 1.361493 -0.749909
v -1.334084 2.387782 0.283452
v -1.332192 2.389642 0.283100
v -1.334084 0.887682 0.283452
v -1.332192 0.885822 0.283100
v -1.332194 2.062951 -0.138731
v -1.334085 2.064726 -0.140231
v -1.334086 2.119057 -0.385253
v -1.332195 2.118143 -0.387011
v -1.334085 2.309748 -0.085900
v -1.332194 2.312233 -0.085578
v -1.332195 1.779300 -0.425369
v -1.334086 1.780797 -0.427143
v -1.334087 1.728078 -0.671250
v -1.332196 1.727810 -0.673765
v -1.332195 2.026652 -0.478941
v -1.334086 2.024904 -0.479861
v -1.332192 1.437010 0.410768
v -1.334083 1.436806 0.413080
v -1.334082 1.571462 0.623402
v -1.332191 1.573345 0.623998
v -1.334083 1.226484 0.547737
v -1.332191 1.224509 0.549311
v -1.332192 1.779301 0.435383
v -1.334083 1.780797 0.437156
v -1.334083 2.024904 0.489875
v -1.332192 2.026652 0.488955
v -1.332191 1.727810 0.683779
v -1.334082 1.728078 0.681264
v -1.332194 1.236755 -0.197529
v -1.334085 1.234441 -0.197715
v -1.334085 1.023200 -0.062197
v -1.332194 1.022613 -0.060305
v -1.334086 1.098923 -0.408956
v -1.332195 1.097380 -0.410935
v -1.332195 1.437010 -0.400754
v -1.334086 1.436806 -0.403066
v -1.332196 1.224509 -0.539297
v -1.334087 1.226484 -0.537723
v -1.332196 1.573345 -0.613984
v -1.334087 1.571462 -0.613388
v -1.332193 2.038708 0.207543
v -1.334084 2.041023 0.207729
v -1.332193 2.252851 0.070318
v -1.334084 2.252264 0.072211
v -1.332192 2.178085 0.420949
v -1.334083 2.176541 0.418970
v -1.332193 1.236756 0.207543
v -1.334084 1.234441 0.207729
v -1.332192 1.097380 0.420949
v -1.334083 1.098923 0.418970
v -1.332193 1.022613 0.070318
v -1.334084 1.023200 0.072211
v -1.334084 1.999546 0.005007
v -1.332193 2.001591 0.005007
v -1.332194 1.894053 -0.255820
v -1.334085 1.892604 -0.254375
v -1.332194 1.637732 -0.362486
v -1.334085 1.637732 -0.360438
v -1.332194 1.381411 -0.255820
v -1.334085 1.382860 -0.254375
v -1.332193 1.273873 0.005007
v -1.334084 1.275919 0.005007
v -1.332192 1.381411 0.265834
v -1.334083 1.382860 0.264389
v -1.332192 1.637732 0.372500
v -1.334083 1.637732 0.370452
v -1.334083 1.892604 0.264389
v -1.332192 1.894053 0.265834
v -1.404628 2.043144 -0.273551
v -1.402736 2.041146 -0.273994
v -1.402736 2.175985 -0.062320
v -1.404627 2.176428 -0.064318
v -1.402736 2.387659 -0.197158
v -1.404627 2.385661 -0.197602
v -1.402737 2.252820 -0.408833
v -1.404628 2.252377 -0.406835
v -1.404629 1.705882 -0.538710
v -1.402738 1.703881 -0.538278
v -1.404628 1.913337 -0.404946
v -1.402737 1.913769 -0.402945
v -1.404629 2.047101 -0.612401
v -1.402738 2.049101 -0.612833
v -1.402738 1.839213 -0.748165
v -1.404629 1.839646 -0.746164
v -1.404625 1.545969 0.491457
v -1.402734 1.547693 0.490353
v -1.402734 1.303756 0.436850
v -1.404625 1.304860 0.438574
v -1.402733 1.250253 0.680786
v -1.404624 1.251977 0.679683
v -1.402733 1.494189 0.734290
v -1.404624 1.493086 0.732566
v -1.404625 1.913337 0.414961
v -1.402734 1.913769 0.412960
v -1.404625 1.705882 0.548724
v -1.402734 1.703881 0.548292
v -1.404624 1.839646 0.756179
v -1.402733 1.839213 0.758180
v -1.402733 2.049101 0.622848
v -1.404624 2.047101 0.622415
v -1.404627 1.155782 -0.087929
v -1.402736 1.156887 -0.086206
v -1.402737 1.210432 -0.331402
v -1.404628 1.208709 -0.330296
v -1.402737 0.965236 -0.384946
v -1.404628 0.966342 -0.383223
v -1.402736 0.911692 -0.139751
v -1.404627 0.913415 -0.140856
v -1.404628 1.304860 -0.428559
v -1.402737 1.303756 -0.426835
v -1.404629 1.545969 -0.481443
v -1.402737 1.547693 -0.480339
v -1.404629 1.493086 -0.722551
v -1.402738 1.494189 -0.724275
v -1.402738 1.250253 -0.670772
v -1.404629 1.251976 -0.669668
v -1.404626 2.119682 0.097943
v -1.402735 2.118577 0.096221
v -1.404625 2.066755 0.340311
v -1.402734 2.065032 0.341416
v -1.404625 2.309123 0.393238
v -1.402734 2.310228 0.394960
v -1.402735 2.363772 0.149765
v -1.404626 2.362050 0.150870
v -1.404625 1.208709 0.340311
v -1.402734 1.210432 0.341416
v -1.404626 1.155782 0.097943
v -1.402735 1.156887 0.096221
v -1.404626 0.913415 0.150870
v -1.402735 0.911692 0.149765
v -1.402734 0.965236 0.394960
v -1.404625 0.966341 0.393238
v -1.404628 2.362353 -0.329822
v -1.402737 2.364079 -0.330922
v -1.404629 1.971076 -0.722248
v -1.402738 1.972186 -0.723968
v -1.404624 1.361579 0.756060
v -1.402733 1.361140 0.758059
v -1.404624 1.971076 0.732262
v -1.402733 1.972186 0.733983
v -1.404628 0.889682 -0.273001
v -1.402736 0.887682 -0.273438
v -1.404629 1.361578 -0.746045
v -1.402738 1.361140 -0.748044
v -1.404626 2.385782 0.283015
v -1.402735 2.387782 0.283452
v -1.404626 0.889682 0.283015
v -1.402735 0.887682 0.283452
v -1.402736 2.064726 -0.140231
v -1.404627 2.066452 -0.141331
v -1.404628 2.120157 -0.383527
v -1.402737 2.119057 -0.385253
v -1.404627 2.308648 -0.087626
v -1.402736 2.309748 -0.085900
v -1.402737 1.780797 -0.427142
v -1.404628 1.781906 -0.428863
v -1.404629 1.729799 -0.670140
v -1.402738 1.728078 -0.671250
v -1.402737 2.024904 -0.479861
v -1.404629 2.023184 -0.480970
v -1.402734 1.436806 0.413081
v -1.404625 1.436367 0.415080
v -1.404624 1.569463 0.622964
v -1.402733 1.571462 0.623403
v -1.404625 1.228483 0.548176
v -1.402734 1.226484 0.547737
v -1.402734 1.780797 0.437157
v -1.404625 1.781906 0.438877
v -1.404625 2.023184 0.490985
v -1.402734 2.024904 0.489875
v -1.402733 1.728078 0.681264
v -1.404624 1.729799 0.680155
v -1.402736 1.234441 -0.197715
v -1.404627 1.232441 -0.198151
v -1.404627 1.023637 -0.064197
v -1.402736 1.023200 -0.062197
v -1.404628 1.098487 -0.406956
v -1.402737 1.098923 -0.408956
v -1.402737 1.436806 -0.403066
v -1.404628 1.436367 -0.405066
v -1.402738 1.226484 -0.537722
v -1.404629 1.228483 -0.538161
v -1.402738 1.571462 -0.613388
v -1.404629 1.569463 -0.612950
v -1.402735 2.041023 0.207729
v -1.404626 2.043023 0.208166
v -1.402735 2.252264 0.072211
v -1.404626 2.251827 0.074211
v -1.402734 2.176541 0.418970
v -1.404625 2.176978 0.416970
v -1.402735 1.234441 0.207729
v -1.404626 1.232441 0.208166
v -1.402734 1.098923 0.418970
v -1.404625 1.098487 0.416970
v -1.402735 1.023200 0.072211
v -1.404626 1.023637 0.074211
v -1.404626 1.997509 0.005007
v -1.402735 1.999546 0.005007
v -1.402736 1.892604 -0.254375
v -1.404627 1.891169 -0.252915
v -1.402736 1.637732 -0.360437
v -1.404628 1.637732 -0.358381
v -1.402736 1.382860 -0.254375
v -1.404627 1.384295 -0.252915
v -1.402735 1.275919 0.005007
v -1.404626 1.277956 0.005007
v -1.402734 1.382860 0.264389
v -1.404625 1.384295 0.262929
v -1.402734 1.637732 0.370452
v -1.404625 1.637732 0.368395
v -1.404625 1.891169 0.262929
v -1.402734 1.892604 0.264389
v -1.402736 2.060115 -0.269788
v -1.404628 2.058117 -0.270231
v -1.404627 2.179748 -0.079291
v -1.402736 2.180191 -0.081289
v -1.404627 2.370688 -0.200922
v -1.402736 2.368690 -0.201365
v -1.404628 2.249057 -0.391862
v -1.402737 2.248614 -0.389863
v -1.402738 1.722780 -0.542359
v -1.404629 1.720779 -0.541927
v -1.402737 1.909688 -0.421844
v -1.404628 1.910120 -0.419843
v -1.402738 2.030202 -0.608751
v -1.404629 2.032203 -0.609184
v -1.404629 1.842863 -0.731267
v -1.402738 1.843295 -0.729266
v -1.402734 1.531410 0.500779
v -1.404625 1.533134 0.499675
v -1.404625 1.313078 0.451409
v -1.402734 1.314182 0.453133
v -1.404624 1.264812 0.671465
v -1.402733 1.266536 0.670361
v -1.404624 1.484868 0.719731
v -1.402733 1.483764 0.718007
v -1.402734 1.909688 0.431859
v -1.404625 1.910120 0.429858
v -1.402734 1.722780 0.552374
v -1.404625 1.720779 0.551941
v -1.402733 1.843295 0.739281
v -1.404624 1.842863 0.741282
v -1.404624 2.032203 0.619198
v -1.402733 2.030202 0.618766
v -1.402736 1.146395 -0.102561
v -1.404627 1.147501 -0.100838
v -1.404628 1.195800 -0.322015
v -1.402737 1.194077 -0.320910
v -1.404628 0.974623 -0.370315
v -1.402737 0.975728 -0.368592
v -1.404627 0.926323 -0.149137
v -1.402736 0.928046 -0.150243
v -1.402737 1.314182 -0.443118
v -1.404628 1.313078 -0.441394
v -1.402737 1.531410 -0.490764
v -1.404629 1.533134 -0.489660
v -1.402738 1.483764 -0.707992
v -1.404629 1.484868 -0.709716
v -1.404629 1.264812 -0.661450
v -1.402738 1.266536 -0.660347
v -1.402735 2.129069 0.112575
v -1.404626 2.127963 0.110852
v -1.402734 2.081387 0.330924
v -1.404625 2.079664 0.332029
v -1.402734 2.299736 0.378606
v -1.404625 2.300841 0.380329
v -1.404626 2.349141 0.159152
v -1.402735 2.347418 0.160257
v -1.402734 1.194077 0.330924
v -1.404625 1.195800 0.332029
v -1.402735 1.146395 0.112575
v -1.404626 1.147501 0.110852
v -1.402735 0.928046 0.160257
v -1.404626 0.926323 0.159152
v -1.404625 0.974623 0.380329
v -1.402734 0.975728 0.378606
v -1.402737 2.347691 -0.320483
v -1.404628 2.349417 -0.321582
v -1.402738 1.961708 -0.707719
v -1.404629 1.962817 -0.709439
v -1.402733 1.365282 0.739173
v -1.404624 1.364844 0.741173
v -1.402733 1.961708 0.717733
v -1.404624 1.962817 0.719454
v -1.402736 0.906666 -0.269293
v -1.404628 0.904666 -0.269729
v -1.402738 1.365282 -0.729159
v -1.404629 1.364844 -0.731158
v -1.402735 2.368799 0.279307
v -1.404626 2.370799 0.279743
v -1.402735 0.906665 0.279307
v -1.404626 0.904666 0.279743
v -1.404627 2.079387 -0.149570
v -1.402736 2.081114 -0.150670
v -1.402737 2.129496 -0.368865
v -1.404628 2.128396 -0.370591
v -1.402736 2.299309 -0.102288
v -1.404627 2.300409 -0.100561
v -1.404628 1.790165 -0.441672
v -1.402737 1.791274 -0.443392
v -1.402738 1.744328 -0.660772
v -1.404629 1.742607 -0.661881
v -1.404629 2.010375 -0.489229
v -1.402737 2.008655 -0.490338
v -1.404625 1.433102 0.429967
v -1.402734 1.432663 0.431966
v -1.402733 1.552576 0.619260
v -1.404624 1.554576 0.619699
v -1.402734 1.245369 0.551879
v -1.404625 1.243370 0.551441
v -1.404625 1.790165 0.451686
v -1.402734 1.791274 0.453406
v -1.402734 2.008655 0.500353
v -1.404625 2.010375 0.499244
v -1.404624 1.742607 0.671896
v -1.402733 1.744328 0.670787
v -1.404627 1.217458 -0.201423
v -1.402736 1.215458 -0.201860
v -1.402736 1.027345 -0.081180
v -1.404627 1.026909 -0.079180
v -1.402737 1.094778 -0.389972
v -1.404628 1.095215 -0.391972
v -1.404628 1.433102 -0.419952
v -1.402737 1.432663 -0.421952
v -1.404629 1.243370 -0.541426
v -1.402738 1.245369 -0.541865
v -1.404629 1.554576 -0.609684
v -1.402738 1.552576 -0.609246
v -1.404626 2.058006 0.211438
v -1.402735 2.060006 0.211874
v -1.404626 2.248555 0.089194
v -1.402735 2.248118 0.091194
v -1.404625 2.180250 0.401987
v -1.402734 2.180686 0.399987
v -1.404626 1.217458 0.211438
v -1.402735 1.215458 0.211874
v -1.404625 1.095215 0.401987
v -1.402734 1.094778 0.399987
v -1.404626 1.026909 0.089194
v -1.402735 1.027346 0.091194
v -1.406517 1.959931 0.005007
v -1.404626 1.961968 0.005007
v -1.404627 1.866133 -0.227435
v -1.406518 1.864698 -0.225975
v -1.404627 1.637732 -0.322482
v -1.406518 1.637732 -0.320425
v -1.404627 1.409331 -0.227435
v -1.406518 1.410766 -0.225975
v -1.404626 1.313496 0.005007
v -1.406517 1.315533 0.005007
v -1.404625 1.409331 0.237450
v -1.406517 1.410766 0.235990
v -1.404625 1.637732 0.332497
v -1.406516 1.637732 0.330440
v -1.406517 1.864698 0.235990
v -1.404625 1.866133 0.237450
v -2.324726 1.957894 0.005010
v -2.322835 1.959931 0.005010
v -2.322835 1.864698 -0.225972
v -2.324727 1.863263 -0.224512
v -2.322836 1.637732 -0.320422
v -2.324727 1.637732 -0.318365
v -2.322835 1.410766 -0.225972
v -2.324727 1.412201 -0.224512
v -2.322835 1.315533 0.005010
v -2.324726 1.317570 0.005010
v -2.322834 1.410766 0.235993
v -2.324725 1.412201 0.234533
v -2.322834 1.637732 0.330443
v -2.324725 1.637732 0.328386
v -2.324725 1.863263 0.234533
v -2.322834 1.864698 0.235993
v -2.322835 1.911791 0.005010
v -2.324726 1.913828 0.005010
v -2.324727 1.832221 -0.192921
v -2.322835 1.830787 -0.191461
v -2.324727 1.637732 -0.273856
v -2.322836 1.637732 -0.271799
v -2.324727 1.443243 -0.192921
v -2.322835 1.444677 -0.191461
v -2.324726 1.361636 0.005010
v -2.322835 1.363673 0.005010
v -2.324725 1.443243 0.202942
v -2.322834 1.444677 0.201482
v -2.324725 1.637732 0.283877
v -2.322834 1.637732 0.281820
v -2.322834 1.830787 0.201482
v -2.324725 1.832222 0.202942
v -2.280058 1.909793 0.004730
v -2.281950 1.911791 0.005010
v -2.281950 1.830787 -0.191461
v -2.280059 1.829411 -0.190061
v -2.281951 1.637732 -0.271799
v -2.280060 1.637465 -0.269875
v -2.281950 1.444677 -0.191461
v -2.280059 1.445984 -0.190131
v -2.281950 1.363673 0.005010
v -2.280058 1.365692 0.004727
v -2.281949 1.444677 0.201482
v -2.280058 1.446210 0.199922
v -2.281949 1.637732 0.281820
v -2.280057 1.638027 0.279693
v -2.280058 1.829345 0.200014
v -2.281949 1.830787 0.201482
v -2.382414 1.598984 0.028655
v -2.384305 1.601017 0.028413
v -2.384306 1.626342 0.014208
v -2.382415 1.627608 0.012600
v -2.384305 1.628969 0.036276
v -2.382414 1.630577 0.037542
v -2.384305 1.606901 0.038903
v -2.382414 1.605635 0.040511
v -2.384306 1.604274 0.016835
v -2.382415 1.602666 0.015569
v -2.382415 1.634258 -0.014434
v -2.384306 1.632226 -0.014676
v -2.384306 1.614764 -0.000930
v -2.382415 1.614522 0.001103
v -2.384306 1.601017 -0.018391
v -2.382415 1.598984 -0.018633
v -2.382415 1.618721 -0.034171
v -2.384306 1.618479 -0.032138
v -2.384306 1.626342 -0.004187
v -2.382415 1.627608 -0.002578
v -2.382415 1.602666 -0.005547
v -2.384306 1.604274 -0.006814
v -2.384306 1.606901 -0.028881
v -2.382415 1.605635 -0.030490
v -2.384306 1.628969 -0.026254
v -2.382415 1.630577 -0.027520
v -2.382415 1.660942 0.001103
v -2.384306 1.660700 -0.000930
v -2.384306 1.643239 -0.014676
v -2.382415 1.641206 -0.014434
v -2.384306 1.656985 -0.032138
v -2.382415 1.656743 -0.034171
v -2.382415 1.676480 -0.018633
v -2.384306 1.674447 -0.018391
v -2.384306 1.649122 -0.004187
v -2.382415 1.647856 -0.002578
v -2.382415 1.644887 -0.027520
v -2.384306 1.646495 -0.026254
v -2.384306 1.668563 -0.028881
v -2.382415 1.669829 -0.030490
v -2.384306 1.671190 -0.006814
v -2.382415 1.672798 -0.005547
v -2.280059 1.672545 -0.002885
v -2.281950 1.672798 -0.005548
v -2.280059 1.671356 -0.031881
v -2.281950 1.669829 -0.030490
v -2.280059 1.642795 -0.028068
v -2.281950 1.644887 -0.027521
v -2.280059 1.646182 -0.001323
v -2.281950 1.647856 -0.002579
v -2.280059 1.677616 -0.020711
v -2.281950 1.676480 -0.018634
v -2.280059 1.656848 -0.035968
v -2.281950 1.656743 -0.034171
v -2.280059 1.638925 -0.014274
v -2.281950 1.641206 -0.014435
v -2.281950 1.660942 0.001103
v -2.280059 1.661858 0.003096
v -2.280059 1.632669 -0.028068
v -2.281950 1.630577 -0.027521
v -2.280059 1.604108 -0.031881
v -2.281950 1.605635 -0.030490
v -2.280059 1.602919 -0.002885
v -2.281950 1.602666 -0.005548
v -2.280059 1.629283 -0.001323
v -2.281950 1.627608 -0.002579
v -2.280059 1.618616 -0.035968
v -2.281950 1.618721 -0.034171
v -2.280059 1.597848 -0.020711
v -2.281950 1.598984 -0.018634
v -2.280059 1.613606 0.003096
v -2.281950 1.614522 0.001103
v -2.281950 1.634258 -0.014435
v -2.280059 1.636539 -0.014274
v -2.280059 1.602919 0.012906
v -2.281950 1.602666 0.015569
v -2.280059 1.604108 0.041902
v -2.281950 1.605635 0.040511
v -2.280059 1.632669 0.038089
v -2.281950 1.630577 0.037542
v -2.280059 1.629283 0.011344
v -2.281950 1.627608 0.012599
v -2.280059 1.597848 0.030732
v -2.281950 1.598984 0.028655
v -2.280059 1.618616 0.045989
v -2.281950 1.618721 0.044192
v -2.280059 1.636539 0.024295
v -2.281950 1.634258 0.024456
v -2.281950 1.614522 0.008918
v -2.280059 1.613606 0.006925
v -2.280059 1.646182 0.011344
v -2.281950 1.647856 0.012599
v -2.280059 1.642795 0.038089
v -2.281950 1.644887 0.037542
v -2.280059 1.671356 0.041902
v -2.281950 1.669829 0.040511
v -2.280059 1.672545 0.012906
v -2.281950 1.672798 0.015569
v -2.280059 1.638925 0.024295
v -2.281950 1.641206 0.024456
v -2.280059 1.656848 0.045989
v -2.281950 1.656743 0.044192
v -2.280059 1.677616 0.030732
v -2.281950 1.676480 0.028655
v -2.281950 1.660942 0.008918
v -2.280059 1.661858 0.006925
v -2.280059 1.785770 0.006884
v -2.281950 1.787834 0.007018
v -2.280059 1.806548 0.024706
v -2.281950 1.807492 0.022662
v -2.280059 1.825203 0.003193
v -2.281950 1.823136 0.003003
v -2.280059 1.802657 -0.014577
v -2.281950 1.803478 -0.012641
v -2.280059 1.793566 0.020968
v -2.281950 1.794423 0.018911
v -2.280059 1.821373 0.016517
v -2.281950 1.819386 0.016072
v -2.280059 1.817761 -0.010253
v -2.281950 1.816547 -0.008890
v -2.281950 1.791584 -0.006051
v -2.280059 1.789904 -0.007503
v -2.280059 1.714101 -0.014571
v -2.281950 1.714952 -0.012641
v -2.280059 1.697241 0.006866
v -2.281950 1.699306 0.007016
v -2.280059 1.717876 0.024689
v -2.281950 1.718964 0.022662
v -2.280059 1.736676 0.003192
v -2.281950 1.734610 0.003004
v -2.280059 1.701374 -0.007512
v -2.281950 1.703058 -0.006053
v -2.280059 1.705062 0.020997
v -2.281950 1.705895 0.018911
v -2.280059 1.732876 0.016409
v -2.281950 1.730858 0.016074
v -2.281950 1.728021 -0.008890
v -2.280059 1.729247 -0.010234
v -2.280059 1.733367 -0.064288
v -2.281950 1.732639 -0.066447
v -2.280059 1.731189 -0.092787
v -2.281950 1.729670 -0.091389
v -2.280059 1.702775 -0.089200
v -2.281950 1.704727 -0.088420
v -2.280059 1.706049 -0.062197
v -2.281950 1.707696 -0.063478
v -2.280059 1.737993 -0.080647
v -2.281950 1.736320 -0.079533
v -2.280059 1.716517 -0.096920
v -2.281950 1.716583 -0.095070
v -2.280059 1.698817 -0.075103
v -2.281950 1.701046 -0.075334
v -2.281950 1.720783 -0.059797
v -2.280059 1.721731 -0.057777
v -2.280058 1.639626 0.154733
v -2.281949 1.639759 0.156797
v -2.280058 1.618156 0.171585
v -2.281949 1.620090 0.172412
v -2.280058 1.635894 0.194148
v -2.281949 1.635705 0.192081
v -2.280058 1.657418 0.175510
v -2.281949 1.655374 0.176466
v -2.280058 1.625240 0.158849
v -2.281949 1.626690 0.160531
v -2.280058 1.622463 0.186694
v -2.281949 1.623824 0.185481
v -2.280058 1.649207 0.190338
v -2.281949 1.648774 0.188347
v -2.281949 1.651640 0.163397
v -2.280058 1.653700 0.162545
v -2.280058 1.657300 0.082171
v -2.281950 1.655373 0.083031
v -2.280058 1.635854 0.065353
v -2.281950 1.635704 0.067418
v -2.280058 1.618065 0.085983
v -2.281950 1.620091 0.087087
v -2.280058 1.639574 0.104767
v -2.281950 1.639760 0.102700
v -2.280058 1.650231 0.069465
v -2.281950 1.648772 0.071151
v -2.280058 1.621733 0.073191
v -2.281950 1.623824 0.074019
v -2.280058 1.626375 0.100991
v -2.281950 1.626692 0.098967
v -2.281950 1.651640 0.096099
v -2.280058 1.652983 0.097324
v -2.280058 1.702775 0.099221
v -2.281950 1.704727 0.098441
v -2.280058 1.731189 0.102808
v -2.281950 1.729670 0.101410
v -2.280058 1.733367 0.074309
v -2.281950 1.732639 0.076468
v -2.280058 1.706049 0.072218
v -2.281950 1.707696 0.073499
v -2.280058 1.716517 0.106940
v -2.281950 1.716583 0.105091
v -2.280058 1.737993 0.090668
v -2.281950 1.736320 0.089554
v -2.280058 1.721731 0.067798
v -2.281950 1.720783 0.069818
v -2.280058 1.698817 0.085124
v -2.281950 1.701046 0.085355
v -2.280059 1.489694 0.006884
v -2.281950 1.487630 0.007018
v -2.280059 1.472807 -0.014577
v -2.281950 1.471986 -0.012641
v -2.280059 1.450261 0.003193
v -2.281950 1.452328 0.003003
v -2.280059 1.468916 0.024706
v -2.281950 1.467972 0.022662
v -2.280059 1.485560 -0.007503
v -2.281950 1.483880 -0.006051
v -2.280059 1.457703 -0.010253
v -2.281950 1.458917 -0.008890
v -2.280059 1.454091 0.016517
v -2.281950 1.456078 0.016072
v -2.281950 1.481041 0.018911
v -2.280059 1.481898 0.020968
v -2.280059 1.557588 0.024689
v -2.281950 1.556500 0.022662
v -2.280059 1.578223 0.006866
v -2.281950 1.576158 0.007016
v -2.280059 1.561363 -0.014571
v -2.281950 1.560512 -0.012641
v -2.280059 1.538788 0.003192
v -2.281950 1.540854 0.003004
v -2.280059 1.570402 0.020997
v -2.281950 1.569569 0.018911
v -2.280059 1.574090 -0.007512
v -2.281950 1.572406 -0.006053
v -2.280059 1.546217 -0.010234
v -2.281950 1.547443 -0.008890
v -2.281950 1.544606 0.016074
v -2.280059 1.542588 0.016409
v -2.280058 1.542097 0.074309
v -2.281950 1.542825 0.076468
v -2.280058 1.544276 0.102808
v -2.281950 1.545795 0.101410
v -2.280058 1.572689 0.099221
v -2.281950 1.570737 0.098441
v -2.280058 1.569415 0.072218
v -2.281950 1.567768 0.073499
v -2.280058 1.537471 0.090668
v -2.281950 1.539144 0.089554
v -2.280058 1.558948 0.106940
v -2.281950 1.558881 0.105091
v -2.280058 1.576647 0.085124
v -2.281950 1.574418 0.085355
v -2.281950 1.554682 0.069818
v -2.280058 1.553733 0.067798
v -2.280059 1.639626 -0.144712
v -2.281950 1.639759 -0.146776
v -2.280059 1.657418 -0.165490
v -2.281950 1.655374 -0.166445
v -2.280059 1.635894 -0.184127
v -2.281950 1.635705 -0.182060
v -2.280059 1.618156 -0.161564
v -2.281950 1.620090 -0.162392
v -2.280059 1.653700 -0.152524
v -2.281950 1.651640 -0.153376
v -2.280059 1.649207 -0.180317
v -2.281950 1.648774 -0.178326
v -2.280059 1.622463 -0.176674
v -2.281950 1.623824 -0.175460
v -2.280059 1.625240 -0.148828
v -2.281950 1.626690 -0.150510
v -2.280059 1.618065 -0.075962
v -2.281950 1.620091 -0.077066
v -2.280059 1.635854 -0.055332
v -2.281950 1.635704 -0.057397
v -2.280059 1.657300 -0.072150
v -2.281950 1.655373 -0.073010
v -2.280059 1.639574 -0.094746
v -2.281950 1.639760 -0.092679
v -2.280059 1.621733 -0.063170
v -2.281950 1.623824 -0.063998
v -2.280059 1.650231 -0.059444
v -2.281950 1.648772 -0.061130
v -2.280059 1.652983 -0.087303
v -2.281950 1.651640 -0.086078
v -2.281950 1.626692 -0.088946
v -2.280059 1.626375 -0.090970
v -2.280059 1.572689 -0.089200
v -2.281950 1.570737 -0.088420
v -2.280059 1.544276 -0.092787
v -2.281950 1.545795 -0.091389
v -2.280059 1.542097 -0.064288
v -2.281950 1.542825 -0.066447
v -2.280059 1.569415 -0.062197
v -2.281950 1.567768 -0.063478
v -2.280059 1.558947 -0.096920
v -2.281950 1.558881 -0.095070
v -2.280059 1.537471 -0.080647
v -2.281950 1.539144 -0.079533
v -2.280059 1.553733 -0.057777
v -2.281950 1.554682 -0.059797
v -2.281950 1.574418 -0.075334
v -2.280059 1.576647 -0.075103
v -2.280059 1.880948 0.024710
v -2.281950 1.881860 0.022662
v -2.280059 1.899574 0.003294
v -2.281950 1.897504 0.003003
v -2.280059 1.877032 -0.014579
v -2.281950 1.877846 -0.012641
v -2.280059 1.860133 0.006776
v -2.281950 1.862202 0.007017
v -2.280059 1.895771 0.016522
v -2.281950 1.893754 0.016072
v -2.280059 1.892067 -0.010274
v -2.281950 1.890915 -0.008890
v -2.280059 1.864231 -0.007478
v -2.281950 1.865953 -0.006052
v -2.281950 1.868791 0.018911
v -2.280059 1.867993 0.020979
v -2.280059 1.764937 -0.152467
v -2.281950 1.766882 -0.151675
v -2.280059 1.768199 -0.125455
v -2.281950 1.769851 -0.126732
v -2.280059 1.795580 -0.127590
v -2.281950 1.794793 -0.129701
v -2.280059 1.793386 -0.156004
v -2.281950 1.791824 -0.154644
v -2.280059 1.760974 -0.138351
v -2.281950 1.763201 -0.138589
v -2.280059 1.783872 -0.121038
v -2.281950 1.782937 -0.123051
v -2.280059 1.800183 -0.143874
v -2.281950 1.798474 -0.142787
v -2.280059 1.778633 -0.160160
v -2.281950 1.778738 -0.158325
v -2.280060 1.635992 -0.259255
v -2.281951 1.635705 -0.257185
v -2.280060 1.618154 -0.236695
v -2.281951 1.620090 -0.237516
v -2.280059 1.639521 -0.219832
v -2.281950 1.639759 -0.221901
v -2.280060 1.657422 -0.240648
v -2.281951 1.655374 -0.241570
v -2.280060 1.622442 -0.251737
v -2.281951 1.623824 -0.250584
v -2.280059 1.625265 -0.223912
v -2.281950 1.626691 -0.225635
v -2.280059 1.653711 -0.227707
v -2.281950 1.651640 -0.228502
v -2.281951 1.648773 -0.253451
v -2.280060 1.649211 -0.255471
v -2.280059 1.479884 -0.127590
v -2.281950 1.480671 -0.129701
v -2.280059 1.507265 -0.125455
v -2.281950 1.505613 -0.126732
v -2.280059 1.510527 -0.152467
v -2.281950 1.508582 -0.151675
v -2.280059 1.482079 -0.156004
v -2.281950 1.483640 -0.154644
v -2.280059 1.491592 -0.121038
v -2.281950 1.492527 -0.123051
v -2.280059 1.514490 -0.138351
v -2.281950 1.512264 -0.138589
v -2.280059 1.496832 -0.160160
v -2.281950 1.496726 -0.158325
v -2.281950 1.476990 -0.142787
v -2.280059 1.475281 -0.143874
v -2.280059 1.375890 0.003294
v -2.281950 1.377959 0.003003
v -2.280059 1.394516 0.024710
v -2.281950 1.393604 0.022662
v -2.280059 1.415331 0.006776
v -2.281950 1.413262 0.007017
v -2.280059 1.398432 -0.014579
v -2.281950 1.397618 -0.012641
v -2.280059 1.379693 0.016522
v -2.281950 1.381710 0.016072
v -2.280059 1.407471 0.020979
v -2.281950 1.406673 0.018911
v -2.280059 1.411233 -0.007478
v -2.281950 1.409511 -0.006052
v -2.281950 1.384549 -0.008890
v -2.280059 1.383397 -0.010274
v -2.280058 1.510527 0.162488
v -2.281949 1.508582 0.161696
v -2.280058 1.507265 0.135476
v -2.281949 1.505613 0.136753
v -2.280058 1.479884 0.137611
v -2.281949 1.480671 0.139722
v -2.280058 1.482079 0.166024
v -2.281949 1.483640 0.164665
v -2.280058 1.514490 0.148372
v -2.281949 1.512264 0.148610
v -2.280058 1.491592 0.131059
v -2.281949 1.492527 0.133072
v -2.280058 1.475281 0.153895
v -2.281949 1.476990 0.152808
v -2.280058 1.496832 0.170181
v -2.281949 1.496726 0.168346
v -2.280058 1.639472 0.269276
v -2.281949 1.639759 0.267206
v -2.280058 1.657310 0.246716
v -2.281949 1.655374 0.247537
v -2.280058 1.635944 0.229853
v -2.281949 1.635705 0.231922
v -2.280058 1.618042 0.250669
v -2.281949 1.620090 0.251591
v -2.280058 1.653022 0.261758
v -2.281949 1.651640 0.260605
v -2.280058 1.650199 0.233933
v -2.281949 1.648773 0.235656
v -2.280058 1.621753 0.237728
v -2.281949 1.623824 0.238522
v -2.281949 1.626691 0.263472
v -2.280058 1.626253 0.265492
v -2.280058 1.793386 0.166024
v -2.281949 1.791824 0.164665
v -2.280058 1.795580 0.137611
v -2.281949 1.794793 0.139722
v -2.280058 1.768199 0.135476
v -2.281949 1.769851 0.136753
v -2.280058 1.764937 0.162488
v -2.281949 1.766882 0.161696
v -2.280058 1.800183 0.153895
v -2.281949 1.798474 0.152808
v -2.280058 1.783872 0.131059
v -2.281949 1.782937 0.133072
v -2.280058 1.760974 0.148372
v -2.281949 1.763201 0.148610
v -2.281949 1.778738 0.168346
v -2.280058 1.778633 0.170181
v -2.384305 1.618479 0.042160
v -2.382414 1.618721 0.044192
v -2.384305 1.632226 0.024698
v -2.382414 1.634258 0.024456
v -2.382415 1.614522 0.008919
v -2.384306 1.614764 0.010951
v -2.384306 1.649122 0.014208
v -2.382415 1.647856 0.012600
v -2.384305 1.646495 0.036276
v -2.382414 1.644887 0.037542
v -2.382414 1.669829 0.040511
v -2.384305 1.668563 0.038903
v -2.384306 1.671190 0.016835
v -2.382415 1.672798 0.015569
v -2.382414 1.641206 0.024456
v -2.384305 1.643239 0.024698
v -2.384305 1.656985 0.042160
v -2.382414 1.656743 0.044192
v -2.384305 1.674447 0.028413
v -2.382414 1.676480 0.028655
v -2.382415 1.660942 0.008919
v -2.384306 1.660700 0.010951
v -2.384305 1.789868 0.006787
v -2.382414 1.787834 0.007018
v -2.384305 1.807261 0.020628
v -2.382414 1.807492 0.022662
v -2.382414 1.823136 0.003003
v -2.384305 1.821102 0.003235
v -2.384305 1.803709 -0.010607
v -2.382415 1.803478 -0.012640
v -2.382414 1.794423 0.018911
v -2.384305 1.795698 0.017310
v -2.384305 1.817784 0.014798
v -2.382414 1.819386 0.016073
v -2.384305 1.815272 -0.007288
v -2.382414 1.816547 -0.008890
v -2.382414 1.791584 -0.006051
v -2.384305 1.793186 -0.004777
v -2.384306 1.715183 -0.010607
v -2.382415 1.714952 -0.012641
v -2.384306 1.701340 0.006786
v -2.382415 1.699306 0.007017
v -2.382414 1.718964 0.022663
v -2.384305 1.718733 0.020629
v -2.384306 1.732576 0.003236
v -2.382415 1.734610 0.003005
v -2.382415 1.703058 -0.006052
v -2.384306 1.704659 -0.004778
v -2.384306 1.707169 0.017309
v -2.382415 1.705895 0.018911
v -2.384306 1.729257 0.014799
v -2.382415 1.730858 0.016074
v -2.382415 1.728021 -0.008889
v -2.384306 1.726746 -0.007288
v -2.384306 1.731030 -0.067713
v -2.382415 1.732639 -0.066447
v -2.384306 1.728403 -0.089781
v -2.382415 1.729670 -0.091389
v -2.382415 1.704727 -0.088420
v -2.384306 1.706336 -0.087154
v -2.384306 1.708963 -0.065086
v -2.382415 1.707696 -0.063477
v -2.382415 1.736320 -0.079533
v -2.384306 1.734287 -0.079291
v -2.384306 1.716825 -0.093037
v -2.382415 1.716583 -0.095070
v -2.384306 1.703079 -0.075576
v -2.382415 1.701046 -0.075334
v -2.382415 1.720783 -0.059796
v -2.384306 1.720541 -0.061829
v -2.384305 1.639525 0.158831
v -2.382414 1.639759 0.156797
v -2.384305 1.622124 0.172646
v -2.382414 1.620090 0.172413
v -2.382414 1.635705 0.192081
v -2.384305 1.635939 0.190048
v -2.384305 1.653340 0.176232
v -2.382414 1.655374 0.176466
v -2.382414 1.626690 0.160532
v -2.384305 1.627963 0.162135
v -2.384305 1.625427 0.184208
v -2.382414 1.623824 0.185481
v -2.384305 1.647501 0.186744
v -2.382414 1.648774 0.188347
v -2.382414 1.651640 0.163398
v -2.384305 1.650037 0.164670
v -2.384305 1.653340 0.083265
v -2.382414 1.655373 0.083031
v -2.384305 1.635938 0.069452
v -2.382414 1.635704 0.067418
v -2.384305 1.622124 0.086853
v -2.382414 1.620091 0.087087
v -2.384305 1.639526 0.100667
v -2.382414 1.639760 0.102701
v -2.384305 1.647500 0.072754
v -2.382414 1.648772 0.071151
v -2.384305 1.625427 0.075292
v -2.382414 1.623824 0.074019
v -2.384305 1.627964 0.097364
v -2.382414 1.626692 0.098967
v -2.384305 1.650037 0.094827
v -2.382414 1.651640 0.096100
v -2.384305 1.706336 0.097175
v -2.382414 1.704727 0.098441
v -2.382414 1.729670 0.101410
v -2.384305 1.728403 0.099802
v -2.382414 1.732639 0.076468
v -2.384305 1.731030 0.077734
v -2.382414 1.707696 0.073499
v -2.384305 1.708963 0.075107
v -2.384305 1.716825 0.103059
v -2.382414 1.716583 0.105092
v -2.382414 1.736320 0.089554
v -2.384305 1.734287 0.089312
v -2.382414 1.720783 0.069818
v -2.384305 1.720541 0.071851
v -2.384305 1.703079 0.085597
v -2.382414 1.701046 0.085355
v -2.382414 1.487630 0.007018
v -2.384305 1.485596 0.006787
v -2.382415 1.471986 -0.012640
v -2.384305 1.471755 -0.010607
v -2.382414 1.452328 0.003003
v -2.384305 1.454362 0.003235
v -2.382414 1.467972 0.022662
v -2.384305 1.468203 0.020628
v -2.382414 1.483880 -0.006051
v -2.384305 1.482278 -0.004777
v -2.382414 1.458917 -0.008890
v -2.384305 1.460192 -0.007288
v -2.382414 1.456078 0.016073
v -2.384305 1.457680 0.014798
v -2.384305 1.479766 0.017310
v -2.382414 1.481041 0.018911
v -2.382414 1.556500 0.022663
v -2.384305 1.556731 0.020629
v -2.384306 1.574124 0.006786
v -2.382415 1.576158 0.007017
v -2.384306 1.560281 -0.010607
v -2.382415 1.560512 -0.012641
v -2.384306 1.542888 0.003236
v -2.382415 1.540854 0.003005
v -2.382415 1.569569 0.018911
v -2.384306 1.568295 0.017309
v -2.384306 1.570805 -0.004778
v -2.382415 1.572406 -0.006052
v -2.384306 1.548718 -0.007288
v -2.382415 1.547443 -0.008889
v -2.384306 1.546208 0.014799
v -2.382415 1.544606 0.016074
v -2.384305 1.544434 0.077734
v -2.382414 1.542825 0.076468
v -2.384305 1.547061 0.099802
v -2.382414 1.545795 0.101411
v -2.384305 1.569129 0.097175
v -2.382414 1.570737 0.098441
v -2.384305 1.566501 0.075107
v -2.382414 1.567768 0.073499
v -2.384305 1.541177 0.089312
v -2.382414 1.539144 0.089554
v -2.384305 1.558639 0.103059
v -2.382414 1.558881 0.105092
v -2.384305 1.572385 0.085597
v -2.382414 1.574418 0.085355
v -2.384305 1.554924 0.071851
v -2.382414 1.554682 0.069818
v -2.384306 1.639525 -0.148809
v -2.382415 1.639759 -0.146776
v -2.384306 1.653340 -0.166211
v -2.382415 1.655374 -0.166444
v -2.382415 1.635705 -0.182060
v -2.384306 1.635939 -0.180026
v -2.382415 1.620090 -0.162391
v -2.384306 1.622124 -0.162625
v -2.384306 1.650037 -0.154649
v -2.382415 1.651640 -0.153376
v -2.384306 1.647501 -0.176722
v -2.382415 1.648774 -0.178326
v -2.382415 1.623824 -0.175459
v -2.384306 1.625427 -0.174187
v -2.384306 1.627963 -0.152113
v -2.382415 1.626690 -0.150510
v -2.382415 1.620091 -0.077066
v -2.384306 1.622124 -0.076832
v -2.382415 1.635704 -0.057396
v -2.384306 1.635938 -0.059430
v -2.382415 1.655373 -0.073010
v -2.384306 1.653340 -0.073243
v -2.382415 1.639760 -0.092679
v -2.384306 1.639526 -0.090645
v -2.382415 1.623824 -0.063997
v -2.384306 1.625427 -0.065270
v -2.382415 1.648772 -0.061129
v -2.384306 1.647500 -0.062733
v -2.382415 1.651640 -0.086078
v -2.384306 1.650037 -0.084805
v -2.384306 1.627964 -0.087343
v -2.382415 1.626692 -0.088946
v -2.382415 1.570737 -0.088420
v -2.384306 1.569129 -0.087153
v -2.382415 1.545795 -0.091389
v -2.384306 1.547061 -0.089781
v -2.382415 1.542825 -0.066447
v -2.384306 1.544434 -0.067713
v -2.384306 1.566501 -0.065086
v -2.382415 1.567768 -0.063477
v -2.382415 1.558881 -0.095070
v -2.384306 1.558639 -0.093037
v -2.382415 1.539144 -0.079533
v -2.384306 1.541177 -0.079291
v -2.384306 1.554924 -0.061829
v -2.382415 1.554682 -0.059796
v -2.384306 1.572385 -0.075576
v -2.382415 1.574418 -0.075334
v -2.384305 1.881629 0.020628
v -2.382414 1.881860 0.022662
v -2.384305 1.895471 0.003235
v -2.382414 1.897504 0.003004
v -2.384305 1.878077 -0.010607
v -2.382415 1.877846 -0.012641
v -2.384305 1.864236 0.006786
v -2.382414 1.862202 0.007018
v -2.384305 1.892152 0.014798
v -2.382414 1.893754 0.016073
v -2.384305 1.889641 -0.007288
v -2.382414 1.890915 -0.008890
v -2.384305 1.867554 -0.004777
v -2.382414 1.865953 -0.006051
v -2.384305 1.870066 0.017310
v -2.382414 1.868791 0.018911
v -2.384306 1.768490 -0.150408
v -2.382415 1.766882 -0.151674
v -2.384306 1.771117 -0.128340
v -2.382415 1.769851 -0.126732
v -2.384306 1.793185 -0.130967
v -2.382415 1.794793 -0.129701
v -2.382415 1.791824 -0.154643
v -2.384306 1.790558 -0.153035
v -2.384306 1.765233 -0.138830
v -2.382415 1.763201 -0.138588
v -2.384306 1.782695 -0.125083
v -2.382415 1.782937 -0.123051
v -2.384306 1.796442 -0.142545
v -2.382415 1.798474 -0.142787
v -2.384306 1.778980 -0.156292
v -2.382415 1.778738 -0.158325
v -2.382415 1.635705 -0.257184
v -2.384306 1.635939 -0.255151
v -2.382415 1.620090 -0.237516
v -2.384306 1.622124 -0.237749
v -2.382415 1.639759 -0.221901
v -2.384306 1.639525 -0.223934
v -2.382415 1.655374 -0.241569
v -2.384306 1.653340 -0.241336
v -2.382415 1.623824 -0.250584
v -2.384306 1.625427 -0.249311
v -2.382415 1.626691 -0.225635
v -2.384306 1.627963 -0.227238
v -2.382415 1.651640 -0.228501
v -2.384306 1.650037 -0.229774
v -2.384306 1.647501 -0.251847
v -2.382415 1.648773 -0.253450
v -2.382415 1.480671 -0.129701
v -2.384306 1.482279 -0.130967
v -2.382415 1.505613 -0.126732
v -2.384306 1.504347 -0.128340
v -2.382415 1.508582 -0.151674
v -2.384306 1.506974 -0.150408
v -2.382415 1.483640 -0.154643
v -2.384306 1.484906 -0.153035
v -2.382415 1.492527 -0.123051
v -2.384306 1.492769 -0.125083
v -2.382415 1.512264 -0.138588
v -2.384306 1.510231 -0.138830
v -2.382415 1.496726 -0.158325
v -2.384306 1.496484 -0.156292
v -2.384306 1.479022 -0.142545
v -2.382415 1.476990 -0.142787
v -2.384305 1.379993 0.003235
v -2.382414 1.377959 0.003004
v -2.384305 1.393835 0.020628
v -2.382414 1.393604 0.022662
v -2.384305 1.411228 0.006786
v -2.382414 1.413262 0.007018
v -2.384305 1.397387 -0.010607
v -2.382415 1.397618 -0.012641
v -2.384305 1.383312 0.014798
v -2.382414 1.381710 0.016073
v -2.384305 1.405398 0.017310
v -2.382414 1.406673 0.018911
v -2.384305 1.407910 -0.004777
v -2.382414 1.409511 -0.006051
v -2.384305 1.385823 -0.007288
v -2.382414 1.384549 -0.008890
v -2.384305 1.506974 0.160430
v -2.382414 1.508582 0.161696
v -2.384305 1.504347 0.138362
v -2.382414 1.505613 0.136754
v -2.384305 1.482279 0.140989
v -2.382414 1.480671 0.139723
v -2.384305 1.484906 0.163057
v -2.382414 1.483640 0.164665
v -2.384305 1.510231 0.148852
v -2.382414 1.512264 0.148610
v -2.384305 1.492769 0.135105
v -2.382414 1.492527 0.133072
v -2.384305 1.479022 0.152567
v -2.382414 1.476990 0.152809
v -2.384305 1.496484 0.166314
v -2.382414 1.496726 0.168346
v -2.384304 1.639525 0.265172
v -2.382413 1.639759 0.267206
v -2.382414 1.655374 0.247537
v -2.384305 1.653340 0.247771
v -2.382414 1.635705 0.231922
v -2.384305 1.635939 0.233956
v -2.382413 1.620090 0.251591
v -2.384304 1.622124 0.251357
v -2.382413 1.651640 0.260606
v -2.384304 1.650037 0.259333
v -2.382414 1.648773 0.235656
v -2.384305 1.647501 0.237259
v -2.382414 1.623824 0.238523
v -2.384305 1.625427 0.239795
v -2.384304 1.627964 0.261869
v -2.382413 1.626691 0.263472
v -2.382414 1.791824 0.164665
v -2.384305 1.790558 0.163057
v -2.382414 1.794793 0.139723
v -2.384305 1.793185 0.140989
v -2.382414 1.769851 0.136754
v -2.384305 1.771117 0.138362
v -2.382414 1.766882 0.161696
v -2.384305 1.768490 0.160430
v -2.382414 1.798474 0.152809
v -2.384305 1.796442 0.152567
v -2.382414 1.782937 0.133072
v -2.384305 1.782695 0.135105
v -2.382414 1.763201 0.148610
v -2.384305 1.765233 0.148852
v -2.384305 1.778980 0.166314
v -2.382414 1.778738 0.168346
v -1.304315 2.062178 -0.269282
v -1.306206 2.060115 -0.269788
v -1.306206 2.180191 -0.081290
v -1.304314 2.180693 -0.082773
v -1.306206 2.368690 -0.201365
v -1.304315 2.367252 -0.201184
v -1.306207 2.248614 -0.389864
v -1.304316 2.248759 -0.387846
v -1.304316 1.723096 -0.542696
v -1.306207 1.722780 -0.542359
v -1.304316 1.909352 -0.422144
v -1.306207 1.909688 -0.421844
v -1.304316 2.029901 -0.608408
v -1.306207 2.030202 -0.608752
v -1.306208 1.843295 -0.729267
v -1.304317 1.843640 -0.728948
v -1.304312 1.530639 0.501063
v -1.306203 1.531410 0.500778
v -1.306204 1.314182 0.453132
v -1.304312 1.314526 0.454160
v -1.306203 1.266536 0.670361
v -1.304312 1.267497 0.670346
v -1.306203 1.483764 0.718006
v -1.304312 1.483742 0.717286
v -1.304312 1.909883 0.432452
v -1.306204 1.909688 0.431858
v -1.304312 1.723369 0.552200
v -1.306203 1.722780 0.552373
v -1.304312 1.843100 0.738687
v -1.306203 1.843295 0.739281
v -1.306203 2.030202 0.618766
v -1.304312 2.029614 0.618939
v -1.304315 1.145673 -0.104176
v -1.306206 1.146395 -0.102561
v -1.306206 1.194077 -0.320910
v -1.304315 1.192828 -0.319697
v -1.306207 0.975728 -0.368592
v -1.304316 0.977227 -0.366908
v -1.306206 0.928046 -0.150243
v -1.304315 0.930073 -0.151285
v -1.298439 1.315769 -0.444918
v -1.300040 1.314182 -0.443119
v -1.298467 1.530743 -0.492019
v -1.300040 1.531410 -0.490764
v -1.298448 1.483945 -0.706942
v -1.300041 1.483764 -0.707993
v -1.300041 1.266536 -0.660347
v -1.298419 1.268739 -0.660001
v -1.304314 2.130028 0.113412
v -1.306205 2.129069 0.112575
v -1.304313 2.082241 0.329991
v -1.306204 2.081387 0.330924
v -1.304313 2.298777 0.377768
v -1.306204 2.299736 0.378606
v -1.306205 2.347418 0.160256
v -1.304314 2.346564 0.161189
v -1.304313 1.193609 0.330991
v -1.306204 1.194077 0.330924
v -1.304314 1.146374 0.113109
v -1.306205 1.146395 0.112575
v -1.304314 0.928514 0.160270
v -1.306205 0.928046 0.160256
v -1.306204 0.975728 0.378606
v -1.304313 0.975689 0.378193
v -1.304315 2.346683 -0.319062
v -1.306206 2.347691 -0.320483
v -1.304317 1.961734 -0.707254
v -1.306208 1.961708 -0.707719
v -1.304312 1.365857 0.738612
v -1.306203 1.365282 0.739173
v -1.304312 1.961161 0.717437
v -1.306203 1.961708 0.717733
v -1.304315 0.908980 -0.268863
v -1.306206 0.906666 -0.269293
v -1.298424 1.366638 -0.728076
v -1.300041 1.365282 -0.729159
v -1.304313 2.367526 0.279372
v -1.306204 2.368799 0.279306
v -1.304313 0.906957 0.278983
v -1.306204 0.906666 0.279306
v -1.306206 2.081114 -0.150670
v -1.304315 2.082831 -0.151473
v -1.304316 2.130897 -0.367210
v -1.306207 2.129496 -0.368865
v -1.304315 2.298463 -0.103341
v -1.306206 2.299309 -0.102288
v -1.306207 1.791274 -0.443392
v -1.304316 1.791255 -0.443846
v -1.304317 1.744796 -0.660786
v -1.306208 1.744328 -0.660772
v -1.306207 2.008655 -0.490339
v -1.304316 2.008205 -0.490309
v -1.306204 1.432663 0.431966
v -1.304312 1.432310 0.432881
v -1.304312 1.551997 0.618817
v -1.306203 1.552576 0.619260
v -1.304312 1.246239 0.552510
v -1.306203 1.245369 0.551879
v -1.306204 1.791274 0.453406
v -1.304312 1.791822 0.453702
v -1.304312 2.008375 0.500902
v -1.306203 2.008655 0.500353
v -1.306203 1.744328 0.670786
v -1.304312 1.744607 0.670237
v -1.306206 1.215458 -0.201860
v -1.304315 1.213869 -0.202169
v -1.304314 1.028130 -0.083077
v -1.306206 1.027346 -0.081181
v -1.304316 1.094818 -0.387958
v -1.306207 1.094778 -0.389973
v -1.300040 1.432663 -0.421952
v -1.298451 1.433003 -0.423954
v -1.300040 1.245369 -0.541865
v -1.298427 1.247698 -0.542676
v -1.300040 1.552576 -0.609246
v -1.298483 1.551805 -0.609161
v -1.306205 2.060006 0.211874
v -1.304313 2.061279 0.211808
v -1.306205 2.248118 0.091194
v -1.304314 2.248194 0.092455
v -1.306204 2.180686 0.399986
v -1.304313 2.180610 0.398725
v -1.306205 1.215458 0.211874
v -1.304313 1.215114 0.212268
v -1.306204 1.094778 0.399986
v -1.304313 1.094441 0.399730
v -1.306205 1.027346 0.091194
v -1.304314 1.027672 0.091583
v -1.304313 1.145392 0.337883
v -1.306157 1.145283 0.337464
v -1.304313 1.143281 0.338633
v -1.304313 1.181119 0.251208
v -1.306154 1.180957 0.251181
v -1.304313 1.144389 0.163015
v -1.306099 1.144802 0.163721
v -1.304314 1.055688 0.124932
v -1.306087 1.058013 0.126333
v -1.306118 0.971357 0.160983
v -1.304313 0.964384 0.161305
v -1.304313 0.970121 0.163239
v -1.412716 0.664788 0.370192
v -1.411681 0.666829 0.368430
v -1.408806 0.696903 0.448427
v -1.407697 0.699546 0.448133
v -1.460545 0.697784 0.515432
v -1.460408 0.700443 0.516392
v -1.537626 0.666916 0.531955
v -1.538932 0.668996 0.533222
v -1.594895 0.622381 0.488319
v -1.597271 0.623628 0.488769
v -1.598806 0.590266 0.410084
v -1.601254 0.590914 0.409072
v -1.547067 0.589385 0.343080
v -1.548550 0.590015 0.340813
v -1.469986 0.620253 0.326556
v -1.470026 0.621459 0.323977
v -1.304312 1.533278 0.604489
v -1.306202 1.532255 0.603760
v -1.304312 1.505516 0.510329
v -1.306169 1.504974 0.510903
v -1.304312 1.419789 0.465275
v -1.306148 1.420140 0.466158
v -1.306161 1.328753 0.494081
v -1.304312 1.327715 0.493558
v -1.304312 1.327046 0.495953
v -1.304312 1.383384 0.721490
v -1.306228 1.387763 0.717284
v -1.304312 1.385902 0.716485
v -1.306224 1.483065 0.690542
v -1.304312 1.483006 0.693312
v -1.304312 1.762465 0.635169
v -1.306153 1.762884 0.635232
v -1.304312 1.762666 0.632844
v -1.304312 1.830601 0.700582
v -1.306143 1.830578 0.700386
v -1.304312 1.926322 0.698593
v -1.306104 1.925269 0.698617
v -1.304312 1.993903 0.629449
v -1.306146 1.991471 0.630854
v -1.306152 1.990454 0.536913
v -1.304312 1.992853 0.531384
v -1.304312 1.988933 0.535093
v -1.025461 2.029173 1.154595
v -1.027274 2.030697 1.155923
v -1.031938 1.950374 1.184861
v -1.033872 1.950431 1.186753
v -1.036804 1.873211 1.150373
v -1.038828 1.871830 1.151623
v -1.037207 1.842884 1.071332
v -1.039239 1.840937 1.071110
v -1.032912 1.877159 0.994040
v -1.034864 1.875851 0.992377
v -1.026435 1.955959 0.963773
v -1.028266 1.956120 0.961546
v -1.021569 2.033122 0.998262
v -1.023310 2.034721 0.996678
v -1.021166 2.063448 1.077302
v -1.022899 2.065612 1.077192
v -1.304313 2.273104 0.355343
v -1.306204 2.272357 0.354639
v -1.304313 2.333214 0.281139
v -1.306204 2.332200 0.281166
v -1.304313 2.323738 0.186110
v -1.306204 2.323063 0.186844
v -1.304314 2.250206 0.125915
v -1.306204 2.250294 0.126918
v -1.304314 2.155700 0.135837
v -1.306204 2.156513 0.136496
v -1.304313 2.095591 0.210041
v -1.306204 2.096660 0.209971
v -1.304313 2.105066 0.305070
v -1.306204 2.105800 0.304300
v -1.306204 2.178579 0.364223
v -1.304313 2.178599 0.365265
v -1.286240 2.654542 0.486737
v -1.288709 2.654392 0.488849
v -1.252856 2.711835 0.344598
v -1.251505 2.710194 0.346985
v -1.250952 2.797504 0.344970
v -1.252310 2.798047 0.342610
v -1.264995 2.858782 0.401671
v -1.266615 2.860465 0.400370
v -1.285390 2.860807 0.483813
v -1.287390 2.862526 0.484041
v -1.300191 2.802392 0.543277
v -1.302467 2.803025 0.544614
v -1.300727 2.717757 0.545230
v -1.303014 2.716814 0.546607
v -1.304315 2.284140 -0.121176
v -1.306202 2.283652 -0.122159
v -1.304315 2.341882 -0.197994
v -1.306204 2.340658 -0.197909
v -1.304315 2.328370 -0.293254
v -1.306207 2.327418 -0.291822
v -1.304315 2.251394 -0.351125
v -1.306202 2.251739 -0.348932
v -1.304315 2.155941 -0.337624
v -1.306202 2.157859 -0.335746
v -1.306201 2.100794 -0.259982
v -1.304315 2.097886 -0.260514
v -1.304315 2.100786 -0.257994
v -1.304315 2.189148 -0.107773
v -1.306202 2.189754 -0.108949
v -1.304315 2.187992 -0.109957
v -1.260120 2.870678 -0.353128
v -1.262410 2.872598 -0.352360
v -1.244710 2.762321 -0.528095
v -1.242746 2.762436 -0.525628
v -1.258572 2.834461 -0.572417
v -1.260341 2.833458 -0.574296
v -1.274509 2.915534 -0.553965
v -1.276574 2.916047 -0.555495
v -1.281705 2.960370 -0.482513
v -1.283904 2.961718 -0.482710
v -1.275945 2.942703 -0.399917
v -1.278038 2.943723 -0.398572
v -1.304317 1.964172 -0.663033
v -1.306206 1.964213 -0.662712
v -1.304317 1.875959 -0.699077
v -1.306206 1.876472 -0.698707
v -1.304317 1.787650 -0.662049
v -1.306206 1.788961 -0.662175
v -1.304316 1.750897 -0.572289
v -1.306205 1.752939 -0.574492
v -1.306205 1.789518 -0.487024
v -1.304316 1.789741 -0.479463
v -1.304316 1.791177 -0.486141
v -1.304316 1.877324 -0.450737
v -1.306205 1.877274 -0.451021
v -1.304316 1.875453 -0.451563
v -1.304316 1.964987 -0.487429
v -1.306205 1.964794 -0.487577
v -1.306205 2.000803 -0.575267
v -1.304316 2.000976 -0.575364
v -1.046494 2.029500 -1.040063
v -1.048064 2.030089 -1.037704
v -1.053895 1.955574 -1.050945
v -1.055621 1.954597 -1.048816
v -1.064869 1.911550 -1.110776
v -1.066828 1.909642 -1.109913
v -1.072987 1.923216 -1.184507
v -1.075118 1.921557 -1.185203
v -1.073495 1.983739 -1.228948
v -1.075636 1.983360 -1.230580
v -1.066094 2.057666 -1.218065
v -1.068079 2.058847 -1.219468
v -1.055120 2.101690 -1.158235
v -1.056873 2.103802 -1.158374
v -1.047002 2.090023 -1.084504
v -1.048583 2.091891 -1.083086
v -1.304072 1.394611 -0.705736
v -1.306182 1.395581 -0.705026
v -1.304317 1.397677 -0.704393
v -1.304056 1.314817 -0.652770
v -1.306175 1.316695 -0.652733
v -1.306175 1.296845 -0.560196
v -1.304034 1.294730 -0.559060
v -1.304316 1.298124 -0.558296
v -1.280393 1.072819 -1.269396
v -1.282946 1.072286 -1.270135
v -1.261020 1.150374 -1.297274
v -1.263211 1.151288 -1.298533
v -1.224444 1.218778 -1.263355
v -1.225953 1.220968 -1.263981
v -1.192091 1.237960 -1.187508
v -1.192996 1.240510 -1.186719
v -1.182624 1.195380 -1.111847
v -1.183645 1.198464 -1.112001
v -1.203380 1.119457 -1.083601
v -1.201132 1.121289 -1.085215
v -1.238863 1.050725 -1.120205
v -1.240641 1.049775 -1.118156
v -1.271215 1.031543 -1.196051
v -1.273598 1.030237 -1.195422
v -1.304315 1.174042 -0.301453
v -1.306149 1.172246 -0.300752
v -1.304315 1.173276 -0.298533
v -1.304315 1.095431 -0.356953
v -1.306146 1.094726 -0.355483
v -1.304315 1.000567 -0.340688
v -1.306113 1.001140 -0.339569
v -1.304315 0.945026 -0.262170
v -1.306068 0.946390 -0.262355
v -1.304315 0.961357 -0.167372
v -1.306105 0.962566 -0.168865
v -1.306108 1.040091 -0.114065
v -1.304315 1.040024 -0.111815
v -1.304315 1.042644 -0.113961
v -1.437882 0.483091 -0.516225
v -1.439768 0.484040 -0.517932
v -1.376006 0.540740 -0.520133
v -1.376739 0.542763 -0.521915
v -1.328133 0.581130 -0.463175
v -1.327973 0.583907 -0.463896
v -1.322307 0.580602 -0.378718
v -1.322038 0.583369 -0.377860
v -1.361941 0.539464 -0.316234
v -1.362412 0.541463 -0.314209
v -1.423817 0.481815 -0.312327
v -1.425443 0.482739 -0.310230
v -1.471689 0.441425 -0.369284
v -1.474206 0.441597 -0.368251
v -1.477515 0.441953 -0.453742
v -1.480140 0.442136 -0.454283
v 2.042648 -1.325953 0.283015
v 2.040583 -1.324062 0.283074
v 2.180117 -1.324031 0.073388
v 2.182424 -1.325922 0.074568
v 2.392515 -1.324052 0.212784
v 2.390871 -1.325943 0.214345
v 2.251494 -1.324083 0.424800
v 2.251095 -1.325974 0.422792
v 1.699265 -1.325992 0.539299
v 1.698213 -1.324100 0.536914
v 1.912275 -1.325972 0.408937
v 1.912407 -1.324081 0.406874
v 2.042637 -1.326004 0.621947
v 2.044623 -1.324113 0.622445
v 1.827997 -1.324132 0.753887
v 1.829627 -1.326023 0.752309
v 1.567296 -1.325838 -0.492719
v 1.568782 -1.323947 -0.491282
v 1.322998 -1.323954 -0.442494
v 1.322169 -1.325845 -0.444963
v 1.272147 -1.323917 -0.690153
v 1.274413 -1.325808 -0.690090
v 1.520670 -1.323910 -0.739552
v 1.519540 -1.325801 -0.737846
v 1.931452 -1.325850 -0.406743
v 1.931486 -1.323960 -0.404676
v 1.724803 -1.325830 -0.546971
v 1.723640 -1.323939 -0.544637
v 1.865031 -1.325799 -0.753620
v 1.863477 -1.323907 -0.755271
v 2.073686 -1.323928 -0.613795
v 2.071680 -1.325820 -0.613392
v 1.163047 -1.325922 0.074496
v 1.164465 -1.324031 0.072996
v 1.213282 -1.324068 0.320087
v 1.210814 -1.325959 0.320882
v 0.964363 -1.324075 0.370916
v 0.964428 -1.325966 0.368649
v 0.914961 -1.324038 0.121123
v 0.916661 -1.325929 0.122263
v 1.301870 -1.325974 0.418483
v 1.302814 -1.324082 0.416056
v 1.544482 -1.325982 0.477705
v 1.546034 -1.324091 0.476340
v 1.485259 -1.326019 0.720317
v 1.486308 -1.324128 0.722075
v 1.240381 -1.324119 0.661052
v 1.242648 -1.326010 0.661094
v 2.128759 -1.325898 -0.085278
v 2.127340 -1.324008 -0.083776
v 2.080992 -1.325862 -0.331664
v 2.078524 -1.323971 -0.330867
v 2.327378 -1.325855 -0.379430
v 2.327443 -1.323963 -0.381697
v 2.376845 -1.324000 -0.131903
v 2.375145 -1.325891 -0.133044
v 1.226627 -1.325859 -0.351749
v 1.229056 -1.323968 -0.350838
v 1.167335 -1.325895 -0.107880
v 1.168681 -1.324004 -0.106314
v 0.923465 -1.325886 -0.167173
v 0.921714 -1.323995 -0.166113
v 0.982800 -1.323959 -0.413309
v 0.982758 -1.325850 -0.411042
v 2.364154 -1.325963 0.347517
v 2.365190 -1.324072 0.349101
v 1.963131 -1.326020 0.731244
v 1.964679 -1.324129 0.732343
v 1.387086 -1.325797 -0.764735
v 1.387484 -1.323906 -0.766590
v 1.997397 -1.325803 -0.726304
v 1.998995 -1.323911 -0.727329
v 0.889516 -1.325949 0.255349
v 0.887664 -1.324058 0.254954
v 1.351688 -1.326022 0.740952
v 1.351998 -1.324131 0.742824
v 2.402290 -1.325871 -0.266130
v 2.404142 -1.323980 -0.265735
v 0.902605 -1.325866 -0.301387
v 0.900737 -1.323975 -0.301079
v 2.067626 -1.324042 0.148302
v 2.069365 -1.325933 0.149843
v 2.117922 -1.325970 0.396074
v 2.116968 -1.324079 0.397811
v 2.315597 -1.325926 0.101286
v 2.318089 -1.324035 0.101022
v 1.777317 -1.324084 0.428194
v 1.778771 -1.325975 0.430002
v 1.720330 -1.326011 0.672803
v 1.720003 -1.324121 0.675311
v 2.023341 -1.324093 0.487565
v 2.021572 -1.325984 0.488443
v 1.454773 -1.323958 -0.415757
v 1.454623 -1.325849 -0.418074
v 1.594185 -1.325818 -0.625173
v 1.596081 -1.323927 -0.625724
v 1.247524 -1.325828 -0.557636
v 1.245587 -1.323937 -0.559257
v 1.797547 -1.323956 -0.432321
v 1.799085 -1.325846 -0.434058
v 2.044364 -1.325840 -0.481025
v 2.046090 -1.323949 -0.480064
v 1.751909 -1.323918 -0.681858
v 1.752118 -1.325810 -0.679338
v 1.240277 -1.324048 0.187666
v 1.237959 -1.325939 0.187797
v 1.029961 -1.325918 0.047352
v 1.029419 -1.324027 0.045446
v 1.097514 -1.325970 0.395794
v 1.095924 -1.324079 0.397736
v 1.435700 -1.324079 0.395541
v 1.435441 -1.325970 0.397848
v 1.220001 -1.324099 0.529051
v 1.222012 -1.325990 0.527523
v 1.566985 -1.324111 0.611916
v 1.565117 -1.326002 0.611276
v 2.051529 -1.323990 -0.198446
v 2.053847 -1.325881 -0.198578
v 2.262387 -1.324012 -0.056226
v 2.261845 -1.325902 -0.058133
v 2.195882 -1.323959 -0.408517
v 2.194292 -1.325850 -0.406575
v 1.249798 -1.323988 -0.217295
v 1.247488 -1.325879 -0.217535
v 1.115476 -1.323955 -0.433917
v 1.116972 -1.325847 -0.431903
v 1.032489 -1.324007 -0.085141
v 1.033120 -1.325898 -0.087020
v 2.007616 -1.325911 0.003113
v 2.009661 -1.324020 0.003162
v 1.896023 -1.324059 0.261389
v 1.894608 -1.325949 0.259910
v 1.637266 -1.324074 0.362001
v 1.637314 -1.325964 0.359953
v 1.383522 -1.324057 0.249340
v 1.385005 -1.325948 0.247929
v 1.282144 -1.324018 -0.013942
v 1.284189 -1.325909 -0.013894
v 1.395783 -1.323979 -0.272170
v 1.397198 -1.325870 -0.270691
v 1.654540 -1.323964 -0.372782
v 1.654492 -1.325855 -0.370734
v 1.906800 -1.325872 -0.258711
v 1.908284 -1.323981 -0.260121
v 2.044656 -1.396495 0.282609
v 2.042648 -1.394604 0.283005
v 2.182424 -1.394573 0.074558
v 2.182820 -1.396465 0.076566
v 2.390871 -1.394594 0.214335
v 2.388863 -1.396485 0.214730
v 2.251095 -1.394625 0.422782
v 2.250699 -1.396516 0.420773
v 1.701255 -1.396534 0.539767
v 1.699265 -1.394643 0.539289
v 1.911796 -1.396515 0.410916
v 1.912275 -1.394623 0.408927
v 2.040647 -1.396546 0.621458
v 2.042637 -1.394655 0.621937
v 1.829627 -1.394674 0.752299
v 1.830106 -1.396565 0.750309
v 1.565598 -1.396380 -0.493874
v 1.567296 -1.394489 -0.492729
v 1.322169 -1.394496 -0.444974
v 1.323313 -1.396387 -0.446671
v 1.274413 -1.394459 -0.690100
v 1.276111 -1.396351 -0.688957
v 1.519540 -1.394452 -0.737856
v 1.518396 -1.396343 -0.736159
v 1.931067 -1.396392 -0.408764
v 1.931452 -1.394501 -0.406753
v 1.726813 -1.396372 -0.547366
v 1.724803 -1.394481 -0.546981
v 1.865415 -1.396341 -0.751620
v 1.865031 -1.394450 -0.753630
v 2.071680 -1.394471 -0.613402
v 2.069669 -1.396362 -0.613018
v 1.161901 -1.396465 0.076182
v 1.163047 -1.394573 0.074486
v 1.210814 -1.394610 0.320872
v 1.209117 -1.396501 0.319726
v 0.964428 -1.394617 0.368639
v 0.965573 -1.396508 0.366942
v 0.916661 -1.394580 0.122253
v 0.918357 -1.396472 0.123398
v 1.302933 -1.396516 0.420222
v 1.301870 -1.394624 0.418473
v 1.542732 -1.396525 0.478758
v 1.544482 -1.394633 0.477695
v 1.484196 -1.396560 0.718557
v 1.485259 -1.394670 0.720307
v 1.242648 -1.394661 0.661084
v 1.244397 -1.396552 0.660021
v 2.129904 -1.396440 -0.086984
v 2.128759 -1.394549 -0.085288
v 2.082688 -1.396404 -0.330529
v 2.080992 -1.394513 -0.331674
v 2.326233 -1.396397 -0.377744
v 2.327378 -1.394506 -0.379441
v 2.375145 -1.394542 -0.133054
v 2.373449 -1.396433 -0.134200
v 1.224879 -1.396401 -0.350696
v 1.226627 -1.394510 -0.351760
v 1.166270 -1.396437 -0.109639
v 1.167335 -1.394546 -0.107890
v 0.925214 -1.396428 -0.168248
v 0.923465 -1.394537 -0.167183
v 0.982758 -1.394501 -0.411052
v 0.983822 -1.396392 -0.409304
v 2.362454 -1.396505 0.346367
v 2.364154 -1.394614 0.347507
v 1.962062 -1.396562 0.729488
v 1.963131 -1.394671 0.731234
v 1.387478 -1.396340 -0.762737
v 1.387086 -1.394448 -0.764746
v 1.996248 -1.396345 -0.724621
v 1.997397 -1.394454 -0.726315
v 0.891526 -1.396491 0.254949
v 0.889516 -1.394600 0.255339
v 1.352173 -1.396563 0.738953
v 1.351688 -1.394673 0.740942
v 2.400280 -1.396414 -0.265751
v 2.402290 -1.394522 -0.266140
v 0.904594 -1.396408 -0.300914
v 0.902605 -1.394517 -0.301397
v 2.069365 -1.394584 0.149833
v 2.071065 -1.396476 0.150972
v 2.119062 -1.396512 0.394364
v 2.117922 -1.394621 0.396064
v 2.314456 -1.396469 0.102975
v 2.315597 -1.394577 0.101275
v 1.778771 -1.394626 0.429992
v 1.779840 -1.396518 0.431737
v 1.722076 -1.396553 0.671724
v 1.720330 -1.394662 0.672793
v 2.021572 -1.394635 0.488433
v 2.019826 -1.396526 0.489501
v 1.454623 -1.394500 -0.418084
v 1.454232 -1.396391 -0.420094
v 1.592176 -1.396360 -0.624792
v 1.594185 -1.394469 -0.625183
v 1.249533 -1.396370 -0.558038
v 1.247524 -1.394479 -0.557646
v 1.799085 -1.394497 -0.434069
v 1.800235 -1.396388 -0.435763
v 2.042670 -1.396381 -0.482185
v 2.044364 -1.394490 -0.481036
v 1.752118 -1.394461 -0.679348
v 1.753812 -1.396352 -0.678199
v 1.237959 -1.394590 0.187786
v 1.235949 -1.396481 0.188176
v 1.030351 -1.396461 0.049351
v 1.029961 -1.394569 0.047341
v 1.097124 -1.396512 0.393774
v 1.097514 -1.394621 0.395784
v 1.435441 -1.394621 0.397837
v 1.434956 -1.396513 0.399826
v 1.222012 -1.394641 0.527513
v 1.224001 -1.396532 0.527998
v 1.565117 -1.394653 0.611266
v 1.563128 -1.396544 0.610780
v 2.053847 -1.394532 -0.198588
v 2.055857 -1.396424 -0.198978
v 2.261845 -1.394553 -0.058143
v 2.261455 -1.396444 -0.060153
v 2.194292 -1.394501 -0.406586
v 2.194682 -1.396393 -0.404576
v 1.247488 -1.394530 -0.217545
v 1.245499 -1.396421 -0.218029
v 1.116972 -1.394498 -0.431913
v 1.116489 -1.396389 -0.429924
v 1.033120 -1.394549 -0.087030
v 1.033604 -1.396440 -0.089019
v 2.005580 -1.396453 0.003055
v 2.007616 -1.394562 0.003103
v 1.894608 -1.394600 0.259900
v 1.893208 -1.396491 0.258406
v 1.637314 -1.394615 0.359943
v 1.637362 -1.396506 0.357886
v 1.385005 -1.394599 0.247919
v 1.386474 -1.396490 0.246493
v 1.284189 -1.394560 -0.013905
v 1.286226 -1.396451 -0.013857
v 1.397198 -1.394521 -0.270702
v 1.398598 -1.396413 -0.269209
v 1.654492 -1.394506 -0.370745
v 1.654444 -1.396398 -0.368689
v 1.905332 -1.396415 -0.257295
v 1.906800 -1.394523 -0.258721
v 2.061711 -1.394604 0.279246
v 2.059703 -1.396495 0.279641
v 2.185788 -1.396467 0.091613
v 2.186184 -1.394576 0.093621
v 2.373816 -1.396486 0.217698
v 2.371808 -1.394595 0.218094
v 2.247731 -1.396514 0.405726
v 2.247335 -1.394622 0.403718
v 1.718063 -1.394643 0.543813
v 1.716073 -1.396534 0.543334
v 1.907751 -1.394626 0.427724
v 1.908230 -1.396517 0.425734
v 2.023839 -1.394654 0.617413
v 2.025830 -1.396546 0.617891
v 1.833672 -1.396563 0.735491
v 1.834151 -1.394671 0.733501
v 1.551262 -1.394487 -0.503534
v 1.552960 -1.396378 -0.502391
v 1.331830 -1.396385 -0.459310
v 1.332974 -1.394493 -0.461007
v 1.288750 -1.396352 -0.680440
v 1.290447 -1.394461 -0.679295
v 1.509879 -1.396345 -0.723520
v 1.508735 -1.394454 -0.721822
v 1.927816 -1.394499 -0.425743
v 1.928201 -1.396390 -0.423733
v 1.743792 -1.394480 -0.550617
v 1.741782 -1.396371 -0.550232
v 1.868667 -1.394453 -0.734640
v 1.868282 -1.396343 -0.736651
v 2.054700 -1.396362 -0.610151
v 2.052690 -1.394471 -0.609766
v 1.152174 -1.394576 0.090589
v 1.153319 -1.396466 0.088893
v 1.196407 -1.396500 0.311144
v 1.194710 -1.394608 0.309999
v 0.974156 -1.396506 0.354232
v 0.975301 -1.394615 0.352536
v 0.931068 -1.396473 0.131981
v 0.932764 -1.394582 0.133126
v 1.311909 -1.394627 0.434996
v 1.310847 -1.396518 0.433247
v 1.527958 -1.394635 0.487735
v 1.529707 -1.396526 0.486671
v 1.475220 -1.394667 0.703783
v 1.476283 -1.396559 0.705532
v 1.257422 -1.396551 0.652107
v 1.259171 -1.394659 0.651045
v 2.139632 -1.394547 -0.101391
v 2.138487 -1.396438 -0.099695
v 2.097095 -1.394514 -0.320801
v 2.095399 -1.396405 -0.321946
v 2.316505 -1.394508 -0.363337
v 2.317650 -1.396399 -0.365034
v 2.360738 -1.396432 -0.142783
v 2.359042 -1.394541 -0.143928
v 1.210031 -1.394511 -0.341655
v 1.211779 -1.396402 -0.342720
v 1.157230 -1.394544 -0.124487
v 1.158295 -1.396435 -0.122739
v 0.940062 -1.394536 -0.177288
v 0.938313 -1.396427 -0.176223
v 0.991798 -1.396394 -0.396204
v 0.992862 -1.394503 -0.394456
v 2.348016 -1.394612 0.336685
v 2.349716 -1.396504 0.337825
v 1.953038 -1.394669 0.714743
v 1.954107 -1.396560 0.716488
v 1.390784 -1.394451 -0.745768
v 1.390392 -1.396342 -0.747777
v 1.986541 -1.394456 -0.710316
v 1.987690 -1.396347 -0.712010
v 0.908592 -1.394600 0.251641
v 0.906582 -1.396491 0.252030
v 1.356273 -1.394670 0.722159
v 1.355788 -1.396561 0.724147
v 2.383214 -1.394523 -0.262442
v 2.385224 -1.396414 -0.262832
v 0.921485 -1.394518 -0.296807
v 0.919496 -1.396409 -0.297291
v 2.083803 -1.396477 0.159514
v 2.085503 -1.394586 0.160654
v 2.128744 -1.394619 0.379926
v 2.127604 -1.396510 0.381626
v 2.304775 -1.394580 0.117413
v 2.305915 -1.396471 0.115713
v 1.787796 -1.396520 0.444737
v 1.788864 -1.394629 0.446483
v 1.736821 -1.394661 0.662700
v 1.735075 -1.396552 0.663768
v 2.006827 -1.396527 0.497457
v 2.005081 -1.394636 0.498526
v 1.451317 -1.396388 -0.435053
v 1.450926 -1.394497 -0.437062
v 1.575208 -1.394469 -0.621486
v 1.577217 -1.396361 -0.621878
v 1.266502 -1.394479 -0.561344
v 1.264493 -1.396370 -0.560953
v 1.808792 -1.396386 -0.448374
v 1.809942 -1.394495 -0.450067
v 2.028365 -1.394489 -0.491892
v 2.030059 -1.396380 -0.490743
v 1.766423 -1.396354 -0.669641
v 1.768117 -1.394463 -0.668491
v 1.220893 -1.396482 0.191095
v 1.218883 -1.394591 0.191484
v 1.033659 -1.394572 0.066417
v 1.033270 -1.396463 0.064407
v 1.093816 -1.394618 0.376708
v 1.094205 -1.396510 0.378718
v 1.431341 -1.396515 0.414632
v 1.430856 -1.394624 0.416620
v 1.238807 -1.396533 0.531613
v 1.240795 -1.394641 0.532098
v 1.548322 -1.396544 0.607166
v 1.546334 -1.394653 0.606681
v 2.070913 -1.396423 -0.201897
v 2.072922 -1.394532 -0.202286
v 2.258536 -1.396442 -0.075209
v 2.258146 -1.394551 -0.077218
v 2.197601 -1.396395 -0.389520
v 2.197990 -1.394504 -0.387510
v 1.230597 -1.396420 -0.221652
v 1.228608 -1.394529 -0.222136
v 1.112866 -1.396391 -0.415022
v 1.112382 -1.394500 -0.413033
v 1.037227 -1.396438 -0.103922
v 1.037711 -1.394546 -0.105910
v 1.968013 -1.398344 0.002171
v 1.970049 -1.396453 0.002220
v 1.868777 -1.396487 0.232345
v 1.867377 -1.398378 0.230852
v 1.638206 -1.396501 0.321998
v 1.638254 -1.398392 0.319941
v 1.412102 -1.396486 0.221609
v 1.413571 -1.398377 0.220183
v 1.321756 -1.396451 -0.013022
v 1.323793 -1.398342 -0.012974
v 1.423028 -1.396417 -0.243148
v 1.424428 -1.398308 -0.241655
v 1.653600 -1.396403 -0.332800
v 1.653552 -1.398295 -0.330744
v 1.878235 -1.398309 -0.230986
v 1.879704 -1.396418 -0.232412
v 1.965976 -2.316553 0.001987
v 1.968013 -2.314662 0.002035
v 1.867377 -2.314696 0.230715
v 1.865977 -2.316587 0.229221
v 1.638254 -2.314709 0.319805
v 1.638303 -2.316600 0.317748
v 1.413571 -2.314694 0.220046
v 1.415040 -2.316585 0.218620
v 1.323793 -2.314660 -0.013111
v 1.325830 -2.316551 -0.013063
v 1.424428 -2.314626 -0.241791
v 1.425828 -2.316517 -0.240298
v 1.653552 -2.314612 -0.330881
v 1.653503 -2.316504 -0.328825
v 1.876766 -2.316518 -0.229697
v 1.878235 -2.314627 -0.231123
v 1.919886 -2.314662 0.000903
v 1.921922 -2.316553 0.000951
v 1.835687 -2.316582 0.196909
v 1.834287 -2.314691 0.195416
v 1.639349 -2.316593 0.273251
v 1.639397 -2.314702 0.271195
v 1.446815 -2.316581 0.187767
v 1.448284 -2.314689 0.186341
v 1.369883 -2.316551 -0.012027
v 1.371920 -2.314660 -0.011979
v 1.456119 -2.316522 -0.207986
v 1.457519 -2.314631 -0.206493
v 1.652457 -2.316510 -0.284328
v 1.652409 -2.314619 -0.282271
v 1.843522 -2.314632 -0.197418
v 1.844991 -2.316523 -0.198844
v 1.917882 -2.271885 0.001143
v 1.919886 -2.273777 0.000909
v 1.834287 -2.273806 0.195422
v 1.832945 -2.271914 0.193991
v 1.639397 -2.273817 0.271201
v 1.639175 -2.271925 0.269271
v 1.448284 -2.273804 0.186347
v 1.449622 -2.271913 0.185049
v 1.371920 -2.273775 -0.011973
v 1.373932 -2.271883 -0.011642
v 1.457519 -2.273746 -0.206486
v 1.459015 -2.271855 -0.204890
v 1.652409 -2.273734 -0.282265
v 1.652654 -2.271843 -0.280132
v 1.842045 -2.271856 -0.195978
v 1.843522 -2.273747 -0.197412
v 1.607722 -2.374236 -0.030095
v 1.609748 -2.376128 -0.029806
v 1.634732 -2.376130 -0.015010
v 1.635960 -2.374239 -0.013372
v 1.637877 -2.376127 -0.037010
v 1.639514 -2.374235 -0.038238
v 1.615877 -2.376126 -0.040155
v 1.614649 -2.374235 -0.041792
v 1.612732 -2.376129 -0.018155
v 1.611094 -2.374239 -0.016926
v 1.641973 -2.374243 0.013811
v 1.639935 -2.376134 0.014005
v 1.622801 -2.376132 -0.000148
v 1.622607 -2.374241 -0.002186
v 1.608648 -2.376135 0.016986
v 1.606610 -2.374243 0.017180
v 1.625976 -2.374246 0.033177
v 1.625782 -2.376137 0.031139
v 1.634300 -2.376132 0.003380
v 1.635603 -2.374241 0.001802
v 1.610598 -2.374242 0.004184
v 1.612176 -2.376133 0.005487
v 1.614284 -2.376136 0.027611
v 1.612980 -2.374245 0.029189
v 1.636407 -2.376136 0.025503
v 1.637985 -2.374245 0.026807
v 1.669015 -2.374241 -0.001095
v 1.668725 -2.376132 0.000931
v 1.650945 -2.376134 0.014264
v 1.648919 -2.374243 0.013974
v 1.664278 -2.376137 0.032044
v 1.663988 -2.374246 0.034071
v 1.684084 -2.374244 0.019001
v 1.682058 -2.376135 0.018711
v 1.657074 -2.376133 0.003915
v 1.655846 -2.374242 0.002278
v 1.652291 -2.374245 0.027143
v 1.653929 -2.376136 0.025915
v 1.675929 -2.376137 0.029060
v 1.677157 -2.374246 0.030698
v 1.679074 -2.376133 0.007060
v 1.680711 -2.374242 0.005832
v 1.680521 -2.271886 0.003180
v 1.680711 -2.273777 0.005847
v 1.678651 -2.271890 0.032140
v 1.677157 -2.273781 0.030713
v 1.650187 -2.271890 0.027657
v 1.652291 -2.273781 0.027158
v 1.654201 -2.271886 0.000999
v 1.655846 -2.273777 0.002293
v 1.685171 -2.271888 0.021120
v 1.684084 -2.273779 0.019016
v 1.664050 -2.271891 0.035884
v 1.663988 -2.273782 0.034086
v 1.646643 -2.271888 0.013775
v 1.648919 -2.273779 0.013989
v 1.669015 -2.273777 -0.001080
v 1.669977 -2.271885 -0.003050
v 1.640064 -2.271890 0.027419
v 1.637985 -2.273781 0.026822
v 1.611421 -2.271890 0.030559
v 1.612980 -2.273781 0.029204
v 1.610914 -2.271886 0.001544
v 1.610598 -2.273777 0.004199
v 1.637307 -2.271885 0.000602
v 1.635603 -2.273777 0.001817
v 1.625829 -2.271891 0.034986
v 1.625976 -2.273782 0.033192
v 1.605425 -2.271888 0.019246
v 1.606610 -2.273779 0.017195
v 1.621739 -2.271885 -0.004185
v 1.622607 -2.273776 -0.002171
v 1.641973 -2.273779 0.013826
v 1.644257 -2.271888 0.013719
v 1.611285 -2.271883 -0.014244
v 1.611094 -2.273774 -0.016912
v 1.613155 -2.271879 -0.043203
v 1.614649 -2.273770 -0.041777
v 1.641619 -2.271880 -0.038720
v 1.639514 -2.273771 -0.038223
v 1.637605 -2.271884 -0.012062
v 1.635960 -2.273775 -0.013357
v 1.606635 -2.271881 -0.032184
v 1.607722 -2.273772 -0.030080
v 1.627756 -2.271878 -0.046948
v 1.627818 -2.273770 -0.045150
v 1.645163 -2.271882 -0.024839
v 1.642887 -2.273773 -0.025054
v 1.622791 -2.273775 -0.009984
v 1.621829 -2.271884 -0.008013
v 1.654499 -2.271884 -0.011665
v 1.656203 -2.273775 -0.012881
v 1.651742 -2.271880 -0.038482
v 1.653821 -2.273771 -0.037886
v 1.680385 -2.271879 -0.041623
v 1.678826 -2.273771 -0.040268
v 1.680892 -2.271884 -0.012607
v 1.681208 -2.273774 -0.015263
v 1.647549 -2.271882 -0.024783
v 1.649833 -2.273773 -0.024890
v 1.665976 -2.271879 -0.046049
v 1.665830 -2.273770 -0.044256
v 1.686380 -2.271881 -0.030309
v 1.685195 -2.273772 -0.028259
v 1.669199 -2.273775 -0.008893
v 1.670067 -2.271884 -0.006879
v 1.793944 -2.271885 -0.003926
v 1.796010 -2.273776 -0.004011
v 1.815135 -2.271882 -0.021255
v 1.816031 -2.273774 -0.019188
v 1.833279 -2.271886 0.000691
v 1.831209 -2.273777 0.000832
v 1.810322 -2.271888 0.017927
v 1.811188 -2.273779 0.016010
v 1.802069 -2.271883 -0.017822
v 1.802877 -2.273774 -0.015746
v 1.829764 -2.271883 -0.012719
v 1.827766 -2.273775 -0.012321
v 1.825523 -2.271888 0.013959
v 1.824342 -2.273778 0.012568
v 1.799453 -2.273778 0.009143
v 1.797738 -2.271887 0.010554
v 1.721790 -2.271888 0.015839
v 1.722686 -2.273779 0.013930
v 1.705439 -2.271885 -0.005988
v 1.707507 -2.273776 -0.006090
v 1.726488 -2.271882 -0.023322
v 1.727527 -2.273773 -0.021270
v 1.744777 -2.271885 -0.001388
v 1.742707 -2.273777 -0.001250
v 1.709233 -2.271887 0.008483
v 1.710950 -2.273778 0.007064
v 1.713590 -2.271882 -0.019931
v 1.714373 -2.273774 -0.017826
v 1.741289 -2.271883 -0.014691
v 1.739263 -2.273774 -0.014403
v 1.735840 -2.273778 0.010486
v 1.737034 -2.271887 0.011860
v 1.739882 -2.271895 0.065996
v 1.739104 -2.273787 0.068136
v 1.737035 -2.271900 0.094435
v 1.735549 -2.273791 0.093002
v 1.708713 -2.271899 0.090182
v 1.710684 -2.273790 0.089447
v 1.712621 -2.271895 0.063263
v 1.714238 -2.273786 0.064582
v 1.744123 -2.271898 0.082459
v 1.742476 -2.273789 0.081305
v 1.722270 -2.271900 0.098222
v 1.722380 -2.273791 0.096374
v 1.705088 -2.271897 0.075995
v 1.707311 -2.273788 0.076278
v 1.727407 -2.273786 0.061209
v 1.728403 -2.271894 0.059213
v 1.651315 -2.271862 -0.155168
v 1.651496 -2.273753 -0.157229
v 1.630247 -2.271859 -0.172520
v 1.632200 -2.273751 -0.173302
v 1.648510 -2.271856 -0.194660
v 1.648274 -2.273748 -0.192599
v 1.669591 -2.271859 -0.175522
v 1.667570 -2.273750 -0.176525
v 1.637030 -2.271862 -0.159621
v 1.638520 -2.273752 -0.161269
v 1.634908 -2.271858 -0.187524
v 1.636241 -2.273749 -0.186279
v 1.661730 -2.271857 -0.190538
v 1.661250 -2.273748 -0.188558
v 1.663529 -2.273752 -0.163548
v 1.665569 -2.271861 -0.162647
v 1.667279 -2.271873 -0.082211
v 1.665373 -2.273764 -0.083116
v 1.645443 -2.271876 -0.065901
v 1.645342 -2.273767 -0.067970
v 1.628144 -2.271873 -0.086944
v 1.630195 -2.273763 -0.088000
v 1.650089 -2.271870 -0.105217
v 1.650226 -2.273761 -0.103147
v 1.659914 -2.271875 -0.069675
v 1.658495 -2.273766 -0.071394
v 1.631511 -2.271875 -0.074070
v 1.633620 -2.273766 -0.074848
v 1.636805 -2.271870 -0.101752
v 1.637074 -2.273762 -0.099722
v 1.661948 -2.273762 -0.096269
v 1.663319 -2.271871 -0.097462
v 1.713142 -2.271871 -0.098188
v 1.715075 -2.273762 -0.097362
v 1.741632 -2.271870 -0.101106
v 1.740081 -2.273762 -0.099744
v 1.743140 -2.271875 -0.072564
v 1.742463 -2.273766 -0.074739
v 1.715780 -2.271875 -0.071115
v 1.717458 -2.273766 -0.072357
v 1.727061 -2.271870 -0.105582
v 1.727085 -2.273761 -0.103732
v 1.748149 -2.271872 -0.088809
v 1.746450 -2.273763 -0.087735
v 1.731354 -2.271876 -0.066328
v 1.730453 -2.273767 -0.068369
v 1.708854 -2.271873 -0.084188
v 1.711088 -2.273764 -0.084366
v 1.497950 -2.271884 -0.010885
v 1.495890 -2.273775 -0.011067
v 1.480563 -2.271887 0.010174
v 1.479788 -2.273778 0.008219
v 1.458441 -2.271884 -0.008121
v 1.460503 -2.273775 -0.007883
v 1.477597 -2.271881 -0.029190
v 1.476604 -2.273772 -0.027168
v 1.493479 -2.271886 0.003401
v 1.491833 -2.273777 0.001911
v 1.465565 -2.271886 0.005496
v 1.466811 -2.273777 0.004162
v 1.462583 -2.271882 -0.021351
v 1.464559 -2.273773 -0.020860
v 1.489582 -2.273773 -0.023112
v 1.490487 -2.271881 -0.025147
v 1.566243 -2.271882 -0.027089
v 1.565108 -2.273773 -0.025088
v 1.586454 -2.271884 -0.008785
v 1.584393 -2.273775 -0.008985
v 1.569095 -2.271887 0.012249
v 1.568290 -2.273778 0.010300
v 1.546943 -2.271885 -0.006039
v 1.549005 -2.273776 -0.005803
v 1.578968 -2.271882 -0.023096
v 1.578086 -2.273773 -0.021030
v 1.581984 -2.271886 0.005491
v 1.580335 -2.273777 0.003993
v 1.554055 -2.271887 0.007558
v 1.555312 -2.273777 0.006242
v 1.553063 -2.273774 -0.018781
v 1.551053 -2.271883 -0.019163
v 1.551923 -2.271874 -0.077059
v 1.552702 -2.273765 -0.079200
v 1.554771 -2.271870 -0.105499
v 1.556257 -2.273761 -0.104066
v 1.583092 -2.271870 -0.101245
v 1.581122 -2.273762 -0.100511
v 1.579185 -2.271874 -0.074326
v 1.577568 -2.273765 -0.075646
v 1.547683 -2.271872 -0.093522
v 1.549329 -2.273763 -0.092369
v 1.569536 -2.271869 -0.109285
v 1.569425 -2.273761 -0.107438
v 1.586718 -2.271873 -0.087059
v 1.584495 -2.273764 -0.087342
v 1.564399 -2.273766 -0.072273
v 1.563403 -2.271875 -0.070276
v 1.644278 -2.271907 0.144194
v 1.644361 -2.273798 0.146260
v 1.661577 -2.271910 0.165384
v 1.659510 -2.273801 0.166290
v 1.639620 -2.271913 0.183510
v 1.639480 -2.273803 0.181439
v 1.622417 -2.271909 0.160536
v 1.624331 -2.273801 0.161409
v 1.658164 -2.271908 0.152334
v 1.656084 -2.273799 0.153138
v 1.653018 -2.271912 0.180014
v 1.652632 -2.273803 0.178013
v 1.626368 -2.271912 0.175743
v 1.627757 -2.273803 0.174562
v 1.629798 -2.271907 0.147971
v 1.631209 -2.273799 0.149686
v 1.624338 -2.271897 0.074956
v 1.626337 -2.273788 0.076107
v 1.642607 -2.271894 0.054750
v 1.642409 -2.273785 0.056810
v 1.663652 -2.271896 0.072067
v 1.661705 -2.273787 0.072881
v 1.645400 -2.271899 0.094240
v 1.645634 -2.273790 0.092178
v 1.628306 -2.271895 0.062254
v 1.630377 -2.273786 0.063130
v 1.656884 -2.271894 0.059199
v 1.655386 -2.273786 0.060849
v 1.658980 -2.271898 0.087115
v 1.657666 -2.273789 0.085858
v 1.632657 -2.273790 0.088139
v 1.632293 -2.271899 0.090155
v 1.578664 -2.271899 0.087124
v 1.576730 -2.273790 0.086298
v 1.550174 -2.271899 0.090042
v 1.551725 -2.273790 0.088680
v 1.548666 -2.271895 0.061500
v 1.549343 -2.273786 0.063675
v 1.576025 -2.271894 0.060051
v 1.574348 -2.273786 0.061293
v 1.564744 -2.271900 0.094518
v 1.564721 -2.273791 0.092668
v 1.543657 -2.271897 0.077746
v 1.545355 -2.273788 0.076671
v 1.560451 -2.271894 0.055264
v 1.561352 -2.273785 0.057305
v 1.580718 -2.273787 0.073302
v 1.582952 -2.271896 0.073124
v 1.889515 -2.271883 -0.019509
v 1.890378 -2.273774 -0.017441
v 1.907632 -2.271886 0.002338
v 1.905556 -2.273777 0.002580
v 1.884677 -2.271888 0.019676
v 1.885536 -2.273779 0.017758
v 1.868284 -2.271885 -0.002070
v 1.870358 -2.273776 -0.002263
v 1.904141 -2.271883 -0.010975
v 1.902114 -2.273775 -0.010574
v 1.899809 -2.271888 0.015726
v 1.898690 -2.273779 0.014315
v 1.872046 -2.271887 0.012277
v 1.873800 -2.273778 0.010891
v 1.877225 -2.273774 -0.013998
v 1.876475 -2.271883 -0.016084
v 1.769372 -2.271908 0.154892
v 1.771334 -2.273799 0.154145
v 1.773268 -2.271904 0.127964
v 1.774889 -2.273796 0.129280
v 1.800590 -2.271905 0.130742
v 1.799754 -2.273796 0.132834
v 1.797729 -2.271909 0.159096
v 1.796200 -2.273800 0.157700
v 1.765741 -2.271906 0.140686
v 1.767962 -2.273798 0.140976
v 1.789040 -2.271904 0.123916
v 1.788058 -2.273795 0.125907
v 1.804810 -2.271907 0.147130
v 1.803127 -2.273798 0.146003
v 1.782882 -2.271910 0.162905
v 1.783031 -2.273801 0.161072
v 1.637953 -2.271924 0.258620
v 1.637714 -2.273815 0.256543
v 1.620650 -2.271920 0.235647
v 1.622566 -2.273812 0.236513
v 1.642406 -2.271918 0.219291
v 1.642596 -2.273810 0.221365
v 1.659814 -2.271921 0.240522
v 1.657744 -2.273813 0.241395
v 1.624583 -2.271923 0.250785
v 1.625992 -2.273814 0.249665
v 1.628059 -2.271919 0.223035
v 1.629444 -2.273810 0.224790
v 1.656408 -2.271919 0.227497
v 1.654319 -2.273811 0.228242
v 1.650867 -2.273814 0.253117
v 1.651257 -2.271923 0.255147
v 1.484982 -2.271904 0.123322
v 1.485719 -2.273795 0.125451
v 1.512406 -2.271904 0.121832
v 1.510724 -2.273795 0.123069
v 1.515032 -2.271908 0.148913
v 1.513106 -2.273799 0.148074
v 1.486508 -2.271908 0.151779
v 1.488101 -2.273799 0.150456
v 1.496840 -2.271903 0.117047
v 1.497728 -2.273794 0.119081
v 1.519326 -2.271906 0.134893
v 1.517094 -2.273797 0.135078
v 1.501159 -2.271909 0.156282
v 1.501097 -2.273800 0.154444
v 1.481731 -2.273797 0.138447
v 1.479997 -2.271906 0.139493
v 1.384092 -2.271884 -0.009970
v 1.386155 -2.273775 -0.009631
v 1.403217 -2.271881 -0.030942
v 1.402257 -2.273772 -0.028916
v 1.423604 -2.271883 -0.012524
v 1.421542 -2.273775 -0.012814
v 1.406208 -2.271887 0.008428
v 1.405440 -2.273777 0.006471
v 1.388206 -2.271882 -0.023104
v 1.390212 -2.273773 -0.022608
v 1.416081 -2.271882 -0.026907
v 1.415234 -2.273773 -0.024859
v 1.419173 -2.271886 0.001630
v 1.417485 -2.273777 0.000163
v 1.392463 -2.273777 0.002414
v 1.391279 -2.271886 0.003771
v 1.522434 -2.271861 -0.165956
v 1.520471 -2.273752 -0.165209
v 1.518538 -2.271865 -0.139028
v 1.516917 -2.273756 -0.140344
v 1.491215 -2.271864 -0.141805
v 1.492051 -2.273755 -0.143898
v 1.494077 -2.271860 -0.170160
v 1.495606 -2.273751 -0.168764
v 1.526065 -2.271863 -0.151750
v 1.523844 -2.273754 -0.152040
v 1.502765 -2.271865 -0.134980
v 1.503748 -2.273756 -0.136971
v 1.486996 -2.271862 -0.158193
v 1.488679 -2.273753 -0.157067
v 1.508923 -2.271859 -0.173968
v 1.508775 -2.273751 -0.172136
v 1.653853 -2.271845 -0.269683
v 1.654092 -2.273737 -0.267607
v 1.671156 -2.271849 -0.246711
v 1.669240 -2.273740 -0.247577
v 1.649400 -2.271851 -0.230355
v 1.649210 -2.273742 -0.232429
v 1.631992 -2.271848 -0.251585
v 1.634061 -2.273739 -0.252459
v 1.667223 -2.271846 -0.261849
v 1.665814 -2.273738 -0.260729
v 1.663747 -2.271851 -0.234098
v 1.662362 -2.273741 -0.235854
v 1.635398 -2.271850 -0.238561
v 1.637487 -2.273741 -0.239306
v 1.640939 -2.273737 -0.264181
v 1.640549 -2.271846 -0.266211
v 1.805298 -2.271861 -0.162843
v 1.803705 -2.273752 -0.161520
v 1.806823 -2.271865 -0.134385
v 1.806087 -2.273756 -0.136515
v 1.779400 -2.271866 -0.132895
v 1.781081 -2.273757 -0.134133
v 1.776774 -2.271862 -0.159976
v 1.778700 -2.273753 -0.159139
v 1.811808 -2.271863 -0.150557
v 1.810074 -2.273754 -0.149511
v 1.794965 -2.271866 -0.128110
v 1.794077 -2.273757 -0.130146
v 1.772480 -2.271864 -0.145957
v 1.774712 -2.273755 -0.146143
v 1.790709 -2.273752 -0.165508
v 1.790646 -2.271861 -0.167345
v 1.627528 -2.376126 -0.043139
v 1.627818 -2.374234 -0.045165
v 1.640861 -2.376128 -0.025359
v 1.642887 -2.374237 -0.025069
v 1.622791 -2.374240 -0.009999
v 1.623081 -2.376131 -0.012026
v 1.657506 -2.376130 -0.014474
v 1.656203 -2.374239 -0.012896
v 1.655399 -2.376127 -0.036598
v 1.653821 -2.374235 -0.037901
v 1.678826 -2.374235 -0.040283
v 1.677522 -2.376127 -0.038705
v 1.679630 -2.376130 -0.016582
v 1.681208 -2.374239 -0.015278
v 1.649833 -2.374237 -0.024905
v 1.651871 -2.376128 -0.025100
v 1.666024 -2.376126 -0.042234
v 1.665830 -2.374234 -0.044271
v 1.683158 -2.376128 -0.028080
v 1.685195 -2.374237 -0.028274
v 1.669199 -2.374240 -0.008908
v 1.669004 -2.376131 -0.010946
v 1.798038 -2.376132 -0.003747
v 1.796010 -2.374240 -0.004026
v 1.815752 -2.376130 -0.017176
v 1.816031 -2.374238 -0.019203
v 1.831209 -2.374241 0.000817
v 1.829181 -2.376132 0.000538
v 1.811467 -2.376134 0.013967
v 1.811188 -2.374243 0.015995
v 1.802877 -2.374239 -0.015761
v 1.804114 -2.376130 -0.014130
v 1.826135 -2.376130 -0.011100
v 1.827766 -2.374239 -0.012336
v 1.823105 -2.376134 0.010921
v 1.824342 -2.374243 0.012553
v 1.799453 -2.374242 0.009128
v 1.801084 -2.376133 0.007891
v 1.722965 -2.376134 0.011887
v 1.722686 -2.374243 0.013915
v 1.709535 -2.376131 -0.005827
v 1.707507 -2.374240 -0.006105
v 1.727527 -2.374238 -0.021285
v 1.727248 -2.376129 -0.019257
v 1.740679 -2.376132 -0.001544
v 1.742707 -2.374241 -0.001265
v 1.710950 -2.374242 0.007049
v 1.712582 -2.376133 0.005812
v 1.715610 -2.376130 -0.016210
v 1.714373 -2.374238 -0.017841
v 1.737632 -2.376130 -0.013182
v 1.739263 -2.374239 -0.014418
v 1.735840 -2.374243 0.010471
v 1.734603 -2.376133 0.008840
v 1.737466 -2.376143 0.069349
v 1.739104 -2.374251 0.068121
v 1.734321 -2.376146 0.091349
v 1.735549 -2.374255 0.092987
v 1.710684 -2.374254 0.089432
v 1.712321 -2.376146 0.088204
v 1.715466 -2.376142 0.066204
v 1.714238 -2.374251 0.064567
v 1.742476 -2.374254 0.081290
v 1.740450 -2.376144 0.081000
v 1.722670 -2.376146 0.094333
v 1.722380 -2.374255 0.096359
v 1.709337 -2.376144 0.076553
v 1.707311 -2.374253 0.076263
v 1.727407 -2.374250 0.061194
v 1.727118 -2.376142 0.063220
v 1.651311 -2.376108 -0.159283
v 1.651496 -2.374217 -0.157244
v 1.634239 -2.376107 -0.173503
v 1.632200 -2.374215 -0.173317
v 1.648274 -2.374213 -0.192613
v 1.648459 -2.376104 -0.190575
v 1.665531 -2.376106 -0.176355
v 1.667570 -2.374214 -0.176540
v 1.638520 -2.374217 -0.161284
v 1.639830 -2.376108 -0.162857
v 1.637813 -2.376105 -0.184984
v 1.636241 -2.374213 -0.186294
v 1.659940 -2.376104 -0.187001
v 1.661250 -2.374213 -0.188573
v 1.663529 -2.374216 -0.163563
v 1.661957 -2.376107 -0.164874
v 1.663345 -2.376120 -0.083413
v 1.665373 -2.374229 -0.083131
v 1.645624 -2.376122 -0.070012
v 1.645342 -2.374231 -0.067985
v 1.632223 -2.376119 -0.087734
v 1.630195 -2.374228 -0.088015
v 1.649945 -2.376117 -0.101135
v 1.650226 -2.374226 -0.103162
v 1.657260 -2.376122 -0.073042
v 1.658495 -2.374231 -0.071409
v 1.635253 -2.376121 -0.076098
v 1.633620 -2.374230 -0.074863
v 1.638309 -2.376118 -0.098105
v 1.637074 -2.374226 -0.099737
v 1.660316 -2.376118 -0.095049
v 1.661948 -2.374227 -0.096284
v 1.716654 -2.376118 -0.096074
v 1.715075 -2.374227 -0.097377
v 1.740081 -2.374226 -0.099759
v 1.738777 -2.376117 -0.098181
v 1.742463 -2.374230 -0.074754
v 1.740885 -2.376121 -0.076058
v 1.717458 -2.374230 -0.072372
v 1.718761 -2.376121 -0.073950
v 1.727279 -2.376117 -0.101710
v 1.727085 -2.374226 -0.103747
v 1.746450 -2.374228 -0.087750
v 1.744413 -2.376119 -0.087556
v 1.730453 -2.374231 -0.068384
v 1.730259 -2.376122 -0.070422
v 1.713126 -2.376120 -0.084576
v 1.711088 -2.374229 -0.084381
v 1.495890 -2.374239 -0.011082
v 1.493851 -2.376130 -0.010899
v 1.479788 -2.374242 0.008204
v 1.479605 -2.376133 0.006165
v 1.460503 -2.374240 -0.007898
v 1.462541 -2.376131 -0.008081
v 1.476604 -2.374237 -0.027183
v 1.476788 -2.376128 -0.025145
v 1.491833 -2.374241 0.001896
v 1.490262 -2.376132 0.000584
v 1.466811 -2.374242 0.004147
v 1.468122 -2.376132 0.002576
v 1.464559 -2.374238 -0.020875
v 1.466131 -2.376129 -0.019564
v 1.488270 -2.376129 -0.021555
v 1.489582 -2.374237 -0.023127
v 1.565108 -2.374237 -0.025103
v 1.565292 -2.376129 -0.023065
v 1.582354 -2.376131 -0.008817
v 1.584393 -2.374240 -0.009000
v 1.568106 -2.376133 0.008246
v 1.568290 -2.374243 0.010285
v 1.551044 -2.376131 -0.006002
v 1.549005 -2.374240 -0.005818
v 1.578086 -2.374238 -0.021045
v 1.576774 -2.376129 -0.019474
v 1.578764 -2.376132 0.002666
v 1.580335 -2.374242 0.003978
v 1.556624 -2.376133 0.004656
v 1.555312 -2.374242 0.006227
v 1.554634 -2.376130 -0.017484
v 1.553063 -2.374238 -0.018796
v 1.554340 -2.376120 -0.080444
v 1.552702 -2.374229 -0.079215
v 1.557485 -2.376117 -0.102444
v 1.556257 -2.374226 -0.104081
v 1.579484 -2.376117 -0.099299
v 1.581122 -2.374226 -0.100526
v 1.576339 -2.376121 -0.077299
v 1.577568 -2.374230 -0.075661
v 1.551356 -2.376119 -0.092095
v 1.549329 -2.374227 -0.092384
v 1.569136 -2.376116 -0.105427
v 1.569425 -2.374225 -0.107453
v 1.582468 -2.376119 -0.087647
v 1.584495 -2.374228 -0.087357
v 1.564688 -2.376121 -0.074315
v 1.564399 -2.374231 -0.072288
v 1.644080 -2.376154 0.148273
v 1.644361 -2.374263 0.146245
v 1.657483 -2.376157 0.165994
v 1.659510 -2.374266 0.166275
v 1.639480 -2.374268 0.181424
v 1.639761 -2.376159 0.179396
v 1.624331 -2.374265 0.161394
v 1.626359 -2.376156 0.161675
v 1.654451 -2.376155 0.154357
v 1.656084 -2.374264 0.153123
v 1.651398 -2.376158 0.176365
v 1.652632 -2.374268 0.177998
v 1.627757 -2.374267 0.174547
v 1.629390 -2.376158 0.173312
v 1.632444 -2.376155 0.151304
v 1.631209 -2.374263 0.149671
v 1.626337 -2.374253 0.076092
v 1.628376 -2.376144 0.075906
v 1.642409 -2.374250 0.056795
v 1.642595 -2.376141 0.058833
v 1.661705 -2.374252 0.072867
v 1.659667 -2.376143 0.073052
v 1.645634 -2.374255 0.092163
v 1.645448 -2.376146 0.090125
v 1.630377 -2.374251 0.063115
v 1.631949 -2.376142 0.064425
v 1.655386 -2.374250 0.060834
v 1.654076 -2.376142 0.062407
v 1.657666 -2.374254 0.085843
v 1.656094 -2.376145 0.084533
v 1.633967 -2.376145 0.086551
v 1.632657 -2.374254 0.088124
v 1.576730 -2.374254 0.086283
v 1.575152 -2.376145 0.084979
v 1.551725 -2.374254 0.088665
v 1.553029 -2.376145 0.087087
v 1.549343 -2.374251 0.063660
v 1.550921 -2.376142 0.064963
v 1.573044 -2.376142 0.062856
v 1.574348 -2.374250 0.061278
v 1.564721 -2.374255 0.092653
v 1.564527 -2.376146 0.090615
v 1.545355 -2.374253 0.076656
v 1.547393 -2.376144 0.076462
v 1.561546 -2.376141 0.059328
v 1.561352 -2.374250 0.057290
v 1.578680 -2.376143 0.073481
v 1.580718 -2.374252 0.073287
v 1.890100 -2.376130 -0.015428
v 1.890378 -2.374238 -0.017456
v 1.903529 -2.376132 0.002286
v 1.905556 -2.374241 0.002565
v 1.885815 -2.376134 0.015715
v 1.885536 -2.374243 0.017743
v 1.872386 -2.376132 -0.001999
v 1.870358 -2.374241 -0.002278
v 1.900483 -2.376130 -0.009352
v 1.902114 -2.374239 -0.010589
v 1.897453 -2.376134 0.012669
v 1.898690 -2.374243 0.014300
v 1.875432 -2.376134 0.009639
v 1.873800 -2.374243 0.010876
v 1.878461 -2.376130 -0.012382
v 1.877225 -2.374239 -0.014013
v 1.772972 -2.376155 0.152902
v 1.771334 -2.374264 0.154130
v 1.776117 -2.376152 0.130902
v 1.774889 -2.374260 0.129265
v 1.798117 -2.376152 0.134047
v 1.799754 -2.374261 0.132819
v 1.796200 -2.374264 0.157685
v 1.794972 -2.376155 0.156047
v 1.769988 -2.376153 0.141251
v 1.767962 -2.374262 0.140961
v 1.787768 -2.376151 0.127918
v 1.788058 -2.374260 0.125892
v 1.801101 -2.376154 0.145698
v 1.803127 -2.374263 0.145988
v 1.783321 -2.376156 0.159031
v 1.783031 -2.374265 0.161057
v 1.637714 -2.374279 0.256528
v 1.637995 -2.376170 0.254500
v 1.622566 -2.374276 0.236498
v 1.624593 -2.376168 0.236779
v 1.642596 -2.374274 0.221350
v 1.642315 -2.376165 0.223377
v 1.657744 -2.374277 0.241380
v 1.655717 -2.376168 0.241098
v 1.625992 -2.374278 0.249650
v 1.627624 -2.376169 0.248415
v 1.629444 -2.374274 0.224775
v 1.630678 -2.376166 0.226408
v 1.654319 -2.374275 0.228227
v 1.652686 -2.376166 0.229462
v 1.649632 -2.376170 0.251469
v 1.650867 -2.374279 0.253102
v 1.485719 -2.374260 0.125436
v 1.487297 -2.376151 0.126740
v 1.510724 -2.374259 0.123054
v 1.509421 -2.376151 0.124632
v 1.513106 -2.374263 0.148059
v 1.511528 -2.376154 0.146756
v 1.488101 -2.374264 0.150441
v 1.489405 -2.376154 0.148863
v 1.497728 -2.374259 0.119066
v 1.497922 -2.376150 0.121104
v 1.517094 -2.374261 0.135064
v 1.515056 -2.376152 0.135257
v 1.501097 -2.374264 0.154429
v 1.500903 -2.376155 0.152391
v 1.483769 -2.376153 0.138238
v 1.481731 -2.374262 0.138432
v 1.388194 -2.376131 -0.009830
v 1.386155 -2.374240 -0.009646
v 1.402440 -2.376128 -0.026893
v 1.402257 -2.374237 -0.028931
v 1.419503 -2.376130 -0.012646
v 1.421542 -2.374239 -0.012829
v 1.405257 -2.376133 0.004417
v 1.405440 -2.374242 0.006456
v 1.391783 -2.376129 -0.021312
v 1.390212 -2.374238 -0.022623
v 1.413922 -2.376129 -0.023303
v 1.415234 -2.374237 -0.024874
v 1.415914 -2.376132 -0.001164
v 1.417485 -2.374241 0.000148
v 1.393775 -2.376132 0.000828
v 1.392463 -2.374241 0.002399
v 1.518834 -2.376107 -0.163997
v 1.520471 -2.374216 -0.165224
v 1.515689 -2.376111 -0.141997
v 1.516917 -2.374220 -0.140359
v 1.493689 -2.376110 -0.145141
v 1.492051 -2.374220 -0.143913
v 1.496834 -2.376107 -0.167141
v 1.495606 -2.374216 -0.168779
v 1.521818 -2.376109 -0.152345
v 1.523844 -2.374218 -0.152055
v 1.504038 -2.376112 -0.139013
v 1.503748 -2.374221 -0.136986
v 1.490705 -2.376109 -0.156793
v 1.488679 -2.374217 -0.157082
v 1.508485 -2.376107 -0.170125
v 1.508775 -2.374215 -0.172151
v 1.653810 -2.376092 -0.265595
v 1.654092 -2.374201 -0.267622
v 1.669240 -2.374204 -0.247592
v 1.667212 -2.376095 -0.247874
v 1.649210 -2.374206 -0.232444
v 1.649491 -2.376097 -0.234471
v 1.634061 -2.374203 -0.252474
v 1.636089 -2.376095 -0.252193
v 1.665814 -2.374202 -0.260744
v 1.664181 -2.376093 -0.259510
v 1.662362 -2.374206 -0.235869
v 1.661127 -2.376097 -0.237502
v 1.637487 -2.374205 -0.239321
v 1.639120 -2.376096 -0.240556
v 1.642174 -2.376093 -0.262564
v 1.640939 -2.374202 -0.264196
v 1.803705 -2.374217 -0.161535
v 1.802401 -2.376108 -0.159958
v 1.806087 -2.374221 -0.136530
v 1.804509 -2.376112 -0.137834
v 1.781081 -2.374221 -0.134148
v 1.782385 -2.376112 -0.135727
v 1.778700 -2.374217 -0.159153
v 1.780278 -2.376109 -0.157850
v 1.810074 -2.374219 -0.149526
v 1.808037 -2.376110 -0.149332
v 1.794077 -2.374222 -0.130161
v 1.793883 -2.376112 -0.132199
v 1.774712 -2.374219 -0.146158
v 1.776750 -2.376110 -0.146352
v 1.790903 -2.376108 -0.163486
v 1.790709 -2.374216 -0.165523
v 2.063785 -1.296182 0.278802
v 2.061711 -1.298074 0.279260
v 2.186183 -1.298046 0.093636
v 2.186650 -1.296155 0.095131
v 2.371808 -1.298064 0.218108
v 2.370375 -1.296173 0.217894
v 2.247335 -1.298092 0.403733
v 2.247527 -1.296201 0.401719
v 1.718371 -1.296222 0.544171
v 1.718063 -1.298113 0.543827
v 1.907409 -1.296205 0.428030
v 1.907751 -1.298096 0.427739
v 2.023547 -1.296233 0.617076
v 2.023839 -1.298124 0.617427
v 1.834151 -1.298141 0.733516
v 1.834504 -1.296250 0.733205
v 1.550498 -1.296066 -0.503822
v 1.551262 -1.297957 -0.503520
v 1.332974 -1.297963 -0.460993
v 1.333342 -1.296072 -0.462011
v 1.290447 -1.297930 -0.679281
v 1.291408 -1.296039 -0.679244
v 1.508735 -1.297924 -0.721808
v 1.508696 -1.296033 -0.721088
v 1.928024 -1.296077 -0.426317
v 1.927816 -1.297968 -0.425728
v 1.744377 -1.296059 -0.550415
v 1.743792 -1.297950 -0.550603
v 1.868458 -1.296031 -0.734037
v 1.868667 -1.297922 -0.734626
v 2.052690 -1.297941 -0.609752
v 2.052106 -1.296050 -0.609938
v 1.151414 -1.296154 0.092202
v 1.152174 -1.298045 0.090604
v 1.194710 -1.298078 0.310013
v 1.193490 -1.296187 0.308771
v 0.975301 -1.298084 0.352550
v 0.976839 -1.296193 0.350902
v 0.932764 -1.298052 0.133141
v 0.934766 -1.296161 0.134230
v 1.313454 -1.290329 0.436848
v 1.311909 -1.291930 0.435012
v 1.527261 -1.290364 0.488989
v 1.527958 -1.291938 0.487750
v 1.475425 -1.290376 0.702752
v 1.475220 -1.291970 0.703798
v 1.259171 -1.291962 0.651060
v 1.261382 -1.290340 0.650767
v 2.140610 -1.296126 -0.102191
v 2.139632 -1.298017 -0.101377
v 2.097927 -1.296093 -0.319833
v 2.097095 -1.297984 -0.320786
v 2.315526 -1.296087 -0.362508
v 2.316505 -1.297978 -0.363323
v 2.359042 -1.298010 -0.143913
v 2.358210 -1.296119 -0.144866
v 1.209565 -1.296090 -0.341718
v 1.210031 -1.297981 -0.341641
v 1.157222 -1.296122 -0.125007
v 1.157230 -1.298013 -0.124472
v 0.940530 -1.296114 -0.177275
v 0.940062 -1.298005 -0.177273
v 0.992863 -1.297973 -0.394441
v 0.992813 -1.296082 -0.394030
v 2.347041 -1.296191 0.335256
v 2.348016 -1.298082 0.336700
v 1.953075 -1.296247 0.714293
v 1.953038 -1.298138 0.714757
v 1.391345 -1.296030 -0.745179
v 1.390784 -1.297921 -0.745753
v 1.985986 -1.296035 -0.710018
v 1.986541 -1.297926 -0.710301
v 0.910915 -1.296178 0.251280
v 0.908592 -1.298069 0.251655
v 1.357654 -1.290355 0.721124
v 1.356273 -1.291973 0.722174
v 2.381943 -1.296102 -0.262523
v 2.383214 -1.297993 -0.262428
v 0.921769 -1.296097 -0.296463
v 0.921485 -1.297988 -0.296793
v 2.085503 -1.298056 0.160669
v 2.087201 -1.296165 0.161511
v 2.130183 -1.296197 0.378319
v 2.128744 -1.298089 0.379940
v 2.303905 -1.296158 0.118461
v 2.304775 -1.298049 0.117428
v 1.788864 -1.298098 0.446497
v 1.788834 -1.296207 0.446951
v 1.737289 -1.296240 0.662739
v 1.736821 -1.298131 0.662714
v 2.005081 -1.298106 0.498540
v 2.004632 -1.296215 0.498500
v 1.450926 -1.297967 -0.437047
v 1.450594 -1.296075 -0.437971
v 1.574618 -1.296048 -0.621042
v 1.575208 -1.297939 -0.621472
v 1.267387 -1.296057 -0.561940
v 1.266502 -1.297948 -0.561329
v 1.809942 -1.297965 -0.450053
v 1.810496 -1.296074 -0.450336
v 2.028099 -1.296067 -0.492433
v 2.028365 -1.297959 -0.491878
v 1.768117 -1.297932 -0.668477
v 1.768384 -1.296041 -0.667921
v 1.218883 -1.298060 0.191499
v 1.217288 -1.296169 0.191771
v 1.034399 -1.296151 0.068345
v 1.033659 -1.298042 0.066431
v 1.093903 -1.296197 0.374710
v 1.093816 -1.298088 0.376723
v 1.430856 -1.291927 0.416636
v 1.431148 -1.290339 0.418645
v 1.240795 -1.291944 0.532114
v 1.243104 -1.290331 0.532979
v 1.546334 -1.291955 0.606696
v 1.545564 -1.290398 0.606593
v 2.072922 -1.298002 -0.202272
v 2.074193 -1.296111 -0.202176
v 2.258146 -1.298020 -0.077204
v 2.258252 -1.296129 -0.078462
v 2.197990 -1.297974 -0.387496
v 2.197885 -1.296083 -0.386237
v 1.228608 -1.297999 -0.222121
v 1.228273 -1.296108 -0.222523
v 1.112382 -1.297970 -0.413018
v 1.112039 -1.296079 -0.412770
v 1.037711 -1.298016 -0.105896
v 1.038046 -1.296125 -0.106277
v 1.161522 -1.296088 -0.349742
v 1.161404 -1.297933 -0.349326
v 1.159429 -1.296088 -0.350542
v 1.195202 -1.296102 -0.262251
v 1.195040 -1.297943 -0.262228
v 1.156409 -1.296115 -0.174946
v 1.156839 -1.297900 -0.175642
v 1.066838 -1.296120 -0.138958
v 1.069196 -1.297893 -0.140305
v 0.983378 -1.297919 -0.176982
v 0.976415 -1.296114 -0.177467
v 0.982195 -1.296114 -0.179266
v 0.681811 -1.404486 -0.393354
v 0.683810 -1.403450 -0.391544
v 0.715755 -1.400564 -0.470812
v 0.718391 -1.399455 -0.470456
v 0.718211 -1.452293 -0.537785
v 0.720892 -1.452157 -0.538682
v 0.687740 -1.529372 -0.555040
v 0.689849 -1.530677 -0.556258
v 0.642192 -1.586647 -0.512471
v 0.643449 -1.589023 -0.512892
v 0.608247 -1.590569 -0.435014
v 0.608870 -1.593018 -0.433986
v 0.605792 -1.538840 -0.368041
v 0.606367 -1.540323 -0.365760
v 0.636263 -1.461761 -0.350785
v 0.637407 -1.461802 -0.348178
v 1.555567 -1.296050 -0.607158
v 1.554528 -1.297940 -0.606453
v 1.525600 -1.296064 -0.513677
v 1.525072 -1.297921 -0.514263
v 1.438838 -1.296070 -0.470650
v 1.439210 -1.297906 -0.471524
v 1.348504 -1.297915 -0.501588
v 1.347454 -1.296066 -0.501089
v 1.346841 -1.296066 -0.503499
v 1.408465 -1.296032 -0.727649
v 1.412743 -1.297949 -0.723342
v 1.410864 -1.296033 -0.722587
v 1.507391 -1.297950 -0.694368
v 1.507397 -1.296037 -0.697138
v 1.211478 -0.951660 -1.070314
v 1.212816 -0.952615 -1.071986
v 1.127024 -0.949615 -1.084052
v 1.126752 -0.951078 -1.086247
v 1.059547 -0.963086 -1.035680
v 1.057993 -0.964691 -1.036917
v 1.047639 -0.987817 -0.954421
v 1.045981 -0.989265 -0.953980
v 1.092236 -1.027527 -0.890848
v 1.090084 -1.028853 -0.891051
v 1.256351 -0.986502 -1.010720
v 1.255453 -0.985840 -1.008462
v 1.785412 -1.296046 -0.632443
v 1.785833 -1.297888 -0.632496
v 1.785558 -1.296047 -0.630114
v 1.855066 -1.296037 -0.696236
v 1.855039 -1.297868 -0.696041
v 1.950715 -1.296038 -0.691998
v 1.949663 -1.297830 -0.692047
v 2.016652 -1.296048 -0.621285
v 2.014253 -1.297882 -0.622747
v 2.011029 -1.297902 -0.528856
v 2.013297 -1.296063 -0.523272
v 2.009466 -1.296062 -0.527071
v 2.064255 -1.017121 -1.145416
v 2.065809 -1.018934 -1.146709
v 1.986189 -1.023594 -1.177527
v 1.986290 -1.025527 -1.179417
v 1.908236 -1.028464 -1.144862
v 1.906885 -1.030488 -1.146145
v 1.876060 -1.028878 -1.066556
v 1.874109 -1.030911 -1.066381
v 1.908510 -1.024595 -0.988479
v 1.907162 -1.026547 -0.986848
v 1.986576 -1.018122 -0.956368
v 1.986684 -1.019954 -0.954138
v 2.064528 -1.013252 -0.989033
v 2.066090 -1.014993 -0.987413
v 2.096704 -1.012837 -1.067339
v 2.098864 -1.014571 -1.067178
v 2.289333 -1.296090 -0.340693
v 2.288569 -1.297981 -0.340006
v 2.347682 -1.296101 -0.265096
v 2.346669 -1.297992 -0.265148
v 2.335976 -1.296115 -0.170317
v 2.335318 -1.298006 -0.171066
v 2.261049 -1.296124 -0.111866
v 2.261161 -1.298015 -0.112867
v 2.166803 -1.296122 -0.124006
v 2.167631 -1.298013 -0.124647
v 2.108454 -1.296111 -0.199603
v 2.109521 -1.298002 -0.199508
v 2.120161 -1.296097 -0.294383
v 2.120876 -1.297988 -0.293596
v 2.195043 -1.297979 -0.351791
v 2.195087 -1.296088 -0.352833
v 2.673755 -1.278000 -0.463083
v 2.673653 -1.280468 -0.465198
v 2.727690 -1.244636 -0.319631
v 2.726106 -1.243284 -0.322056
v 2.813344 -1.242732 -0.317989
v 2.813832 -1.244091 -0.315618
v 2.875939 -1.256767 -0.373237
v 2.877590 -1.258388 -0.371896
v 2.879893 -1.277151 -0.455311
v 2.881618 -1.279151 -0.455500
v 2.822892 -1.291943 -0.516134
v 2.823557 -1.294218 -0.517456
v 2.738326 -1.292478 -0.520076
v 2.737416 -1.294765 -0.521475
v 2.289166 -1.296161 0.135954
v 2.288655 -1.298049 0.136926
v 2.345087 -1.296173 0.214108
v 2.343866 -1.298062 0.213994
v 2.329340 -1.296187 0.309025
v 2.328422 -1.298078 0.307570
v 2.251024 -1.296195 0.365070
v 2.251421 -1.298082 0.362886
v 2.155916 -1.296193 0.349330
v 2.157878 -1.298079 0.347497
v 2.102609 -1.298067 0.270413
v 2.099690 -1.296181 0.270876
v 2.102648 -1.296181 0.268425
v 2.194516 -1.296159 0.120322
v 2.195094 -1.298047 0.121513
v 2.193309 -1.296159 0.122479
v 2.870090 -1.252002 0.381635
v 2.872028 -1.254292 0.380912
v 2.757651 -1.236617 0.554009
v 2.757824 -1.234653 0.551545
v 2.828730 -1.250486 0.600012
v 2.827683 -1.252255 0.601866
v 2.910215 -1.266420 0.583468
v 2.910691 -1.268486 0.585010
v 2.956717 -1.273606 0.513088
v 2.958061 -1.275806 0.513317
v 2.940996 -1.267835 0.430101
v 2.942047 -1.269927 0.428780
v 1.956552 -1.296241 0.670142
v 1.956601 -1.298130 0.669821
v 1.867516 -1.296246 0.704103
v 1.868037 -1.298135 0.703745
v 1.780102 -1.296240 0.665009
v 1.781410 -1.298129 0.665166
v 1.745468 -1.296226 0.574410
v 1.747458 -1.298116 0.576661
v 1.786083 -1.298103 0.490076
v 1.786484 -1.296213 0.482523
v 1.787762 -1.296214 0.489232
v 1.874717 -1.296209 0.455863
v 1.874661 -1.298097 0.456146
v 1.872828 -1.296209 0.456645
v 1.961493 -1.296215 0.494606
v 1.961297 -1.298104 0.494749
v 1.995235 -1.298117 0.583260
v 1.995406 -1.296228 0.583362
v 2.013000 -1.038473 1.048640
v 2.013644 -1.040043 1.046295
v 1.938839 -1.045875 1.057781
v 1.937913 -1.047601 1.055629
v 1.893421 -1.056857 1.116559
v 1.891534 -1.058816 1.115651
v 1.903351 -1.064987 1.190543
v 1.901676 -1.067118 1.191199
v 1.962813 -1.065501 1.236393
v 1.962395 -1.067643 1.238016
v 2.036974 -1.058099 1.227253
v 2.038122 -1.060084 1.228682
v 2.082393 -1.047117 1.168475
v 2.084501 -1.048870 1.168664
v 2.072463 -1.038987 1.094491
v 2.074363 -1.040568 1.093117
v 1.386144 -1.296000 0.699446
v 1.387131 -1.298111 0.698759
v 1.389241 -1.296245 0.698176
v 1.307617 -1.295976 0.644620
v 1.309496 -1.298095 0.644626
v 1.291826 -1.298081 0.551648
v 1.289738 -1.295941 0.550463
v 1.293149 -1.296223 0.549780
v 1.051194 -1.272402 1.255390
v 1.050643 -1.274955 1.256117
v 1.128072 -1.253033 1.285086
v 1.128956 -1.255224 1.286366
v 1.197254 -1.216453 1.252790
v 1.199429 -1.217961 1.253468
v 1.218213 -1.184089 1.177420
v 1.220781 -1.184993 1.176690
v 1.177423 -1.174610 1.100780
v 1.180503 -1.175632 1.101007
v 1.102185 -1.195362 1.070754
v 1.103979 -1.193114 1.072411
v 1.032612 -1.230850 1.105728
v 1.031710 -1.232628 1.103657
v 1.011653 -1.263214 1.181098
v 1.010362 -1.265596 1.180437
v 1.175138 -1.296184 0.290090
v 1.173359 -1.298018 0.289348
v 1.174441 -1.296184 0.287153
v 1.095245 -1.296192 0.343727
v 1.094574 -1.298022 0.342242
v 1.000789 -1.296189 0.325238
v 1.001388 -1.297986 0.324132
v 0.947109 -1.296177 0.245436
v 0.948468 -1.297930 0.245653
v 0.965663 -1.296163 0.151048
v 0.966837 -1.297954 0.152569
v 1.045628 -1.297949 0.099606
v 1.045614 -1.296155 0.097355
v 1.048183 -1.296155 0.099562
v 0.479330 -1.429779 0.488545
v 0.480238 -1.431666 0.490273
v 0.536871 -1.367904 0.493815
v 0.538852 -1.368638 0.495644
v 0.578589 -1.320023 0.437830
v 0.581349 -1.319863 0.438616
v 0.580046 -1.314185 0.353384
v 0.582833 -1.313915 0.352592
v 0.540388 -1.353809 0.289945
v 0.542434 -1.354280 0.287967
v 0.482847 -1.415685 0.284674
v 0.483820 -1.417310 0.282600
v 0.441129 -1.463565 0.340660
v 0.441325 -1.466082 0.339631
v 0.439672 -1.469404 0.425106
v 0.439842 -1.472028 0.425651
vn 0.0974 0.0974 -0.9905
vn 0.4975 0.4975 -0.7106
vn 0.7071 0.7071 -0.0000
vn 0.4975 0.4975 0.7106
vn 0.0974 0.0974 0.9905
vn -0.3377 -0.3377 0.8786
vn -0.7071 -0.7071 -0.0000
vn -0.3377 -0.3377 -0.8786
vn -0.9589 -0.1982 -0.2031
vn -0.9581 -0.0032 -0.2864
vn -0.9619 0.1880 -0.1984
vn -0.9581 -0.0032 0.2864
vn -0.9589 -0.1982 0.2030
vn -0.9607 -0.2776 -0.0000
vn -0.9648 0.2629 -0.0000
vn -0.9619 0.1880 0.1984
vn -1.0000 -0.0000 -0.0000
vn -0.8517 -0.5237 0.0204
vn -0.8589 -0.3628 0.3615
vn -0.8556 -0.0183 0.5174
vn -0.0571 -0.9981 -0.0248
vn -0.0949 -0.7039 0.7040
vn -0.1113 0.0194 0.9936
vn -0.0696 0.7328 0.6769
vn 0.0490 0.9983 -0.0327
vn 0.1515 0.7033 -0.6946
vn 0.1640 0.0461 -0.9854
vn 0.0571 -0.6650 -0.7446
vn 0.1544 -0.9879 -0.0141
vn 0.1383 -0.6902 0.7103
vn 0.0282 0.0254 0.9993
vn -0.1151 0.7131 0.6915
vn -0.2058 0.9786 -0.0084
vn -0.1910 0.6898 -0.6983
vn -0.0791 0.0097 -0.9968
vn 0.0654 -0.6871 -0.7237
vn 0.3306 -0.9433 -0.0306
vn 0.3342 -0.6394 0.6924
vn 0.1241 0.0496 0.9910
vn -0.1744 0.6926 0.6999
vn -0.3835 0.9234 0.0140
vn -0.3863 0.6303 -0.6734
vn -0.1821 -0.0226 -0.9830
vn 0.1155 -0.6764 -0.7274
vn 0.5007 -0.8631 -0.0664
vn 0.5188 -0.5513 0.6533
vn 0.2112 0.0893 0.9734
vn -0.2324 0.6581 0.7161
vn -0.5493 0.8338 0.0560
vn -0.5652 0.5344 -0.6285
vn -0.2724 -0.0729 -0.9594
vn 0.1690 -0.6542 -0.7372
vn 0.6497 -0.7508 -0.1190
vn 0.6766 -0.4316 0.5966
vn 0.2833 0.1409 0.9486
vn -0.2834 0.6108 0.7393
vn -0.6897 0.7151 0.1140
vn -0.7138 0.4096 -0.5681
vn -0.3433 -0.1357 -0.9294
vn 0.2207 -0.6193 -0.7535
vn 0.7664 -0.6158 -0.1830
vn 0.7969 -0.2915 0.5291
vn 0.3372 0.1988 0.9202
vn -0.3230 0.5538 0.7674
vn -0.7962 0.5770 0.1817
vn -0.8244 0.2671 -0.4991
vn -0.3924 -0.2039 -0.8969
vn 0.2655 -0.5730 -0.7754
vn 0.8463 -0.4694 -0.2518
vn 0.8772 -0.1436 0.4581
vn 0.3730 0.2576 0.8914
vn -0.3492 0.4910 0.7981
vn -0.8665 0.4304 0.2529
vn -0.8959 0.1185 -0.4282
vn -0.4212 -0.2710 -0.8655
vn 0.2995 -0.5182 -0.8011
vn 0.8911 -0.3216 -0.3201
vn 0.9211 0.0020 0.3894
vn 0.3932 0.3133 0.8644
vn -0.3620 0.4264 0.8290
vn -0.9029 0.2843 0.3224
vn -0.9324 -0.0266 -0.3605
vn -0.4335 -0.3327 -0.8375
vn 0.3212 -0.4585 -0.8286
vn 0.9057 -0.1798 -0.3838
vn 0.9349 0.1389 0.3265
vn 0.4014 0.3635 0.8407
vn -0.3626 0.3628 0.8584
vn -0.9108 0.1452 0.3865
vn -0.9403 -0.1622 -0.2993
vn -0.4338 -0.3868 -0.8138
vn 0.3306 -0.3974 -0.8560
vn 0.8963 -0.0481 -0.4409
vn 0.9258 0.2634 0.2712
vn 0.4009 0.4072 0.8206
vn -0.3532 0.3023 0.8854
vn -0.8961 0.0168 0.4435
vn -0.9265 -0.2849 -0.2460
vn -0.4260 -0.4327 -0.7946
vn 0.3290 -0.3376 -0.8820
vn 0.8686 0.0711 -0.4904
vn 0.8999 0.3740 0.2241
vn 0.3947 0.4446 0.8041
vn -0.3356 0.2463 0.9092
vn -0.8646 -0.0990 0.4927
vn -0.8970 -0.3937 -0.2009
vn -0.4133 -0.4707 -0.7795
vn 0.3181 -0.2808 -0.9055
vn -0.8780 -0.4751 -0.0573
vn -0.8757 -0.3996 0.2711
vn 0.1619 0.9711 0.1753
vn 0.0429 0.8266 -0.5611
vn -0.0794 0.2081 -0.9749
vn -0.1727 -0.5198 -0.8366
vn -0.2256 -0.9459 -0.2330
vn -0.1614 -0.8492 0.5028
vn 0.0251 -0.2187 0.9755
vn 0.1670 0.5527 0.8165
vn -0.0893 0.9771 0.1934
vn -0.3537 0.8071 -0.4728
vn -0.4455 0.2035 -0.8718
vn -0.3030 -0.5098 -0.8052
vn 0.0102 -0.9559 -0.2935
vn 0.3350 -0.8313 0.4435
vn 0.4639 -0.0800 0.8823
vn 0.2431 0.6161 0.7492
vn -0.4352 0.8563 0.2779
vn -0.8187 0.5135 -0.2571
vn -0.8033 -0.0532 -0.5932
vn -0.3866 -0.6523 -0.6519
vn 0.3076 -0.8972 -0.3168
vn 0.8258 -0.5239 0.2088
vn 0.7776 0.1300 0.6152
vn 0.2507 0.6787 0.6903
vn -0.5960 0.7114 0.3723
vn -0.9744 0.2230 0.0287
vn -0.8999 -0.3125 -0.3041
vn -0.3245 -0.7791 -0.5363
vn 0.4940 -0.7753 -0.3936
vn 0.9569 -0.2902 0.0083
vn 0.8696 0.2890 0.4004
vn 0.2630 0.7568 0.5985
vn -0.5958 0.6243 0.5052
vn -0.9577 0.0590 0.2818
vn -0.8582 -0.5058 -0.0881
vn -0.2521 -0.8407 -0.4792
vn 0.5403 -0.6808 -0.4946
vn 0.9757 -0.1533 -0.1565
vn 0.8845 0.4080 0.2262
vn 0.2682 0.8191 0.5070
vn -0.4934 0.5712 0.6560
vn -0.8210 -0.0508 0.5686
vn -0.7380 -0.6552 0.1612
vn -0.2318 -0.8866 -0.4002
vn 0.4907 -0.6146 -0.6177
vn 0.9368 -0.0353 -0.3481
vn 0.8517 0.5217 0.0503
vn 0.2587 0.8602 0.4395
vn -0.3115 0.5519 0.7736
vn -0.5981 -0.1306 0.7907
vn -0.5600 -0.7559 0.3391
vn -0.2292 -0.9164 -0.3283
vn 0.3289 -0.5841 -0.7421
vn 0.8264 0.0573 -0.5601
vn 0.7816 0.6132 -0.1147
vn 0.2784 0.8849 0.3734
vn -0.1372 0.5484 0.8249
vn -0.3774 -0.1745 0.9095
vn -0.4024 -0.8072 0.4319
vn -0.2323 -0.9337 -0.2724
vn 0.1399 -0.5814 -0.8015
vn 0.6429 0.1225 -0.7561
vn 0.6845 0.6739 -0.2781
vn 0.3068 0.9061 0.2912
vn -0.0079 0.5508 0.8346
vn -0.2045 -0.2023 0.9577
vn -0.2824 -0.8300 0.4810
vn -0.2187 -0.9481 -0.2306
vn 0.0449 -0.5816 -0.8122
vn 0.4340 0.1437 -0.8894
vn 0.5303 0.7314 -0.4288
vn 0.2886 0.9304 0.2261
vn 0.0723 0.5493 0.8325
vn -0.0692 -0.2275 0.9713
vn -0.1736 -0.8429 0.5093
vn -0.1922 -0.9616 -0.1959
vn -0.0047 -0.5668 -0.8238
vn 0.3029 0.2005 -0.9317
vn 0.3755 0.7879 -0.4882
vn 0.2536 0.9491 0.1867
vn 0.1257 0.5364 0.8345
vn 0.0466 -0.2445 0.9685
vn -0.0691 -0.8534 0.5166
vn -0.1420 -0.9728 -0.1830
vn -0.0728 -0.5557 -0.8282
vn 0.1526 0.2533 -0.9553
vn 0.2250 0.8162 -0.5321
vn 0.1762 0.9715 0.1586
vn 0.1531 0.4783 0.8647
vn 0.0957 -0.2628 0.9601
vn -0.0204 -0.8512 0.5245
vn -0.1070 -0.9867 -0.1222
vn -0.1002 -0.6344 -0.7665
vn 0.0346 0.2537 -0.9667
vn 0.1095 0.8519 -0.5122
vn 0.1404 0.9575 0.2518
vn -0.8554 0.1750 -0.4875
vn -0.8652 -0.1970 -0.4612
vn -0.8500 -0.4815 -0.2137
vn -0.2909 0.3695 -0.8826
vn -0.3606 -0.3691 -0.8566
vn -0.2395 -0.9046 -0.3526
vn 0.0234 -0.9288 0.3700
vn 0.3016 -0.3887 0.8706
vn 0.3999 0.3714 0.8379
vn 0.2414 0.9165 0.3189
vn -0.0544 0.9128 -0.4047
vn -0.4853 0.3998 -0.7776
vn -0.5911 -0.3333 -0.7345
vn -0.3753 -0.8834 -0.2806
vn 0.0491 -0.9364 0.3474
vn 0.4366 -0.4272 0.7917
vn 0.5501 0.3528 0.7569
vn 0.3199 0.9124 0.2553
vn -0.1129 0.9177 -0.3810
vn -0.6730 0.4436 -0.5919
vn -0.8079 -0.2783 -0.5195
vn -0.5047 -0.8491 -0.1559
vn 0.0823 -0.9461 0.3133
vn 0.6185 -0.4730 0.6275
vn 0.7680 0.3058 0.5628
vn 0.4344 0.8888 0.1462
vn -0.1682 0.9290 -0.3295
vn -0.8000 0.5035 -0.3262
vn -0.9546 -0.2076 -0.2136
vn -0.5906 -0.8066 0.0238
vn 0.1107 -0.9581 0.2642
vn 0.7575 -0.5349 0.3741
vn 0.9356 0.2381 0.2607
vn 0.5196 0.8543 -0.0126
vn -0.2040 0.9463 -0.2510
vn -0.8233 0.5667 -0.0324
vn -0.9829 -0.1365 0.1236
vn -0.6035 -0.7662 0.2207
vn 0.1261 -0.9708 0.2042
vn 0.7994 -0.5960 0.0757
vn 0.9825 0.1614 -0.0931
vn 0.5479 0.8141 -0.1926
vn -0.2046 0.9651 -0.1635
vn -0.7523 0.6190 0.2255
vn -0.9042 -0.0801 0.4196
vn -0.5532 -0.7363 0.3897
vn 0.1227 -0.9820 0.1439
vn 0.7419 -0.6435 -0.1884
vn 0.9111 0.0997 -0.3999
vn 0.5182 0.7793 -0.3523
vn -0.1753 0.9805 -0.0892
vn -0.6291 0.6548 0.4188
vn -0.7660 -0.0428 0.6414
vn -0.4709 -0.7181 0.5123
vn 0.1030 -0.9904 0.0927
vn 0.6290 -0.6750 -0.3857
vn 0.7780 0.0591 -0.6255
vn 0.4541 0.7551 -0.4729
vn -0.1322 0.9906 -0.0359
vn -0.4881 0.6761 0.5519
vn -0.6076 -0.0214 0.7940
vn -0.3804 -0.7087 0.5941
vn 0.0736 -0.9959 0.0534
vn 0.4948 -0.6935 -0.5237
vn 0.6228 0.0351 -0.7816
vn 0.3765 0.7402 -0.5571
vn -0.0861 0.9963 -0.0005
vn -0.3458 0.6868 0.6393
vn -0.4481 -0.0115 0.8939
vn -0.2919 -0.7051 0.6462
vn 0.0395 -0.9989 0.0252
vn 0.3564 -0.7023 -0.6163
vn 0.4646 0.0230 -0.8852
vn 0.2963 0.7322 -0.6133
vn -0.0411 0.9989 0.0220
vn -0.2091 0.6898 0.6931
vn -0.2951 -0.0096 0.9554
vn -0.2089 -0.7055 0.6773
vn 0.0038 -1.0000 0.0062
vn 0.2214 -0.7041 -0.6747
vn 0.3115 0.0194 -0.9501
vn 0.2184 0.7289 -0.6488
vn 0.0017 0.9994 0.0354
vn -0.0804 0.6874 0.7218
vn -0.1516 -0.0135 0.9883
vn -0.1322 -0.7086 0.6931
vn -0.0316 -0.9995 -0.0055
vn 0.0932 -0.7008 -0.7073
vn 0.1671 0.0219 -0.9857
vn 0.1450 0.7292 -0.6688
vn 0.0417 0.9983 0.0417
vn 0.0732 0.4390 0.8955
vn 0.1433 0.9447 0.2949
vn 0.1190 0.8621 -0.4925
vn 0.0146 0.2554 -0.9667
vn -0.1070 -0.4845 -0.8682
vn -0.1750 -0.9421 -0.2862
vn -0.1520 -0.8785 0.4529
vn -0.0499 -0.3199 0.9461
vn 0.2490 0.3856 0.8884
vn 0.4336 0.8561 0.2813
vn 0.3408 0.7940 -0.5034
vn 0.0333 0.2525 -0.9670
vn -0.2952 -0.4196 -0.8584
vn -0.4610 -0.8446 -0.2724
vn -0.3788 -0.8014 0.4629
vn -0.0901 -0.3048 0.9482
vn 0.4066 0.2830 0.8687
vn 0.6819 0.6873 0.2501
vn 0.5265 0.6692 -0.5244
vn 0.0469 0.2503 -0.9670
vn -0.4554 -0.3000 -0.8382
vn -0.7015 -0.6703 -0.2422
vn -0.5652 -0.6653 0.4877
vn -0.1148 -0.2804 0.9530
vn 0.5232 0.1471 0.8394
vn 0.8557 0.4746 0.2063
vn 0.6542 0.5154 -0.5535
vn 0.0551 0.2509 -0.9664
vn -0.5683 -0.1480 -0.8094
vn -0.8689 -0.4530 -0.1996
vn -0.6909 -0.5004 0.5218
vn -0.1238 -0.2585 0.9580
vn 0.5948 -0.0063 0.8039
vn 0.9565 0.2473 0.1547
vn 0.7264 0.3557 -0.5881
vn 0.0588 0.2565 -0.9647
vn -0.6333 0.0179 -0.7737
vn -0.9638 -0.2213 -0.1489
vn -0.7593 -0.3306 0.5605
vn -0.1232 -0.2458 0.9615
vn 0.6241 -0.1701 0.7626
vn 0.9952 0.0163 0.0963
vn 0.7531 0.1995 -0.6269
vn 0.0608 0.2693 -0.9611
vn -0.6551 0.1907 -0.7310
vn -0.9958 0.0128 -0.0912
vn -0.7813 -0.1656 0.6017
vn -0.1196 -0.2439 0.9624
vn 0.6107 -0.3420 0.7142
vn 0.9759 -0.2161 0.0296
vn 0.7404 0.0491 -0.6704
vn 0.0652 0.2902 -0.9547
vn -0.6338 0.3685 -0.6801
vn -0.9689 0.2463 -0.0254
vn -0.7631 -0.0071 0.6462
vn -0.1181 -0.2518 0.9605
vn 0.5485 -0.5169 0.6572
vn 0.8944 -0.4448 -0.0471
vn 0.6892 -0.0924 -0.7187
vn 0.0775 0.3182 -0.9449
vn -0.5634 0.5460 -0.6200
vn -0.8800 0.4724 0.0496
vn -0.7050 0.1416 0.6949
vn -0.1225 -0.2675 0.9557
vn 0.4327 -0.6800 0.5919
vn 0.7461 -0.6526 -0.1321
vn 0.6004 -0.2163 -0.7699
vn 0.1023 0.3483 -0.9318
vn -0.4398 0.7076 -0.5530
vn -0.7272 0.6737 0.1319
vn -0.6075 0.2700 0.7470
vn -0.1353 -0.2880 0.9480
vn 0.2704 -0.8081 0.5234
vn 0.5419 -0.8118 -0.2177
vn 0.4826 -0.3098 -0.8192
vn 0.1403 0.3724 -0.9174
vn -0.2712 0.8311 -0.4854
vn -0.5228 0.8250 0.2145
vn -0.4796 0.3632 0.7988
vn -0.1572 -0.3093 0.9379
vn 0.0863 -0.8838 0.4599
vn 0.3141 -0.9031 -0.2930
vn 0.3536 -0.3650 -0.8612
vn 0.1855 0.3843 -0.9044
vn -0.0822 0.9011 -0.4257
vn -0.2968 0.9104 0.2882
vn -0.3414 0.4127 0.8445
vn -0.1865 -0.3266 0.9266
vn 0.7177 -0.6891 -0.1000
vn -0.8445 -0.4627 0.2697
vn 0.0123 0.4591 0.8883
vn 0.2303 0.9244 0.3041
vn 0.2956 0.8153 -0.4980
vn 0.1704 0.1801 -0.9688
vn -0.0741 -0.5341 -0.8422
vn -0.2903 -0.9244 -0.2473
vn -0.3538 -0.8058 0.4748
vn -0.2301 -0.2490 0.9408
vn 0.0573 0.4499 0.8912
vn 0.5199 0.7770 0.3549
vn 0.6587 0.6265 -0.4166
vn 0.3718 0.0890 -0.9240
vn -0.1358 -0.4863 -0.8631
vn -0.5583 -0.7679 -0.3140
vn -0.6756 -0.6202 0.3987
vn -0.4298 -0.1281 0.8938
vn 0.0944 0.4281 0.8988
vn 0.6870 0.5919 0.4215
vn 0.8588 0.3978 -0.3229
vn 0.4928 -0.0319 -0.8695
vn -0.1646 -0.4335 -0.8860
vn -0.7161 -0.5758 -0.3946
vn -0.8673 -0.3906 0.3085
vn -0.5421 0.0181 0.8401
vn 0.1177 0.4022 0.9079
vn 0.7656 0.4249 0.4830
vn 0.9504 0.1952 -0.2422
vn 0.5521 -0.1447 -0.8211
vn -0.1725 -0.3894 -0.9048
vn -0.7880 -0.4014 -0.4668
vn -0.9568 -0.1811 0.2276
vn -0.5906 0.1483 0.7933
vn 0.1297 0.3766 0.9172
vn 0.7955 0.2839 0.5353
vn 0.9841 0.0254 -0.1757
vn 0.5756 -0.2408 -0.7815
vn -0.1718 -0.3551 -0.9189
vn -0.8112 -0.2568 -0.5253
vn -0.9869 -0.0074 0.1611
vn -0.6046 0.2533 0.7552
vn 0.1337 0.3524 0.9262
vn 0.7977 0.1613 0.5811
vn 0.9854 -0.1218 -0.1191
vn 0.5785 -0.3243 -0.7485
vn -0.1676 -0.3260 -0.9304
vn -0.8081 -0.1325 -0.5740
vn -0.9844 0.1413 0.1046
vn -0.6010 0.3415 0.7227
vn 0.1315 0.3289 0.9351
vn 0.7798 0.0467 0.6242
vn 0.9635 -0.2590 -0.0674
vn 0.5669 -0.4017 -0.7192
vn -0.1608 -0.2981 -0.9409
vn -0.7861 -0.0162 -0.6179
vn -0.9588 0.2792 0.0526
vn -0.5852 0.4223 0.6923
vn 0.1234 0.3051 0.9443
vn 0.7411 -0.0688 0.6679
vn 0.9176 -0.3973 -0.0165
vn 0.5408 -0.4790 -0.6914
vn -0.1504 -0.2683 -0.9515
vn -0.7434 0.1023 -0.6609
vn -0.9083 0.4183 0.0007
vn -0.5562 0.5033 0.6613
vn 0.1077 0.2803 0.9538
vn 0.6733 -0.1917 0.7141
vn 0.8379 -0.5446 0.0360
vn 0.4953 -0.5602 -0.6639
vn -0.1330 -0.2343 -0.9630
vn -0.6707 0.2299 -0.7052
vn -0.8224 0.5665 -0.0535
vn -0.5075 0.5897 0.6282
vn 0.0821 0.2550 0.9635
vn 0.5612 -0.3225 0.7623
vn 0.7065 -0.7021 0.0894
vn 0.4211 -0.6454 -0.6373
vn -0.1032 -0.1960 -0.9752
vn -0.5513 0.3660 -0.7497
vn -0.6821 0.7231 -0.1087
vn -0.4277 0.6817 0.5937
vn 0.0442 0.2315 0.9718
vn 0.3856 -0.4486 0.8063
vn 0.4999 -0.8552 0.1368
vn 0.3077 -0.7259 -0.6151
vn -0.0544 -0.1586 -0.9858
vn -0.3686 0.4936 -0.7877
vn -0.4691 0.8692 -0.1560
vn -0.3046 0.7679 0.5635
vn 0.7674 -0.2566 0.5875
vn 0.8249 -0.5565 0.0991
vn 0.1637 0.7097 -0.6852
vn 0.1638 -0.0229 -0.9862
vn 0.0518 -0.7344 -0.6767
vn -0.1141 -0.9932 0.0231
vn -0.2333 -0.6825 0.6927
vn -0.2349 0.0044 0.9720
vn -0.1177 0.6935 0.7107
vn 0.0495 0.9982 0.0328
vn 0.4201 0.6798 -0.6011
vn 0.4336 -0.0566 -0.8993
vn 0.1658 -0.7492 -0.6412
vn -0.2226 -0.9747 -0.0218
vn -0.4988 -0.6396 0.5848
vn -0.5125 0.0464 0.8574
vn -0.2567 0.7138 0.6516
vn 0.1313 0.9897 0.0577
vn 0.6568 0.6207 -0.4282
vn 0.6873 -0.1224 -0.7160
vn 0.2784 -0.7779 -0.5633
vn -0.3075 -0.9461 -0.1014
vn -0.7239 -0.5698 0.3890
vn -0.7510 0.1193 0.6494
vn -0.3759 0.7511 0.5427
vn 0.2064 0.9726 0.1073
vn 0.8226 0.5378 -0.1847
vn 0.8675 -0.2106 -0.4507
vn 0.3648 -0.8164 -0.4477
vn -0.3533 -0.9137 -0.2007
vn -0.8643 -0.4848 0.1342
vn -0.9018 0.2115 0.3768
vn -0.4485 0.8000 0.3986
vn 0.2624 0.9491 0.1744
vn 0.8888 0.4517 0.0770
vn 0.9397 -0.3017 -0.1608
vn 0.4066 -0.8580 -0.3137
vn -0.3594 -0.8851 -0.2957
vn -0.9065 -0.4021 -0.1287
vn -0.9484 0.3036 0.0921
vn -0.4658 0.8495 0.2477
vn 0.2912 0.9243 0.2467
vn 0.8706 0.3778 0.3151
vn 0.9184 -0.3812 0.1064
vn 0.4035 -0.8967 -0.1822
vn -0.3389 -0.8637 -0.3731
vn -0.8701 -0.3331 -0.3633
vn -0.9090 0.3823 -0.1659
vn -0.4382 0.8920 0.1107
vn 0.2954 0.9026 0.3130
vn 0.7953 0.3204 0.5146
vn 0.8320 -0.4437 0.3330
vn 0.3651 -0.9287 -0.0650
vn -0.3049 -0.8493 -0.4309
vn -0.7819 -0.2810 -0.5565
vn -0.8111 0.4431 -0.3819
vn -0.3800 0.9250 -0.0046
vn 0.2826 0.8857 0.3683
vn 0.6845 0.2794 0.6733
vn 0.7039 -0.4887 0.5155
vn 0.3018 -0.9528 0.0332
vn -0.2655 -0.8408 -0.4718
vn -0.6628 -0.2450 -0.7075
vn -0.6765 0.4859 -0.5534
vn -0.3020 0.9484 -0.0969
vn 0.2596 0.8736 0.4117
vn 0.5540 0.2532 0.7931
vn 0.5515 -0.5172 0.6545
vn 0.2227 -0.9686 0.1105
vn -0.2251 -0.8368 -0.4991
vn -0.5277 -0.2236 -0.8195
vn -0.5217 0.5123 -0.6822
vn -0.2127 0.9628 -0.1666
vn 0.2315 0.8654 0.4443
vn 0.4160 0.2399 0.8772
vn 0.3890 -0.5309 0.7529
vn 0.1355 -0.9766 0.1671
vn -0.1865 -0.8363 -0.5156
vn -0.3878 -0.2147 -0.8964
vn -0.3595 0.5245 -0.7718
vn -0.1189 0.9694 -0.2148
vn 0.2017 0.8606 0.4676
vn 0.2801 0.2370 0.9303
vn 0.2281 -0.5323 0.8153
vn 0.0471 -0.9777 0.2046
vn -0.1515 -0.8383 -0.5238
vn -0.2519 -0.2159 -0.9434
vn -0.2004 0.5249 -0.8272
vn -0.0268 0.9694 -0.2440
vn 0.1723 0.8583 0.4833
vn -0.7848 0.1441 0.6028
vn -0.7357 0.5779 0.3531
vn -0.6529 0.7437 -0.1438
vn -0.6007 0.5165 -0.6102
vn -0.7750 -0.3302 0.5388
vn -0.3298 0.1515 0.9318
vn -0.3238 0.7762 0.5410
vn -0.1441 0.9775 -0.1539
vn 0.1121 0.6116 -0.7832
vn 0.3020 -0.1425 -0.9426
vn 0.3059 -0.8032 -0.5112
vn 0.1119 -0.9684 0.2227
vn -0.1539 -0.5633 0.8118
vn -0.6088 0.0680 0.7904
vn -0.5613 0.7102 0.4249
vn -0.2054 0.9606 -0.1872
vn 0.2672 0.6500 -0.7114
vn 0.5723 -0.0713 -0.8169
vn 0.5162 -0.7508 -0.4122
vn 0.1371 -0.9629 0.2323
vn -0.3263 -0.6148 0.7180
vn -0.8228 -0.0252 0.5677
vn -0.7348 0.6331 0.2436
vn -0.2407 0.9439 -0.2262
vn 0.3987 0.7077 -0.5833
vn 0.8001 0.0252 -0.5994
vn 0.6931 -0.6790 -0.2420
vn 0.1578 -0.9552 0.2502
vn -0.4637 -0.6738 0.5753
vn -0.9465 -0.1277 0.2963
vn -0.8356 0.5491 0.0160
vn -0.2582 0.9237 -0.2830
vn 0.4803 0.7650 -0.4290
vn 0.9374 0.1321 -0.3221
vn 0.8067 -0.5905 -0.0227
vn 0.1816 -0.9427 0.2799
vn -0.5374 -0.7388 0.4066
vn -0.9747 -0.2194 0.0419
vn -0.8568 0.4739 -0.2033
vn -0.2551 0.9041 -0.3429
vn 0.5061 0.8124 -0.2896
vn 0.9722 0.2247 -0.0655
vn 0.8403 -0.5077 0.1901
vn 0.1978 -0.9262 0.3210
vn -0.5490 -0.7953 0.2570
vn -0.9426 -0.2923 -0.1614
vn -0.8257 0.4126 -0.3847
vn -0.2382 0.8860 -0.3977
vn 0.4976 0.8476 -0.1842
vn 0.9450 0.2971 0.1369
vn 0.8193 -0.4400 0.3676
vn 0.2002 -0.9081 0.3678
vn -0.5266 -0.8373 0.1468
vn -0.8825 -0.3490 -0.3152
vn -0.7679 0.3623 -0.5283
vn -0.2128 0.8687 -0.4474
vn 0.4749 0.8731 -0.1104
vn 0.8890 0.3538 0.2906
vn 0.7692 -0.3846 0.5103
vn 0.1891 -0.8897 0.4155
vn -0.4933 -0.8669 0.0719
vn -0.8103 -0.3952 -0.4328
vn -0.6953 0.3182 -0.6444
vn -0.1799 0.8506 -0.4941
vn 0.4485 0.8918 -0.0600
vn 0.8199 0.4007 0.4089
vn 0.7020 -0.3368 0.6275
vn 0.1658 -0.8709 0.4627
vn -0.4595 -0.8879 0.0216
vn -0.7303 -0.4356 -0.5262
vn -0.6105 0.2763 -0.7423
vn -0.1381 0.8306 -0.5395
vn 0.4227 0.9059 -0.0263
vn 0.7426 0.4423 0.5029
vn 0.6212 -0.2922 0.7271
vn 0.1306 -0.8508 0.5090
vn -0.4285 -0.9035 -0.0124
vn -0.6420 -0.4739 -0.6027
vn -0.5115 0.2334 -0.8270
vn -0.0848 0.8073 -0.5840
vn 0.3992 0.9168 -0.0044
vn 0.6568 0.4822 0.5797
vn 0.5253 -0.2476 0.8141
vn 0.0822 -0.8284 0.5541
vn -0.4008 -0.9155 -0.0356
vn -0.5429 -0.5127 -0.6651
vn -0.3944 0.1870 -0.8997
vn -0.0168 0.7797 -0.6259
vn 0.3789 0.9254 0.0088
vn 0.5604 0.5229 0.6422
vn 0.4106 -0.1998 0.8896
vn 0.0180 -0.8024 0.5965
vn -0.3763 -0.9251 -0.0510
vn -0.8921 0.2538 0.3739
vn -0.8968 0.4292 0.1073
vn -0.2645 0.8046 -0.5316
vn 0.1197 0.2674 -0.9561
vn 0.4715 -0.4121 -0.7797
vn 0.5241 -0.8368 -0.1587
vn 0.2362 -0.7915 0.5637
vn -0.1642 -0.2324 0.9586
vn -0.4348 0.4530 0.7783
vn -0.4714 0.8631 0.1811
vn -0.3757 0.7263 -0.5756
vn 0.1510 0.3016 -0.9414
vn 0.6036 -0.3046 -0.7368
vn 0.6796 -0.7276 -0.0931
vn 0.3277 -0.7216 0.6098
vn -0.2124 -0.2636 0.9409
vn -0.6128 0.3315 0.7174
vn -0.6773 0.7284 0.1030
vn -0.4529 0.6183 -0.6423
vn 0.1743 0.3044 -0.9365
vn 0.6987 -0.2020 -0.6863
vn 0.8000 -0.5994 -0.0255
vn 0.4127 -0.6410 0.6472
vn -0.2236 -0.3086 0.9245
vn -0.7299 0.1901 0.6566
vn -0.8222 0.5690 0.0125
vn -0.5065 0.5253 -0.6838
vn 0.1752 0.3056 -0.9359
vn 0.7570 -0.1078 -0.6445
vn 0.8822 -0.4696 0.0344
vn 0.4681 -0.5529 0.6894
vn -0.2267 -0.3140 0.9219
vn -0.7863 0.0938 0.6107
vn -0.8984 0.4364 -0.0487
vn -0.5481 0.4058 -0.7313
vn 0.1738 0.3014 -0.9375
vn 0.8008 0.0068 -0.5990
vn 0.9466 -0.3057 0.1023
vn 0.5123 -0.4384 0.7385
vn -0.2275 -0.3162 0.9210
vn -0.8274 -0.0233 0.5611
vn -0.9554 0.2712 -0.1166
vn -0.5661 0.2619 -0.7816
vn 0.1733 0.2921 -0.9405
vn 0.8219 0.1404 -0.5520
vn 0.9788 -0.1085 0.1737
vn 0.5346 -0.2981 0.7908
vn -0.2265 -0.3153 0.9216
vn -0.8445 -0.1595 0.5113
vn -0.9795 0.0763 -0.1863
vn -0.5503 0.1059 -0.8282
vn 0.1769 0.2794 -0.9437
vn 0.8132 0.2831 -0.5084
vn 0.9650 0.1065 0.2395
vn 0.5252 -0.1429 0.8389
vn -0.2244 -0.3111 0.9235
vn -0.8300 -0.3039 0.4677
vn -0.9593 -0.1327 -0.2493
vn -0.5007 -0.0433 -0.8645
vn 0.1852 0.2664 -0.9459
vn 0.7750 0.4183 -0.4737
vn 0.9046 0.3122 0.2903
vn 0.4828 0.0081 0.8757
vn -0.2223 -0.3036 0.9265
vn -0.7851 -0.4397 0.4362
vn -0.8954 -0.3315 -0.2972
vn -0.4282 -0.1694 -0.8877
vn 0.1966 0.2559 -0.9465
vn 0.7169 0.5321 -0.4504
vn 0.8129 0.4854 0.3220
vn 0.4174 0.1377 0.8982
vn -0.2218 -0.2941 0.9297
vn -0.7206 -0.5530 0.4182
vn -0.8022 -0.4997 -0.3268
vn -0.3477 -0.8819 0.3183
vn -0.0542 -0.8609 0.5060
vn 0.2903 -0.8722 0.3936
vn 0.0327 -0.9245 -0.3797
vn -0.2555 -0.9223 -0.2899
vn -0.4161 -0.9092 -0.0151
vn 0.4253 -0.9031 0.0590
vn 0.3052 -0.9202 -0.2453
vn -0.0000 -1.0000 -0.0001
vn -0.0000 -1.0000 -0.0002
vn -0.5231 -0.8517 -0.0328
vn -0.3542 -0.8588 -0.3701
vn -0.0061 -0.8555 -0.5178
vn -0.9984 -0.0571 0.0013
vn -0.6871 -0.0948 -0.7203
vn 0.0427 -0.1111 -0.9929
vn 0.7485 -0.0695 -0.6595
vn 0.9972 0.0490 0.0562
vn 0.6868 0.1514 0.7109
vn 0.0229 0.1639 0.9862
vn -0.6823 0.0570 0.7288
vn -0.9880 0.1544 -0.0091
vn -0.6733 0.1384 -0.7263
vn 0.0489 0.0283 -0.9984
vn 0.7292 -0.1150 -0.6746
vn 0.9781 -0.2058 0.0314
vn 0.6732 -0.1911 0.7143
vn -0.0137 -0.0792 0.9968
vn -0.7039 0.0653 0.7073
vn -0.9437 0.3306 0.0085
vn -0.6230 0.3343 -0.7072
vn 0.0728 0.1242 -0.9896
vn 0.7088 -0.1743 -0.6835
vn 0.9235 -0.3835 0.0076
vn 0.6143 -0.3864 0.6880
vn -0.0457 -0.1823 0.9822
vn -0.6933 0.1154 0.7113
vn -0.8644 0.5007 0.0461
vn -0.5358 0.5189 -0.6660
vn 0.1122 0.2113 -0.9710
vn 0.6748 -0.2323 -0.7005
vn 0.8348 -0.5493 -0.0365
vn 0.5195 -0.5653 0.6408
vn -0.0955 -0.2725 0.9574
vn -0.6713 0.1689 0.7217
vn -0.7534 0.6497 0.1014
vn -0.4175 0.6766 -0.6065
vn 0.1632 0.2835 -0.9450
vn 0.6280 -0.2833 -0.7248
vn 0.7175 -0.6897 -0.0972
vn 0.3961 -0.7139 0.5775
vn -0.1575 -0.3434 0.9259
vn -0.6369 0.2206 0.7388
vn -0.6199 0.7664 0.1685
vn -0.2790 0.7970 -0.5357
vn 0.2204 0.3373 -0.9152
vn 0.5717 -0.3229 -0.7543
vn 0.5812 -0.7962 -0.1682
vn 0.2553 -0.8244 0.5051
vn -0.2249 -0.3925 0.8918
vn -0.5911 0.2654 0.7617
vn -0.4751 0.8463 0.2409
vn -0.1328 0.8773 -0.4612
vn 0.2785 0.3731 -0.8850
vn 0.5097 -0.3491 -0.7864
vn 0.4363 -0.8664 -0.2429
vn 0.1084 -0.8960 0.4307
vn -0.2913 -0.4213 0.8589
vn -0.5369 0.2994 0.7887
vn -0.3291 0.8911 0.3125
vn 0.0112 0.9211 -0.3891
vn 0.3335 0.3933 -0.8568
vn 0.4457 -0.3619 -0.8188
vn 0.2918 -0.9029 -0.3157
vn -0.0351 -0.9324 0.3596
vn -0.3523 -0.4336 0.8294
vn -0.4779 0.3211 0.8176
vn -0.1888 0.9057 0.3796
vn 0.1465 0.9350 -0.3230
vn 0.3831 0.4015 -0.8319
vn 0.3828 -0.3625 -0.8497
vn 0.1542 -0.9107 -0.3831
vn -0.1691 -0.9403 0.2952
vn -0.4058 -0.4339 0.8044
vn -0.4174 0.3305 0.8465
vn -0.0585 0.8962 0.4398
vn 0.2697 0.9258 -0.2648
vn 0.4264 0.4011 -0.8107
vn 0.3230 -0.3530 -0.8781
vn 0.0272 -0.8960 -0.4431
vn -0.2906 -0.9265 0.2391
vn -0.4512 -0.4261 0.7841
vn -0.3582 0.3288 0.8738
vn 0.0595 0.8685 0.4921
vn 0.3792 0.9000 -0.2151
vn 0.4634 0.3948 -0.7934
vn 0.2676 -0.3355 -0.9032
vn -0.0874 -0.8645 -0.4950
vn -0.3983 -0.8971 0.1915
vn -0.4889 -0.4134 0.7681
vn -0.3020 0.3180 0.8987
vn -0.4764 -0.8780 0.0460
vn -0.3931 -0.8757 -0.2806
vn 0.9750 0.1619 -0.1524
vn 0.8132 0.0428 0.5804
vn 0.1851 -0.0795 0.9795
vn -0.5394 -0.1729 0.8241
vn -0.9511 -0.2257 0.2107
vn -0.8371 -0.1613 -0.5227
vn -0.1958 0.0253 -0.9803
vn 0.5717 0.1671 -0.8032
vn 0.9813 -0.0892 -0.1704
vn 0.7957 -0.3538 0.4916
vn 0.1830 -0.4456 0.8763
vn -0.5285 -0.3032 0.7929
vn -0.9625 0.0101 0.2710
vn -0.8206 0.3351 -0.4629
vn -0.0592 0.4640 -0.8839
vn 0.6335 0.2432 -0.7345
vn 0.8626 -0.4352 -0.2578
vn 0.5073 -0.8187 0.2690
vn -0.0672 -0.8034 0.5917
vn -0.6675 -0.3867 0.6364
vn -0.9044 0.3076 0.2957
vn -0.5188 0.8258 -0.2209
vn 0.1444 0.7777 -0.6118
vn 0.6948 0.2508 -0.6741
vn 0.7200 -0.5959 -0.3556
vn 0.2236 -0.9744 -0.0236
vn -0.3196 -0.9000 0.2965
vn -0.7915 -0.3246 0.5178
vn -0.7843 0.4939 0.3754
vn -0.2899 0.9569 -0.0150
vn 0.2984 0.8696 -0.3933
vn 0.7706 0.2631 -0.5805
vn 0.6360 -0.5957 -0.4905
vn 0.0656 -0.9576 -0.2805
vn -0.5077 -0.8582 0.0760
vn -0.8518 -0.2522 0.4592
vn -0.6922 0.5402 0.4786
vn -0.1569 0.9757 0.1530
vn 0.4132 0.8846 -0.2164
vn 0.8308 0.2683 -0.4876
vn 0.5865 -0.4933 -0.6424
vn -0.0374 -0.8209 -0.5698
vn -0.6512 -0.7380 -0.1767
vn -0.8958 -0.2318 0.3793
vn -0.6289 0.4906 0.6032
vn -0.0435 0.9367 0.3473
vn 0.5227 0.8517 -0.0379
vn 0.8703 0.2588 -0.4191
vn 0.5699 -0.3114 -0.7604
vn -0.1120 -0.5980 -0.7936
vn -0.7477 -0.5599 -0.3569
vn -0.9238 -0.2292 0.3066
vn -0.6014 0.3288 0.7282
vn 0.0441 0.8263 0.5614
vn 0.6103 0.7815 0.1292
vn 0.8934 0.2785 -0.3524
vn 0.5677 -0.1371 -0.8118
vn -0.1531 -0.3773 -0.9134
vn -0.7968 -0.4024 -0.4508
vn -0.9399 -0.2324 0.2503
vn -0.6000 0.1398 0.7877
vn 0.1047 0.6428 0.7589
vn 0.6672 0.6845 0.2939
vn 0.9127 0.3069 -0.2698
vn 0.5703 -0.0078 -0.8214
vn -0.1797 -0.2044 -0.9622
vn -0.8184 -0.2823 -0.5005
vn -0.9533 -0.2187 0.2083
vn -0.6006 0.0448 0.7983
vn 0.1228 0.4339 0.8926
vn 0.7211 0.5302 0.4460
vn 0.9354 0.2886 -0.2041
vn 0.5687 0.0724 -0.8193
vn -0.2046 -0.0691 -0.9764
vn -0.8307 -0.1735 -0.5290
vn -0.9659 -0.1923 0.1732
vn -0.5860 -0.0048 0.8103
vn 0.1785 0.3027 0.9362
vn 0.7762 0.3754 0.5066
vn 0.9533 0.2536 -0.1643
vn 0.5560 0.1258 -0.8216
vn -0.2216 0.0468 -0.9740
vn -0.8410 -0.0690 -0.5366
vn -0.9769 -0.1420 0.1600
vn -0.5750 -0.0729 0.8149
vn 0.2307 0.1525 0.9610
vn 0.8035 0.2249 0.5512
vn 0.9750 0.1762 -0.1356
vn 0.2067 0.4371 0.8753
vn 0.6215 0.5255 0.5810
vn 0.1635 -0.8555 0.4913
vn -0.2078 -0.8652 0.4563
vn -0.4864 -0.8500 0.2022
vn 0.3486 -0.2910 0.8909
vn -0.3891 -0.3608 0.8476
vn -0.9126 -0.2396 0.3312
vn -0.9198 0.0235 -0.3917
vn -0.3681 0.3017 -0.8795
vn 0.3909 0.4001 -0.8289
vn 0.9238 0.2415 -0.2972
vn 0.9030 -0.0545 0.4261
vn 0.3814 -0.4854 0.7867
vn -0.3505 -0.5912 0.7264
vn -0.8898 -0.3753 0.2597
vn -0.9280 0.0491 -0.3693
vn -0.4085 0.4367 -0.8015
vn 0.3705 0.5502 -0.7483
vn 0.9181 0.3200 -0.2338
vn 0.9085 -0.1130 0.4024
vn 0.4296 -0.6730 0.6021
vn -0.2904 -0.8080 0.5127
vn -0.8525 -0.5048 0.1358
vn -0.9384 0.0824 -0.3355
vn -0.4581 0.6186 -0.6384
vn 0.3189 0.7681 -0.5553
vn 0.8920 0.4344 -0.1252
vn 0.9210 -0.1683 0.3512
vn 0.4957 -0.8001 0.3378
vn -0.2126 -0.9546 0.2086
vn -0.8058 -0.5906 -0.0429
vn -0.9516 0.1107 -0.2866
vn -0.5260 0.7576 -0.3865
vn 0.2441 0.9356 -0.2549
vn 0.8538 0.5196 0.0328
vn 0.9401 -0.2040 0.2731
vn 0.5658 -0.8233 0.0456
vn -0.1336 -0.9829 -0.1269
vn -0.7608 -0.6035 -0.2388
vn -0.9657 0.1261 -0.2269
vn -0.5941 0.7994 -0.0896
vn 0.1592 0.9825 0.0970
vn 0.8093 0.5479 0.2118
vn 0.9610 -0.2046 0.1861
vn 0.6241 -0.7523 -0.2110
vn -0.0702 -0.9041 -0.4215
vn -0.7269 -0.5531 -0.4070
vn -0.9783 0.1227 -0.1669
vn -0.6477 0.7419 0.1733
vn 0.0903 0.9111 0.4022
vn 0.7708 0.5182 0.3706
vn 0.9781 -0.1754 0.1122
vn 0.6645 -0.6291 -0.4034
vn -0.0277 -0.7659 -0.6423
vn -0.7059 -0.4709 -0.5291
vn -0.9879 0.1030 -0.1159
vn -0.6839 0.6289 0.3698
vn 0.0444 0.7779 0.6268
vn 0.7438 0.4540 0.4906
vn 0.9895 -0.1322 0.0592
vn 0.6889 -0.4880 -0.5360
vn -0.0028 -0.6075 -0.7943
vn -0.6946 -0.3803 -0.6107
vn -0.9943 0.0736 -0.0768
vn -0.7056 0.4947 0.5074
vn 0.0167 0.6227 0.7823
vn 0.7269 0.3764 0.5744
vn 0.9960 -0.0861 0.0239
vn 0.7016 -0.3457 -0.6231
vn 0.0095 -0.4480 -0.8940
vn -0.6897 -0.2918 -0.6626
vn -0.9980 0.0395 -0.0487
vn -0.7166 0.3563 0.5996
vn 0.0022 0.4644 0.8856
vn 0.7175 0.2962 0.6304
vn 0.9992 -0.0411 0.0014
vn 0.7059 -0.2090 -0.6768
vn 0.0129 -0.2950 -0.9554
vn -0.6893 -0.2088 -0.6937
vn -0.9996 0.0038 -0.0297
vn -0.7198 0.2213 0.6580
vn -0.0030 0.3113 0.9503
vn 0.7135 0.2183 0.6658
vn 0.9999 0.0017 -0.0119
vn 0.7042 -0.0803 -0.7055
vn 0.0098 -0.1515 -0.9884
vn -0.6921 -0.1321 -0.7096
vn -0.9993 -0.0316 -0.0180
vn -0.7172 0.0931 0.6906
vn -0.0013 0.1670 0.9860
vn 0.7133 0.1449 0.6858
vn 0.9990 0.0417 -0.0182
vn 0.4600 0.0733 -0.8849
vn 0.9514 0.1433 -0.2726
vn 0.8503 0.1190 0.5126
vn 0.2326 0.0144 0.9725
vn -0.5048 -0.1072 0.8565
vn -0.9485 -0.1751 0.2639
vn -0.8676 -0.1519 -0.4735
vn -0.2975 -0.0497 -0.9534
vn 0.4064 0.2491 -0.8791
vn 0.8625 0.4336 -0.2610
vn 0.7820 0.3407 0.5219
vn 0.2297 0.0332 0.9727
vn -0.4396 -0.2953 0.8482
vn -0.8507 -0.4610 0.2524
vn -0.7903 -0.3787 -0.4817
vn -0.2824 -0.0899 -0.9551
vn 0.3033 0.4067 -0.8617
vn 0.6930 0.6820 -0.2338
vn 0.6567 0.5264 0.5401
vn 0.2275 0.0468 0.9727
vn -0.3197 -0.4555 0.8308
vn -0.6758 -0.7015 0.2263
vn -0.6537 -0.5652 -0.5033
vn -0.2580 -0.1146 -0.9593
vn 0.1668 0.5233 -0.8357
vn 0.4794 0.8557 -0.1950
vn 0.5023 0.6541 0.5656
vn 0.2281 0.0550 0.9721
vn -0.1670 -0.5684 0.8056
vn -0.4575 -0.8689 0.1888
vn -0.4880 -0.6908 -0.5335
vn -0.2359 -0.1236 -0.9639
vn 0.0126 0.5949 -0.8037
vn 0.2509 0.9565 -0.1487
vn 0.3418 0.7263 0.5964
vn 0.2338 0.0587 0.9705
vn -0.0003 -0.6334 0.7738
vn -0.2247 -0.9638 0.1435
vn -0.3174 -0.7592 -0.5682
vn -0.2232 -0.1230 -0.9670
vn -0.1521 0.6242 -0.7663
vn 0.0186 0.9952 -0.0958
vn 0.1847 0.7530 0.6315
vn 0.2466 0.0607 0.9672
vn 0.1734 -0.6553 0.7352
vn 0.0107 -0.9958 0.0913
vn -0.1514 -0.7813 -0.6056
vn -0.2212 -0.1195 -0.9679
vn -0.3251 0.6108 -0.7220
vn -0.2153 0.9759 -0.0345
vn 0.0333 0.7403 0.6715
vn 0.2677 0.0651 0.9613
vn 0.3524 -0.6339 0.6885
vn 0.2456 -0.9689 0.0310
vn 0.0081 -0.7630 -0.6463
vn -0.2291 -0.1180 -0.9662
vn -0.5013 0.5486 -0.6691
vn -0.4458 0.8944 0.0368
vn -0.1093 0.6891 0.7164
vn 0.2959 0.0774 0.9521
vn 0.5313 -0.5635 0.6326
vn 0.4735 -0.8800 -0.0386
vn 0.1579 -0.7049 -0.6915
vn -0.2449 -0.1224 -0.9618
vn -0.6659 0.4328 -0.6077
vn -0.6555 0.7461 0.1168
vn -0.2343 0.6003 0.7647
vn 0.3263 0.1022 0.9397
vn 0.6945 -0.4399 0.5694
vn 0.6766 -0.7272 -0.1161
vn 0.2875 -0.6074 -0.7406
vn -0.2657 -0.1351 -0.9545
vn -0.7955 0.2705 -0.5422
vn -0.8167 0.5419 0.1986
vn -0.3290 0.4824 0.8118
vn 0.3507 0.1402 0.9259
vn 0.8195 -0.2713 0.5048
vn 0.8299 -0.5228 -0.1951
vn 0.3819 -0.4795 -0.7901
vn -0.2872 -0.1571 -0.9449
vn -0.8727 0.0864 -0.4805
vn -0.9097 0.3141 0.2717
vn -0.3852 0.3535 0.8525
vn 0.3629 0.1854 0.9132
vn 0.8909 -0.0823 0.4467
vn 0.9169 -0.2968 -0.2667
vn 0.4325 -0.3412 -0.8346
vn -0.3048 -0.1864 -0.9340
vn -0.6913 0.7177 0.0839
vn -0.4563 -0.8444 -0.2806
vn 0.4799 0.0124 -0.8773
vn 0.9313 0.2304 -0.2823
vn 0.8033 0.2955 0.5170
vn 0.1573 0.1702 0.9728
vn -0.5537 -0.0742 0.8294
vn -0.9300 -0.2903 0.2255
vn -0.7945 -0.3537 -0.4937
vn -0.2268 -0.2299 -0.9464
vn 0.4708 0.0575 -0.8804
vn 0.7851 0.5200 -0.3364
vn 0.6165 0.6586 0.4314
vn 0.0673 0.3717 0.9259
vn -0.5065 -0.1359 0.8515
vn -0.7751 -0.5584 0.2958
vn -0.6107 -0.6755 -0.4133
vn -0.1071 -0.4296 -0.8966
vn 0.4491 0.0945 -0.8885
vn 0.6016 0.6871 -0.4074
vn 0.3901 0.8587 0.3322
vn -0.0523 0.4927 0.8686
vn -0.4542 -0.1647 0.8755
vn -0.5849 -0.7161 0.3808
vn -0.3833 -0.8673 -0.3177
vn 0.0379 -0.5420 -0.8395
vn 0.4234 0.1179 -0.8982
vn 0.4361 0.7657 -0.4728
vn 0.1895 0.9504 0.2468
vn -0.1639 0.5520 0.8176
vn -0.4106 -0.1726 0.8953
vn -0.4122 -0.7881 0.4572
vn -0.1757 -0.9567 -0.2319
vn 0.1669 -0.5904 -0.7896
vn 0.3981 0.1298 -0.9081
vn 0.2964 0.7956 -0.5283
vn 0.0212 0.9841 0.1764
vn -0.2591 0.5754 0.7757
vn -0.3766 -0.1719 0.9103
vn -0.2691 -0.8113 0.5190
vn -0.0036 -0.9869 -0.1614
vn 0.2710 -0.6045 -0.7491
vn 0.3741 0.1338 -0.9177
vn 0.1749 0.7978 -0.5770
vn -0.1246 0.9854 0.1163
vn -0.3418 0.5784 0.7407
vn -0.3477 -0.1677 0.9225
vn -0.1460 -0.8082 0.5706
vn 0.1437 -0.9844 -0.1014
vn 0.3584 -0.6009 -0.7145
vn 0.3508 0.1317 -0.9271
vn 0.0614 0.7799 -0.6229
vn -0.2605 0.9635 0.0614
vn -0.4185 0.5668 0.7096
vn -0.3201 -0.1610 0.9336
vn -0.0307 -0.7862 0.6172
vn 0.2803 -0.9588 -0.0461
vn 0.4384 -0.5851 -0.6822
vn 0.3272 0.1235 -0.9368
vn -0.0531 0.7412 -0.6692
vn -0.3975 0.9176 0.0073
vn -0.4951 0.5407 0.6800
vn -0.2906 -0.1505 0.9449
vn 0.0867 -0.7435 0.6630
vn 0.4182 -0.9083 0.0090
vn 0.5187 -0.5561 -0.6494
vn 0.3027 0.1079 -0.9470
vn -0.1748 0.6734 -0.7183
vn -0.5436 0.8380 -0.0486
vn -0.5757 0.4952 0.6507
vn -0.2569 -0.1331 0.9572
vn 0.2132 -0.6708 0.7103
vn 0.5650 -0.8224 0.0667
vn 0.6043 -0.5074 -0.6143
vn 0.2776 0.0823 -0.9572
vn -0.3045 0.5613 -0.7696
vn -0.6998 0.7065 -0.1058
vn -0.6602 0.4210 0.6220
vn -0.2188 -0.1033 0.9703
vn 0.3483 -0.5514 0.7580
vn 0.7204 -0.6821 0.1256
vn 0.6954 -0.4276 -0.5775
vn 0.2542 0.0443 -0.9661
vn -0.4295 0.3858 -0.8165
vn -0.8518 0.4999 -0.1568
vn -0.7402 0.3077 0.5979
vn -0.1817 -0.0546 0.9818
vn 0.4749 -0.3687 0.7991
vn 0.8653 -0.4692 0.1763
vn 0.7809 -0.3046 -0.5454
vn -0.2427 0.7675 -0.5933
vn -0.5540 0.8249 -0.1120
vn 0.6934 0.1636 0.7017
vn -0.0461 0.1636 0.9854
vn -0.7501 0.0517 0.6592
vn -0.9924 -0.1141 -0.0465
vn -0.6660 -0.2332 -0.7086
vn 0.0272 -0.2348 -0.9717
vn 0.7101 -0.1176 -0.6942
vn 0.9987 0.0495 -0.0093
vn 0.6655 0.4200 0.6170
vn -0.0777 0.4335 0.8978
vn -0.7641 0.1657 0.6235
vn -0.9749 -0.2226 -0.0011
vn -0.6257 -0.4987 -0.5998
vn 0.0666 -0.5124 -0.8562
vn 0.7289 -0.2567 -0.6347
vn 0.9907 0.1313 -0.0345
vn 0.6105 0.6567 0.4428
vn -0.1392 0.6872 0.7130
vn -0.7910 0.2784 0.5449
vn -0.9482 -0.3075 0.0791
vn -0.5605 -0.7238 -0.4024
vn 0.1346 -0.7509 -0.6465
vn 0.7637 -0.3758 -0.5249
vn 0.9748 0.2064 -0.0844
vn 0.5333 0.8226 0.1974
vn -0.2211 0.8674 0.4458
vn -0.8267 0.3647 0.4285
vn -0.9182 -0.3533 0.1791
vn -0.4815 -0.8643 -0.1457
vn 0.2203 -0.9018 -0.3719
vn 0.8092 -0.4484 -0.3797
vn 0.9529 0.2624 -0.1520
vn 0.4534 0.8889 -0.0662
vn -0.3054 0.9397 0.1538
vn -0.8652 0.4066 0.2935
vn -0.8918 -0.3594 0.2748
vn -0.4051 -0.9065 0.1191
vn 0.3056 -0.9483 -0.0851
vn 0.8551 -0.4658 -0.2278
vn 0.9298 0.2913 -0.2248
vn 0.3851 0.8707 -0.3060
vn -0.3786 0.9184 -0.1151
vn -0.9007 0.4034 0.1611
vn -0.8722 -0.3389 0.3527
vn -0.3416 -0.8701 0.3553
vn 0.3783 -0.9090 0.1748
vn 0.8944 -0.4382 -0.0898
vn 0.9097 0.2954 -0.2917
vn 0.3324 0.7954 -0.5068
vn -0.4358 0.8320 -0.3432
vn -0.9300 0.3651 0.0432
vn -0.8592 -0.3050 0.4108
vn -0.2940 -0.7820 0.5496
vn 0.4340 -0.8111 0.3921
vn 0.9246 -0.3800 0.0263
vn 0.8942 0.2826 -0.3473
vn 0.2951 0.6846 -0.6665
vn -0.4765 0.7039 -0.5267
vn -0.9518 0.3018 -0.0555
vn -0.8516 -0.2655 0.4519
vn -0.2616 -0.6629 0.7015
vn 0.4728 -0.6766 0.5645
vn 0.9458 -0.3020 0.1191
vn 0.8830 0.2597 -0.3910
vn 0.2718 0.5541 -0.7868
vn -0.5017 0.5516 -0.6664
vn -0.9657 0.2227 -0.1332
vn -0.8483 -0.2251 0.4793
vn -0.2428 -0.5278 0.8139
vn 0.4962 -0.5218 0.6940
vn 0.9586 -0.2127 0.1891
vn 0.8756 0.2316 -0.4238
vn 0.2604 0.4161 -0.8712
vn -0.5130 0.3891 -0.7651
vn -0.9724 0.1356 -0.1900
vn -0.8482 -0.1865 0.4958
vn -0.2357 -0.3879 0.8910
vn 0.5062 -0.3596 0.7839
vn 0.9641 -0.1190 0.2375
vn 0.8714 0.2017 -0.4472
vn 0.2588 0.2803 -0.9244
vn -0.5130 0.2283 -0.8275
vn -0.9726 0.0472 -0.2275
vn -0.8503 -0.1516 0.5039
vn -0.2380 -0.2521 0.9380
vn 0.5053 -0.2005 0.8393
vn 0.9634 -0.0268 0.2667
vn 0.8695 0.1724 -0.4629
vn 0.1582 -0.7847 -0.5993
vn 0.5861 -0.7357 -0.3395
vn 0.7401 -0.6529 0.1611
vn 0.5020 -0.6008 0.6221
vn -0.3175 -0.7749 -0.5465
vn 0.1733 -0.3297 -0.9280
vn 0.7887 -0.3238 -0.5227
vn 0.9736 -0.1441 0.1768
vn 0.5930 0.1120 0.7974
vn -0.1646 0.3019 0.9390
vn -0.8150 0.3058 0.4923
vn -0.9629 0.1120 -0.2453
vn -0.5440 -0.1538 -0.8248
vn 0.0865 -0.6086 -0.7887
vn 0.7200 -0.5613 -0.4081
vn 0.9559 -0.2055 0.2097
vn 0.6331 0.2671 0.7265
vn -0.0905 0.5722 0.8151
vn -0.7602 0.5161 0.3946
vn -0.9572 0.1372 -0.2548
vn -0.5977 -0.3262 -0.7323
vn -0.0119 -0.8228 -0.5683
vn 0.6386 -0.7348 -0.2287
vn 0.9383 -0.2407 0.2482
vn 0.6938 0.3987 0.5998
vn 0.0111 0.8000 0.5999
vn -0.6845 0.6931 0.2261
vn -0.9491 0.1578 -0.2726
vn -0.6600 -0.4636 -0.5911
vn -0.1207 -0.9465 -0.2993
vn 0.5494 -0.8356 -0.0032
vn 0.9168 -0.2582 0.3046
vn 0.7548 0.4802 0.4469
vn 0.1245 0.9374 0.3253
vn -0.5908 0.8067 0.0090
vn -0.9359 0.1816 -0.3019
vn -0.7291 -0.5373 -0.4239
vn -0.2184 -0.9747 -0.0472
vn 0.4690 -0.8568 0.2143
vn 0.8958 -0.2551 0.3640
vn 0.8054 0.5060 0.3087
vn 0.2231 0.9722 0.0709
vn -0.5031 0.8403 -0.2019
vn -0.9184 0.1979 -0.3427
vn -0.7891 -0.5489 -0.2757
vn -0.2960 -0.9426 0.1544
vn 0.4034 -0.8257 0.3942
vn 0.8765 -0.2382 0.4184
vn 0.8431 0.4976 0.2042
vn 0.3002 0.9450 -0.1297
vn -0.4313 0.8194 -0.3777
vn -0.8992 0.2003 -0.3890
vn -0.8337 -0.5266 -0.1665
vn -0.3563 -0.8826 0.3067
vn 0.3498 -0.7680 0.5366
vn 0.8579 -0.2128 0.4676
vn 0.8703 0.4749 0.1309
vn 0.3605 0.8891 -0.2820
vn -0.3725 0.7692 -0.5191
vn -0.8797 0.1891 -0.4363
vn -0.8650 -0.4933 -0.0923
vn -0.4052 -0.8103 0.4233
vn 0.3029 -0.6954 0.6516
vn 0.8387 -0.1799 0.5139
vn 0.8901 0.4484 0.0810
vn 0.4102 0.8200 -0.3992
vn -0.3219 0.7021 -0.6351
vn -0.8598 0.1659 -0.4830
vn -0.8872 -0.4595 -0.0425
vn -0.4479 -0.7304 0.5157
vn 0.2587 -0.6106 0.7485
vn 0.8176 -0.1382 0.5589
vn 0.9050 0.4227 0.0477
vn 0.4540 0.7427 -0.4923
vn -0.2751 0.6213 -0.7337
vn -0.8386 0.1307 -0.5288
vn -0.9035 -0.4285 -0.0089
vn -0.4880 -0.6421 0.5913
vn 0.2139 -0.5116 0.8322
vn 0.7934 -0.0849 0.6028
vn 0.9165 0.3992 0.0260
vn 0.4957 0.6569 -0.5681
vn -0.2283 0.5254 -0.8196
vn -0.8151 0.0823 -0.5734
vn -0.9160 -0.4008 0.0140
vn -0.5282 -0.5430 0.6528
vn 0.1658 -0.3946 0.9038
vn 0.7648 -0.0169 0.6441
vn 0.9254 0.3789 0.0130
vn 0.5379 0.5605 -0.6297
vn -0.1788 0.4108 -0.8940
vn -0.7882 0.0181 -0.6152
vn -0.9260 -0.3763 0.0292
vn 0.2625 -0.8920 -0.3680
vn 0.4316 -0.8968 -0.0974
vn 0.7919 -0.2646 0.5504
vn 0.2448 0.1195 0.9622
vn -0.4303 0.4714 0.7698
vn -0.8403 0.5240 0.1391
vn -0.7781 0.2363 -0.5821
vn -0.2098 -0.1641 -0.9639
vn 0.4712 -0.4347 -0.7675
vn 0.8671 -0.4714 -0.1609
vn 0.7125 -0.3758 0.5925
vn 0.2794 0.1509 0.9483
vn -0.3218 0.6034 0.7296
vn -0.7296 0.6796 0.0761
vn -0.7071 0.3278 -0.6266
vn -0.2414 -0.2123 -0.9469
vn 0.3482 -0.6127 -0.7095
vn 0.7307 -0.6773 -0.0859
vn 0.6030 -0.4530 0.6566
vn 0.2823 0.1741 0.9434
vn -0.2181 0.6986 0.6815
vn -0.5998 0.8000 0.0115
vn -0.6256 0.4128 -0.6620
vn -0.2868 -0.2235 -0.9316
vn 0.2055 -0.7298 -0.6520
vn 0.5691 -0.8222 0.0008
vn 0.5091 -0.5066 0.6958
vn 0.2835 0.1750 0.9429
vn -0.1229 0.7569 0.6419
vn -0.4686 0.8822 -0.0453
vn -0.5365 0.4682 -0.7021
vn -0.2923 -0.2266 -0.9291
vn 0.1081 -0.7862 -0.6085
vn 0.4351 -0.8984 0.0588
vn 0.3885 -0.5482 0.7406
vn 0.2793 0.1736 0.9444
vn -0.0073 0.8007 0.5991
vn -0.3032 0.9466 -0.1093
vn -0.4209 0.5124 -0.7485
vn -0.2945 -0.2273 -0.9282
vn -0.0101 -0.8274 -0.5616
vn 0.2684 -0.9555 0.1228
vn 0.2435 -0.5662 0.7875
vn 0.2699 0.1732 0.9472
vn 0.1274 0.8219 0.5553
vn -0.1044 0.9788 -0.1760
vn -0.2795 0.5347 -0.7975
vn -0.2936 -0.2263 -0.9288
vn -0.1474 -0.8444 -0.5150
vn 0.0719 -0.9796 0.1879
vn 0.0864 -0.5505 0.8304
vn 0.2571 0.1768 0.9501
vn 0.2711 0.8132 0.5151
vn 0.1121 0.9651 -0.2368
vn -0.1232 0.5253 -0.8420
vn -0.2893 -0.2242 -0.9306
vn -0.2929 -0.8299 -0.4748
vn -0.1385 -0.9593 0.2460
vn -0.0636 -0.5009 0.8632
vn 0.2441 0.1851 0.9519
vn 0.4070 0.7750 0.4835
vn 0.3189 0.9046 -0.2827
vn 0.0286 0.4830 -0.8752
vn -0.2818 -0.2222 -0.9334
vn -0.4294 -0.7850 -0.4465
vn -0.3384 -0.8955 0.2892
vn -0.1902 -0.4283 0.8834
vn 0.2336 0.1965 0.9523
vn 0.5214 0.7168 0.4629
vn 0.4928 0.8129 -0.3104
vn 0.1588 0.4175 -0.8947
vn -0.2722 -0.2217 -0.9364
vn -0.5430 -0.7205 -0.4312
vn -0.5072 -0.8023 0.3148
vn -0.0000 -0.0000 -1.0000
vn -0.0000 -0.7071 -0.7071
vn -0.0000 0.7071 -0.7071
vn -0.0000 1.0000 -0.0000
vn -0.0000 0.7071 0.7071
vn -0.0000 -0.0000 1.0000
vn -0.0000 -0.7071 0.7071
vn -0.0000 -1.0000 -0.0000
vn -0.7071 -0.0000 -0.7071
vn 0.7071 -0.0000 -0.7071
vn 1.0000 -0.0000 -0.0000
vn 0.7071 -0.0000 0.7071
vn -0.7071 -0.0000 0.7071
vn -0.0408 -0.5336 -0.8448
vn 0.0073 -0.9813 0.1924
vn 0.5749 -0.5837 -0.5734
vn -0.1163 -0.9762 0.1828
vn 0.8386 -0.5447 0.0032
vn -0.0937 -0.9944 0.0491
vn 0.6193 -0.4977 0.6073
vn -0.0290 -0.9983 0.0504
vn 0.0178 -0.4483 0.8937
vn -0.0729 -0.9916 0.1067
vn -0.6331 -0.3875 0.6701
vn -0.2067 -0.9756 0.0734
vn -0.9427 -0.3313 0.0390
vn -0.2436 -0.9639 -0.1077
vn -0.0698 -0.9967 -0.0405
vn -0.6643 -0.4126 -0.6233
vn -0.9905 0.0047 -0.1377
vn -0.4571 -0.0017 -0.8894
vn -0.9900 0.0983 -0.1015
vn -0.4561 0.6304 -0.6282
vn -0.9896 0.1438 -0.0000
vn -0.4570 0.8895 -0.0000
vn -0.9900 0.0982 0.1014
vn -0.4561 0.6304 0.6282
vn -0.9905 0.0047 0.1376
vn -0.4571 -0.0017 0.8894
vn -0.9903 -0.0923 0.1036
vn -0.4625 -0.6295 0.6243
vn -0.9902 -0.1393 -0.0000
vn -0.4657 -0.8850 -0.0000
vn -0.4625 -0.6295 -0.6244
vn -0.9903 -0.0923 -0.1036
vn -0.4387 -0.8736 -0.2106
vn -0.9597 -0.2756 -0.0542
vn -0.9544 -0.1039 0.2798
vn -0.2950 -0.1096 0.9492
vn -0.9587 0.2715 0.0845
vn -0.3986 0.9062 0.1409
vn -0.9598 0.0608 -0.2740
vn -0.4419 0.1940 -0.8758
vn -0.2872 -0.9523 0.1030
vn -0.9540 -0.2814 0.1035
vn -0.4385 0.2064 0.8747
vn -0.9597 0.0525 0.2760
vn -0.4419 0.8770 -0.1885
vn -0.9598 0.2742 -0.0596
vn -0.9587 -0.0830 -0.2719
vn -0.3985 -0.1359 -0.9071
vn -0.4384 0.7662 -0.4699
vn -0.9597 0.2327 -0.1574
vn -0.9541 -0.1249 -0.2723
vn -0.2885 -0.5977 -0.7480
vn -0.9587 -0.2514 0.1328
vn -0.3986 -0.7392 0.5428
vn -0.9598 0.1511 0.2365
vn -0.4419 0.4844 0.7550
vn -0.4385 0.2064 -0.8747
vn -0.9597 0.0525 -0.2760
vn -0.2872 -0.9523 -0.1030
vn -0.9540 -0.2814 -0.1035
vn -0.3985 -0.1359 0.9071
vn -0.9587 -0.0830 0.2719
vn -0.9598 0.2743 0.0596
vn -0.4419 0.8770 0.1885
vn -0.4389 0.4715 0.7649
vn -0.9597 0.1572 0.2328
vn -0.9544 0.2711 -0.1252
vn -0.2937 0.7469 -0.5965
vn -0.9587 -0.1330 -0.2513
vn -0.3985 -0.5436 -0.7387
vn -0.9598 -0.2363 0.1514
vn -0.4419 -0.7549 0.4846
vn -0.2885 -0.5977 0.7480
vn -0.9541 -0.1249 0.2723
vn -0.4384 0.7662 0.4699
vn -0.9597 0.2327 0.1574
vn -0.4419 0.4844 -0.7550
vn -0.9598 0.1511 -0.2365
vn -0.9587 -0.2514 -0.1328
vn -0.3986 -0.7392 -0.5428
vn -0.4389 -0.4715 -0.7649
vn -0.9597 -0.1572 -0.2328
vn -0.2937 -0.7469 0.5965
vn -0.9544 -0.2711 0.1252
vn -0.3986 0.5436 0.7387
vn -0.9587 0.1330 0.2513
vn -0.9598 0.2363 -0.1515
vn -0.4419 0.7549 -0.4846
vn -0.2937 0.7469 0.5965
vn -0.9544 0.2711 0.1252
vn -0.4389 0.4715 -0.7649
vn -0.9597 0.1572 -0.2328
vn -0.4419 -0.7549 -0.4846
vn -0.9598 -0.2363 -0.1514
vn -0.9587 -0.1330 0.2513
vn -0.3985 -0.5436 0.7387
vn -0.3854 0.7988 -0.4620
vn -0.9125 0.3325 -0.2381
vn -0.3856 0.4660 -0.7963
vn -0.9128 0.2399 -0.3307
vn -0.3856 -0.2363 0.8919
vn -0.9127 -0.0656 0.4032
vn -0.3856 0.4660 0.7963
vn -0.9127 0.2399 0.3307
vn -0.3854 -0.8922 -0.2353
vn -0.9126 -0.4037 -0.0654
vn -0.3856 -0.2363 -0.8919
vn -0.9127 -0.0656 -0.4032
vn -0.3854 0.8922 0.2353
vn -0.9126 0.4037 0.0653
vn -0.3854 -0.8922 0.2353
vn -0.9126 -0.4037 0.0654
vn -0.9393 -0.2857 0.1900
vn -0.4729 -0.7505 0.4617
vn -0.4312 -0.4921 -0.7562
vn -0.9240 -0.2015 -0.3250
vn -0.2962 0.4299 0.8529
vn -0.9164 0.2569 0.3070
vn -0.9392 -0.1914 0.2850
vn -0.4728 -0.4664 0.7476
vn -0.2887 -0.8535 -0.4339
vn -0.9159 -0.3057 -0.2601
vn -0.9237 0.3245 0.2037
vn -0.4303 0.7539 0.4965
vn -0.9393 0.0672 -0.3364
vn -0.4731 0.2015 -0.8577
vn -0.4302 0.8837 0.1846
vn -0.9236 0.3733 0.0868
vn -0.2899 -0.9091 -0.2992
vn -0.9160 -0.3998 -0.0336
vn -0.9392 -0.1914 -0.2850
vn -0.4728 -0.4664 -0.7476
vn -0.4303 0.7539 -0.4965
vn -0.9237 0.3246 -0.2037
vn -0.9159 -0.3057 0.2601
vn -0.2887 -0.8535 0.4339
vn -0.9393 0.3367 0.0666
vn -0.4727 0.8579 0.2015
vn -0.4314 -0.1841 0.8832
vn -0.9240 -0.0860 0.3725
vn -0.2950 0.2967 -0.9083
vn -0.9163 0.0340 -0.3990
vn -0.9393 0.0672 0.3364
vn -0.4731 0.2016 0.8577
vn -0.9160 -0.3998 0.0337
vn -0.2899 -0.9091 0.2992
vn -0.9236 0.3733 -0.0868
vn -0.4302 0.8837 -0.1846
vn -0.9393 -0.3367 -0.0666
vn -0.4727 -0.8579 -0.2015
vn -0.9240 0.0860 -0.3725
vn -0.4314 0.1841 -0.8832
vn -0.9163 -0.0340 0.3990
vn -0.2950 -0.2967 0.9083
vn -0.9393 0.3367 -0.0666
vn -0.4727 0.8579 -0.2015
vn -0.9163 0.0340 0.3990
vn -0.2950 0.2967 0.9083
vn -0.9240 -0.0860 -0.3725
vn -0.4314 -0.1841 -0.8832
vn -0.4416 0.8972 -0.0000
vn -0.9597 0.2811 -0.0000
vn -0.9598 0.1988 -0.1981
vn -0.4419 0.6354 -0.6333
vn -0.9600 -0.0000 -0.2802
vn -0.4423 -0.0000 -0.8969
vn -0.9598 -0.1988 -0.1981
vn -0.4419 -0.6353 -0.6333
vn -0.9597 -0.2811 -0.0000
vn -0.4416 -0.8972 -0.0000
vn -0.9598 -0.1988 0.1981
vn -0.4419 -0.6354 0.6333
vn -0.9600 -0.0000 0.2802
vn -0.4423 -0.0000 0.8969
vn -0.4420 0.6353 0.6333
vn -0.9598 0.1988 0.1981
vn -0.8991 -0.4273 -0.0947
vn -0.3689 -0.9074 -0.2012
vn -0.3688 -0.2012 0.9075
vn -0.8991 -0.0948 0.4274
vn -0.3689 0.9074 0.2012
vn -0.8991 0.4273 0.0948
vn -0.3688 0.2012 -0.9075
vn -0.8991 0.0948 -0.4273
vn -0.8991 -0.4279 0.0924
vn -0.3688 -0.9085 0.1962
vn -0.8991 0.0924 0.4278
vn -0.3689 0.1962 0.9085
vn -0.8991 0.4278 -0.0924
vn -0.3688 0.9085 -0.1962
vn -0.3688 -0.1962 -0.9085
vn -0.8991 -0.0924 -0.4278
vn -0.8991 0.3686 -0.2360
vn -0.3688 0.7828 -0.5012
vn -0.3689 -0.5012 -0.7828
vn -0.8991 -0.2360 -0.3686
vn -0.3688 -0.7828 0.5012
vn -0.8991 -0.3686 0.2360
vn -0.3689 0.5012 0.7828
vn -0.8991 0.2360 0.3686
vn -0.8991 0.0924 -0.4278
vn -0.3689 0.1962 -0.9085
vn -0.8991 -0.4279 -0.0924
vn -0.3688 -0.9085 -0.1962
vn -0.8991 -0.0924 0.4279
vn -0.3688 -0.1962 0.9085
vn -0.3688 0.9085 0.1962
vn -0.8991 0.4278 0.0924
vn -0.8991 0.2364 0.3684
vn -0.3688 0.5019 0.7823
vn -0.3688 0.7823 -0.5019
vn -0.8991 0.3684 -0.2364
vn -0.3688 -0.5019 -0.7823
vn -0.8991 -0.2364 -0.3684
vn -0.3688 -0.7823 0.5019
vn -0.8991 -0.3684 0.2364
vn -0.8991 -0.2360 0.3686
vn -0.3688 -0.5012 0.7828
vn -0.8991 0.3686 0.2360
vn -0.3688 0.7828 0.5012
vn -0.8991 0.2360 -0.3686
vn -0.3688 0.5012 -0.7828
vn -0.3688 -0.7828 -0.5012
vn -0.8991 -0.3686 -0.2360
vn -0.3689 -0.5019 -0.7823
vn -0.8991 -0.3684 0.2363
vn -0.3689 -0.7823 0.5019
vn -0.8991 0.2363 0.3684
vn -0.3689 0.7823 -0.5019
vn -0.8991 0.3684 -0.2363
vn -0.8991 0.3684 0.2364
vn -0.3688 0.7823 0.5019
vn -0.8991 0.2363 -0.3684
vn -0.3689 0.5019 -0.7823
vn -0.8991 -0.3684 -0.2364
vn -0.3688 -0.7823 -0.5019
vn -0.3689 -0.5019 0.7823
vn -0.8991 -0.2364 0.3684
vn -0.8991 0.3691 -0.2352
vn -0.3689 0.7839 -0.4994
vn -0.8991 0.2372 -0.3679
vn -0.3688 0.5037 -0.7812
vn -0.8991 -0.0938 0.4275
vn -0.3688 -0.1991 0.9079
vn -0.8991 0.2372 0.3679
vn -0.3688 0.5037 0.7812
vn -0.8991 -0.4276 -0.0934
vn -0.3688 -0.9081 -0.1983
vn -0.8991 -0.0938 -0.4276
vn -0.3688 -0.1991 -0.9079
vn -0.8991 0.4276 0.0934
vn -0.3689 0.9081 0.1983
vn -0.8991 -0.4276 0.0934
vn -0.3688 -0.9081 0.1983
vn -0.3688 -0.7839 0.4994
vn -0.8991 -0.3692 0.2352
vn -0.8991 -0.2352 -0.3692
vn -0.3688 -0.4994 -0.7839
vn -0.8991 0.2352 0.3692
vn -0.3688 0.4994 0.7839
vn -0.3688 -0.5037 0.7812
vn -0.8991 -0.2372 0.3679
vn -0.8991 -0.3679 -0.2372
vn -0.3688 -0.7812 -0.5037
vn -0.3689 0.7812 0.5037
vn -0.8991 0.3679 0.2372
vn -0.3689 0.1991 -0.9079
vn -0.8991 0.0938 -0.4275
vn -0.8991 0.4276 0.0938
vn -0.3688 0.9079 0.1991
vn -0.8991 -0.4275 -0.0938
vn -0.3689 -0.9079 -0.1991
vn -0.3688 -0.5037 -0.7812
vn -0.8991 -0.2372 -0.3679
vn -0.8991 0.3679 -0.2372
vn -0.3689 0.7812 -0.5037
vn -0.3688 -0.7812 0.5037
vn -0.8991 -0.3679 0.2372
vn -0.3688 0.9081 0.1983
vn -0.8991 -0.0934 0.4276
vn -0.3688 -0.1983 0.9081
vn -0.8991 0.0934 -0.4276
vn -0.3688 0.1983 -0.9081
vn -0.3688 0.1991 0.9079
vn -0.8991 0.0938 0.4276
vn -0.3689 -0.9079 0.1991
vn -0.8991 -0.4275 0.0938
vn -0.3688 0.9079 -0.1991
vn -0.8991 0.4276 -0.0938
vn -0.3689 -0.9081 -0.1983
vn -0.3689 0.1983 -0.9081
vn -0.3689 0.9081 -0.1983
vn -0.8991 0.4276 -0.0934
vn -0.3688 0.1983 0.9081
vn -0.8991 0.0934 0.4276
vn -0.3688 -0.1983 -0.9081
vn -0.8991 -0.0934 -0.4276
vn -0.8986 0.4387 -0.0000
vn -0.3680 0.9298 -0.0000
vn -0.3688 0.6580 -0.6565
vn -0.8991 0.3108 -0.3082
vn -0.3697 -0.0000 -0.9292
vn -0.8996 -0.0000 -0.4367
vn -0.3688 -0.6580 -0.6565
vn -0.8991 -0.3108 -0.3082
vn -0.3680 -0.9298 -0.0000
vn -0.8986 -0.4387 -0.0000
vn -0.3688 -0.6580 0.6565
vn -0.8991 -0.3108 0.3082
vn -0.3697 -0.0000 0.9292
vn -0.8996 -0.0000 0.4367
vn -0.8991 0.3108 0.3082
vn -0.3688 0.6580 0.6565
vn -0.4419 0.8758 0.1942
vn -0.9598 0.2740 0.0608
vn -0.4419 0.1942 -0.8758
vn -0.9598 -0.2740 -0.0607
vn -0.4419 -0.8758 -0.1942
vn -0.9598 -0.0608 0.2740
vn -0.4419 -0.1942 0.8758
vn -0.4419 0.8768 -0.1894
vn -0.9598 0.2743 -0.0592
vn -0.4419 -0.1894 -0.8768
vn -0.9598 -0.0592 -0.2743
vn -0.4419 -0.8768 0.1894
vn -0.9598 -0.2743 0.0592
vn -0.9598 0.0592 0.2743
vn -0.4419 0.1894 0.8768
vn -0.4419 -0.7555 0.4837
vn -0.9598 -0.2364 0.1513
vn -0.9598 0.1513 0.2364
vn -0.4419 0.4837 0.7555
vn -0.9598 0.2364 -0.1513
vn -0.4419 0.7555 -0.4837
vn -0.9598 -0.1513 -0.2364
vn -0.4419 -0.4837 -0.7555
vn -0.4419 -0.1894 0.8768
vn -0.9598 -0.0592 0.2743
vn -0.4419 0.8768 0.1894
vn -0.9598 0.2743 0.0592
vn -0.4419 0.1894 -0.8768
vn -0.9598 0.0592 -0.2743
vn -0.9598 -0.2743 -0.0592
vn -0.4419 -0.8768 -0.1894
vn -0.4419 -0.4844 -0.7550
vn -0.9598 -0.1515 -0.2362
vn -0.9598 -0.2362 0.1516
vn -0.4419 -0.7550 0.4844
vn -0.9598 0.1515 0.2362
vn -0.9598 0.2362 -0.1515
vn -0.4419 0.7550 -0.4844
vn -0.4419 0.4837 -0.7555
vn -0.9598 0.1513 -0.2364
vn -0.4419 -0.7555 -0.4837
vn -0.9598 -0.2364 -0.1513
vn -0.4419 -0.4837 0.7555
vn -0.9598 -0.1513 0.2364
vn -0.9598 0.2364 0.1513
vn -0.4419 0.7555 0.4837
vn -0.9598 -0.2362 0.1515
vn -0.4419 -0.7550 -0.4844
vn -0.9598 -0.2362 -0.1515
vn -0.4419 -0.4844 0.7550
vn -0.9598 -0.1515 0.2362
vn -0.4419 0.7550 0.4844
vn -0.9598 0.2362 0.1515
vn -0.9598 0.1515 -0.2362
vn -0.4419 -0.7566 0.4819
vn -0.9598 -0.2367 0.1508
vn -0.4419 -0.4861 0.7539
vn -0.9598 -0.1521 0.2359
vn -0.4419 0.1922 -0.8762
vn -0.9598 0.0601 -0.2741
vn -0.4419 -0.4861 -0.7539
vn -0.9598 -0.1521 -0.2359
vn -0.4419 0.8764 0.1914
vn -0.9598 0.2742 0.0599
vn -0.4419 0.1922 0.8762
vn -0.9598 0.0601 0.2741
vn -0.4419 -0.8764 -0.1914
vn -0.9598 -0.2742 -0.0599
vn -0.4419 0.8764 -0.1914
vn -0.9598 0.2742 -0.0599
vn -0.9598 0.2367 -0.1508
vn -0.4419 0.7566 -0.4819
vn -0.4419 0.4819 0.7566
vn -0.9598 0.1508 0.2367
vn -0.4419 -0.4819 -0.7566
vn -0.9598 -0.1508 -0.2367
vn -0.9598 0.1521 -0.2359
vn -0.4419 0.4861 -0.7539
vn -0.4419 0.7539 0.4861
vn -0.9598 0.2359 0.1521
vn -0.9598 -0.2359 -0.1521
vn -0.4419 -0.7539 -0.4861
vn -0.9598 -0.0601 0.2741
vn -0.4419 -0.1922 0.8762
vn -0.4419 -0.8762 -0.1922
vn -0.9598 -0.2741 -0.0601
vn -0.4419 0.8762 0.1922
vn -0.9598 0.2741 0.0601
vn -0.9598 0.1521 0.2359
vn -0.4419 0.4861 0.7539
vn -0.4419 -0.7539 0.4861
vn -0.9598 -0.2359 0.1521
vn -0.9598 0.2359 -0.1521
vn -0.4419 0.7539 -0.4861
vn -0.4419 0.1914 -0.8764
vn -0.9598 0.0599 -0.2742
vn -0.4419 -0.1914 0.8764
vn -0.9598 -0.0599 0.2742
vn -0.9598 -0.0601 -0.2741
vn -0.4419 -0.1922 -0.8762
vn -0.9598 0.2741 -0.0601
vn -0.4419 0.8762 -0.1922
vn -0.9598 -0.2741 0.0601
vn -0.4419 -0.8762 0.1922
vn -0.9598 -0.2742 0.0599
vn -0.4419 -0.8764 0.1914
vn -0.9598 -0.0599 -0.2742
vn -0.4419 -0.1914 -0.8764
vn -0.9598 0.0599 0.2742
vn -0.4419 0.1914 0.8764
vn -0.4404 0.8978 -0.0000
vn -0.9594 0.2819 -0.0000
vn -0.9598 0.1985 -0.1984
vn -0.4419 0.6361 -0.6325
vn -0.9602 -0.0000 -0.2794
vn -0.4435 -0.0000 -0.8963
vn -0.9598 -0.1985 -0.1984
vn -0.4419 -0.6361 -0.6325
vn -0.9594 -0.2819 -0.0000
vn -0.4404 -0.8978 -0.0000
vn -0.9598 -0.1985 0.1984
vn -0.4419 -0.6361 0.6325
vn -0.9602 -0.0000 0.2794
vn -0.4435 -0.0000 0.8963
vn -0.4419 0.6361 0.6325
vn -0.9598 0.1985 0.1984
vn -0.3689 0.6580 -0.6565
vn -0.3697 -0.0000 -0.9291
vn -0.3689 -0.6580 -0.6565
vn -0.9594 -0.2820 -0.0000
vn -0.9594 0.2820 -0.0000
vn -0.8958 -0.4442 0.0134
vn -0.3648 -0.9311 -0.0079
vn -0.3603 -0.6611 0.6581
vn -0.8936 -0.3197 0.3151
vn -0.3569 -0.0078 0.9341
vn -0.8906 0.0134 0.4546
vn -0.3499 0.6625 0.6623
vn -0.8869 0.3272 0.3262
vn -0.3666 0.9303 -0.0061
vn -0.8966 0.4426 0.0158
vn -0.3820 0.6547 -0.6522
vn -0.9074 0.2991 -0.2952
vn -0.3770 0.0076 -0.9262
vn -0.9034 -0.0137 -0.4285
vn -0.8998 -0.3088 -0.3082
vn -0.3699 -0.6569 -0.6570
vn -0.3688 -0.9230 0.1099
vn -0.8991 -0.4346 0.0518
vn -0.8991 0.2708 -0.3439
vn -0.3688 0.5750 -0.7303
vn -0.8991 0.3439 0.2707
vn -0.3689 0.7303 0.5749
vn -0.8991 -0.2707 0.3439
vn -0.3689 -0.5749 0.7303
vn -0.8991 -0.3439 -0.2707
vn -0.3689 -0.7303 -0.5749
vn -0.3689 0.9230 0.1099
vn -0.8991 0.4346 0.0517
vn -0.8991 -0.0517 0.4346
vn -0.3688 -0.1099 0.9230
vn -0.8991 -0.4346 -0.0517
vn -0.3689 -0.9230 -0.1099
vn -0.3688 0.1099 -0.9230
vn -0.8991 0.0517 -0.4346
vn -0.8991 0.2707 0.3439
vn -0.3688 0.5749 0.7303
vn -0.3689 -0.7303 0.5750
vn -0.8991 -0.3439 0.2708
vn -0.8991 -0.2708 -0.3439
vn -0.3689 -0.5749 -0.7303
vn -0.8991 0.3439 -0.2707
vn -0.3689 0.7303 -0.5749
vn -0.3688 0.1099 0.9230
vn -0.8991 0.0517 0.4346
vn -0.8991 -0.4346 0.0517
vn -0.8991 -0.0517 -0.4346
vn -0.3689 -0.1099 -0.9230
vn -0.3689 0.9230 -0.1099
vn -0.8991 0.4346 -0.0517
vn -0.8991 -0.2708 0.3439
vn -0.3688 -0.5749 0.7303
vn -0.3688 -0.7303 -0.5749
vn -0.3689 0.7303 0.5750
vn -0.9512 0.2105 0.2255
vn -0.2442 0.8241 0.5112
vn -0.9597 0.1790 -0.2165
vn -0.4388 0.5429 -0.7160
vn -0.9593 -0.2319 -0.1609
vn -0.4208 -0.6863 -0.5931
vn -0.9596 -0.1822 0.2142
vn -0.4339 -0.5367 0.7237
vn -0.9018 0.4180 -0.1094
vn -0.2430 0.9699 -0.0141
vn -0.9125 -0.0388 -0.4073
vn -0.3994 -0.1253 -0.9081
vn -0.9384 -0.3435 0.0385
vn -0.4718 -0.8749 0.1091
vn -0.4399 0.0741 0.8950
vn -0.9310 0.0592 0.3601
vn -0.9593 0.2319 -0.1609
vn -0.4208 0.6863 -0.5931
vn -0.9597 -0.1790 -0.2165
vn -0.4388 -0.5429 -0.7160
vn -0.9512 -0.2105 0.2255
vn -0.2442 -0.8241 0.5112
vn -0.9596 0.1822 0.2142
vn -0.4339 0.5367 0.7237
vn -0.9125 0.0388 -0.4073
vn -0.3994 0.1253 -0.9081
vn -0.9018 -0.4180 -0.1094
vn -0.2430 -0.9699 -0.0141
vn -0.9310 -0.0592 0.3601
vn -0.4399 -0.0741 0.8950
vn -0.4718 0.8749 0.1091
vn -0.9384 0.3435 0.0385
vn -0.9512 -0.2105 -0.2255
vn -0.2442 -0.8241 -0.5112
vn -0.9597 -0.1790 0.2165
vn -0.4388 -0.5429 0.7160
vn -0.9593 0.2319 0.1609
vn -0.4208 0.6863 0.5931
vn -0.9596 0.1822 -0.2142
vn -0.4339 0.5367 -0.7236
vn -0.9018 -0.4180 0.1095
vn -0.2429 -0.9699 0.0141
vn -0.9125 0.0388 0.4073
vn -0.3995 0.1253 0.9081
vn -0.9384 0.3435 -0.0385
vn -0.4718 0.8749 -0.1091
vn -0.4399 -0.0741 -0.8950
vn -0.9310 -0.0592 -0.3601
vn -0.9596 -0.1822 -0.2142
vn -0.4339 -0.5367 -0.7237
vn -0.9593 -0.2319 0.1609
vn -0.4208 -0.6863 0.5932
vn -0.9597 0.1790 0.2165
vn -0.4388 0.5429 0.7160
vn -0.9512 0.2105 -0.2255
vn -0.2441 0.8241 -0.5112
vn -0.9384 -0.3435 -0.0385
vn -0.4718 -0.8749 -0.1091
vn -0.9125 -0.0388 0.4073
vn -0.3995 -0.1253 0.9081
vn -0.9018 0.4180 0.1095
vn -0.2429 0.9699 0.0141
vn -0.4399 0.0741 -0.8950
vn -0.9310 0.0592 -0.3601
vn -0.9597 -0.2798 0.0246
vn -0.4383 -0.8909 0.1190
vn -0.9588 0.0092 0.2839
vn -0.4019 0.1591 0.9017
vn -0.9597 0.2800 -0.0234
vn -0.4371 0.8912 -0.1218
vn -0.9596 -0.0435 -0.2780
vn -0.4321 -0.0734 -0.8988
vn -0.9333 -0.2122 0.2896
vn -0.4487 -0.5786 0.6811
vn -0.9189 0.3234 0.2257
vn -0.3954 0.6892 0.6072
vn -0.9153 0.2532 -0.3134
vn -0.4092 0.5639 -0.7173
vn -0.4640 -0.6957 -0.5484
vn -0.9357 -0.2749 -0.2213
vn -0.9596 -0.0440 -0.2780
vn -0.4310 -0.0719 -0.8995
vn -0.9597 -0.2799 0.0242
vn -0.4379 -0.8910 0.1198
vn -0.9585 0.0066 0.2851
vn -0.3908 0.1662 0.9053
vn -0.9597 0.2800 -0.0235
vn -0.4371 0.8912 -0.1216
vn -0.9360 -0.2741 -0.2209
vn -0.4649 -0.6954 -0.5480
vn -0.9338 -0.2109 0.2891
vn -0.4490 -0.5798 0.6799
vn -0.9171 0.3286 0.2256
vn -0.3842 0.6890 0.6146
vn -0.4081 0.5634 -0.7184
vn -0.9148 0.2543 -0.3137
vn -0.9586 0.2077 0.1946
vn -0.3961 0.7570 0.5197
vn -0.9597 0.1788 -0.2166
vn -0.4390 0.5433 -0.7156
vn -0.9596 -0.2281 -0.1647
vn -0.4321 -0.6905 -0.5800
vn -0.9597 -0.1816 0.2146
vn -0.4350 -0.5378 0.7222
vn -0.9168 0.3927 -0.0728
vn -0.3883 0.9195 -0.0616
vn -0.9166 -0.0428 -0.3974
vn -0.4124 -0.1157 -0.9036
vn -0.9366 -0.3481 0.0407
vn -0.4668 -0.8780 0.1061
vn -0.4434 0.0729 0.8934
vn -0.9325 0.0591 0.3563
vn -0.9597 0.0248 -0.2798
vn -0.4382 0.1201 -0.8908
vn -0.9596 -0.2779 -0.0439
vn -0.4319 -0.8989 -0.0742
vn -0.9597 -0.0238 0.2800
vn -0.4370 -0.1228 0.8910
vn -0.9588 0.2840 0.0093
vn -0.4010 0.9019 0.1608
vn -0.9357 -0.2210 -0.2750
vn -0.4641 -0.5475 -0.6963
vn -0.9152 -0.3138 0.2530
vn -0.4090 -0.7181 0.5630
vn -0.9188 0.2254 0.3241
vn -0.3945 0.6070 0.6898
vn -0.4488 0.6816 -0.5779
vn -0.9334 0.2898 -0.2118
vn -0.9596 0.2779 -0.0445
vn -0.4308 0.8995 -0.0727
vn -0.9597 -0.0245 -0.2799
vn -0.4379 -0.1210 -0.8909
vn -0.9584 -0.2852 0.0066
vn -0.3892 -0.9057 0.1684
vn -0.9597 0.0238 0.2800
vn -0.4371 0.1228 0.8910
vn -0.9360 0.2205 -0.2743
vn -0.4651 0.5470 -0.6961
vn -0.9339 -0.2893 -0.2103
vn -0.4491 -0.6805 -0.5790
vn -0.9169 -0.2251 0.3296
vn -0.3825 -0.6147 0.6897
vn -0.4077 0.7193 0.5625
vn -0.9147 0.3142 0.2541
vn -0.9596 -0.2281 0.1647
vn -0.4321 -0.6905 0.5800
vn -0.9597 0.1788 0.2166
vn -0.4390 0.5433 0.7157
vn -0.9586 0.2077 -0.1946
vn -0.3961 0.7570 -0.5197
vn -0.9597 -0.1816 -0.2146
vn -0.4350 -0.5378 -0.7222
vn -0.9166 -0.0428 0.3974
vn -0.4123 -0.1157 0.9037
vn -0.9168 0.3927 0.0728
vn -0.3883 0.9195 0.0616
vn -0.9325 0.0591 -0.3563
vn -0.4434 0.0729 -0.8934
vn -0.9366 -0.3481 -0.0407
vn -0.4668 -0.8780 -0.1061
vn -0.9597 0.2798 0.0246
vn -0.4383 0.8909 0.1190
vn -0.9596 0.0435 -0.2780
vn -0.4321 0.0734 -0.8988
vn -0.9597 -0.2800 -0.0234
vn -0.4370 -0.8912 -0.1218
vn -0.9588 -0.0092 0.2839
vn -0.4019 -0.1591 0.9017
vn -0.9357 0.2749 -0.2213
vn -0.4640 0.6957 -0.5484
vn -0.9153 -0.2532 -0.3134
vn -0.4092 -0.5639 -0.7173
vn -0.9189 -0.3234 0.2257
vn -0.3955 -0.6892 0.6072
vn -0.4487 0.5786 0.6811
vn -0.9333 0.2122 0.2896
vn -0.9585 -0.0066 0.2851
vn -0.3908 -0.1662 0.9053
vn -0.9597 0.2799 0.0242
vn -0.4379 0.8910 0.1198
vn -0.9596 0.0440 -0.2780
vn -0.4310 0.0719 -0.8995
vn -0.9597 -0.2800 -0.0235
vn -0.4371 -0.8912 -0.1216
vn -0.9338 0.2109 0.2891
vn -0.4490 0.5798 0.6799
vn -0.9360 0.2741 -0.2209
vn -0.4649 0.6954 -0.5480
vn -0.9148 -0.2543 -0.3137
vn -0.4080 -0.5634 -0.7184
vn -0.3842 -0.6890 0.6146
vn -0.9171 -0.3286 0.2256
vn -0.9586 -0.2077 -0.1946
vn -0.3961 -0.7570 -0.5197
vn -0.9597 -0.1788 0.2166
vn -0.4390 -0.5433 0.7156
vn -0.9596 0.2281 0.1647
vn -0.4321 0.6906 0.5800
vn -0.9597 0.1816 -0.2146
vn -0.4350 0.5378 -0.7222
vn -0.9168 -0.3927 0.0728
vn -0.3882 -0.9195 0.0616
vn -0.9166 0.0428 0.3974
vn -0.4123 0.1157 0.9037
vn -0.9366 0.3481 -0.0407
vn -0.4668 0.8780 -0.1061
vn -0.4434 -0.0729 -0.8934
vn -0.9325 -0.0591 -0.3563
vn -0.9597 0.0248 0.2798
vn -0.4382 0.1201 0.8908
vn -0.9588 0.2840 -0.0093
vn -0.4010 0.9019 -0.1608
vn -0.9597 -0.0238 -0.2800
vn -0.4370 -0.1228 -0.8910
vn -0.9596 -0.2779 0.0439
vn -0.4319 -0.8989 0.0742
vn -0.9334 0.2898 0.2118
vn -0.4487 0.6816 0.5779
vn -0.9188 0.2254 -0.3241
vn -0.3945 0.6070 -0.6898
vn -0.9152 -0.3138 -0.2530
vn -0.4090 -0.7181 -0.5630
vn -0.9357 -0.2210 0.2750
vn -0.4642 -0.5475 0.6963
vn -0.9584 -0.2852 -0.0066
vn -0.3891 -0.9057 -0.1684
vn -0.9597 -0.0245 0.2799
vn -0.4379 -0.1210 0.8909
vn -0.9596 0.2779 0.0445
vn -0.4308 0.8995 0.0727
vn -0.9597 0.0238 -0.2800
vn -0.4371 0.1228 -0.8910
vn -0.9338 -0.2893 0.2103
vn -0.4491 -0.6805 0.5790
vn -0.9360 0.2205 0.2743
vn -0.4651 0.5470 0.6961
vn -0.9147 0.3142 -0.2541
vn -0.4077 0.7193 -0.5624
vn -0.3826 -0.6147 -0.6897
vn -0.9169 -0.2251 -0.3296
vn -0.9596 0.2282 -0.1647
vn -0.4321 0.6906 -0.5800
vn -0.9597 -0.1788 -0.2166
vn -0.4390 -0.5433 -0.7156
vn -0.9586 -0.2077 0.1946
vn -0.3961 -0.7570 0.5197
vn -0.9597 0.1816 0.2147
vn -0.4350 0.5378 0.7222
vn -0.9166 0.0428 -0.3974
vn -0.4123 0.1157 -0.9037
vn -0.9168 -0.3927 -0.0728
vn -0.3883 -0.9195 -0.0616
vn -0.9325 -0.0591 0.3563
vn -0.4433 -0.0729 0.8934
vn -0.4668 0.8780 0.1061
vn -0.9366 0.3481 0.0407
vn -0.9589 0.0098 0.2836
vn -0.4043 0.1575 0.9010
vn -0.9596 0.2804 -0.0215
vn -0.4344 0.8918 -0.1267
vn -0.9596 -0.0433 -0.2780
vn -0.4323 -0.0737 -0.8987
vn -0.9597 -0.2802 0.0225
vn -0.4358 -0.8914 0.1243
vn -0.9205 0.3205 0.2235
vn -0.3991 0.6877 0.6065
vn -0.9138 0.2538 -0.3170
vn -0.4060 0.5674 -0.7164
vn -0.9363 -0.2741 -0.2194
vn -0.4662 -0.6935 -0.5493
vn -0.4439 -0.5822 0.6812
vn -0.9322 -0.2128 0.2927
vn -0.9596 -0.2279 -0.1649
vn -0.4326 -0.6908 -0.5793
vn -0.9597 -0.1817 0.2146
vn -0.4348 -0.5377 0.7224
vn -0.9588 0.2082 0.1932
vn -0.4017 0.7531 0.5211
vn -0.9597 0.1797 -0.2159
vn -0.4379 0.5415 -0.7177
vn -0.9365 -0.3482 0.0408
vn -0.4667 -0.8781 0.1058
vn -0.9321 0.0591 0.3573
vn -0.4426 0.0734 0.8937
vn -0.9184 0.3891 -0.0710
vn -0.3947 0.9166 -0.0633
vn -0.9160 -0.0441 -0.3987
vn -0.4111 -0.1137 -0.9045
vn -0.9597 -0.0219 -0.2803
vn -0.4344 -0.1277 -0.8916
vn -0.9596 -0.2779 0.0437
vn -0.4322 -0.8987 0.0745
vn -0.9597 0.0228 0.2802
vn -0.4358 0.1253 0.8913
vn -0.9589 0.2837 -0.0099
vn -0.4034 0.9011 -0.1591
vn -0.9138 -0.3173 -0.2536
vn -0.4058 -0.7172 -0.5664
vn -0.9364 -0.2190 0.2743
vn -0.4663 -0.5484 0.6941
vn -0.9323 0.2928 0.2123
vn -0.4440 0.6818 0.5815
vn -0.3982 0.6062 -0.6884
vn -0.9203 0.2232 -0.3212
vn -0.9588 -0.2082 0.1932
vn -0.4017 -0.7531 0.5211
vn -0.9597 0.1817 0.2146
vn -0.4348 0.5377 0.7224
vn -0.9596 0.2280 -0.1649
vn -0.4326 0.6908 -0.5793
vn -0.9597 -0.1797 -0.2159
vn -0.4379 -0.5414 -0.7177
vn -0.9321 -0.0591 0.3573
vn -0.4426 -0.0734 0.8937
vn -0.9365 0.3483 0.0409
vn -0.4667 0.8781 0.1058
vn -0.9160 0.0441 -0.3987
vn -0.4111 0.1137 -0.9045
vn -0.3947 -0.9166 -0.0633
vn -0.9185 -0.3891 -0.0710
vn -0.9596 -0.2804 -0.0215
vn -0.4344 -0.8918 -0.1267
vn -0.9589 -0.0098 0.2836
vn -0.4043 -0.1575 0.9010
vn -0.9597 0.2802 0.0225
vn -0.4358 0.8914 0.1242
vn -0.9596 0.0433 -0.2780
vn -0.4323 0.0737 -0.8987
vn -0.9205 -0.3205 0.2235
vn -0.3991 -0.6877 0.6065
vn -0.9322 0.2128 0.2927
vn -0.4439 0.5822 0.6812
vn -0.9364 0.2741 -0.2194
vn -0.4662 0.6935 -0.5493
vn -0.4060 -0.5674 -0.7164
vn -0.9138 -0.2538 -0.3170
vn -0.9596 0.2280 0.1649
vn -0.4326 0.6908 0.5793
vn -0.9597 0.1817 -0.2146
vn -0.4348 0.5377 -0.7224
vn -0.9588 -0.2082 -0.1932
vn -0.4017 -0.7530 -0.5211
vn -0.9597 -0.1797 0.2160
vn -0.4379 -0.5414 0.7177
vn -0.9365 0.3483 -0.0408
vn -0.4667 0.8781 -0.1058
vn -0.9321 -0.0591 -0.3573
vn -0.4426 -0.0734 -0.8937
vn -0.9184 -0.3891 0.0710
vn -0.3947 -0.9166 0.0633
vn -0.9160 0.0441 0.3987
vn -0.4111 0.1137 0.9045
vn -0.9596 0.0218 0.2804
vn -0.4344 0.1277 0.8916
vn -0.9596 0.2780 -0.0437
vn -0.4321 0.8987 -0.0745
vn -0.9597 -0.0228 -0.2802
vn -0.4358 -0.1253 -0.8913
vn -0.9589 -0.2837 0.0099
vn -0.4034 -0.9011 0.1591
vn -0.9138 0.3173 0.2536
vn -0.4058 0.7172 0.5664
vn -0.9364 0.2190 -0.2743
vn -0.4662 0.5484 -0.6942
vn -0.9323 -0.2928 -0.2123
vn -0.4440 -0.6818 -0.5815
vn -0.3982 -0.6062 0.6884
vn -0.9203 -0.2232 0.3213
vn -0.9597 0.1797 0.2160
vn -0.4379 0.5414 0.7177
vn -0.9588 0.2082 -0.1932
vn -0.4017 0.7530 -0.5211
vn -0.9597 -0.1817 -0.2146
vn -0.4348 -0.5377 -0.7224
vn -0.9596 -0.2279 0.1649
vn -0.4326 -0.6908 0.5793
vn -0.9184 0.3891 0.0710
vn -0.3947 0.9166 0.0633
vn -0.9321 0.0591 -0.3573
vn -0.4426 0.0734 -0.8937
vn -0.9365 -0.3482 -0.0408
vn -0.4667 -0.8781 -0.1057
vn -0.4111 -0.1137 0.9045
vn -0.9160 -0.0441 0.3987
vn -0.3689 0.1099 0.9230
vn -0.3688 0.9230 -0.1099
vn -0.3689 -0.5750 -0.7303
vn -0.3688 -0.7303 0.5750
vn -0.8991 0.2708 0.3439
vn -0.3688 -0.9230 -0.1099
vn -0.8991 0.4346 0.0518
vn -0.3688 0.9230 0.1099
vn -0.8991 -0.4349 0.0495
vn -0.3688 -0.9235 0.1050
vn -0.8991 0.0495 0.4349
vn -0.3688 0.1050 0.9235
vn -0.3689 0.9235 -0.1050
vn -0.8991 0.4349 -0.0494
vn -0.8991 -0.0495 -0.4349
vn -0.3689 -0.1050 -0.9235
vn -0.3689 -0.5788 0.7273
vn -0.8991 -0.2725 0.3425
vn -0.8991 0.3425 0.2726
vn -0.3688 0.7273 0.5788
vn -0.8991 0.2725 -0.3425
vn -0.3689 0.5788 -0.7273
vn -0.3688 -0.7273 -0.5788
vn -0.8991 -0.3425 -0.2725
vn -0.8991 -0.0494 -0.4349
vn -0.8991 -0.4349 0.0494
vn -0.3689 -0.9235 0.1050
vn -0.8991 0.0494 0.4349
vn -0.8991 -0.3425 -0.2726
vn -0.8991 -0.2726 0.3425
vn -0.8991 0.2726 -0.3425
vn -0.8991 0.3439 0.2708
vn -0.3688 0.7303 0.5749
vn -0.8991 0.2707 -0.3439
vn -0.3688 0.5749 -0.7303
vn -0.8991 0.4347 -0.0517
vn -0.8991 0.0500 -0.4348
vn -0.3689 0.1061 -0.9234
vn -0.8991 -0.4349 -0.0500
vn -0.3688 -0.9234 -0.1061
vn -0.3688 -0.1061 0.9234
vn -0.8991 -0.0500 0.4349
vn -0.8991 0.4348 0.0499
vn -0.3689 0.9234 0.1061
vn -0.3688 -0.5779 -0.7280
vn -0.8991 -0.2722 -0.3428
vn -0.8991 -0.3428 0.2721
vn -0.3688 -0.7280 0.5779
vn -0.8991 0.2722 0.3428
vn -0.3688 0.5780 0.7280
vn -0.3689 0.7280 -0.5779
vn -0.8991 0.3428 -0.2722
vn -0.8991 0.4348 -0.0500
vn -0.3689 0.9234 -0.1061
vn -0.8991 -0.0500 -0.4349
vn -0.3688 -0.1062 -0.9234
vn -0.8991 -0.4348 0.0500
vn -0.3689 -0.9234 0.1062
vn -0.8991 0.0500 0.4348
vn -0.3688 0.1062 0.9234
vn -0.8991 0.2721 -0.3428
vn -0.3689 0.5779 -0.7280
vn -0.8991 -0.3428 -0.2721
vn -0.3689 -0.7280 -0.5779
vn -0.8991 -0.2721 0.3428
vn -0.3688 -0.5779 0.7280
vn -0.8991 0.3428 0.2721
vn -0.3688 0.7280 0.5779
vn -0.8991 -0.3439 0.2707
vn -0.3689 0.5749 0.7303
vn -0.3688 0.7303 -0.5750
vn -0.8991 0.3439 -0.2708
vn -0.3688 -0.5749 -0.7303
vn -0.8991 0.4347 0.0517
vn -0.8991 -0.4346 -0.0518
vn -0.3688 0.9235 0.1050
vn -0.8991 0.4349 0.0495
vn -0.3689 0.1050 -0.9235
vn -0.8991 0.0495 -0.4349
vn -0.3689 -0.9235 -0.1050
vn -0.8991 -0.4349 -0.0494
vn -0.3688 -0.1050 0.9235
vn -0.8991 -0.0495 0.4349
vn -0.3689 0.7273 -0.5788
vn -0.8991 0.3425 -0.2725
vn -0.3689 -0.5788 -0.7273
vn -0.8991 -0.2725 -0.3425
vn -0.3689 -0.7273 0.5788
vn -0.8991 -0.3425 0.2726
vn -0.8991 0.2726 0.3425
vn -0.3688 0.5788 0.7273
vn -0.8991 -0.0494 0.4349
vn -0.8991 0.4349 0.0494
vn -0.8991 0.0494 -0.4349
vn -0.3689 0.5788 0.7273
vn -0.8991 0.3425 -0.2726
vn -0.3688 0.7273 -0.5788
vn -0.8991 -0.2726 -0.3425
vn -0.3688 -0.7273 0.5788
vn -0.3689 -0.7303 -0.5750
vn -0.3688 -0.5750 0.7303
vn -0.8991 0.0500 0.4349
vn -0.3688 0.1061 0.9234
vn -0.8991 0.4348 -0.0499
vn -0.3688 -0.1061 -0.9234
vn -0.3688 -0.9234 0.1061
vn -0.8991 -0.4349 0.0500
vn -0.8991 0.3428 0.2722
vn -0.3689 0.7280 0.5779
vn -0.8991 0.2722 -0.3428
vn -0.3688 0.5779 -0.7280
vn -0.3688 -0.7280 -0.5779
vn -0.8991 -0.3428 -0.2722
vn -0.8991 -0.2722 0.3428
vn -0.3688 -0.9234 -0.1062
vn -0.8991 -0.4348 -0.0500
vn -0.3688 0.9234 0.1062
vn -0.8991 0.4348 0.0500
vn -0.3688 0.1061 -0.9234
vn -0.8991 0.0500 -0.4349
vn -0.3688 0.5779 0.7280
vn -0.8991 0.2721 0.3428
vn -0.3688 0.7280 -0.5779
vn -0.8991 0.3428 -0.2721
vn -0.8991 -0.2721 -0.3428
vn -0.3688 -0.5750 -0.7303
vn -0.3688 0.5750 0.7303
vn -0.8991 -0.4347 -0.0517
vn -0.8991 -0.0517 0.4347
vn -0.3688 0.9235 -0.1050
vn -0.3688 0.5788 -0.7273
vn -0.3688 0.7303 0.5750
vn -0.8991 0.4347 -0.0518
vn -0.3688 -0.1099 -0.9230
vn -0.3689 0.1061 0.9234
vn -0.3689 0.7303 -0.5750
vn -0.3689 0.1099 -0.9230
vn -0.3688 -0.9235 -0.1050
vn -0.3689 0.5750 -0.7303
vn -0.3689 -0.9230 0.1099
vn -0.8991 -0.0500 -0.4348
vn -0.3689 -0.9234 0.1061
vn -0.9036 0.4192 0.0880
vn -0.3760 0.9048 0.1998
vn -0.3121 0.2078 -0.9270
vn -0.8602 0.0957 -0.5009
vn -0.2897 -0.9386 -0.1872
vn -0.8430 -0.5180 -0.1446
vn -0.3610 -0.1854 0.9139
vn -0.8910 -0.1253 0.4364
vn -0.7028 0.6998 -0.1277
vn -0.0964 0.9693 -0.2260
vn -0.7000 -0.1279 -0.7026
vn -0.0927 -0.2263 -0.9696
vn -0.7005 -0.7022 0.1270
vn -0.0937 -0.9695 0.2266
vn -0.0975 0.2264 0.9691
vn -0.7035 0.1268 0.6993
vn -0.7724 -0.5298 0.3503
vn -0.1868 -0.8341 0.5190
vn -0.2355 0.5117 0.8262
vn -0.8068 0.3320 0.4887
vn -0.1974 0.8394 -0.5065
vn -0.7741 0.5112 -0.3735
vn -0.1540 -0.5141 -0.8438
vn -0.7461 -0.3830 -0.5447
vn -0.7311 -0.1692 0.6610
vn -0.1343 -0.1905 0.9724
vn -0.7308 0.6617 0.1672
vn -0.1335 0.9723 0.1916
vn -0.7311 0.1692 -0.6610
vn -0.1343 0.1905 -0.9724
vn -0.1335 -0.9723 -0.1916
vn -0.7309 -0.6617 -0.1672
vn -0.8772 -0.2729 -0.3951
vn -0.3373 -0.5025 -0.7961
vn -0.3330 -0.7876 0.5185
vn -0.8740 -0.4192 0.2459
vn -0.3864 0.5051 0.7717
vn -0.9091 0.2117 0.3589
vn -0.3894 0.7776 -0.4937
vn -0.9115 0.3405 -0.2309
vn -0.9491 0.1545 -0.2745
vn -0.4285 0.4928 -0.7573
vn -0.8869 -0.4227 -0.1862
vn -0.3077 -0.7880 -0.5333
vn -0.8560 -0.3556 0.3753
vn -0.2281 -0.4919 0.8402
vn -0.4042 0.7816 0.4750
vn -0.9313 0.2780 0.2355
vn -0.8286 0.2850 0.4818
vn -0.2661 0.5354 0.8016
vn -0.8286 0.4807 -0.2870
vn -0.2656 0.8023 -0.5345
vn -0.8286 -0.2850 -0.4818
vn -0.2661 -0.5354 -0.8016
vn -0.2656 -0.8023 0.5345
vn -0.8286 -0.4807 0.2870
vn -0.6989 -0.5865 -0.4093
vn -0.0927 -0.8481 -0.5217
vn -0.7163 -0.3960 0.5745
vn -0.1149 -0.5224 0.8449
vn -0.7068 0.5841 0.3990
vn -0.1009 0.8456 0.5243
vn -0.0842 0.5245 -0.8473
vn -0.6940 0.4078 -0.5934
vn -0.8653 -0.4413 0.2377
vn -0.3257 -0.7851 0.5268
vn -0.7021 -0.4059 0.5850
vn -0.0958 -0.5251 0.8456
vn -0.7532 0.1066 -0.6491
vn -0.1666 0.2353 -0.9575
vn -0.7319 -0.3486 -0.5855
vn -0.1351 -0.5521 -0.8227
vn -0.9161 0.3911 0.0881
vn -0.3962 0.8974 0.1939
vn -0.8844 0.0115 0.4666
vn -0.3325 0.2391 0.9123
vn -0.8294 -0.5415 -0.1375
vn -0.2669 -0.9450 -0.1889
vn -0.6991 0.7029 -0.1308
vn -0.0907 0.9694 -0.2281
vn -0.3514 0.7918 -0.4995
vn -0.8865 0.3811 -0.2626
vn -0.9052 0.2183 0.3646
vn -0.3792 0.5044 0.7757
vn -0.8410 -0.2860 -0.4593
vn -0.2823 -0.5229 -0.8043
vn -0.0943 0.5257 -0.8454
vn -0.7013 0.4054 -0.5863
vn -0.7038 0.5842 0.4043
vn -0.0977 0.8452 0.5254
vn -0.0924 -0.8458 -0.5255
vn -0.6997 -0.5872 -0.4069
vn -0.2191 -0.2194 0.9507
vn -0.7957 -0.1232 0.5930
vn -0.7527 -0.6475 -0.1191
vn -0.1610 -0.9597 -0.2302
vn -0.7978 0.5947 0.0993
vn -0.2268 0.9465 0.2295
vn -0.1351 0.5521 0.8227
vn -0.7319 0.3486 0.5855
vn -0.7300 -0.5877 0.3488
vn -0.1327 -0.8227 0.5528
vn -0.1327 0.8227 -0.5528
vn -0.7300 0.5877 -0.3488
vn -0.3206 -0.9258 -0.2001
vn -0.8672 -0.4863 -0.1074
vn -0.8962 0.0757 -0.4371
vn -0.3670 0.2067 -0.9069
vn -0.8922 -0.1193 0.4355
vn -0.3619 -0.1864 0.9134
vn -0.3901 -0.1794 -0.9031
vn -0.9272 -0.1272 -0.3523
vn -0.4329 0.8792 -0.1990
vn -0.9509 0.3046 -0.0542
vn -0.2087 -0.9555 0.2087
vn -0.8735 -0.4725 0.1168
vn -0.2669 0.9450 0.1889
vn -0.8294 0.5415 0.1375
vn -0.2648 -0.1887 0.9457
vn -0.8278 -0.1386 0.5436
vn -0.2648 0.1887 -0.9457
vn -0.8279 0.1386 -0.5435
vn -0.1067 -0.9672 0.2304
vn -0.7093 -0.6940 0.1234
vn -0.0837 -0.2292 -0.9698
vn -0.6931 -0.1295 -0.7092
vn -0.1114 0.2266 0.9676
vn -0.7145 0.1300 0.6875
vn -0.8596 0.3424 0.3793
vn -0.1276 0.6833 0.7189
vn -0.7629 0.2370 0.6015
vn -0.8238 0.5669 0.0008
vn 0.0512 0.9978 0.0411
vn -0.8421 0.3456 -0.4140
vn 0.1626 0.7478 -0.6437
vn -0.9549 -0.0436 -0.2936
vn -0.0694 0.0888 -0.9936
vn -0.5339 -0.6375 -0.5555
vn -0.9996 -0.0286 0.0005
vn -0.7748 -0.6322 -0.0051
vn 0.7186 -0.6917 0.0723
vn 0.9190 -0.1793 -0.3511
vn 0.7340 -0.5672 0.3735
vn 0.9509 0.0899 0.2962
vn 0.5347 -0.5577 0.6349
vn 0.5147 0.1203 0.8489
vn 0.2290 -0.6724 0.7039
vn -0.1432 -0.1100 0.9836
vn -0.0032 -0.8468 0.5319
vn -0.6365 -0.4690 0.6123
vn -0.0180 -0.9756 0.2189
vn -0.6676 -0.7430 -0.0479
vn 0.1929 -0.9803 -0.0435
vn -0.2189 -0.7681 -0.6018
vn 0.4979 -0.8614 -0.1009
vn 0.4384 -0.5332 -0.7236
vn -0.9221 0.3815 0.0650
vn -0.1758 0.9808 0.0842
vn -0.8968 0.3381 -0.2854
vn -0.1265 0.7728 -0.6219
vn -0.9030 0.0187 -0.4293
vn -0.2111 0.1034 -0.9720
vn -0.3361 -0.6089 -0.7185
vn -0.9364 -0.2618 -0.2337
vn -0.7922 -0.5391 -0.2860
vn -0.9992 -0.0304 0.0277
vn -0.5887 -0.2205 0.7777
vn -0.7726 -0.5383 0.3367
vn -0.3663 0.6131 0.6999
vn -0.9666 0.1373 0.2164
vn -0.8639 -0.4760 0.1643
vn -0.0741 -0.9274 0.3668
vn -0.7387 -0.6741 -0.0024
vn -0.8272 -0.1978 0.5260
vn 0.0839 -0.4046 0.9106
vn -0.8726 0.2415 0.4245
vn 0.0984 0.3413 0.9348
vn -0.9608 0.2691 0.0661
vn -0.2115 0.8813 0.4225
vn -0.5494 0.7347 -0.3980
vn -0.9992 0.0153 -0.0358
vn -0.7672 0.2476 -0.5916
vn 0.9054 0.2413 0.3494
vn 0.3664 0.6203 0.6935
vn 0.8785 -0.0749 0.4718
vn 0.3072 -0.0464 0.9505
vn 0.8630 -0.3824 0.3301
vn 0.2865 -0.6984 0.6559
vn 0.8679 -0.4966 0.0153
vn 0.3164 -0.9486 -0.0093
vn 0.8894 -0.3586 -0.2834
vn 0.3783 -0.6592 -0.6499
vn 0.9151 -0.0542 -0.3995
vn 0.4363 -0.0055 -0.8998
vn 0.9308 0.2470 -0.2695
vn 0.4572 0.6394 -0.6181
vn 0.9271 0.3728 0.0389
vn 0.4286 0.9026 0.0400
vn -0.9106 0.2118 0.3549
vn -0.2577 0.4437 0.8583
vn -0.9090 0.4038 0.1033
vn -0.2487 0.9223 0.2958
vn -0.9078 0.3610 -0.2135
vn -0.2400 0.8647 -0.4412
vn -0.9081 0.1012 -0.4064
vn -0.2395 0.2981 -0.9240
vn -0.9101 -0.2151 -0.3542
vn -0.2527 -0.4435 -0.8599
vn -0.9122 -0.3976 -0.0995
vn -0.2688 -0.9171 -0.2943
vn -0.9129 -0.3513 0.2078
vn -0.2740 -0.8563 0.4378
vn -0.2674 -0.2948 0.9174
vn -0.9121 -0.1013 0.3972
vn 0.6926 -0.6563 0.2994
vn 0.2472 -0.8214 0.5140
vn 0.5463 -0.3109 -0.7777
vn 0.8472 -0.4046 -0.3444
vn 0.9694 0.1682 -0.1786
vn 0.5592 0.3461 -0.7533
vn 0.9063 0.4206 0.0405
vn 0.3977 0.8700 -0.2914
vn 0.8213 0.4312 0.3735
vn 0.2128 0.8892 0.4050
vn 0.7680 0.1904 0.6115
vn 0.1169 0.3894 0.9136
vn 0.7778 -0.1464 0.6112
vn 0.1663 -0.3222 0.9320
vn -0.9188 0.1987 0.3410
vn -0.2800 0.4815 0.8305
vn -0.9234 0.3751 0.0813
vn -0.2606 0.9276 0.2676
vn -0.9432 0.2745 -0.1871
vn -0.3187 0.8362 -0.4463
vn -0.9612 0.0511 -0.2711
vn -0.4117 0.2592 -0.8737
vn -0.9723 -0.1273 -0.1959
vn -0.5161 -0.4258 -0.7432
vn -0.4934 -0.8665 -0.0762
vn -0.9883 -0.1523 0.0057
vn -0.7515 -0.6256 0.2095
vn -0.9539 -0.1361 0.2674
vn -0.3089 -0.2983 0.9031
vn -0.7478 -0.4554 0.4831
vn 0.7485 0.1202 0.6522
vn 0.2879 0.3092 0.9064
vn 0.4816 -0.6314 -0.6077
vn 0.8541 -0.4449 -0.2693
vn 0.8794 0.1161 -0.4617
vn 0.3530 -0.0768 -0.9325
vn 0.8018 0.4444 -0.3996
vn 0.1534 0.5987 -0.7861
vn 0.7688 0.6303 -0.1076
vn 0.0770 0.9815 -0.1751
vn 0.8026 0.5514 0.2277
vn 0.1709 0.8329 0.5263
vn -0.8317 0.3779 -0.4067
vn -0.0320 0.7162 -0.6972
vn -0.8551 -0.0339 -0.5173
vn -0.0765 0.0269 -0.9967
vn -0.9068 -0.3275 -0.2655
vn -0.1964 -0.6555 -0.7292
vn -0.9665 -0.2543 0.0347
vn -0.4020 -0.9120 -0.0816
vn -0.5826 -0.5254 0.6201
vn -0.9997 0.0018 0.0236
vn -0.7570 0.0961 0.6462
vn -0.8442 -0.0015 0.5360
vn -0.1125 -0.0078 0.9936
vn -0.7409 -0.2587 0.6198
vn -0.8365 0.3906 0.3842
vn -0.0847 0.6996 0.7095
vn -0.0419 0.9991 0.0086
vn -0.8287 0.5596 -0.0094
vn 0.9559 0.0280 0.2925
vn 0.5382 0.1827 0.8228
vn 0.9249 -0.2917 0.2438
vn 0.4762 -0.5069 0.7186
vn 0.8739 -0.4859 -0.0132
vn 0.3540 -0.9205 0.1653
vn 0.8311 -0.4412 -0.3387
vn 0.2411 -0.8160 -0.5253
vn 0.8222 -0.1730 -0.5423
vn 0.2045 -0.2428 -0.9483
vn 0.8541 0.1616 -0.4944
vn 0.2675 0.4632 -0.8449
vn 0.9074 0.3565 -0.2226
vn 0.3923 0.8776 -0.2754
vn 0.9493 0.2968 0.1037
vn 0.5043 0.7567 0.4161
vn -0.8339 -0.0724 -0.5471
vn -0.0452 -0.0820 -0.9956
vn -0.5432 0.1984 -0.8158
vn -0.9047 -0.3593 -0.2288
vn -0.2265 -0.7773 -0.5870
vn -0.3118 -0.9081 0.2794
vn -0.9640 -0.2449 0.1038
vn -0.6528 -0.5631 0.5067
vn 0.6008 -0.5439 -0.5859
vn -0.1169 -0.6345 -0.7640
vn 0.6762 -0.2315 -0.6994
vn 0.0372 0.0260 -0.9990
vn 0.8270 0.0402 -0.5608
vn 0.3654 0.5966 -0.7145
vn 0.9598 0.1066 -0.2596
vn 0.6702 0.7371 -0.0864
vn 0.9396 0.0071 0.3421
vn 0.7297 0.4602 0.5058
vn 0.5505 -0.3113 0.7746
vn 0.8909 -0.1899 0.4127
vn 0.7809 -0.6246 -0.0007
vn 0.3022 -0.8326 0.4642
vn 0.6463 -0.7047 -0.2927
vn -0.0049 -0.9881 -0.1538
vn -0.9716 0.2218 -0.0819
vn -0.4857 0.7795 -0.3955
vn -0.8103 0.5842 -0.0452
vn -0.9460 0.0800 -0.3142
vn -0.3420 0.2367 -0.9094
vn -0.9323 -0.1910 -0.3071
vn -0.1209 -0.5026 -0.8560
vn -0.9381 -0.3410 -0.0613
vn -0.1064 -0.9694 -0.2212
vn -0.9564 -0.2395 0.1672
vn -0.3394 -0.7838 0.5201
vn -0.4950 -0.0900 0.8642
vn -0.9800 0.0048 0.1987
vn -0.7950 0.1616 0.5847
vn 0.4484 -0.7721 -0.4504
vn -0.0991 -0.4889 -0.8667
vn 0.6997 -0.5473 -0.4591
vn 0.4468 -0.0295 -0.8942
vn 0.8879 -0.3977 -0.2311
vn 0.8672 0.2763 -0.4143
vn 0.9098 -0.4043 0.0942
vn 0.9237 0.2564 0.2846
vn 0.7573 -0.5598 0.3363
vn 0.5892 -0.0736 0.8046
vn 0.5124 -0.7801 0.3589
vn 0.0506 -0.5285 0.8474
vn 0.3141 -0.9392 0.1387
vn -0.3812 -0.8445 0.3762
vn 0.2857 -0.9371 -0.2006
vn -0.4450 -0.8293 -0.3381
vn -0.8783 -0.4388 0.1899
vn -0.2768 -0.9597 0.0476
vn -0.0973 -0.9544 -0.2823
vn -0.0873 -0.2948 -0.9516
vn 0.2734 -0.9587 -0.0782
vn 0.9093 -0.3986 -0.1197
vn 0.0544 -0.9598 0.2752
vn 0.1734 -0.4421 0.8801
vn -0.9496 -0.2872 -0.1254
vn -0.2788 -0.9540 -0.1103
vn 0.2269 -0.4384 -0.8697
vn 0.0589 -0.9597 -0.2748
vn 0.8723 -0.4420 0.2090
vn 0.2728 -0.9598 0.0659
vn -0.0894 -0.9588 0.2698
vn -0.1572 -0.3986 0.9035
vn 0.7550 -0.4384 0.4877
vn 0.2289 -0.9598 0.1627
vn -0.1312 -0.9541 0.2691
vn -0.6151 -0.2886 0.7337
vn -0.2482 -0.9587 -0.1388
vn -0.7263 -0.3985 -0.5601
vn 0.1566 -0.9598 -0.2331
vn 0.5020 -0.4418 -0.7435
vn 0.1858 -0.4386 0.8793
vn 0.0459 -0.9598 0.2770
vn -0.9545 -0.2872 0.0806
vn -0.2837 -0.9540 0.0967
vn -0.1145 -0.3983 -0.9101
vn -0.0766 -0.9587 -0.2740
vn 0.2756 -0.9598 -0.0533
vn 0.8812 -0.4419 -0.1679
vn 0.4893 -0.4387 -0.7537
vn 0.1626 -0.9597 -0.2292
vn 0.2681 -0.9544 0.1314
vn 0.7327 -0.2938 0.6139
vn -0.1389 -0.9588 0.2479
vn -0.5608 -0.3986 0.7257
vn -0.2327 -0.9598 -0.1571
vn -0.7433 -0.4419 -0.5023
vn -0.5799 -0.2884 -0.7619
vn -0.1184 -0.9540 -0.2753
vn 0.7770 -0.4383 -0.4518
vn 0.2363 -0.9597 -0.1520
vn 0.4665 -0.4421 0.7662
vn 0.1454 -0.9598 0.2399
vn -0.2544 -0.9587 0.1267
vn -0.7518 -0.3987 0.5253
vn -0.4893 -0.4390 0.7536
vn -0.1626 -0.9598 0.2289
vn -0.7327 -0.2937 -0.6140
vn -0.2681 -0.9543 -0.1317
vn 0.5608 -0.3984 -0.7258
vn 0.1389 -0.9587 -0.2482
vn 0.2327 -0.9598 0.1568
vn 0.7433 -0.4420 0.5022
vn 0.7607 -0.2937 -0.5788
vn 0.2740 -0.9543 -0.1190
vn 0.4534 -0.4390 0.7757
vn 0.1517 -0.9598 0.2363
vn -0.7661 -0.4420 0.4667
vn -0.2398 -0.9598 0.1457
vn -0.1271 -0.9587 -0.2545
vn -0.5261 -0.3984 -0.7513
vn 0.7877 -0.3855 0.4806
vn 0.3268 -0.9126 0.2458
vn 0.4472 -0.3857 0.8070
vn 0.2320 -0.9128 0.3361
vn -0.2153 -0.3855 -0.8972
vn -0.0561 -0.9127 -0.4048
vn 0.4846 -0.3855 -0.7852
vn 0.2476 -0.9127 -0.3251
vn -0.8975 -0.3854 0.2142
vn -0.4051 -0.9126 0.0557
vn -0.2572 -0.3858 0.8860
vn -0.0750 -0.9128 0.4015
vn 0.8975 -0.3854 -0.2144
vn 0.4051 -0.9126 -0.0560
vn -0.8865 -0.3853 -0.2563
vn -0.4021 -0.9125 -0.0750
vn -0.2811 -0.9393 -0.1968
vn -0.7394 -0.4728 -0.4793
vn -0.5097 -0.4313 0.7444
vn -0.2091 -0.9240 0.3200
vn 0.4498 -0.2961 -0.8426
vn 0.2641 -0.9163 -0.3010
vn -0.1846 -0.9392 -0.2895
vn -0.4487 -0.4727 -0.7584
vn -0.8634 -0.2887 0.4137
vn -0.3117 -0.9160 0.2528
vn 0.3292 -0.9237 -0.1962
vn 0.7653 -0.4303 -0.4787
vn 0.0593 -0.9394 0.3378
vn 0.1813 -0.4732 0.8621
vn 0.8878 -0.4301 -0.1639
vn 0.3753 -0.9236 -0.0781
vn -0.9159 -0.2899 0.2777
vn -0.4005 -0.9160 0.0241
vn -0.1980 -0.9393 0.2802
vn -0.4838 -0.4730 0.7364
vn 0.7420 -0.4304 0.5140
vn 0.3197 -0.9237 0.2111
vn -0.2995 -0.9159 -0.2674
vn -0.8430 -0.2886 -0.4539
vn 0.3382 -0.9392 -0.0588
vn 0.8624 -0.4727 -0.1814
vn -0.1633 -0.4312 -0.8873
vn -0.0772 -0.9240 -0.3745
vn 0.2752 -0.2951 0.9150
vn 0.0246 -0.9164 0.3996
vn 0.0751 -0.9393 -0.3349
vn 0.2217 -0.4729 -0.8528
vn -0.3989 -0.9160 -0.0432
vn -0.9018 -0.2898 -0.3205
vn 0.3712 -0.9236 0.0954
vn 0.8791 -0.4302 0.2053
vn -0.3382 -0.9393 0.0585
vn -0.8624 -0.4727 0.1812
vn 0.0772 -0.9241 0.3743
vn 0.1634 -0.4315 0.8872
vn -0.0246 -0.9162 -0.3999
vn -0.2752 -0.2948 -0.9150
vn 0.3350 -0.9393 0.0743
vn 0.8529 -0.4727 0.2216
vn 0.0434 -0.9162 -0.3983
vn 0.3179 -0.2949 -0.9011
vn -0.0947 -0.9241 0.3702
vn -0.2048 -0.4315 0.8786
vn 0.8970 -0.4416 0.0210
vn 0.2811 -0.9597 0.0065
vn 0.1941 -0.9598 0.2026
vn 0.6203 -0.4420 0.6480
vn -0.0066 -0.9600 0.2799
vn -0.0211 -0.4424 0.8965
vn -0.2034 -0.9598 0.1933
vn -0.6501 -0.4420 0.6181
vn -0.2811 -0.9597 -0.0067
vn -0.8970 -0.4416 -0.0212
vn -0.1941 -0.9598 -0.2029
vn -0.6203 -0.4418 -0.6481
vn 0.0066 -0.9599 -0.2802
vn 0.0211 -0.4422 -0.8967
vn 0.6501 -0.4418 -0.6182
vn 0.2034 -0.9598 -0.1935
vn -0.4294 -0.8991 0.0846
vn -0.9119 -0.3689 0.1798
vn -0.1798 -0.3687 -0.9120
vn -0.0847 -0.8991 -0.4296
vn 0.9119 -0.3688 -0.1799
vn 0.4294 -0.8991 -0.0848
vn 0.1798 -0.3690 0.9119
vn 0.0847 -0.8992 0.4293
vn -0.4256 -0.8991 -0.1026
vn -0.9037 -0.3688 -0.2176
vn 0.1024 -0.8991 -0.4257
vn 0.2175 -0.3687 -0.9037
vn 0.4256 -0.8991 0.1023
vn 0.9037 -0.3689 0.2175
vn -0.2175 -0.3690 0.9036
vn -0.1024 -0.8992 0.4254
vn 0.3630 -0.8992 0.2445
vn 0.7708 -0.3689 0.5194
vn -0.5194 -0.3690 0.7708
vn -0.2446 -0.8992 0.3629
vn -0.7708 -0.3688 -0.5195
vn -0.3630 -0.8991 -0.2447
vn 0.5194 -0.3687 -0.7709
vn 0.2446 -0.8991 -0.3631
vn 0.0823 -0.8992 0.4298
vn 0.1748 -0.3690 0.9128
vn -0.4299 -0.8991 0.0822
vn -0.9129 -0.3689 0.1748
vn -0.0823 -0.8990 -0.4300
vn -0.1748 -0.3687 -0.9130
vn 0.9129 -0.3688 -0.1749
vn 0.4299 -0.8991 -0.0825
vn 0.2449 -0.8991 -0.3629
vn 0.5201 -0.3687 -0.7704
vn 0.7703 -0.3689 0.5201
vn 0.3628 -0.8992 0.2448
vn -0.5201 -0.3690 0.7703
vn -0.2449 -0.8992 0.3626
vn -0.7703 -0.3688 -0.5202
vn -0.3628 -0.8991 -0.2451
vn -0.2273 -0.8991 -0.3742
vn -0.4826 -0.3687 -0.7944
vn 0.3741 -0.8991 -0.2274
vn 0.7944 -0.3688 -0.4827
vn 0.2273 -0.8992 0.3739
vn 0.4826 -0.3690 0.7943
vn -0.7944 -0.3689 0.4826
vn -0.3741 -0.8991 0.2271
vn -0.2450 -0.8992 0.3626
vn 0.3739 -0.8991 -0.2278
vn 0.7939 -0.3688 -0.4834
vn 0.2276 -0.8992 0.3737
vn 0.4834 -0.3690 0.7939
vn -0.3739 -0.8991 0.2275
vn -0.7939 -0.3689 0.4833
vn -0.4834 -0.3687 -0.7940
vn -0.2276 -0.8991 -0.3740
vn 0.3635 -0.8992 0.2436
vn 0.7720 -0.3689 0.5176
vn 0.2285 -0.8992 0.3732
vn 0.4852 -0.3690 0.7928
vn -0.0837 -0.8990 -0.4298
vn -0.1777 -0.3687 -0.9124
vn 0.2458 -0.8991 -0.3623
vn 0.5219 -0.3687 -0.7692
vn -0.4297 -0.8991 0.0832
vn -0.9125 -0.3689 0.1769
vn -0.1038 -0.8992 0.4251
vn -0.2204 -0.3690 0.9029
vn 0.4297 -0.8991 -0.0834
vn 0.9125 -0.3688 -0.1770
vn -0.4253 -0.8991 -0.1035
vn -0.9032 -0.3688 -0.2196
vn -0.7720 -0.3688 -0.5177
vn -0.3635 -0.8991 -0.2439
vn -0.2438 -0.8992 0.3634
vn -0.5177 -0.3690 0.7719
vn 0.2438 -0.8991 -0.3637
vn 0.5177 -0.3687 -0.7720
vn -0.4852 -0.3687 -0.7929
vn -0.2285 -0.8991 -0.3735
vn -0.3734 -0.8991 0.2283
vn -0.7928 -0.3689 0.4851
vn 0.7928 -0.3688 -0.4853
vn 0.3733 -0.8991 -0.2286
vn 0.1777 -0.3690 0.9123
vn 0.0837 -0.8992 0.4295
vn 0.4296 -0.8991 -0.0838
vn 0.9123 -0.3688 -0.1778
vn -0.4296 -0.8991 0.0836
vn -0.9123 -0.3689 0.1777
vn -0.5219 -0.3690 0.7691
vn -0.2458 -0.8992 0.3621
vn 0.3622 -0.8991 0.2456
vn 0.7691 -0.3689 0.5219
vn -0.7691 -0.3688 -0.5220
vn -0.3622 -0.8991 -0.2459
vn -0.0833 -0.8991 -0.4298
vn -0.1769 -0.3687 -0.9126
vn 0.0833 -0.8992 0.4296
vn 0.1769 -0.3690 0.9124
vn 0.2204 -0.3687 -0.9030
vn 0.1038 -0.8991 -0.4254
vn -0.9030 -0.3688 -0.2205
vn -0.4252 -0.8991 -0.1039
vn 0.9030 -0.3689 0.2204
vn 0.4252 -0.8991 0.1037
vn -0.0833 -0.8990 -0.4298
vn 0.9032 -0.3689 0.2195
vn 0.4253 -0.8991 0.1033
vn 0.2196 -0.3687 -0.9032
vn 0.1034 -0.8991 -0.4254
vn -0.2196 -0.3690 0.9031
vn -0.1034 -0.8992 0.4252
vn 0.4386 -0.8986 0.0102
vn 0.9296 -0.3680 0.0218
vn 0.6424 -0.3689 0.6718
vn 0.3035 -0.8992 0.3153
vn -0.0218 -0.3698 0.9288
vn -0.0103 -0.8997 0.4365
vn -0.6732 -0.3689 0.6408
vn -0.3180 -0.8992 0.3007
vn -0.9296 -0.3680 -0.0219
vn -0.4386 -0.8986 -0.0104
vn -0.6424 -0.3687 -0.6719
vn -0.3035 -0.8991 -0.3156
vn 0.0218 -0.3696 -0.9290
vn 0.0103 -0.8995 -0.4368
vn 0.3180 -0.8991 -0.3010
vn 0.6732 -0.3688 -0.6409
vn 0.8801 -0.4419 -0.1736
vn 0.2753 -0.9598 -0.0544
vn 0.0543 -0.9599 0.2752
vn 0.1736 -0.4421 0.8800
vn -0.2754 -0.9598 0.0542
vn -0.8801 -0.4420 0.1735
vn -0.0543 -0.9598 -0.2755
vn -0.1736 -0.4418 -0.8802
vn 0.8721 -0.4420 0.2099
vn 0.2729 -0.9598 0.0655
vn -0.2099 -0.4421 0.8721
vn -0.0657 -0.9598 0.2727
vn -0.8721 -0.4419 -0.2100
vn -0.2729 -0.9598 -0.0658
vn 0.0657 -0.9598 -0.2730
vn 0.2099 -0.4418 -0.8722
vn -0.7439 -0.4419 -0.5014
vn -0.2327 -0.9598 -0.1570
vn 0.1568 -0.9598 -0.2329
vn 0.5013 -0.4418 -0.7440
vn 0.2327 -0.9598 0.1567
vn 0.7439 -0.4420 0.5012
vn -0.1568 -0.9598 0.2326
vn -0.5013 -0.4421 0.7438
vn -0.1687 -0.4418 -0.8811
vn -0.0528 -0.9598 -0.2758
vn 0.8810 -0.4419 -0.1688
vn 0.2756 -0.9598 -0.0529
vn 0.1687 -0.4421 0.8810
vn 0.0528 -0.9599 0.2755
vn -0.2757 -0.9598 0.0526
vn -0.8810 -0.4419 0.1686
vn -0.5020 -0.4420 0.7434
vn -0.1571 -0.9598 0.2325
vn -0.2326 -0.9598 -0.1572
vn -0.7434 -0.4419 -0.5021
vn 0.1571 -0.9598 -0.2327
vn 0.2326 -0.9598 0.1569
vn 0.7434 -0.4420 0.5019
vn 0.4658 -0.4420 0.7666
vn 0.1457 -0.9598 0.2397
vn -0.7666 -0.4420 0.4657
vn -0.2398 -0.9598 0.1456
vn -0.4658 -0.4418 -0.7667
vn -0.1457 -0.9598 -0.2400
vn 0.2399 -0.9598 -0.1459
vn 0.7666 -0.4419 -0.4659
vn -0.5020 -0.4421 0.7434
vn -0.1570 -0.9598 0.2325
vn -0.7435 -0.4418 -0.5020
vn -0.7662 -0.4420 0.4664
vn -0.2397 -0.9598 0.1458
vn -0.4665 -0.4418 -0.7663
vn -0.1459 -0.9598 -0.2399
vn 0.7662 -0.4419 -0.4666
vn 0.2397 -0.9598 -0.1461
vn 0.1460 -0.9598 0.2396
vn 0.4665 -0.4420 0.7661
vn -0.7450 -0.4419 -0.4997
vn -0.2331 -0.9598 -0.1564
vn -0.4683 -0.4418 -0.7652
vn -0.1465 -0.9598 -0.2395
vn 0.1715 -0.4421 0.8804
vn 0.0537 -0.9599 0.2753
vn -0.5037 -0.4420 0.7422
vn -0.1576 -0.9598 0.2321
vn 0.8806 -0.4419 -0.1708
vn 0.2755 -0.9598 -0.0536
vn 0.2127 -0.4418 -0.8715
vn 0.0666 -0.9598 -0.2728
vn -0.8807 -0.4420 0.1707
vn -0.2755 -0.9598 0.0533
vn 0.8717 -0.4420 0.2119
vn 0.2727 -0.9598 0.0662
vn 0.2331 -0.9598 0.1562
vn 0.7450 -0.4420 0.4995
vn 0.4996 -0.4418 -0.7451
vn 0.1563 -0.9598 -0.2332
vn -0.4996 -0.4420 0.7450
vn -0.1563 -0.9598 0.2330
vn 0.1465 -0.9598 0.2392
vn 0.4683 -0.4420 0.7651
vn 0.7651 -0.4419 -0.4683
vn 0.2394 -0.9598 -0.1466
vn -0.2394 -0.9598 0.1464
vn -0.7651 -0.4420 0.4682
vn -0.0537 -0.9598 -0.2756
vn -0.1715 -0.4418 -0.8806
vn -0.8805 -0.4420 0.1715
vn -0.2755 -0.9598 0.0535
vn 0.8805 -0.4419 -0.1716
vn 0.2755 -0.9598 -0.0538
vn 0.1576 -0.9598 -0.2324
vn 0.5037 -0.4418 -0.7424
vn -0.7423 -0.4419 -0.5038
vn -0.2322 -0.9598 -0.1577
vn 0.2322 -0.9598 0.1574
vn 0.7423 -0.4420 0.5036
vn 0.1707 -0.4421 0.8806
vn 0.0534 -0.9599 0.2754
vn -0.1707 -0.4418 -0.8807
vn -0.0534 -0.9598 -0.2757
vn -0.0666 -0.9599 0.2725
vn -0.2127 -0.4421 0.8714
vn 0.2727 -0.9598 0.0664
vn 0.8715 -0.4420 0.2127
vn -0.2726 -0.9598 -0.0667
vn -0.8715 -0.4419 -0.2128
vn 0.0534 -0.9598 0.2754
vn -0.2727 -0.9598 -0.0664
vn -0.8717 -0.4419 -0.2120
vn -0.0663 -0.9598 0.2726
vn -0.2119 -0.4421 0.8716
vn 0.0663 -0.9598 -0.2729
vn 0.2119 -0.4418 -0.8717
vn 0.8976 -0.4404 0.0210
vn 0.2819 -0.9594 0.0065
vn 0.1938 -0.9598 0.2029
vn 0.6210 -0.4420 0.6472
vn -0.0066 -0.9602 0.2791
vn -0.0211 -0.4436 0.8960
vn -0.2031 -0.9598 0.1936
vn -0.6508 -0.4420 0.6173
vn -0.2819 -0.9594 -0.0068
vn -0.8976 -0.4404 -0.0212
vn -0.1938 -0.9598 -0.2032
vn -0.6210 -0.4418 -0.6474
vn 0.0066 -0.9601 -0.2794
vn 0.0211 -0.4433 -0.8961
vn 0.6508 -0.4418 -0.6175
vn 0.2031 -0.9598 -0.1938
vn 0.6424 -0.3689 0.6717
vn 0.3035 -0.8991 0.3153
vn 0.0103 -0.8995 -0.4367
vn -0.8975 -0.4404 -0.0212
vn -0.1937 -0.9598 -0.2032
vn 0.6210 -0.4420 0.6473
vn -0.6508 -0.4420 0.6174
vn -0.4438 -0.8958 -0.0240
vn -0.9310 -0.3647 -0.0140
vn -0.6455 -0.3602 -0.6735
vn -0.3123 -0.8935 -0.3227
vn 0.0141 -0.3568 -0.9341
vn 0.0241 -0.8905 -0.4543
vn 0.6779 -0.3498 -0.6466
vn 0.3348 -0.8868 -0.3186
vn 0.9299 -0.3666 0.0279
vn 0.4428 -0.8966 -0.0055
vn 0.6392 -0.3821 0.6674
vn 0.2920 -0.9075 0.3021
vn -0.0142 -0.3771 0.9261
vn -0.0238 -0.9035 0.4280
vn -0.3160 -0.8998 0.3007
vn -0.6722 -0.3700 0.6413
vn -0.9201 -0.3688 -0.1316
vn -0.4333 -0.8991 -0.0621
vn 0.2626 -0.8992 0.3501
vn 0.5576 -0.3690 0.7436
vn 0.3502 -0.8991 -0.2627
vn 0.7436 -0.3688 -0.5577
vn -0.2626 -0.8991 -0.3503
vn -0.5576 -0.3687 -0.7437
vn -0.3502 -0.8992 0.2624
vn -0.7437 -0.3689 0.5576
vn 0.9253 -0.3688 -0.0882
vn 0.4357 -0.8991 -0.0416
vn -0.0415 -0.8991 -0.4359
vn -0.0882 -0.3687 -0.9254
vn -0.4358 -0.8991 0.0414
vn -0.9253 -0.3688 0.0881
vn 0.0882 -0.3690 0.9252
vn 0.0415 -0.8992 0.4356
vn 0.2788 -0.8991 -0.3376
vn 0.5920 -0.3687 -0.7167
vn -0.7166 -0.3687 -0.5920
vn -0.3375 -0.8991 -0.2789
vn -0.2788 -0.8992 0.3373
vn -0.5920 -0.3690 0.7166
vn 0.3375 -0.8992 0.2786
vn 0.7166 -0.3689 0.5919
vn 0.1315 -0.3687 -0.9202
vn 0.0619 -0.8991 -0.4334
vn -0.0620 -0.8992 0.4332
vn -0.1315 -0.3690 0.9201
vn 0.9201 -0.3689 0.1315
vn 0.4333 -0.8991 0.0618
vn -0.3502 -0.8991 0.2625
vn 0.7437 -0.3688 -0.5577
vn 0.2158 -0.9512 -0.2207
vn 0.8358 -0.2441 -0.4917
vn 0.1738 -0.9598 0.2205
vn 0.5260 -0.4389 0.7285
vn -0.2356 -0.9594 0.1553
vn -0.7001 -0.4209 0.5768
vn -0.1771 -0.9596 -0.2186
vn -0.5196 -0.4338 -0.7361
vn 0.4153 -0.9018 0.1191
vn 0.9693 -0.2430 0.0369
vn -0.0484 -0.9125 0.4062
vn -0.1466 -0.3996 0.9049
vn -0.3425 -0.9384 -0.0467
vn -0.8721 -0.4718 -0.1297
vn 0.0951 -0.4398 -0.8931
vn 0.0677 -0.9310 -0.3588
vn 0.2280 -0.9594 0.1662
vn 0.6722 -0.4209 0.6091
vn -0.1840 -0.9598 0.2121
vn -0.5596 -0.4389 0.7030
vn -0.2052 -0.9512 -0.2306
vn -0.8118 -0.2441 -0.5304
vn 0.1872 -0.9596 -0.2100
vn 0.5536 -0.4338 -0.7109
vn 0.0292 -0.9125 0.4080
vn 0.1039 -0.3996 0.9108
vn -0.4205 -0.9018 0.0995
vn -0.9700 -0.2429 -0.0087
vn -0.0507 -0.9310 -0.3616
vn -0.0530 -0.4397 -0.8966
vn 0.8772 -0.4718 -0.0886
vn 0.3443 -0.9384 -0.0305
vn -0.2158 -0.9513 0.2204
vn -0.8359 -0.2442 0.4916
vn -0.1738 -0.9597 -0.2208
vn -0.5260 -0.4387 -0.7287
vn 0.2356 -0.9593 -0.1556
vn 0.7001 -0.4207 -0.5769
vn 0.1771 -0.9597 0.2183
vn 0.5195 -0.4340 0.7360
vn -0.4153 -0.9018 -0.1194
vn -0.9693 -0.2429 -0.0370
vn 0.0484 -0.9124 -0.4065
vn 0.1466 -0.3993 -0.9050
vn 0.3425 -0.9384 0.0464
vn 0.8721 -0.4719 0.1296
vn -0.0951 -0.4400 0.8929
vn -0.0677 -0.9311 0.3585
vn -0.1872 -0.9597 0.2098
vn -0.5536 -0.4340 0.7108
vn -0.2281 -0.9593 -0.1665
vn -0.6722 -0.4207 -0.6092
vn 0.1840 -0.9597 -0.2124
vn 0.5596 -0.4387 -0.7031
vn 0.2052 -0.9513 0.2303
vn 0.8118 -0.2443 0.5304
vn -0.3443 -0.9384 0.0302
vn -0.8772 -0.4718 0.0884
vn -0.0292 -0.9124 -0.4083
vn -0.1039 -0.3993 -0.9109
vn 0.4205 -0.9018 -0.0997
vn 0.9700 -0.2430 0.0086
vn 0.0531 -0.4400 0.8964
vn 0.0507 -0.9311 0.3613
vn -0.2792 -0.9597 -0.0313
vn -0.8879 -0.4382 -0.1400
vn 0.0159 -0.9588 -0.2837
vn 0.1803 -0.4018 -0.8978
vn 0.2794 -0.9597 0.0299
vn 0.8880 -0.4371 0.1426
vn -0.0500 -0.9596 0.2768
vn -0.0945 -0.4322 0.8968
vn -0.2054 -0.9333 -0.2947
vn -0.5624 -0.4486 -0.6946
vn 0.3286 -0.9189 -0.2182
vn 0.7032 -0.3954 -0.5909
vn 0.2458 -0.9153 0.3191
vn 0.5469 -0.4093 0.7303
vn -0.7084 -0.4641 0.5318
vn -0.2800 -0.9357 0.2147
vn -0.0506 -0.9596 0.2767
vn -0.0930 -0.4311 0.8975
vn -0.2793 -0.9597 -0.0309
vn -0.8879 -0.4379 -0.1407
vn 0.0133 -0.9584 -0.2850
vn 0.1875 -0.3907 -0.9012
vn 0.8881 -0.4371 0.1424
vn -0.2792 -0.9360 0.2142
vn -0.7081 -0.4650 0.5314
vn -0.2040 -0.9337 -0.2941
vn -0.5637 -0.4489 -0.6934
vn 0.3339 -0.9171 -0.2180
vn 0.7033 -0.3841 -0.5983
vn 0.5464 -0.4082 0.7314
vn 0.2469 -0.9149 0.3195
vn 0.2122 -0.9586 -0.1898
vn 0.7690 -0.3960 -0.5018
vn 0.1737 -0.9598 0.2206
vn 0.5263 -0.4391 0.7282
vn -0.2320 -0.9596 0.1591
vn -0.7040 -0.4322 0.5635
vn -0.1765 -0.9596 -0.2190
vn -0.5207 -0.4349 -0.7347
vn 0.3909 -0.9168 0.0819
vn 0.9178 -0.3883 0.0831
vn -0.0522 -0.9167 0.3962
vn -0.1369 -0.4125 0.9006
vn -0.3470 -0.9366 -0.0490
vn -0.8752 -0.4668 -0.1268
vn 0.0939 -0.4432 -0.8915
vn 0.0675 -0.9325 -0.3549
vn 0.0183 -0.9598 0.2802
vn 0.0991 -0.4384 0.8933
vn -0.2789 -0.9596 0.0372
vn -0.9004 -0.4319 0.0530
vn -0.0172 -0.9597 -0.2806
vn -0.1018 -0.4369 -0.8937
vn 0.2841 -0.9588 -0.0028
vn 0.9054 -0.4010 -0.1396
vn -0.2274 -0.9357 0.2696
vn -0.5637 -0.4643 0.6832
vn -0.3077 -0.9151 -0.2605
vn -0.7047 -0.4089 -0.5798
vn 0.2329 -0.9187 -0.3189
vn 0.6231 -0.3944 -0.6754
vn 0.6679 -0.4488 0.5937
vn 0.2848 -0.9334 0.2184
vn 0.2768 -0.9596 0.0509
vn 0.8976 -0.4308 0.0938
vn -0.0311 -0.9598 0.2791
vn -0.1419 -0.4380 0.8877
vn -0.2850 -0.9584 -0.0134
vn -0.9014 -0.3891 -0.1897
vn 0.0304 -0.9597 -0.2795
vn 0.1437 -0.4369 -0.8879
vn 0.2140 -0.9361 0.2793
vn 0.5305 -0.4652 0.7087
vn -0.2942 -0.9339 0.2033
vn -0.6939 -0.4491 0.5628
vn -0.2173 -0.9168 -0.3350
vn -0.5984 -0.3824 -0.7041
vn 0.7323 -0.4076 -0.5454
vn 0.3201 -0.9147 -0.2468
vn -0.2242 -0.9596 -0.1702
vn -0.6767 -0.4321 -0.5961
vn 0.1839 -0.9597 -0.2125
vn 0.5600 -0.4388 -0.7027
vn 0.2031 -0.9587 0.1993
vn 0.7445 -0.3962 0.5373
vn -0.1866 -0.9597 0.2102
vn -0.5546 -0.4351 0.7093
vn -0.0335 -0.9166 -0.3984
vn -0.0944 -0.4122 -0.9062
vn 0.3943 -0.9168 -0.0637
vn 0.9207 -0.3882 -0.0400
vn 0.0508 -0.9326 0.3574
vn 0.0519 -0.4435 0.8948
vn -0.3490 -0.9366 0.0323
vn -0.8802 -0.4668 0.0853
vn 0.2803 -0.9597 -0.0181
vn 0.8935 -0.4383 -0.0981
vn 0.0369 -0.9596 0.2788
vn 0.0522 -0.4322 0.9003
vn -0.2805 -0.9597 0.0167
vn -0.8938 -0.4371 0.1007
vn -0.0025 -0.9588 -0.2841
vn -0.1379 -0.4018 -0.9053
vn 0.2696 -0.9357 0.2276
vn 0.6826 -0.4641 0.5645
vn -0.2605 -0.9153 0.3072
vn -0.5806 -0.4093 0.7038
vn -0.3180 -0.9189 -0.2334
vn -0.6747 -0.3954 -0.6233
vn 0.5944 -0.4486 -0.6674
vn 0.2190 -0.9333 -0.2847
vn 0.0001 -0.9584 -0.2853
vn -0.1449 -0.3907 -0.9091
vn 0.2804 -0.9597 -0.0178
vn 0.8936 -0.4379 -0.0989
vn 0.0375 -0.9596 0.2788
vn 0.0507 -0.4311 0.9009
vn -0.2805 -0.9597 0.0168
vn -0.8938 -0.4371 0.1005
vn 0.2176 -0.9337 -0.2842
vn 0.5956 -0.4489 -0.6661
vn 0.2689 -0.9360 0.2271
vn 0.6823 -0.4650 0.5641
vn -0.2616 -0.9149 0.3075
vn -0.5802 -0.4081 0.7049
vn -0.6744 -0.3841 -0.6306
vn -0.3233 -0.9171 -0.2334
vn -0.2122 -0.9587 0.1895
vn -0.7690 -0.3961 0.5017
vn -0.1737 -0.9597 -0.2209
vn -0.5263 -0.4389 -0.7283
vn 0.2320 -0.9596 -0.1594
vn 0.7040 -0.4321 -0.5637
vn 0.1765 -0.9597 0.2187
vn 0.5207 -0.4351 0.7346
vn -0.3909 -0.9168 -0.0822
vn -0.9178 -0.3882 -0.0833
vn 0.0522 -0.9166 -0.3964
vn 0.1369 -0.4122 -0.9007
vn 0.3471 -0.9366 0.0487
vn 0.8752 -0.4669 0.1266
vn -0.0939 -0.4435 0.8914
vn -0.0675 -0.9326 0.3546
vn 0.0314 -0.9597 -0.2793
vn 0.1410 -0.4381 -0.8878
vn 0.2836 -0.9588 0.0158
vn 0.8978 -0.4010 0.1819
vn -0.0303 -0.9597 0.2792
vn -0.1437 -0.4371 0.8878
vn -0.2768 -0.9596 -0.0505
vn -0.8969 -0.4319 -0.0953
vn 0.2947 -0.9333 -0.2050
vn 0.6950 -0.4487 -0.5618
vn 0.2177 -0.9188 0.3292
vn 0.5907 -0.3946 0.7039
vn -0.3196 -0.9152 0.2455
vn -0.7311 -0.4091 0.5460
vn -0.2144 -0.9357 -0.2803
vn -0.5310 -0.4640 -0.7090
vn -0.2853 -0.9584 -0.0002
vn -0.9094 -0.3892 0.1470
vn -0.0179 -0.9597 -0.2805
vn -0.1000 -0.4378 -0.8935
vn 0.2789 -0.9596 -0.0381
vn 0.9010 -0.4308 -0.0516
vn 0.0172 -0.9597 0.2803
vn 0.1018 -0.4372 0.8936
vn -0.2843 -0.9338 -0.2172
vn -0.6667 -0.4490 -0.5949
vn 0.2269 -0.9360 -0.2692
vn 0.5632 -0.4650 -0.6831
vn 0.3081 -0.9147 0.2613
vn 0.7059 -0.4078 0.5791
vn -0.6308 -0.3827 0.6751
vn -0.2328 -0.9169 0.3241
vn 0.2242 -0.9596 0.1699
vn 0.6767 -0.4322 0.5960
vn -0.1838 -0.9598 0.2122
vn -0.5599 -0.4391 0.7026
vn -0.2031 -0.9586 -0.1995
vn -0.7445 -0.3960 -0.5374
vn 0.1866 -0.9596 -0.2105
vn 0.5546 -0.4349 -0.7094
vn 0.0335 -0.9167 0.3982
vn 0.0944 -0.4125 0.9061
vn -0.3943 -0.9168 0.0634
vn -0.9207 -0.3883 0.0399
vn -0.0507 -0.9325 -0.3577
vn -0.0519 -0.4432 -0.8949
vn 0.8802 -0.4668 -0.0855
vn 0.3490 -0.9366 -0.0326
vn 0.0165 -0.9588 -0.2835
vn 0.1786 -0.4041 -0.8971
vn 0.2798 -0.9597 0.0279
vn 0.8885 -0.4344 0.1475
vn -0.0498 -0.9596 0.2768
vn -0.0948 -0.4324 0.8967
vn -0.2796 -0.9597 -0.0292
vn -0.8883 -0.4357 -0.1452
vn 0.3257 -0.9205 -0.2161
vn 0.7018 -0.3990 -0.5902
vn 0.2463 -0.9139 0.3228
vn 0.5504 -0.4061 0.7295
vn -0.2792 -0.9364 0.2127
vn -0.7062 -0.4662 0.5328
vn -0.5660 -0.4438 -0.6948
vn -0.2059 -0.9322 -0.2977
vn -0.2318 -0.9596 0.1594
vn -0.7042 -0.4327 0.5629
vn -0.1766 -0.9596 -0.2189
vn -0.5205 -0.4347 -0.7349
vn 0.2127 -0.9588 -0.1884
vn 0.7651 -0.4016 -0.5033
vn 0.1746 -0.9598 0.2200
vn 0.5244 -0.4380 0.7302
vn -0.3472 -0.9365 -0.0492
vn -0.8754 -0.4667 -0.1264
vn 0.0674 -0.9321 -0.3560
vn 0.0944 -0.4425 -0.8918
vn 0.3873 -0.9185 0.0800
vn 0.9149 -0.3947 0.0848
vn -0.0535 -0.9161 0.3974
vn -0.1349 -0.4113 0.9015
vn -0.0284 -0.9597 0.2796
vn -0.1486 -0.4346 0.8883
vn -0.2768 -0.9596 -0.0504
vn -0.8967 -0.4321 -0.0957
vn 0.0294 -0.9596 -0.2797
vn 0.1462 -0.4356 -0.8882
vn 0.2834 -0.9589 0.0164
vn 0.8971 -0.4034 0.1802
vn -0.3232 -0.9138 0.2459
vn -0.7304 -0.4059 0.5494
vn -0.2125 -0.9363 -0.2795
vn -0.5319 -0.4662 -0.7069
vn 0.2977 -0.9323 -0.2055
vn 0.6952 -0.4439 -0.5653
vn 0.5899 -0.3983 0.7024
vn 0.2156 -0.9204 0.3263
vn -0.2036 -0.9588 -0.1982
vn -0.7406 -0.4016 -0.5387
vn 0.1867 -0.9596 -0.2104
vn 0.5545 -0.4347 -0.7096
vn 0.2240 -0.9596 0.1701
vn 0.6770 -0.4327 0.5953
vn -0.1847 -0.9598 0.2115
vn -0.5581 -0.4380 0.7047
vn -0.0507 -0.9321 -0.3587
vn -0.0524 -0.4424 -0.8953
vn 0.3491 -0.9365 -0.0328
vn 0.8803 -0.4667 -0.0852
vn 0.0347 -0.9161 0.3995
vn 0.0924 -0.4113 0.9068
vn -0.9178 -0.3948 0.0417
vn -0.3906 -0.9185 0.0617
vn -0.2808 -0.9596 0.0148
vn -0.8945 -0.4344 0.1056
vn -0.0031 -0.9588 -0.2839
vn -0.1362 -0.4041 -0.9045
vn 0.2806 -0.9597 -0.0160
vn 0.8941 -0.4358 -0.1033
vn 0.0368 -0.9596 0.2788
vn 0.0525 -0.4324 0.9001
vn -0.3152 -0.9205 -0.2311
vn -0.6732 -0.3990 -0.6225
vn 0.2196 -0.9322 -0.2877
vn 0.5980 -0.4438 -0.6674
vn 0.2689 -0.9364 0.2256
vn 0.6804 -0.4662 0.5654
vn -0.5841 -0.4061 0.7028
vn -0.2612 -0.9139 0.3108
vn 0.2318 -0.9596 -0.1596
vn 0.7042 -0.4325 -0.5630
vn 0.1766 -0.9597 0.2187
vn 0.5205 -0.4349 0.7348
vn -0.2127 -0.9588 0.1881
vn -0.7651 -0.4018 0.5032
vn -0.1746 -0.9597 -0.2203
vn -0.5244 -0.4377 -0.7303
vn 0.3472 -0.9365 0.0489
vn 0.8753 -0.4667 0.1263
vn -0.0674 -0.9322 0.3557
vn -0.0944 -0.4427 0.8917
vn -0.3873 -0.9184 -0.0803
vn -0.9149 -0.3947 -0.0849
vn 0.0535 -0.9160 -0.3977
vn 0.1349 -0.4110 -0.9016
vn 0.0284 -0.9596 -0.2799
vn 0.1486 -0.4343 -0.8884
vn 0.2768 -0.9596 0.0501
vn 0.8967 -0.4322 0.0955
vn -0.0294 -0.9597 0.2794
vn -0.1462 -0.4359 0.8880
vn -0.2834 -0.9589 -0.0167
vn -0.8971 -0.4034 -0.1803
vn 0.3232 -0.9137 -0.2462
vn 0.7304 -0.4057 -0.5495
vn 0.2125 -0.9364 0.2792
vn 0.5320 -0.4664 0.7068
vn -0.2977 -0.9323 0.2052
vn -0.6952 -0.4441 0.5652
vn -0.5899 -0.3981 -0.7025
vn -0.2155 -0.9203 -0.3265
vn 0.1847 -0.9597 -0.2118
vn 0.5582 -0.4378 -0.7049
vn 0.2036 -0.9588 0.1979
vn 0.7406 -0.4018 0.5386
vn -0.1867 -0.9597 0.2101
vn -0.5545 -0.4349 0.7095
vn -0.2240 -0.9596 -0.1703
vn -0.6770 -0.4325 -0.5955
vn 0.3907 -0.9184 -0.0620
vn 0.9178 -0.3947 -0.0418
vn 0.0506 -0.9322 0.3585
vn 0.0524 -0.4427 0.8951
vn -0.3491 -0.9365 0.0325
vn -0.8803 -0.4667 0.0850
vn -0.0924 -0.4110 -0.9070
vn -0.0348 -0.9160 -0.3997
vn 0.0620 -0.8991 -0.4334
vn -0.0619 -0.8992 0.4332
vn -0.7166 -0.3688 -0.5920
vn 0.5919 -0.3688 -0.7167
vn 0.2787 -0.8991 -0.3376
vn -0.9253 -0.3689 0.0881
vn -0.4357 -0.8991 0.0414
vn 0.0881 -0.3690 0.9252
vn -0.4336 -0.8991 -0.0598
vn -0.9208 -0.3688 -0.1268
vn 0.0597 -0.8991 -0.4337
vn 0.1267 -0.3687 -0.9209
vn 0.9208 -0.3689 0.1267
vn 0.4336 -0.8991 0.0595
vn -0.0597 -0.8992 0.4335
vn -0.1267 -0.3690 0.9208
vn -0.5615 -0.3687 -0.7408
vn -0.2644 -0.8991 -0.3489
vn 0.3488 -0.8991 -0.2646
vn 0.7407 -0.3688 -0.5616
vn 0.2644 -0.8992 0.3487
vn 0.5615 -0.3690 0.7407
vn -0.7407 -0.3689 0.5615
vn -0.3488 -0.8991 0.2643
vn -0.0596 -0.8992 0.4335
vn -0.1266 -0.3690 0.9208
vn -0.9208 -0.3688 -0.1267
vn 0.1266 -0.3687 -0.9209
vn 0.0596 -0.8991 -0.4338
vn 0.9208 -0.3689 0.1266
vn -0.3488 -0.8992 0.2643
vn -0.5616 -0.3687 -0.7407
vn 0.5616 -0.3690 0.7406
vn 0.2645 -0.8992 0.3486
vn -0.7436 -0.3689 0.5576
vn -0.3502 -0.8992 0.2625
vn 0.0619 -0.8990 -0.4334
vn 0.0397 -0.8992 0.4358
vn 0.0843 -0.3690 0.9256
vn -0.4359 -0.8991 0.0396
vn -0.9257 -0.3689 0.0843
vn -0.0843 -0.3687 -0.9257
vn -0.0397 -0.8991 -0.4360
vn 0.4359 -0.8991 -0.0398
vn 0.9257 -0.3688 -0.0844
vn -0.5949 -0.3689 0.7141
vn -0.2801 -0.8992 0.3362
vn -0.3363 -0.8991 -0.2803
vn -0.7142 -0.3688 -0.5949
vn 0.2802 -0.8991 -0.3364
vn 0.5949 -0.3688 -0.7142
vn 0.7142 -0.3689 0.5948
vn 0.3363 -0.8992 0.2800
vn 0.4335 -0.8991 0.0601
vn 0.9207 -0.3689 0.1278
vn -0.0602 -0.8992 0.4334
vn -0.1278 -0.3690 0.9206
vn -0.4336 -0.8991 -0.0603
vn -0.9207 -0.3688 -0.1279
vn 0.0602 -0.8991 -0.4337
vn 0.1278 -0.3687 -0.9207
vn 0.2640 -0.8992 0.3490
vn 0.5606 -0.3690 0.7413
vn -0.3492 -0.8991 0.2639
vn -0.7414 -0.3689 0.5606
vn -0.2640 -0.8991 -0.3493
vn -0.5606 -0.3687 -0.7414
vn 0.3491 -0.8991 -0.2641
vn 0.7414 -0.3688 -0.5607
vn 0.5920 -0.3688 -0.7167
vn -0.5919 -0.3689 0.7166
vn -0.2787 -0.8992 0.3374
vn -0.0881 -0.3687 -0.9254
vn 0.9257 -0.3688 -0.0833
vn 0.4359 -0.8991 -0.0394
vn 0.0833 -0.3690 0.9257
vn 0.0392 -0.8992 0.4358
vn -0.9258 -0.3689 0.0832
vn -0.4360 -0.8991 0.0391
vn -0.0833 -0.3687 -0.9258
vn -0.0392 -0.8991 -0.4361
vn 0.7135 -0.3690 0.5957
vn 0.3360 -0.8992 0.2804
vn -0.5957 -0.3690 0.7135
vn -0.2805 -0.8992 0.3359
vn -0.7135 -0.3688 -0.5958
vn -0.3360 -0.8991 -0.2807
vn 0.2805 -0.8991 -0.3361
vn 0.5957 -0.3687 -0.7136
vn -0.0832 -0.3687 -0.9258
vn 0.4359 -0.8991 -0.0393
vn 0.9258 -0.3688 -0.0833
vn 0.0832 -0.3690 0.9257
vn -0.9258 -0.3688 0.0832
vn 0.5958 -0.3688 -0.7135
vn 0.2806 -0.8991 -0.3361
vn 0.7135 -0.3689 0.5957
vn -0.2805 -0.8992 0.3358
vn -0.5958 -0.3690 0.7134
vn -0.7135 -0.3687 -0.5958
vn 0.7437 -0.3687 -0.5577
vn 0.2626 -0.8992 0.3500
vn 0.0620 -0.8990 -0.4334
vn 0.0601 -0.8991 -0.4337
vn 0.1277 -0.3687 -0.9207
vn 0.4335 -0.8991 0.0600
vn 0.9207 -0.3689 0.1277
vn -0.1277 -0.3690 0.9206
vn -0.9207 -0.3688 -0.1278
vn 0.3491 -0.8991 -0.2642
vn 0.7413 -0.3688 -0.5607
vn 0.5607 -0.3690 0.7413
vn -0.7413 -0.3689 0.5606
vn -0.3491 -0.8992 0.2639
vn -0.5607 -0.3687 -0.7414
vn -0.9257 -0.3688 0.0844
vn -0.0844 -0.3687 -0.9257
vn 0.9256 -0.3688 -0.0845
vn 0.4359 -0.8991 -0.0399
vn 0.0844 -0.3690 0.9256
vn 0.0398 -0.8992 0.4358
vn -0.7142 -0.3687 -0.5949
vn -0.3364 -0.8991 -0.2802
vn 0.5949 -0.3687 -0.7143
vn 0.2801 -0.8991 -0.3365
vn -0.5948 -0.3690 0.7142
vn -0.2787 -0.8992 0.3373
vn 0.5615 -0.3690 0.7406
vn -0.2640 -0.8991 -0.3492
vn 0.9253 -0.3689 -0.0882
vn 0.4360 -0.8991 -0.0393
vn 0.5957 -0.3687 -0.7135
vn -0.5957 -0.3689 0.7135
vn 0.3374 -0.8992 0.2786
vn 0.4212 -0.9036 -0.0783
vn 0.9093 -0.3760 -0.1785
vn 0.1860 -0.3122 0.9316
vn 0.0839 -0.8603 0.5028
vn -0.9428 -0.2897 0.1651
vn -0.5212 -0.8431 0.1322
vn -0.1638 -0.3609 -0.9181
vn -0.1150 -0.8909 -0.4394
vn 0.6966 -0.7029 0.1440
vn 0.9638 -0.0964 0.2488
vn -0.1443 -0.7001 0.6993
vn -0.2490 -0.0928 0.9641
vn -0.6991 -0.7005 -0.1435
vn -0.9639 -0.0936 -0.2494
vn 0.2491 -0.0974 -0.9636
vn 0.1432 -0.7034 -0.6962
vn -0.5215 -0.7723 -0.3628
vn -0.8217 -0.1867 -0.5385
vn 0.5310 -0.2354 -0.8140
vn 0.3434 -0.8068 -0.4808
vn 0.8272 -0.1975 0.5260
vn 0.5023 -0.7741 0.3853
vn -0.5338 -0.1541 0.8315
vn -0.3957 -0.7462 0.5354
vn -0.1536 -0.7310 -0.6649
vn -0.1676 -0.1342 -0.9767
vn 0.6655 -0.7308 -0.1517
vn 0.9766 -0.1335 -0.1687
vn 0.1536 -0.7312 0.6647
vn 0.1676 -0.1345 0.9766
vn -0.9766 -0.1335 0.1687
vn -0.6655 -0.7309 0.1515
vn -0.2821 -0.8773 0.3884
vn -0.5211 -0.3374 0.7840
vn -0.7752 -0.3329 -0.5369
vn -0.4133 -0.8739 -0.2558
vn 0.5231 -0.3863 -0.7597
vn 0.2200 -0.9090 -0.3540
vn 0.7658 -0.3895 0.5118
vn 0.3350 -0.9115 0.2387
vn 0.1480 -0.9491 0.2779
vn 0.4749 -0.4286 0.7687
vn -0.4270 -0.8870 0.1760
vn -0.8003 -0.3078 0.5146
vn -0.3467 -0.8559 -0.3837
vn -0.4720 -0.2280 -0.8516
vn 0.7926 -0.4042 -0.4566
vn 0.2835 -0.9312 -0.2291
vn 0.2962 -0.8286 -0.4751
vn 0.5541 -0.2660 -0.7888
vn 0.4738 -0.8286 0.2981
vn 0.7896 -0.2657 0.5532
vn -0.2962 -0.8287 0.4749
vn -0.5541 -0.2662 0.7888
vn -0.7896 -0.2655 -0.5533
vn -0.4738 -0.8285 -0.2984
vn -0.5960 -0.6989 0.3954
vn -0.8601 -0.0927 0.5016
vn -0.3824 -0.7162 -0.5837
vn -0.5024 -0.1147 -0.8570
vn 0.5933 -0.7068 -0.3853
vn 0.8577 -0.1008 -0.5043
vn 0.5044 -0.0843 0.8593
vn 0.3938 -0.6940 0.6027
vn -0.4356 -0.8653 -0.2481
vn -0.7725 -0.3256 -0.5452
vn -0.3920 -0.7020 -0.5945
vn -0.5051 -0.0957 -0.8577
vn 0.0913 -0.7533 0.6513
vn 0.2127 -0.1667 0.9628
vn -0.3623 -0.7320 0.5770
vn -0.5713 -0.1353 0.8095
vn 0.3930 -0.9161 -0.0790
vn 0.9017 -0.3962 -0.1728
vn 0.0225 -0.8843 -0.4663
vn 0.2605 -0.3324 -0.9065
vn -0.5446 -0.8294 0.1246
vn -0.9492 -0.2669 0.1666
vn 0.6997 -0.6992 0.1472
vn 0.9638 -0.0908 0.2508
vn 0.7799 -0.3515 0.5179
vn 0.3748 -0.8865 0.2713
vn 0.2268 -0.9052 -0.3595
vn 0.5225 -0.3791 -0.7637
vn -0.2967 -0.8410 0.4523
vn -0.5417 -0.2824 0.7917
vn 0.5057 -0.0944 0.8575
vn 0.3915 -0.7014 0.5956
vn 0.5935 -0.7037 -0.3906
vn 0.8573 -0.0977 -0.5054
vn -0.8579 -0.0924 0.5055
vn -0.5966 -0.6997 0.3929
vn -0.1970 -0.2190 -0.9556
vn -0.1093 -0.7957 -0.5958
vn -0.6501 -0.7527 0.1038
vn -0.9649 -0.1610 0.2076
vn 0.5969 -0.7977 -0.0854
vn 0.9517 -0.2268 -0.2072
vn 0.5713 -0.1350 -0.8095
vn 0.3623 -0.7318 -0.5772
vn -0.5794 -0.7300 -0.3626
vn -0.8095 -0.1326 -0.5720
vn 0.8095 -0.1328 0.5720
vn 0.5794 -0.7301 0.3624
vn -0.9303 -0.3206 0.1782
vn -0.4887 -0.8672 0.0958
vn 0.0654 -0.8963 0.4386
vn 0.1854 -0.3672 0.9115
vn -0.1091 -0.8922 -0.4383
vn -0.1649 -0.3618 -0.9175
vn -0.2005 -0.3903 0.8986
vn -0.1355 -0.9272 0.3491
vn 0.8743 -0.4329 0.2196
vn 0.3032 -0.9510 0.0612
vn -0.9503 -0.2086 -0.2312
vn -0.4697 -0.8735 -0.1280
vn 0.9492 -0.2668 -0.1667
vn 0.5446 -0.8293 -0.1249
vn -0.1664 -0.2647 -0.9499
vn -0.1258 -0.8278 -0.5468
vn 0.1664 -0.2649 0.9498
vn 0.1258 -0.8279 0.5466
vn -0.9615 -0.1066 -0.2531
vn -0.6910 -0.7092 -0.1398
vn -0.2520 -0.0839 0.9641
vn -0.1461 -0.6932 0.7058
vn 0.2492 -0.1112 -0.9620
vn 0.1461 -0.7144 -0.6843
vn 0.3512 -0.8596 -0.3712
vn 0.7000 -0.1275 -0.7026
vn 0.2511 -0.7628 -0.5959
vn 0.5667 -0.8238 0.0124
vn 0.9985 0.0511 -0.0176
vn 0.3358 -0.8422 0.4219
vn 0.7324 0.1625 0.6612
vn -0.0505 -0.9550 0.2924
vn 0.0654 -0.0696 0.9954
vn -0.6504 -0.5340 0.5403
vn -0.0286 -0.9996 -0.0014
vn -0.6321 -0.7748 -0.0099
vn -0.6898 0.7186 -0.0884
vn -0.1875 0.9190 0.3469
vn -0.5582 0.7341 -0.3866
vn 0.0969 0.9509 -0.2939
vn -0.5427 0.5348 -0.6477
vn 0.1402 0.5148 -0.8457
vn -0.6556 0.2291 -0.7195
vn -0.0868 -0.1431 -0.9859
vn -0.8341 -0.0031 -0.5516
vn -0.4545 -0.6364 -0.6232
vn -0.9702 -0.0179 -0.2418
vn -0.7439 -0.6676 0.0303
vn -0.9810 0.1929 0.0205
vn -0.7820 -0.2189 0.5835
vn -0.8635 0.4979 0.0807
vn -0.5500 0.4383 0.7109
vn 0.3830 -0.9221 -0.0562
vn 0.9825 -0.1758 -0.0612
vn 0.3313 -0.8968 0.2931
vn 0.7580 -0.1266 0.6399
vn 0.0086 -0.9031 0.4294
vn 0.0806 -0.2112 0.9741
vn -0.6256 -0.3362 0.7040
vn -0.2672 -0.9364 0.2274
vn -0.5457 -0.7922 0.2732
vn -0.0297 -0.9992 -0.0286
vn -0.2021 -0.5885 -0.7828
vn -0.5302 -0.7725 -0.3494
vn 0.6294 -0.3661 -0.6854
vn 0.1424 -0.9666 -0.2133
vn 0.2684 0.9633 -0.0046
vn 0.5255 0.5762 -0.6260
vn -0.0895 0.9862 -0.1392
vn -0.2373 0.5034 -0.8308
vn -0.3634 0.9286 0.0756
vn -0.8224 0.3988 -0.4057
vn -0.3351 0.8413 0.4241
vn -0.8899 0.3225 0.3228
vn -0.1108 0.5551 0.8244
vn -0.5353 0.1583 0.8297
vn 0.9143 0.3981 -0.0750
vn 0.6483 0.6725 0.3570
vn -0.4721 -0.8639 -0.1756
vn -0.9185 -0.0740 -0.3885
vn -0.6739 -0.7387 -0.0135
vn -0.1854 -0.8271 -0.5306
vn -0.3831 0.0841 -0.9199
vn 0.2514 -0.8726 -0.4188
vn 0.3632 0.0986 -0.9265
vn 0.2706 -0.9608 -0.0599
vn 0.8910 -0.2114 -0.4017
vn 0.7252 -0.5494 0.4150
vn 0.0145 -0.9992 0.0360
vn 0.2337 -0.7673 0.5972
vn 0.2495 0.9054 -0.3435
vn 0.6364 0.3665 -0.6787
vn -0.0637 0.8786 -0.4733
vn -0.0240 0.3073 -0.9513
vn -0.3745 0.8631 -0.3388
vn -0.6827 0.2866 -0.6721
vn -0.4961 0.8679 -0.0268
vn -0.9486 0.3164 -0.0130
vn -0.3652 0.8894 0.2751
vn -0.6743 0.3782 0.6342
vn -0.0635 0.9151 0.3982
vn -0.0266 0.4361 0.8995
vn 0.2406 0.9308 0.2753
vn 0.6247 0.4571 0.6331
vn 0.3737 0.9271 -0.0300
vn 0.9033 0.4286 -0.0188
vn 0.2201 -0.9105 -0.3500
vn 0.4638 -0.2575 -0.8477
vn 0.4062 -0.9090 -0.0939
vn 0.9290 -0.2487 -0.2740
vn 0.3559 -0.9078 0.2218
vn 0.8541 -0.2401 0.4614
vn 0.0917 -0.9081 0.4085
vn 0.2763 -0.2396 0.9307
vn -0.2234 -0.9101 0.3490
vn -0.4636 -0.2528 0.8492
vn -0.3998 -0.9122 0.0900
vn -0.9238 -0.2688 0.2726
vn -0.3463 -0.9129 -0.2161
vn -0.8458 -0.2739 -0.4579
vn -0.2732 -0.2673 -0.9241
vn -0.0919 -0.9121 -0.3996
vn -0.6491 0.6926 -0.3147
vn -0.8091 0.2473 -0.5332
vn -0.3291 0.5462 0.7703
vn -0.4126 0.8471 0.3349
vn 0.1639 0.9694 0.1827
vn 0.3283 0.5591 0.7613
vn 0.4215 0.9063 -0.0305
vn 0.8629 0.3977 0.3118
vn 0.4398 0.8214 -0.3631
vn 0.8985 0.2129 -0.3839
vn 0.2047 0.7681 -0.6068
vn 0.4107 0.1170 -0.9042
vn -0.1320 0.7779 -0.6144
vn -0.3002 0.1664 -0.9392
vn 0.2066 -0.9188 -0.3364
vn 0.5009 -0.2798 -0.8190
vn 0.3769 -0.9234 -0.0726
vn 0.9337 -0.2605 -0.2457
vn 0.2700 -0.9432 0.1934
vn 0.8255 -0.3188 0.4658
vn 0.0448 -0.9612 0.2721
vn 0.2386 -0.4118 0.8795
vn -0.1319 -0.9723 0.1928
vn -0.4432 -0.5162 0.7329
vn -0.8680 -0.4934 0.0558
vn -0.1522 -0.9883 -0.0094
vn -0.6205 -0.7515 -0.2243
vn -0.1298 -0.9539 -0.2706
vn -0.2770 -0.3087 -0.9099
vn -0.4439 -0.7477 -0.4938
vn 0.1355 0.7485 -0.6491
vn 0.3305 0.2880 -0.8988
vn -0.6455 0.4816 0.5928
vn -0.4511 0.8541 0.2589
vn 0.1052 0.8793 0.4644
vn -0.0987 0.3529 0.9305
vn 0.4349 0.8017 0.4101
vn 0.5801 0.1533 0.8000
vn 0.6277 0.7688 0.1225
vn 0.9772 0.0769 0.1981
vn 0.5566 0.8026 -0.2145
vn 0.8451 0.1710 -0.5066
vn 0.3682 -0.8318 0.4154
vn 0.6996 -0.0321 0.7138
vn -0.0461 -0.8552 0.5162
vn 0.0034 -0.0766 0.9971
vn -0.3337 -0.9068 0.2576
vn -0.6724 -0.1965 0.7136
vn -0.2534 -0.9665 -0.0408
vn -0.9137 -0.4020 0.0601
vn -0.5107 -0.5825 -0.6324
vn 0.0024 -0.9997 -0.0237
vn 0.1113 -0.7569 -0.6439
vn 0.0111 -0.8441 -0.5361
vn 0.0156 -0.1124 -0.9935
vn -0.2441 -0.7408 -0.6258
vn 0.3996 -0.8365 -0.3750
vn 0.7161 -0.0845 -0.6929
vn 0.9990 -0.0419 0.0149
vn 0.5592 -0.8287 0.0225
vn 0.0348 0.9559 -0.2916
vn 0.2020 0.5383 -0.8182
vn -0.2859 0.9249 -0.2505
vn -0.4898 0.4763 -0.7302
vn -0.4861 0.8739 0.0019
vn -0.9164 0.3540 -0.1868
vn -0.4490 0.8310 0.3283
vn -0.8282 0.2410 0.5060
vn -0.1857 0.8221 0.5382
vn -0.2650 0.2044 0.9423
vn 0.1500 0.8540 0.4982
vn 0.4432 0.2673 0.8556
vn 0.3512 0.9074 0.2311
vn 0.8709 0.3923 0.2960
vn 0.2991 0.9493 -0.0966
vn 0.7663 0.5043 -0.3981
vn -0.0853 -0.8340 0.5451
vn -0.1054 -0.0454 0.9934
vn 0.1792 -0.5434 0.8202
vn -0.3646 -0.9048 0.2201
vn -0.7909 -0.2266 0.5685
vn -0.9013 -0.3118 -0.3007
vn -0.2424 -0.9639 -0.1096
vn -0.5511 -0.6527 -0.5198
vn -0.5575 0.6007 0.5730
vn -0.6523 -0.1170 0.7489
vn -0.2478 0.6761 0.6939
vn 0.0025 0.0370 0.9993
vn 0.0269 0.8269 0.5617
vn 0.5797 0.3653 0.7284
vn 0.1004 0.9598 0.2622
vn 0.7349 0.6702 0.1038
vn 0.0152 0.9397 -0.3417
vn 0.4719 0.7297 -0.4947
vn -0.2930 0.5506 -0.7817
vn -0.1801 0.8909 -0.4169
vn -0.6245 0.7809 -0.0139
vn -0.8215 0.3023 -0.4836
vn -0.7114 0.6463 0.2761
vn -0.9914 -0.0049 0.1305
vn 0.2198 -0.9717 0.0870
vn 0.7700 -0.4858 0.4136
vn 0.5830 -0.8103 0.0588
vn 0.0726 -0.9460 0.3158
vn 0.2153 -0.3421 0.9147
vn -0.1982 -0.9324 0.3024
vn -0.5226 -0.1210 0.8440
vn -0.3423 -0.9381 0.0531
vn -0.9743 -0.1064 0.1984
vn -0.2355 -0.9564 -0.1729
vn -0.7713 -0.3394 -0.5384
vn -0.0696 -0.4949 -0.8662
vn 0.0095 -0.9800 -0.1987
vn 0.1753 -0.7949 -0.5808
vn -0.7824 0.4483 0.4322
vn -0.5092 -0.0992 0.8549
vn -0.5580 0.6997 0.4462
vn -0.0505 0.4467 0.8933
vn -0.4031 0.8879 0.2219
vn 0.2665 0.8671 0.4208
vn -0.4019 0.9098 -0.1035
vn 0.2631 0.9237 -0.2784
vn -0.5517 0.7574 -0.3492
vn -0.0547 0.5893 -0.8061
vn -0.7715 0.5125 -0.3771
vn -0.5084 0.0508 -0.8596
vn -0.9357 0.3141 -0.1606
vn -0.8355 -0.3811 -0.3960
vn -0.9415 0.2857 0.1785
vn -0.8370 -0.4450 0.3184
vt 0.000000 0.000000
vt 0.000000 0.039480
vt 0.000000 0.750000
vt 0.000000 0.627491
vt 0.000000 0.584221
vt 0.000000 0.031906
vt 0.916667 0.125000
vt 0.997430 0.125000
vt 0.997384 0.000000
vt 0.916667 0.000000
vt 0.000000 0.125000
vt 0.083333 0.125000
vt 0.083333 0.000000
vt 0.000000 0.250000
vt 0.083333 0.250000
vt 0.007341 0.500000
vt 0.083333 0.500000
vt 0.083333 0.375000
vt 0.006374 0.375000
vt 0.009032 0.625000
vt 0.083333 0.625000
vt 0.007341 0.500000
vt 0.011018 0.750000
vt 0.083333 0.750000
vt 0.009032 0.625000
vt 0.011120 0.875000
vt 0.083333 0.875000
vt 0.011019 0.750000
vt 0.000000 1.000000
vt 0.083333 1.000000
vt 0.011121 0.875000
vt 0.000000 0.877536
vt 0.166667 1.000000
vt 0.166667 0.875000
vt 0.166667 0.125000
vt 0.166667 0.000000
vt 0.166667 0.250000
vt 0.166667 0.375000
vt 0.166667 0.500000
vt 0.166667 0.625000
vt 0.166667 0.750000
vt 0.250000 1.000000
vt 0.250000 0.875000
vt 0.250000 0.125000
vt 0.250000 0.000000
vt 0.250000 0.250000
vt 0.250000 0.375000
vt 0.250000 0.500000
vt 0.250000 0.625000
vt 0.250000 0.750000
vt 0.333333 1.000000
vt 0.333333 0.875000
vt 0.333333 0.125000
vt 0.333333 0.000000
vt 0.333333 0.250000
vt 0.333333 0.375000
vt 0.333333 0.500000
vt 0.333333 0.625000
vt 0.333333 0.750000
vt 0.416667 1.000000
vt 0.416667 0.875000
vt 0.416667 0.125000
vt 0.416667 0.000000
vt 0.416667 0.250000
vt 0.416667 0.375000
vt 0.416667 0.500000
vt 0.416667 0.625000
vt 0.416667 0.750000
vt 0.500000 1.000000
vt 0.500000 0.875000
vt 0.500000 0.125000
vt 0.500000 0.000000
vt 0.500000 0.250000
vt 0.500000 0.375000
vt 0.500000 0.500000
vt 0.500000 0.625000
vt 0.500000 0.750000
vt 0.583333 1.000000
vt 0.583333 0.875000
vt 0.583333 0.125000
vt 0.583333 0.000000
vt 0.583333 0.250000
vt 0.583333 0.375000
vt 0.583333 0.500000
vt 0.583333 0.625000
vt 0.583333 0.750000
vt 0.666667 1.000000
vt 0.666667 0.875000
vt 0.666667 0.125000
vt 0.666667 0.000000
vt 0.666667 0.250000
vt 0.666667 0.375000
vt 0.666667 0.500000
vt 0.666667 0.625000
vt 0.666667 0.750000
vt 0.750000 1.000000
vt 0.750000 0.875000
vt 0.750000 0.125000
vt 0.750000 0.000000
vt 0.750000 0.250000
vt 0.750000 0.375000
vt 0.750000 0.500000
vt 0.750000 0.625000
vt 0.750000 0.750000
vt 0.833333 1.000000
vt 0.833334 0.875000
vt 0.833333 0.125000
vt 0.833333 0.000000
vt 0.833333 0.250000
vt 0.833333 0.375000
vt 0.833333 0.500000
vt 0.833334 0.625000
vt 0.833333 0.750000
vt 0.916667 1.000000
vt 0.916667 0.875000
vt 0.916667 0.250000
vt 0.916667 0.375000
vt 0.916667 0.500000
vt 0.916667 0.625000
vt 0.916667 0.750000
vt 1.000000 0.858125
vt 1.000000 0.016876
vt 1.000000 0.128675
vt 1.000000 0.251930
vt 1.000000 0.375609
vt 1.000000 0.499391
vt 1.000000 0.623070
vt 1.000000 0.746324
vt 0.997384 1.000000
vt 0.997652 0.875000
vt 0.998044 0.375000
vt 0.997740 0.250000
vt 0.998199 0.500000
vt 0.998176 0.625000
vt 0.997979 0.750000
vt 0.998176 0.625000
vt 0.997652 0.875000
vt 0.997979 0.750000
vt 0.001697 1.000000
vt 0.083333 0.875000
vt 0.001860 0.875000
vt 0.001589 0.125000
vt 0.083333 0.125000
vt 0.083333 0.000000
vt 0.001697 0.000000
vt 0.001626 0.250000
vt 0.083333 0.250000
vt 0.001589 0.125000
vt 0.001814 0.375000
vt 0.083333 0.375000
vt 0.001626 0.250000
vt 0.000000 0.500000
vt 0.083333 0.500000
vt 0.001814 0.375000
vt 0.000000 0.377467
vt 0.000000 0.747519
vt 0.001983 0.750000
vt 0.083333 0.625000
vt 0.000000 0.625000
vt 0.001860 0.875000
vt 0.001983 0.750000
vt 0.000000 0.372481
vt 0.002005 0.375000
vt 0.083333 0.375000
vt 0.083333 0.250000
vt 0.166667 1.000000
vt 0.166667 0.875000
vt 0.166667 0.125000
vt 0.166667 0.250000
vt 0.166667 0.375000
vt 0.166667 0.500000
vt 0.166667 0.750000
vt 0.250000 0.875000
vt 0.250000 0.125000
vt 0.250000 0.000000
vt 0.250000 0.250000
vt 0.250000 0.375000
vt 0.250000 0.500000
vt 0.250000 0.625000
vt 0.250000 0.750000
vt 0.333333 0.875000
vt 0.333333 0.125000
vt 0.333333 0.000000
vt 0.333333 0.250000
vt 0.333333 0.375000
vt 0.333333 0.625000
vt 0.333333 0.750000
vt 0.416667 1.000000
vt 0.416667 0.875000
vt 0.416667 0.125000
vt 0.416667 0.000000
vt 0.416667 0.250000
vt 0.416667 0.375000
vt 0.416667 0.500000
vt 0.416667 0.625000
vt 0.416667 0.750000
vt 0.500000 0.125000
vt 0.500000 0.250000
vt 0.500000 0.375000
vt 0.500000 0.500000
vt 0.583333 1.000000
vt 0.583333 0.875000
vt 0.583333 0.125000
vt 0.583333 0.000000
vt 0.583333 0.250000
vt 0.583333 0.375000
vt 0.583333 0.500000
vt 0.583333 0.625000
vt 0.666667 1.000000
vt 0.666667 0.875000
vt 0.666667 0.125000
vt 0.666667 0.375000
vt 0.666667 0.625000
vt 0.666666 0.750000
vt 0.750000 1.000000
vt 0.750000 0.875000
vt 0.750000 0.125000
vt 0.750000 0.250000
vt 0.750000 0.500000
vt 0.750000 0.750000
vt 0.833333 0.875000
vt 0.833333 0.125000
vt 0.833333 0.000000
vt 0.833333 0.250000
vt 0.833333 0.500000
vt 0.833333 0.625000
vt 0.833333 0.750000
vt 0.916667 1.000000
vt 0.916667 0.875000
vt 0.916667 0.125000
vt 0.916667 0.000000
vt 0.916667 0.375000
vt 0.916667 0.500000
vt 0.916667 0.625000
vt 0.916667 0.750000
vt 1.000000 1.000000
vt 1.000000 0.875000
vt 1.000000 0.125000
vt 1.000000 0.000000
vt 1.000000 0.250000
vt 1.000000 0.375000
vt 1.000000 0.500000
vt 1.000000 0.625000
vt 1.000000 0.750000
vt 0.916667 0.125000
vt 0.998882 0.125000
vt 0.998870 0.000000
vt 0.916666 0.000000
vt 0.083333 0.125000
vt 0.003261 0.500000
vt 0.083333 0.500000
vt 0.002005 0.375000
vt 0.004012 0.625000
vt 0.003261 0.500000
vt 0.002861 0.750000
vt 0.083333 0.750000
vt 0.004012 0.625000
vt 0.001785 0.875000
vt 0.083333 0.875000
vt 0.002861 0.750000
vt 0.083333 1.000000
vt 0.001785 0.875000
vt 0.000000 0.877519
vt 0.166667 0.125000
vt 0.166667 0.000000
vt 0.166667 0.250000
vt 0.166667 0.375000
vt 0.166667 0.500000
vt 0.166667 0.750000
vt 0.250000 0.875000
vt 0.250000 0.375000
vt 0.250000 0.625000
vt 0.333333 1.000000
vt 0.333333 0.875000
vt 0.333333 0.125000
vt 0.333333 0.000000
vt 0.333333 0.250000
vt 0.333333 0.500000
vt 0.333333 0.625000
vt 0.333333 0.750000
vt 0.416667 1.000000
vt 0.416667 0.875000
vt 0.416667 0.125000
vt 0.416667 0.375000
vt 0.416667 0.500000
vt 0.416667 0.750000
vt 0.500000 0.125000
vt 0.500000 0.375000
vt 0.500000 0.500000
vt 0.583333 1.000000
vt 0.583333 0.125000
vt 0.583333 0.000000
vt 0.583333 0.250000
vt 0.583333 0.375000
vt 0.583333 0.625000
vt 0.583333 0.750000
vt 0.666667 0.875000
vt 0.666667 0.125000
vt 0.666667 0.375000
vt 0.666667 0.625000
vt 0.666667 0.750000
vt 0.750000 0.875000
vt 0.750000 0.125000
vt 0.750000 0.250000
vt 0.750000 0.500000
vt 0.750000 0.625000
vt 0.833333 0.875000
vt 0.833333 0.125000
vt 0.833333 0.250000
vt 0.833333 0.625000
vt 0.833333 0.750000
vt 0.916667 0.250000
vt 0.916667 0.375000
vt 0.916667 0.500000
vt 0.916667 0.625000
vt 0.916667 0.750000
vt 1.000000 0.858125
vt 1.000000 0.016875
vt 1.000000 0.128676
vt 1.000000 0.251929
vt 1.000000 0.375609
vt 1.000000 0.499391
vt 1.000000 0.623070
vt 1.000000 0.746324
vt 0.998870 1.000000
vt 0.998786 0.875000
vt 0.998705 0.375000
vt 0.998821 0.250000
vt 0.998594 0.500000
vt 0.998574 0.625000
vt 0.998594 0.500000
vt 0.998663 0.750000
vt 0.998574 0.625000
vt 0.998786 0.875000
vt 0.998663 0.750000
vt 0.001981 1.000000
vt 0.083333 1.000000
vt 0.083333 0.875000
vt 0.001657 0.875000
vt 0.002228 0.125000
vt 0.001980 0.000000
vt 0.002136 0.250000
vt 0.002228 0.125000
vt 0.001813 0.375000
vt 0.083333 0.375000
vt 0.002136 0.250000
vt 0.001538 0.500000
vt 0.001813 0.375000
vt 0.001416 0.625000
vt 0.083333 0.625000
vt 0.001538 0.500000
vt 0.001455 0.750000
vt 0.001416 0.625000
vt 0.001657 0.875000
vt 0.001455 0.750000
vt 0.916667 0.125000
vt 1.000000 0.003877
vt 0.998193 0.000000
vt 0.916667 0.000000
vt 0.166667 1.000000
vt 0.166667 0.125000
vt 0.166667 0.000000
vt 0.166667 0.250000
vt 0.166667 0.375000
vt 0.166667 0.500000
vt 0.166667 0.625000
vt 0.166667 0.750000
vt 0.250000 1.000000
vt 0.250000 0.750000
vt 0.333333 0.875000
vt 0.333333 0.125000
vt 0.333333 0.375000
vt 0.333333 0.500000
vt 0.416667 1.000000
vt 0.416667 0.875000
vt 0.416667 0.250000
vt 0.416667 0.375000
vt 0.416667 0.500000
vt 0.500000 1.000000
vt 0.500000 0.500000
vt 0.500000 0.750000
vt 0.583333 1.000000
vt 0.583333 0.125000
vt 0.583333 0.250000
vt 0.583333 0.625000
vt 0.583333 0.750000
vt 0.666667 1.000000
vt 0.666667 0.875000
vt 0.666667 0.125000
vt 0.666667 0.000000
vt 0.666667 0.250000
vt 0.666667 0.375000
vt 0.666667 0.625000
vt 0.666667 0.750000
vt 0.750000 0.125000
vt 0.750000 0.500000
vt 0.750000 0.750000
vt 0.833333 0.250000
vt 0.833333 0.375000
vt 0.833334 0.500000
vt 0.833333 0.625000
vt 0.916667 1.000000
vt 0.916667 0.875000
vt 0.916666 0.250000
vt 0.916667 0.375000
vt 0.916667 0.500000
vt 0.916667 0.625000
vt 0.916667 0.750000
vt 1.000000 0.858124
vt 1.000000 0.003877
vt 1.000000 0.246123
vt 1.000000 0.375609
vt 1.000000 0.499391
vt 1.000000 0.623071
vt 1.000000 0.746324
vt 0.998193 1.000000
vt 0.998485 0.875000
vt 0.998787 0.500000
vt 0.998606 0.375000
vt 0.998317 0.250000
vt 1.000000 0.246123
vt 0.998826 0.625000
vt 0.998723 0.750000
vt 0.998825 0.625000
vt 0.998485 0.875000
vt 0.998723 0.750000
vt 0.002006 1.000000
vt 0.083333 1.000000
vt 0.083333 0.875000
vt 0.001415 0.875000
vt 0.003209 0.125000
vt 0.083333 0.125000
vt 0.002006 0.000000
vt 0.003914 0.250000
vt 0.003209 0.125000
vt 0.002749 0.375000
vt 0.083333 0.375000
vt 0.003914 0.250000
vt 0.001748 0.500000
vt 0.002749 0.375000
vt 0.001318 0.625000
vt 0.083333 0.625000
vt 0.001748 0.500000
vt 0.083333 0.750000
vt 0.001318 0.625000
vt 0.000000 0.872508
vt 0.001415 0.875000
vt 1.000000 0.125000
vt 1.000000 0.003877
vt 0.997677 0.000000
vt 0.916667 0.000000
vt 0.166667 1.000000
vt 0.166667 0.875000
vt 0.166667 0.125000
vt 0.166667 0.250000
vt 0.166667 0.375000
vt 0.166667 0.500000
vt 0.166667 0.750000
vt 0.250000 0.875000
vt 0.250000 0.375000
vt 0.333333 0.875000
vt 0.333333 0.125000
vt 0.333333 0.250000
vt 0.333333 0.375000
vt 0.333333 0.500000
vt 0.333333 0.625000
vt 0.333333 0.750000
vt 0.416667 0.875000
vt 0.416667 0.125000
vt 0.416667 0.000000
vt 0.416667 0.500000
vt 0.416667 0.625000
vt 0.500000 0.250000
vt 0.500000 0.375000
vt 0.583333 1.000000
vt 0.583333 0.875000
vt 0.583333 0.000000
vt 0.583333 0.250000
vt 0.583333 0.750000
vt 0.666667 1.000000
vt 0.666667 0.125000
vt 0.666667 0.250000
vt 0.666667 0.375000
vt 0.666667 0.500000
vt 0.750000 0.125000
vt 0.750000 0.375000
vt 0.833333 1.000000
vt 0.833333 0.875000
vt 0.833333 0.125000
vt 0.833333 0.250000
vt 0.833333 0.375000
vt 0.833333 0.625000
vt 0.916667 0.875000
vt 0.916667 0.250000
vt 0.916667 0.375000
vt 0.916667 0.625000
vt 0.916667 0.750000
vt 1.000000 0.858124
vt 1.000000 0.003877
vt 1.000000 0.371123
vt 1.000000 0.499391
vt 1.000000 0.623070
vt 1.000000 0.746324
vt 0.997677 1.000000
vt 0.998315 0.875000
vt 0.998475 0.625000
vt 0.998071 0.500000
vt 0.997188 0.375000
vt 1.000000 0.371123
vt 0.998545 0.750000
vt 0.998475 0.625000
vt 0.998315 0.875000
vt 0.998545 0.750000
vt 0.002099 1.000000
vt 0.083333 0.875000
vt 0.001734 0.875000
vt 0.002103 0.125000
vt 0.083333 0.125000
vt 0.002099 0.000000
vt 0.001741 0.250000
vt 0.083333 0.250000
vt 0.002103 0.125000
vt 0.001399 0.375000
vt 0.083333 0.375000
vt 0.001741 0.250000
vt 0.001227 0.500000
vt 0.083333 0.500000
vt 0.001399 0.375000
vt 0.000000 0.622508
vt 0.001226 0.625000
vt 0.001227 0.500000
vt 0.000000 0.502491
vt 0.001394 0.750000
vt 0.001226 0.625000
vt 0.001734 0.875000
vt 0.001394 0.750000
vt 0.916667 0.125000
vt 0.998722 0.125000
vt 0.998747 0.000000
vt 0.916667 0.000000
vt 0.166667 1.000000
vt 0.166667 0.875000
vt 0.166667 0.125000
vt 0.166667 0.000000
vt 0.166667 0.500000
vt 0.166667 0.625000
vt 0.250000 0.875000
vt 0.250000 0.250000
vt 0.250000 0.750000
vt 0.333333 0.875000
vt 0.333333 0.250000
vt 0.333333 0.500000
vt 0.333333 0.625000
vt 0.416667 0.250000
vt 0.416667 0.375000
vt 0.416667 0.625000
vt 0.416667 0.750000
vt 0.583333 0.875000
vt 0.583333 0.250000
vt 0.583333 0.500000
vt 0.583333 0.750000
vt 0.666667 0.375000
vt 0.750000 1.000000
vt 0.750000 0.125000
vt 0.750000 0.250000
vt 0.750000 0.375000
vt 0.750000 0.500000
vt 0.750000 0.625000
vt 0.833333 1.000000
vt 0.833333 0.000000
vt 0.833333 0.625000
vt 0.833333 0.750000
vt 0.916667 0.875000
vt 0.916667 0.375000
vt 0.916667 0.500000
vt 0.916667 0.750000
vt 1.000000 0.856044
vt 1.000000 0.018954
vt 1.000000 0.129143
vt 1.000000 0.252174
vt 1.000000 0.375686
vt 1.000000 0.499314
vt 1.000000 0.622827
vt 1.000000 0.745858
vt 0.998747 1.000000
vt 0.998840 0.875000
vt 0.998890 0.375000
vt 0.998788 0.250000
vt 0.998964 0.500000
vt 0.998890 0.375000
vt 0.998980 0.625000
vt 0.998964 0.500000
vt 0.998934 0.750000
vt 0.998980 0.625000
vt 0.998840 0.875000
vt 0.998934 0.750000
vt 0.000000 0.497473
vt 0.001836 0.500000
vt 0.083333 0.500000
vt 0.083333 0.375000
vt 0.000000 0.375000
vt 0.083333 0.875000
vt 0.000000 0.875000
vt 0.083333 0.125000
vt 0.083333 0.000000
vt 0.000000 0.250000
vt 0.001830 0.625000
vt 0.001836 0.500000
vt 0.001409 0.750000
vt 0.001830 0.625000
vt 0.001409 0.750000
vt 0.000000 0.752527
vt 0.998556 0.125000
vt 0.998510 0.000000
vt 0.166667 0.875000
vt 0.166667 0.500000
vt 0.250000 0.375000
vt 0.250000 0.750000
vt 0.333333 0.875000
vt 0.333333 0.375000
vt 0.333333 0.625000
vt 0.333333 0.750000
vt 0.416667 0.375000
vt 0.416667 0.500000
vt 0.500000 0.875000
vt 0.500000 0.125000
vt 0.500000 0.000000
vt 0.500000 0.500000
vt 0.500000 0.750000
vt 0.583333 0.125000
vt 0.583333 0.250000
vt 0.583333 0.500000
vt 0.666667 0.125000
vt 0.666667 0.000000
vt 0.666667 0.250000
vt 0.666667 0.500000
vt 0.666666 0.750000
vt 0.750000 0.125000
vt 0.750000 0.500000
vt 0.833333 0.125000
vt 0.833333 0.375000
vt 0.833334 0.500000
vt 0.833333 0.625000
vt 0.833333 0.750000
vt 0.916667 0.250000
vt 0.916667 0.625000
vt 0.916666 0.750000
vt 1.000000 0.858124
vt 1.000000 0.016875
vt 1.000000 0.128675
vt 1.000000 0.251930
vt 1.000000 0.375609
vt 1.000000 0.503877
vt 1.000000 0.621123
vt 1.000000 0.746324
vt 0.998510 1.000000
vt 0.998324 0.875000
vt 0.998226 0.375000
vt 0.998456 0.250000
vt 0.997956 0.500000
vt 0.998226 0.375000
vt 0.997863 0.625000
vt 1.000000 0.621123
vt 1.000000 0.503877
vt 0.997956 0.500000
vt 0.998049 0.750000
vt 0.997863 0.625000
vt 0.998324 0.875000
vt 0.998049 0.750000
vt 0.000000 0.997506
vt 0.003190 1.000000
vt 0.169485 1.000000
vt 0.169485 0.875000
vt 0.000000 0.875000
vt 0.005465 0.125000
vt 0.169485 0.125000
vt 0.169485 0.000000
vt 0.003191 0.000000
vt 0.012311 0.250000
vt 0.169485 0.250000
vt 0.005465 0.125000
vt 0.042114 0.374962
vt 0.178838 0.374987
vt 0.012310 0.250000
vt 0.006665 0.500000
vt 0.169485 0.500000
vt 0.042114 0.374962
vt 0.003528 0.625000
vt 0.169485 0.625000
vt 0.006665 0.500000
vt 0.000000 0.750000
vt 0.169485 0.750000
vt 0.003528 0.625000
vt 0.000000 0.627492
vt 0.916667 0.125000
vt 0.998478 0.125000
vt 0.998651 0.000000
vt 0.333333 0.125000
vt 0.333333 0.750000
vt 0.416667 0.875000
vt 0.416667 0.125000
vt 0.416667 0.000000
vt 0.416667 0.250000
vt 0.416667 0.375000
vt 0.416667 0.500000
vt 0.416667 0.750000
vt 0.500000 0.875000
vt 0.500000 0.250000
vt 0.500000 0.375000
vt 0.583333 0.250000
vt 0.583333 0.750000
vt 0.666667 0.875000
vt 0.666667 0.500000
vt 0.666667 0.750000
vt 0.750000 0.875000
vt 0.750000 0.125000
vt 0.750000 0.250000
vt 0.750000 0.625000
vt 0.833333 0.125000
vt 0.833334 0.250000
vt 0.833333 0.500000
vt 0.833333 0.625000
vt 0.833333 0.750000
vt 0.916667 1.000000
vt 0.916667 0.250000
vt 1.000000 0.858124
vt 1.000000 0.016876
vt 1.000000 0.128676
vt 1.000000 0.251930
vt 1.000000 0.375609
vt 1.000000 0.499391
vt 1.000000 0.623071
vt 1.000000 0.746324
vt 0.998651 1.000000
vt 0.998704 0.875000
vt 0.998104 0.375000
vt 0.998242 0.250000
vt 0.998207 0.500000
vt 0.998104 0.375000
vt 0.998441 0.625000
vt 0.998630 0.750000
vt 0.998441 0.625000
vt 0.000000 0.009564
vt 0.000000 0.742956
vt 0.000000 0.706294
vt 0.000000 0.008140
vt 0.000000 0.002321
vt 0.000000 0.001182
vt 0.000000 0.372464
vt 0.006374 0.375000
vt 0.000000 0.008140
vt 0.000000 0.706294
vt 0.000000 0.608055
vt 0.000000 0.006448
vt 0.000000 0.003579
vt 0.000000 0.372291
vt 0.000000 0.372464
vt 0.000000 0.002321
vt 0.000000 0.009564
vt 0.000000 0.010203
vt 0.000000 0.742956
vt 0.000000 0.006448
vt 0.000000 0.608055
vt 0.000000 0.492785
vt 0.000000 0.004940
vt 0.000000 0.001182
vt 0.000000 0.036508
vt 0.000000 0.589827
vt 0.000000 0.472540
vt 0.000000 0.028745
vt 0.000000 0.041202
vt 0.000000 0.049016
vt 0.000000 0.052604
vt 0.000000 0.059129
vt 0.000000 0.948519
vt 0.000000 0.997506
vt 0.000000 0.044727
vt 0.000000 0.627492
vt 0.000000 0.589827
vt 0.000000 0.036508
vt 0.000000 0.007227
vt 0.000000 0.118436
vt 0.000000 0.014282
vt 0.000000 0.236707
vt 0.000000 0.007227
vt 0.001658 0.021399
vt 0.027476 0.354732
vt 0.000000 0.236707
vt 0.000000 0.014282
vt 0.000000 0.028745
vt 0.001658 0.021399
vt 0.000000 0.013527
vt 0.000000 0.006440
vt 0.000000 0.041203
vt 0.000000 0.752527
vt 0.000000 0.715676
vt 0.000000 0.033760
vt 0.000000 0.022195
vt 0.000000 0.480158
vt 0.000000 0.497473
vt 0.000000 0.018106
vt 0.000000 0.006440
vt 0.000000 0.027311
vt 0.000000 0.598565
vt 0.000000 0.480157
vt 0.000000 0.022197
vt 0.000000 0.018105
vt 0.000000 0.013525
vt 0.000000 0.033758
vt 0.000000 0.715677
vt 0.000000 0.598563
vt 0.000000 0.027308
vt 0.000000 0.021740
vt 0.000000 0.607751
vt 0.000000 0.486076
vt 0.000000 0.017502
vt 0.000000 0.003943
vt 0.000000 0.350766
vt 0.000000 0.243143
vt 0.000000 0.002625
vt 0.000000 0.008954
vt 0.000000 0.010304
vt 0.000000 0.991281
vt 0.000000 0.869215
vt 0.000000 0.006447
vt 0.000000 0.622665
vt 0.000000 0.502492
vt 0.000000 0.414934
vt 0.000000 0.005217
vt 0.000000 0.001302
vt 0.000000 0.123266
vt 0.000000 0.008954
vt 0.000000 0.869215
vt 0.000000 0.745940
vt 0.000000 0.007677
vt 0.000000 0.002625
vt 0.000000 0.243143
vt 0.000000 0.001302
vt 0.000000 0.006694
vt 0.000000 0.243594
vt 0.000000 0.120170
vt 0.000000 0.003577
vt 0.000000 0.007677
vt 0.000000 0.006447
vt 0.000000 0.031906
vt 0.000000 0.470316
vt 0.000000 0.024919
vt 0.000000 0.047146
vt 0.000000 0.053315
vt 0.000000 0.956323
vt 0.000000 0.841739
vt 0.000000 0.006382
vt 0.000000 0.119018
vt 0.000000 0.012377
vt 0.000000 0.237175
vt 0.000000 0.119018
vt 0.000000 0.006382
vt 0.000000 0.018463
vt 0.000000 0.354388
vt 0.000000 0.237175
vt 0.000000 0.012377
vt 0.000000 0.024919
vt 0.000000 0.018463
vt 0.000000 0.005217
vt 0.000000 0.350766
vt 0.000000 0.003943
vt 0.000000 0.047146
vt 0.000000 0.872508
vt 0.000000 0.039480
vt 0.000000 0.017502
vt 0.000000 0.364463
vt 0.000000 0.013238
vt 0.000000 0.004348
vt 0.000000 0.121550
vt 0.000000 0.026305
vt 0.000000 0.729121
vt 0.000000 0.607751
vt 0.000000 0.021740
vt 0.000000 0.008768
vt 0.000000 0.243040
vt 0.000000 0.004348
vt 0.000000 0.030888
vt 0.000000 0.035005
vt 0.000000 0.972152
vt 0.000000 0.850414
vt 0.000000 0.013238
vt 0.000000 0.364463
vt 0.000000 0.008768
vt 0.000000 0.004940
vt 0.000000 0.492785
vt 0.000000 0.372291
vt 0.000000 0.003579
vt 0.000000 0.030888
vt 0.000000 0.729121
vt 0.000000 0.026305
vt 0.000000 0.009326
vt 0.000000 0.602715
vt 0.000000 0.489532
vt 0.000000 0.007514
vt 0.000000 0.003780
vt 0.000000 0.001865
vt 0.000000 0.011341
vt 0.000000 0.699357
vt 0.000000 0.009326
vt 0.000000 0.007514
vt 0.000000 0.489532
vt 0.000000 0.370491
vt 0.000000 0.005712
vt 0.000000 0.013327
vt 0.000000 0.753187
vt 0.000000 0.699357
vt 0.000000 0.011341
vt 0.000000 0.052604
vt 0.000000 0.044727
vt 0.000000 0.005712
vt 0.000000 0.372480
vt 0.000000 0.003780
vt 0.000000 0.013327
vt 0.000000 0.015028
vt 0.000000 0.877519
vt 0.000000 0.753187
vt 0.000000 0.009357
vt 0.000000 0.368243
vt 0.000000 0.006694
vt 0.000000 0.003577
vt 0.000000 0.012052
vt 0.000000 0.009357
vt 0.000000 0.015604
vt 0.000000 0.012052
vt 0.000000 0.019354
vt 0.000000 0.609993
vt 0.000000 0.015604
vt 0.000000 0.022864
vt 0.000000 0.783227
vt 0.000000 0.609993
vt 0.000000 0.019354
vt 0.000000 0.022864
vt 0.000000 0.028116
vt 0.000000 0.936978
vt 0.000000 0.783227
vt 0.000000 0.001865
vt 0.000000 0.039480
vt 0.000000 0.750000
vt 0.000000 0.627491
vt 0.000000 0.584224
vt 0.000000 0.031908
vt 0.916667 0.125000
vt 0.997430 0.125000
vt 0.997384 0.000000
vt 0.000000 0.250000
vt 0.083333 0.250000
vt 0.007341 0.500000
vt 0.083333 0.375000
vt 0.006374 0.375000
vt 0.009032 0.625000
vt 0.007341 0.500000
vt 0.011018 0.750000
vt 0.009032 0.625000
vt 0.011120 0.875000
vt 0.011018 0.750000
vt 0.011120 0.875000
vt 0.166667 0.250000
vt 0.166667 0.500000
vt 0.166667 0.625000
vt 0.250000 0.375000
vt 0.250000 0.500000
vt 0.333333 1.000000
vt 0.333333 0.250000
vt 0.333333 0.500000
vt 0.333333 0.750000
vt 0.416667 0.125000
vt 0.416667 0.250000
vt 0.416667 0.375000
vt 0.416667 0.625000
vt 0.500000 1.000000
vt 0.500000 0.875000
vt 0.500000 0.750000
vt 0.583333 0.875000
vt 0.583333 0.375000
vt 0.583333 0.625000
vt 0.583333 0.750000
vt 0.666667 1.000000
vt 0.666667 0.125000
vt 0.750000 0.250000
vt 0.750000 0.625000
vt 0.750000 0.750000
vt 0.833333 1.000000
vt 0.833333 0.250000
vt 0.833333 0.375000
vt 0.833333 0.500000
vt 0.833333 0.625000
vt 0.833333 0.750000
vt 0.916667 0.500000
vt 0.916667 0.750000
vt 1.000000 0.858124
vt 1.000000 0.016875
vt 1.000000 0.128676
vt 1.000000 0.251930
vt 1.000000 0.375609
vt 1.000000 0.746325
vt 0.997384 1.000000
vt 0.997652 0.875000
vt 0.998044 0.375000
vt 0.997740 0.250000
vt 0.998199 0.500000
vt 0.998044 0.375000
vt 0.998176 0.625000
vt 0.997979 0.750000
vt 0.997652 0.875000
vt 0.997979 0.750000
vt 0.001698 1.000000
vt 0.083333 1.000000
vt 0.001860 0.875000
vt 0.001589 0.125000
vt 0.083333 0.125000
vt 0.083333 0.000000
vt 0.001697 0.000000
vt 0.001626 0.250000
vt 0.001589 0.125000
vt 0.001814 0.375000
vt 0.001626 0.250000
vt 0.083333 0.500000
vt 0.001814 0.375000
vt 0.000000 0.747518
vt 0.001983 0.750000
vt 0.083333 0.750000
vt 0.083333 0.625000
vt 0.000000 0.625000
vt 0.001860 0.875000
vt 0.001983 0.750000
vt 0.998908 0.125000
vt 0.998971 0.000000
vt 0.166667 0.625000
vt 0.166667 0.750000
vt 0.250000 0.125000
vt 0.250000 0.375000
vt 0.250000 0.625000
vt 0.250000 0.750000
vt 0.333333 0.875000
vt 0.333333 0.375000
vt 0.333333 0.625000
vt 0.333333 0.750000
vt 0.416667 1.000000
vt 0.416667 0.875000
vt 0.416667 0.125000
vt 0.416667 0.375000
vt 0.500000 0.750000
vt 0.583333 0.875000
vt 0.583333 0.375000
vt 0.666667 0.875000
vt 0.666667 0.125000
vt 0.666667 0.500000
vt 0.750000 0.000000
vt 0.833333 1.000000
vt 0.833333 0.875000
vt 0.833334 0.000000
vt 0.833333 0.250000
vt 0.833333 0.375000
vt 0.833333 0.750000
vt 0.916667 1.000000
vt 0.916667 0.250000
vt 0.916667 0.750000
vt 1.000000 0.871373
vt 1.000000 0.017345
vt 1.000000 0.128777
vt 1.000000 0.251956
vt 1.000000 0.375858
vt 1.000000 0.504015
vt 1.000000 0.750000
vt 0.998971 1.000000
vt 0.998997 0.875000
vt 0.998943 0.375000
vt 0.998895 0.250000
vt 0.998953 0.500000
vt 0.998943 0.375000
vt 1.000000 0.504015
vt 0.998997 0.875000
vt 1.000000 0.871373
vt 0.002005 0.375000
vt 0.083333 0.375000
vt 0.998869 0.000000
vt 0.083333 0.125000
vt 0.003261 0.500000
vt 0.002005 0.375000
vt 0.004013 0.625000
vt 0.003261 0.500000
vt 0.002861 0.750000
vt 0.083333 0.750000
vt 0.004012 0.625000
vt 0.001785 0.875000
vt 0.083333 0.875000
vt 0.002861 0.750000
vt 0.000000 1.000000
vt 0.001785 0.875000
vt 0.000000 0.877520
vt 0.166667 0.875000
vt 0.166667 0.375000
vt 0.166667 0.500000
vt 0.166667 0.750000
vt 0.250000 0.875000
vt 0.250000 0.625000
vt 0.333333 0.875000
vt 0.333333 0.625000
vt 0.416667 1.000000
vt 0.416667 0.875000
vt 0.416667 0.125000
vt 0.416667 0.250000
vt 0.416667 0.375000
vt 0.416667 0.500000
vt 0.500000 0.875000
vt 0.500000 0.250000
vt 0.500000 0.625000
vt 0.500000 0.750000
vt 0.583333 0.500000
vt 0.583333 0.625000
vt 0.666667 0.750000
vt 0.750000 0.125000
vt 0.833333 1.000000
vt 0.833333 0.875000
vt 0.833333 0.250000
vt 0.833333 0.375000
vt 0.833333 0.500000
vt 0.833333 0.625000
vt 0.833333 0.750000
vt 0.916667 1.000000
vt 0.916667 0.875000
vt 0.916667 0.625000
vt 0.916667 0.750000
vt 1.000000 0.858124
vt 1.000000 0.016875
vt 1.000000 0.128676
vt 1.000000 0.251930
vt 1.000000 0.375609
vt 1.000000 0.499391
vt 1.000000 0.623070
vt 0.998870 1.000000
vt 0.998705 0.375000
vt 0.998821 0.250000
vt 0.998594 0.500000
vt 0.998705 0.375000
vt 0.998574 0.625000
vt 0.998595 0.500000
vt 0.998663 0.750000
vt 0.998663 0.750000
vt 0.001981 1.000000
vt 0.001657 0.875000
vt 0.002228 0.125000
vt 0.083333 0.125000
vt 0.001981 0.000000
vt 0.002136 0.250000
vt 0.002228 0.125000
vt 0.001813 0.375000
vt 0.083333 0.375000
vt 0.002136 0.250000
vt 0.001538 0.500000
vt 0.083333 0.500000
vt 0.001813 0.375000
vt 0.001416 0.625000
vt 0.083333 0.625000
vt 0.001538 0.500000
vt 0.001455 0.750000
vt 0.001416 0.625000
vt 0.001657 0.875000
vt 0.001455 0.750000
vt 1.000000 0.003877
vt 0.998193 0.000000
vt 0.166667 0.125000
vt 0.166667 0.500000
vt 0.166667 0.625000
vt 0.250000 0.125000
vt 0.250000 0.500000
vt 0.333333 0.875000
vt 0.333333 0.000000
vt 0.333333 0.375000
vt 0.333333 0.500000
vt 0.416667 0.500000
vt 0.416667 0.625000
vt 0.416667 0.750000
vt 0.500000 0.875000
vt 0.500000 0.250000
vt 0.500000 0.625000
vt 0.583333 1.000000
vt 0.583333 0.875000
vt 0.583333 0.250000
vt 0.583333 0.375000
vt 0.583333 0.500000
vt 0.583333 0.625000
vt 0.583333 0.750000
vt 0.666667 0.250000
vt 0.666667 0.375000
vt 0.666667 0.500000
vt 0.666667 0.750000
vt 0.750000 0.125000
vt 0.750000 0.500000
vt 0.750000 0.625000
vt 0.833333 0.125000
vt 0.833333 0.625000
vt 0.833333 0.750000
vt 0.916666 1.000000
vt 0.916666 0.875000
vt 0.916666 0.250000
vt 0.916667 0.375000
vt 0.916667 0.625000
vt 1.000000 0.858125
vt 1.000000 0.003877
vt 1.000000 0.246123
vt 1.000000 0.375609
vt 1.000000 0.499392
vt 1.000000 0.623070
vt 1.000000 0.746324
vt 0.998485 0.875000
vt 0.998787 0.500000
vt 0.998606 0.375000
vt 0.998317 0.250000
vt 1.000000 0.246123
vt 0.998826 0.625000
vt 0.998723 0.750000
vt 0.998485 0.875000
vt 0.002006 1.000000
vt 0.001415 0.875000
vt 0.003208 0.125000
vt 0.083333 0.125000
vt 0.002006 0.000000
vt 0.003914 0.250000
vt 0.003209 0.125000
vt 0.002749 0.375000
vt 0.003914 0.250000
vt 0.001748 0.500000
vt 0.083333 0.500000
vt 0.002749 0.375000
vt 0.001318 0.625000
vt 0.083333 0.625000
vt 0.001748 0.500000
vt 0.001318 0.625000
vt 0.000000 0.872508
vt 0.001415 0.875000
vt 0.916667 0.125000
vt 1.000000 0.003877
vt 0.997677 0.000000
vt 0.166667 1.000000
vt 0.166667 0.875000
vt 0.166667 0.250000
vt 0.250000 0.250000
vt 0.333333 0.375000
vt 0.333333 0.750000
vt 0.416667 0.375000
vt 0.416667 0.625000
vt 0.416667 0.750000
vt 0.500000 1.000000
vt 0.500000 0.125000
vt 0.583333 1.000000
vt 0.583333 0.125000
vt 0.583333 0.500000
vt 0.583333 0.750000
vt 0.666667 0.375000
vt 0.666667 0.500000
vt 0.666667 0.625000
vt 0.750000 1.000000
vt 0.833333 0.375000
vt 0.833333 0.625000
vt 0.916667 1.000000
vt 0.916667 0.875000
vt 0.916667 0.500000
vt 0.916667 0.750000
vt 1.000000 0.858127
vt 1.000000 0.003877
vt 1.000000 0.371123
vt 1.000000 0.499391
vt 1.000000 0.623071
vt 1.000000 0.746325
vt 0.997677 1.000000
vt 0.998315 0.875000
vt 0.998475 0.625000
vt 0.998071 0.500000
vt 0.997187 0.375000
vt 1.000000 0.371123
vt 0.998475 0.625000
vt 0.998315 0.875000
vt 0.998545 0.750000
vt 0.002099 1.000000
vt 0.001734 0.875000
vt 0.002103 0.125000
vt 0.083333 0.125000
vt 0.002099 0.000000
vt 0.001741 0.250000
vt 0.002103 0.125000
vt 0.001399 0.375000
vt 0.083333 0.375000
vt 0.001741 0.250000
vt 0.001227 0.500000
vt 0.001399 0.375000
vt 0.001226 0.625000
vt 0.001227 0.500000
vt 0.001394 0.750000
vt 0.083333 0.750000
vt 0.001226 0.625000
vt 0.001734 0.875000
vt 0.001394 0.750000
vt 0.916667 0.125000
vt 0.998747 0.000000
vt 0.166667 0.875000
vt 0.166667 0.625000
vt 0.250000 1.000000
vt 0.250000 0.875000
vt 0.250000 0.250000
vt 0.250000 0.750000
vt 0.333333 0.875000
vt 0.333333 0.500000
vt 0.333333 0.750000
vt 0.416667 0.125000
vt 0.416667 0.625000
vt 0.500000 0.875000
vt 0.500000 0.500000
vt 0.500000 0.625000
vt 0.583333 0.875000
vt 0.583333 0.250000
vt 0.583333 0.500000
vt 0.583333 0.625000
vt 0.583333 0.750000
vt 0.666667 0.000000
vt 0.666667 0.750000
vt 0.750000 0.875000
vt 0.750000 0.250000
vt 0.750000 0.625000
vt 0.833333 0.875000
vt 0.833333 0.125000
vt 0.833333 0.375000
vt 0.833333 0.625000
vt 0.916667 0.250000
vt 0.916667 0.375000
vt 0.916667 0.500000
vt 1.000000 0.856047
vt 1.000000 0.018959
vt 1.000000 0.129142
vt 1.000000 0.252173
vt 1.000000 0.375686
vt 1.000000 0.499314
vt 1.000000 0.622827
vt 1.000000 0.745858
vt 0.998747 1.000000
vt 0.998840 0.875000
vt 0.998890 0.375000
vt 0.998788 0.250000
vt 0.998964 0.500000
vt 0.998890 0.375000
vt 0.998981 0.625000
vt 0.998964 0.500000
vt 0.998934 0.750000
vt 0.998981 0.625000
vt 0.998840 0.875000
vt 0.000000 0.497473
vt 0.001836 0.500000
vt 0.083333 0.875000
vt 0.000000 0.125000
vt 0.083333 0.125000
vt 0.083333 0.250000
vt 0.001830 0.625000
vt 0.083333 0.625000
vt 0.001836 0.500000
vt 0.001409 0.750000
vt 0.083333 0.750000
vt 0.001830 0.625000
vt 0.001409 0.750000
vt 0.000000 0.752527
vt 0.998510 0.000000
vt 0.166667 0.875000
vt 0.166667 0.375000
vt 0.166667 0.750000
vt 0.250000 0.875000
vt 0.250000 0.375000
vt 0.250000 0.625000
vt 0.333333 0.875000
vt 0.333333 0.250000
vt 0.333333 0.500000
vt 0.416667 0.875000
vt 0.416667 0.125000
vt 0.416667 0.250000
vt 0.416667 0.500000
vt 0.500000 0.875000
vt 0.500000 0.375000
vt 0.583333 0.625000
vt 0.666667 0.875000
vt 0.666667 0.375000
vt 0.750000 1.000000
vt 0.750000 0.375000
vt 0.750000 0.500000
vt 0.750000 0.750000
vt 0.833333 0.250000
vt 0.833333 0.375000
vt 0.833333 0.500000
vt 0.833333 0.750000
vt 0.916667 0.875000
vt 0.916666 0.375000
vt 0.916667 0.500000
vt 0.916667 0.750000
vt 1.000000 0.858124
vt 1.000000 0.016876
vt 1.000000 0.128676
vt 1.000000 0.251930
vt 1.000000 0.375609
vt 1.000000 0.503877
vt 1.000000 0.621123
vt 1.000000 0.746324
vt 0.998510 1.000000
vt 0.998324 0.875000
vt 0.998226 0.375000
vt 0.998457 0.250000
vt 0.998226 0.375000
vt 0.997863 0.625000
vt 1.000000 0.621123
vt 0.997955 0.500000
vt 0.998049 0.750000
vt 0.003191 1.000000
vt 0.169485 0.875000
vt 0.000000 0.875000
vt 0.005465 0.125000
vt 0.169485 0.125000
vt 0.003191 0.000000
vt 0.012310 0.250000
vt 0.005465 0.125000
vt 0.042114 0.374962
vt 0.178838 0.374987
vt 0.012310 0.250000
vt 0.006666 0.500000
vt 0.042114 0.374962
vt 0.003528 0.625000
vt 0.169485 0.625000
vt 0.006665 0.500000
vt 0.000000 0.750000
vt 0.169485 0.750000
vt 0.003528 0.625000
vt 0.000000 0.627492
vt 0.998479 0.125000
vt 0.333333 1.000000
vt 0.333333 0.875000
vt 0.333333 0.125000
vt 0.333333 0.000000
vt 0.333333 0.250000
vt 0.333333 0.375000
vt 0.333333 0.625000
vt 0.500000 0.625000
vt 0.500000 0.750000
vt 0.583333 0.875000
vt 0.583333 0.750000
vt 0.666667 0.875000
vt 0.666667 0.125000
vt 0.750000 0.875000
vt 0.833333 0.875000
vt 0.833333 0.125000
vt 0.833333 0.375000
vt 0.916667 0.875000
vt 0.916667 0.500000
vt 0.916667 0.625000
vt 0.916667 0.750000
vt 1.000000 0.858124
vt 1.000000 0.016875
vt 1.000000 0.128676
vt 1.000000 0.251930
vt 1.000000 0.375609
vt 1.000000 0.499391
vt 1.000000 0.623070
vt 0.998651 1.000000
vt 0.998704 0.875000
vt 0.998104 0.375000
vt 0.998242 0.250000
vt 0.998206 0.500000
vt 0.998104 0.375000
vt 0.998441 0.625000
vt 0.998206 0.500000
vt 0.998630 0.750000
vt 0.998441 0.625000
vt 0.998704 0.875000
vt 0.000000 0.009564
vt 0.000000 0.742957
vt 0.000000 0.706294
vt 0.000000 0.008140
vt 0.000000 0.002321
vt 0.000000 0.001182
vt 0.000000 0.372464
vt 0.006374 0.375000
vt 0.000000 0.008140
vt 0.000000 0.706294
vt 0.000000 0.608055
vt 0.000000 0.006448
vt 0.000000 0.003578
vt 0.000000 0.372290
vt 0.000000 0.372464
vt 0.000000 0.002321
vt 0.000000 0.009564
vt 0.000000 0.010203
vt 0.000000 0.742957
vt 0.000000 0.006448
vt 0.000000 0.492785
vt 0.000000 0.004940
vt 0.000000 0.001182
vt 0.000000 0.036508
vt 0.000000 0.589828
vt 0.000000 0.472540
vt 0.000000 0.028745
vt 0.000000 0.041204
vt 0.000000 0.049016
vt 0.000000 0.052603
vt 0.000000 0.059130
vt 0.000000 0.948519
vt 0.000000 0.044727
vt 0.000000 0.627492
vt 0.000000 0.589828
vt 0.000000 0.036508
vt 0.000000 0.007227
vt 0.000000 0.118436
vt 0.000000 0.014282
vt 0.000000 0.236707
vt 0.000000 0.118436
vt 0.001658 0.021399
vt 0.027476 0.354732
vt 0.000000 0.236707
vt 0.000000 0.014282
vt 0.000000 0.028745
vt 0.001658 0.021399
vt 0.000000 0.013523
vt 0.000000 0.006440
vt 0.000000 0.041205
vt 0.000000 0.033758
vt 0.000000 0.022195
vt 0.000000 0.480157
vt 0.000000 0.497473
vt 0.000000 0.018106
vt 0.000000 0.006440
vt 0.000000 0.027310
vt 0.000000 0.598563
vt 0.000000 0.480158
vt 0.000000 0.022195
vt 0.000000 0.018104
vt 0.000000 0.013525
vt 0.000000 0.033758
vt 0.000000 0.715677
vt 0.000000 0.598563
vt 0.000000 0.027310
vt 0.000000 0.021740
vt 0.000000 0.607754
vt 0.000000 0.486078
vt 0.000000 0.017504
vt 0.000000 0.003943
vt 0.000000 0.243143
vt 0.000000 0.002626
vt 0.000000 0.008952
vt 0.000000 0.010304
vt 0.000000 0.991281
vt 0.000000 0.869216
vt 0.000000 0.006447
vt 0.000000 0.622665
vt 0.000000 0.622508
vt 0.000000 0.502492
vt 0.000000 0.414933
vt 0.000000 0.005217
vt 0.000000 0.001302
vt 0.000000 0.123266
vt 0.000000 0.008952
vt 0.000000 0.869216
vt 0.000000 0.745940
vt 0.000000 0.007675
vt 0.000000 0.002626
vt 0.000000 0.123266
vt 0.000000 0.001302
vt 0.000000 0.006694
vt 0.000000 0.243594
vt 0.000000 0.120170
vt 0.000000 0.003577
vt 0.000000 0.007675
vt 0.000000 0.006447
vt 0.000000 0.031908
vt 0.000000 0.470317
vt 0.000000 0.024918
vt 0.000000 0.047147
vt 0.000000 0.053317
vt 0.000000 0.956324
vt 0.000000 0.841740
vt 0.000000 0.006382
vt 0.000000 0.119018
vt 0.000000 0.012377
vt 0.000000 0.237175
vt 0.000000 0.119018
vt 0.000000 0.006382
vt 0.000000 0.018463
vt 0.000000 0.354388
vt 0.000000 0.237175
vt 0.000000 0.012377
vt 0.000000 0.024918
vt 0.000000 0.470317
vt 0.000000 0.018463
vt 0.000000 0.005217
vt 0.000000 0.414933
vt 0.000000 0.003943
vt 0.000000 0.047147
vt 0.000000 0.039480
vt 0.000000 0.017504
vt 0.000000 0.486078
vt 0.000000 0.364463
vt 0.000000 0.013238
vt 0.000000 0.004348
vt 0.000000 0.121551
vt 0.000000 0.026304
vt 0.000000 0.729122
vt 0.000000 0.607754
vt 0.000000 0.021740
vt 0.000000 0.008768
vt 0.000000 0.243040
vt 0.000000 0.121551
vt 0.000000 0.004348
vt 0.000000 0.030888
vt 0.000000 0.035008
vt 0.000000 0.972156
vt 0.000000 0.850414
vt 0.000000 0.013238
vt 0.000000 0.243040
vt 0.000000 0.008768
vt 0.000000 0.004940
vt 0.000000 0.492785
vt 0.000000 0.003578
vt 0.000000 0.850414
vt 0.000000 0.729122
vt 0.000000 0.026304
vt 0.000000 0.009326
vt 0.000000 0.602715
vt 0.000000 0.489532
vt 0.000000 0.007514
vt 0.000000 0.003780
vt 0.000000 0.001865
vt 0.000000 0.011340
vt 0.000000 0.699355
vt 0.000000 0.009326
vt 0.000000 0.007514
vt 0.000000 0.370491
vt 0.000000 0.005712
vt 0.000000 0.013327
vt 0.000000 0.753186
vt 0.000000 0.699355
vt 0.000000 0.011340
vt 0.000000 0.052603
vt 0.000000 0.044727
vt 0.000000 0.005712
vt 0.000000 0.003780
vt 0.000000 0.013327
vt 0.000000 0.015028
vt 0.000000 0.877519
vt 0.000000 0.012053
vt 0.000000 0.368243
vt 0.000000 0.009356
vt 0.000000 0.003577
vt 0.000000 0.009356
vt 0.000000 0.243594
vt 0.000000 0.006694
vt 0.000000 0.001865
vt 0.000000 0.022864
vt 0.000000 0.028115
vt 0.000000 0.936981
vt 0.000000 0.783226
vt 0.000000 0.022864
vt 0.000000 0.783227
vt 0.000000 0.609991
vt 0.000000 0.019354
vt 0.000000 0.019354
vt 0.000000 0.747519
vt 0.000000 0.015605
vt 0.000000 0.015605
vt 0.000000 0.012053
vt 0.998071 0.500000
vt 0.997188 0.375000
vt 0.998606 0.375000
vt 0.998317 0.250000
vt 0.998882 0.125000
vt 0.998788 0.250000
vt 0.998456 0.250000
vt 0.998242 0.250000
vt 0.998478 0.125000
vt 0.997740 0.250000
vt 0.997430 0.125000
vt 0.998606 0.375000
vt 0.998071 0.500000
vt 0.997188 0.375000
vt 0.998895 0.250000
vt 0.997430 0.125000
vt 0.998479 0.125000
vt 0.998457 0.250000
vt 0.998556 0.125000
vt 0.998788 0.250000
vt 0.998722 0.125000
vt 0.000000 0.375217
vt 0.003030 0.883111
vt -0.000031 0.375059
vt 0.000000 0.753735
vt 0.000000 0.373275
vt -0.000888 0.881543
vt -0.000281 0.626383
vt 0.000000 0.878664
vt -0.000540 0.509229
vt 0.000000 0.627692
vt 0.000000 0.499649
vt -0.000098 0.751741
vt 0.003191 0.000000
vt -0.000162 0.625612
vt 0.000000 0.375217
vt 0.003030 0.883111
vt -0.000031 0.375059
vt 0.000000 0.753721
vt 0.000000 0.373272
vt -0.000888 0.881544
vt -0.000281 0.626383
vt 0.000000 0.878654
vt -0.000541 0.509229
vt 0.000000 0.627686
vt 0.000000 0.499649
vt -0.000098 0.751741
vt -0.000162 0.625612
vt 1.000000 0.874379
vt 1.000000 0.000969
vt 1.000000 0.876136
vt 1.000000 0.872122
vt 1.000000 0.000000
vt 1.000000 0.873779
vt 1.000000 0.998865
vt 1.000000 0.876135
vt 1.000000 0.998864
vt 1.000000 0.876136
vt 1.000000 0.874379
vt 1.000000 0.998677
vt 1.000000 0.998865
vt 1.000000 0.876135
vt 1.000000 1.000000
vt 1.000000 0.998722
vt 1.000000 0.876277
vt 1.000000 0.998865
vt 1.000000 0.876135
vt 1.000000 0.998864
vt 1.000000 0.876136
s 1
f 1534/1/1468 765/1/733 766/1/734 1532/1/1466
f 1523/1/1452 1/1/1 2/1/2 1525/1/1461
f 1525/1/1461 2/1/2 3/1/3 1526/1/1462
f 1526/1/1462 3/1/3 4/1/4 1527/1/1463
f 1527/1/1463 4/1/4 5/1/5 1528/1/1457
f 1528/1/1457 5/1/5 6/1/6 1529/1/1464
f 1529/1/1464 6/1/6 7/1/7 1530/1/17
f 1530/1/17 7/1/7 8/1/8 1524/1/1460
f 1515/1/1452 1/1/1 8/1/8 1516/1/1453
f 1547/1/1481 12/1/12 13/1/13 1549/1/1483
f 1549/1/1483 13/1/13 14/1/14 1551/1/1485
f 1551/1/1485 14/1/14 9/1/9 1553/1/1487
f 1553/1/1487 9/1/9 10/1/10 1555/1/1489
f 1555/1/1489 10/1/10 11/1/11 1557/1/1491
f 1557/1/1491 11/1/11 15/1/15 1559/1/1493
f 1559/1/1493 15/1/15 16/1/16 1562/1/1496
f 1645/1/1579 1563/1/1497 1708/1/1642 1790/1/1722
f 1566/1/1500 1647/1/1581 1792/1/1724 1709/1/1643
f 1568/1/1502 1627/1/1561 1772/1/1704 1711/1/1645
f 18/1/17 17/1/17 1565/1/1499 1643/1/1577 1564/1/1498
f 1651/1/1585 1571/1/1505 1716/1/1650 1796/1/1728
f 1650/1/1584 1573/1/1507 1718/1/1652 1793/1/1725
f 1575/1/1509 1629/1/1563 1774/1/1706 1720/1/1654
f 19/1/17 18/1/17 1574/1/1508 1649/1/1583 1572/1/1506
f 1657/1/1591 1579/1/1513 1724/1/1658 1802/1/1734
f 1582/1/1516 1659/1/1593 1804/1/1736 1725/1/1659
f 1584/1/1518 1631/1/1565 1776/1/1708 1727/1/1661
f 21/1/17 20/1/17 1581/1/1515 1655/1/1589 1580/1/1514
f 1663/1/1597 1587/1/1521 1732/1/1666 1808/1/1740
f 1662/1/1596 1589/1/1523 1734/1/1668 1805/1/1737
f 1591/1/1525 1633/1/1567 1778/1/1710 1736/1/1670
f 22/1/17 21/1/17 1590/1/1524 1661/1/1595 1588/1/1522
f 1669/1/1603 1595/1/1529 1740/1/1674 1814/1/1745
f 1598/1/1532 1671/1/1605 1816/1/1747 1741/1/1675
f 1600/1/1534 1635/1/1569 1780/1/1712 1743/1/1677
f 24/1/17 23/1/17 1597/1/1531 1667/1/1601 1596/1/1530
f 16/1/16 23/1/17 1604/1/1538 1675/1/1609 1609/1/1543
f 1674/1/1608 1605/1/1539 1750/1/1684 1817/1/1748
f 1607/1/1541 1637/1/1571 1782/1/1714 1752/1/1686
f 1676/1/1610 1603/1/1537 1748/1/1682 1819/1/1750
f 14/1/14 17/1/17 1612/1/1546 1681/1/1615 1617/1/1551
f 1680/1/1614 1613/1/1547 1758/1/1691 1823/1/1754
f 1615/1/1549 1639/1/1573 1784/1/1716 1760/1/1674
f 1682/1/1616 1611/1/1545 1756/1/1689 1825/1/1755
f 11/1/11 20/1/17 1620/1/1554 1687/1/1621 1625/1/1559
f 1686/1/1620 1621/1/1555 1766/1/1698 1829/1/1756
f 1623/1/1557 1641/1/1575 1786/1/1718 1768/1/1700
f 1688/1/1622 1619/1/1553 1764/1/1696 1831/1/1758
f 1705/1/1639 1691/1/1625 1836/1/1763 1850/1/1777
f 1696/1/1630 1698/1/1632 1841/1/1768 1839/1/1766
f 1698/1/1632 1700/1/1634 1843/1/1770 1841/1/1768
f 1700/1/1634 1702/1/1636 1845/1/1772 1843/1/1770
f 1702/1/1636 1704/1/1638 1847/1/1774 1845/1/1772
f 1704/1/1638 1705/1/1639 1850/1/1777 1847/1/1774
f 1707/1/1641 1788/1/1720 1931/1/1848 1852/1/1779
f 17/1/17 18/1/17 1693/1/1627 1692/1/1626
f 11/1/11 10/1/10 1585/1/1519 1632/1/1566 1583/1/1517
f 1694/1/1628 1696/1/1630 1839/1/1766 1837/1/1764
f 1690/1/1624 1623/1/1557 1768/1/1700 1833/1/1760
f 18/1/17 19/1/17 1695/1/1629 1693/1/1627
f 1647/1/1581 1568/1/1502 1711/1/1645 1792/1/1724
f 19/1/17 23/1/17 1697/1/1631 1695/1/1629
f 1571/1/1505 1650/1/1584 1793/1/1725 1716/1/1650
f 23/1/17 24/1/17 1699/1/1633 1697/1/1631
f 1644/1/1578 1566/1/1500 1709/1/1643 1787/1/1719
f 17/1/17 22/1/17 1614/1/1548 1679/1/1613 1612/1/1546
f 24/1/17 20/1/17 1701/1/1635 1699/1/1633
f 13/1/13 12/1/12 1577/1/1511 1630/1/1564 1576/1/1510
f 1619/1/1553 1686/1/1620 1829/1/1756 1764/1/1696
f 20/1/17 21/1/17 1703/1/1637 1701/1/1635
f 1579/1/1513 1656/1/1590 1799/1/1731 1724/1/1658
f 22/1/17 9/1/9 1616/1/1550 1683/1/1617 1614/1/1548
f 9/1/9 22/1/17 1588/1/1522 1664/1/1598 1593/1/1527
f 21/1/17 22/1/17 1706/1/1640 1703/1/1637
f 1629/1/1563 1578/1/1512 1721/1/1655 1774/1/1706
f 1589/1/1523 1666/1/1600 1809/1/1741 1734/1/1668
f 1659/1/1593 1584/1/1518 1727/1/1661 1804/1/1736
f 21/1/17 10/1/10 1592/1/1526 1665/1/1599 1590/1/1524
f 13/1/13 18/1/17 1564/1/1498 1646/1/1580 1569/1/1503
f 1587/1/1521 1662/1/1596 1805/1/1737 1732/1/1666
f 17/1/17 14/1/14 1567/1/1501 1648/1/1582 1565/1/1499
f 1656/1/1590 1582/1/1516 1725/1/1659 1799/1/1731
f 14/1/14 13/1/13 1569/1/1503 1628/1/1562 1567/1/1501
f 10/1/10 9/1/9 1593/1/1527 1634/1/1568 1592/1/1526
f 1595/1/1529 1668/1/1602 1811/1/1743 1740/1/1674
f 20/1/17 24/1/17 1622/1/1556 1685/1/1619 1620/1/1554
f 1633/1/1567 1594/1/1528 1737/1/1671 1778/1/1710
f 1691/1/1625 1694/1/1628 1837/1/1764 1836/1/1763
f 1671/1/1605 1600/1/1534 1743/1/1677 1816/1/1747
f 24/1/17 15/1/15 1624/1/1558 1689/1/1623 1622/1/1556
f 15/1/15 24/1/17 1596/1/1530 1670/1/1604 1601/1/1535
f 1603/1/1537 1674/1/1608 1817/1/1748 1748/1/1682
f 23/1/17 16/1/16 1599/1/1533 1672/1/1606 1597/1/1531
f 1668/1/1602 1598/1/1532 1741/1/1675 1811/1/1743
f 16/1/16 15/1/15 1601/1/1535 1636/1/1570 1599/1/1533
f 12/1/12 19/1/17 1572/1/1506 1652/1/1586 1577/1/1511
f 12/1/12 16/1/16 1609/1/1543 1638/1/1572 1608/1/1542
f 1573/1/1507 1654/1/1588 1797/1/1729 1718/1/1652
f 1605/1/1539 1678/1/1612 1821/1/1752 1750/1/1684
f 18/1/17 13/1/13 1576/1/1510 1653/1/1587 1574/1/1508
f 1570/1/1504 1645/1/1579 1790/1/1722 1713/1/1647
f 1637/1/1571 1610/1/1544 1753/1/1687 1782/1/1714
f 1578/1/1512 1651/1/1585 1796/1/1728 1721/1/1655
f 9/1/9 14/1/14 1617/1/1551 1640/1/1574 1616/1/1550
f 1627/1/1561 1570/1/1504 1713/1/1647 1772/1/1704
f 1586/1/1520 1657/1/1591 1802/1/1734 1729/1/1663
f 1613/1/1547 1684/1/1618 1827/1/1745 1758/1/1691
f 1654/1/1588 1575/1/1509 1720/1/1654 1797/1/1729
f 1594/1/1528 1663/1/1597 1808/1/1740 1737/1/1671
f 1639/1/1573 1618/1/1552 1761/1/1693 1784/1/1716
f 1631/1/1565 1586/1/1520 1729/1/1663 1776/1/1708
f 23/1/17 19/1/17 1606/1/1540 1673/1/1607 1604/1/1538
f 1602/1/1536 1669/1/1603 1814/1/1745 1745/1/1679
f 15/1/15 11/1/11 1625/1/1559 1642/1/1576 1624/1/1558
f 1666/1/1600 1591/1/1525 1736/1/1670 1809/1/1741
f 1611/1/1545 1680/1/1614 1823/1/1754 1756/1/1689
f 1610/1/1544 1676/1/1610 1819/1/1750 1753/1/1687
f 1621/1/1555 1690/1/1624 1833/1/1760 1766/1/1698
f 1635/1/1569 1602/1/1536 1745/1/1679 1780/1/1712
f 19/1/17 12/1/12 1608/1/1542 1677/1/1611 1606/1/1540
f 10/1/10 21/1/17 1580/1/1514 1658/1/1592 1585/1/1519
f 1618/1/1552 1682/1/1616 1825/1/1755 1761/1/1693
f 1641/1/1575 1626/1/1560 1769/1/1701 1786/1/1718
f 1678/1/1612 1607/1/1541 1752/1/1686 1821/1/1752
f 20/1/17 11/1/11 1583/1/1517 1660/1/1594 1581/1/1515
f 1626/1/1560 1688/1/1622 1831/1/1758 1769/1/1701
f 22/1/17 17/1/17 1692/1/1626 1706/1/1640
f 1684/1/1618 1615/1/1549 1760/1/1674 1827/1/1745
f 1815/1/1746 1744/1/1678 1887/1/1813 1960/1/1875
f 1824/1/1711 1757/1/1690 1902/1/1814 1967/1/1841
f 1730/1/1664 1801/1/1733 1946/1/1863 1873/1/1799
f 1751/1/1685 1781/1/1713 1926/1/1843 1896/1/1821
f 1832/1/1759 1763/1/1695 1908/1/1826 1975/1/1884
f 1738/1/1672 1807/1/1739 1952/1/1869 1881/1/1807
f 1749/1/1683 1822/1/1753 1965/1/1880 1894/1/1819
f 1835/1/1762 1838/1/1765 1981/1/1890 1980/1/1889
f 1746/1/1680 1813/1/1744 1958/1/1873 1889/1/1814
f 1781/1/1713 1754/1/1688 1897/1/1822 1926/1/1843
f 1830/1/1757 1765/1/1697 1910/1/1828 1973/1/1882
f 1754/1/1688 1820/1/1751 1963/1/1878 1897/1/1822
f 1759/1/1692 1783/1/1715 1928/1/1845 1904/1/1810
f 1771/1/1703 1714/1/1648 1857/1/1783 1916/1/1833
f 1762/1/1694 1826/1/1746 1969/1/1875 1905/1/1824
f 1757/1/1690 1828/1/1744 1971/1/1873 1902/1/1814
f 1798/1/1730 1719/1/1653 1864/1/1790 1941/1/1858
f 1770/1/1702 1832/1/1759 1975/1/1884 1913/1/1831
f 1783/1/1715 1762/1/1694 1905/1/1824 1928/1/1845
f 1775/1/1707 1730/1/1664 1873/1/1799 1920/1/1837
f 1789/1/1721 1707/1/1641 1852/1/1779 1934/1/1851
f 1767/1/1699 1785/1/1717 1930/1/1847 1912/1/1830
f 1810/1/1742 1735/1/1669 1880/1/1806 1953/1/1870
f 1788/1/1720 1710/1/1644 1853/1/1503 1931/1/1848
f 1765/1/1697 1834/1/1761 1977/1/1886 1910/1/1828
f 1779/1/1711 1746/1/1680 1889/1/1814 1924/1/1841
f 1712/1/1646 1771/1/1703 1916/1/1833 1855/1/1781
f 1785/1/1717 1770/1/1702 1913/1/1831 1930/1/1847
f 1822/1/1753 1751/1/1685 1896/1/1821 1965/1/1880
f 1795/1/1727 1715/1/1649 1860/1/1786 1940/1/1857
f 1849/1/1776 1835/1/1762 1980/1/1889 1994/1/1903
f 1828/1/1744 1759/1/1692 1904/1/1810 1971/1/1873
f 1717/1/1651 1798/1/1730 1941/1/1858 1862/1/1788
f 1838/1/1765 1840/1/1767 1983/1/1892 1981/1/1890
f 1834/1/1761 1767/1/1699 1912/1/1830 1977/1/1886
f 1794/1/1726 1717/1/1651 1862/1/1788 1937/1/1854
f 1840/1/1767 1842/1/1769 1985/1/1894 1983/1/1892
f 1710/1/1644 1791/1/1723 1936/1/1853 1853/1/1503
f 1801/1/1733 1723/1/1657 1868/1/1794 1946/1/1863
f 1842/1/1769 1844/1/1771 1987/1/1896 1985/1/1894
f 1715/1/1649 1794/1/1726 1937/1/1854 1860/1/1786
f 1800/1/1732 1726/1/1660 1869/1/1795 1943/1/1860
f 1844/1/1771 1846/1/1773 1989/1/1898 1987/1/1896
f 1791/1/1723 1712/1/1646 1855/1/1781 1936/1/1853
f 1728/1/1662 1775/1/1707 1920/1/1837 1871/1/1797
f 1846/1/1773 1848/1/1775 1991/1/1900 1989/1/1898
f 1719/1/1653 1773/1/1705 1918/1/1835 1864/1/1790
f 1807/1/1739 1731/1/1665 1876/1/1802 1952/1/1869
f 1848/1/1775 1849/1/1776 1994/1/1903 1991/1/1900
f 1723/1/1657 1800/1/1732 1943/1/1860 1868/1/1794
f 1733/1/1667 1810/1/1742 1953/1/1870 1878/1/1804
f 1851/1/1778 1932/1/1849 2891/1/2568 2812/1/2489
f 1773/1/1705 1722/1/1656 1865/1/1791 1918/1/1835
f 1806/1/1738 1733/1/1667 1878/1/1804 1949/1/1866
f 1726/1/1660 1803/1/1735 1948/1/1865 1869/1/1795
f 1813/1/1744 1739/1/1673 1884/1/1810 1958/1/1873
f 1731/1/1665 1806/1/1738 1949/1/1866 1876/1/1802
f 1812/1/1715 1742/1/1676 1885/1/1811 1955/1/1845
f 1803/1/1735 1728/1/1662 1871/1/1797 1948/1/1865
f 1744/1/1678 1779/1/1711 1924/1/1841 1887/1/1813
f 1735/1/1669 1777/1/1709 1922/1/1839 1880/1/1806
f 1820/1/1751 1747/1/1681 1892/1/1817 1963/1/1878
f 1739/1/1673 1812/1/1715 1955/1/1845 1884/1/1810
f 1755/1/1678 1824/1/1711 1967/1/1841 1900/1/1813
f 1777/1/1709 1738/1/1672 1881/1/1807 1922/1/1839
f 1818/1/1749 1749/1/1683 1894/1/1819 1961/1/1876
f 1742/1/1676 1815/1/1746 1960/1/1875 1885/1/1811
f 1826/1/1746 1755/1/1678 1900/1/1813 1969/1/1875
f 1714/1/1648 1789/1/1721 1934/1/1851 1857/1/1783
f 1747/1/1681 1818/1/1749 1961/1/1876 1892/1/1817
f 1763/1/1695 1830/1/1757 1973/1/1882 1908/1/1826
f 1722/1/1656 1795/1/1727 1940/1/1857 1865/1/1791
f 1995/1/1762 1998/1/1765 2013/1/1898 2012/1/1907
f 1990/1/1899 1992/1/1901 2007/1/1774 2005/1/1772
f 1986/1/1895 1988/1/1897 2003/1/1770 2001/1/1906
f 1982/1/1891 1984/1/1893 1999/1/1905 1997/1/1904
f 1992/1/1901 1993/1/1902 2010/1/1777 2007/1/1774
f 1988/1/1897 1990/1/1899 2005/1/1772 2003/1/1770
f 1984/1/1893 1986/1/1895 2001/1/1906 1999/1/1905
f 1993/1/1902 1979/1/1888 1996/1/1763 2010/1/1777
f 2000/1/1767 2002/1/1769 2017/1/1903 2015/1/1900
f 2009/1/1776 1995/1/1762 2012/1/1907 2026/1/1894
f 2011/1/1897 2014/1/1899 2029/1/1911 2028/1/1910
f 2006/1/1773 2008/1/1775 2023/1/1892 2021/1/1890
f 2002/1/1769 2004/1/1771 2019/1/1908 2017/1/1903
f 1998/1/1765 2000/1/1767 2015/1/1900 2013/1/1898
f 2008/1/1775 2009/1/1776 2026/1/1894 2023/1/1892
f 2004/1/1771 2006/1/1773 2021/1/1890 2019/1/1908
f 2024/1/1893 2025/1/1895 2042/1/1924 2039/1/1921
f 2020/1/1888 2022/1/1891 2037/1/1919 2035/1/1917
f 2016/1/1901 2018/1/1902 2033/1/1915 2031/1/1913
f 2025/1/1895 2011/1/1897 2028/1/1910 2042/1/1924
f 2027/1/1909 2030/1/1912 42/1/17 2345/1/2222 2351/1/2228 2343/1/2220
f 2022/1/1891 2024/1/1893 2039/1/1921 2037/1/1919
f 2018/1/1902 2020/1/1888 2035/1/1917 2033/1/1915
f 2014/1/1899 2016/1/1901 2031/1/1913 2029/1/1911
f 2358/1/2235 2366/1/2243 2708/1/1925 2700/1/2445
f 2206/1/2083 2200/1/2077 2542/1/2385 2547/1/2390
f 2254/1/2131 2248/1/2125 2589/1/2423 2595/1/2429
f 2304/1/2181 2298/1/2175 2639/1/2450 2646/1/2456
f 2166/1/2043 2174/1/2051 2515/1/2368 2508/1/2361
f 2214/1/2091 2222/1/2099 2564/1/2407 2556/1/2399
f 2262/1/2139 2270/1/2147 2611/1/2440 2603/1/2427
f 39/1/17 2265/1/2142 2271/1/2148 2263/1/2140 27/1/17 2105/1/1982 2111/1/1988 2103/1/1980
f 2422/1/2299 2430/1/2307 2772/1/2347 2764/1/2477
f 2390/1/2267 2398/1/2275 2739/1/1938 2731/1/1945
f 2310/1/2187 2318/1/2195 2659/1/2393 2651/1/2460
f 2448/1/2325 2442/1/2319 2783/1/2450 2789/1/2456
f 2416/1/2293 2410/1/2287 2752/1/2421 2758/1/2436
f 2384/1/2261 2378/1/2255 2719/1/2480 2725/1/2411
f 49/1/17 2107/1/1984 2113/1/1990 2105/1/1982 27/1/17 2117/1/1994 2132/1/2009 2123/1/2000
f 2147/1/2024 2134/1/2011 2476/1/2348 2489/1/1941
f 2150/1/2027 2158/1/2035 2499/1/2362 2492/1/2355
f 2311/1/2188 2317/1/2194 2309/1/2186 39/1/17 2103/1/1980 2109/1/1986 2101/1/1978 26/1/17
f 2263/1/2140 2269/1/2146 2261/1/2138 36/1/17 2119/1/1996 2125/1/2002 2117/1/1994 27/1/17
f 36/1/17 2217/1/2094 2223/1/2100 2215/1/2092 28/1/17 2121/1/1998 2127/1/2004 2119/1/1996
f 2138/1/2015 2146/1/2023 2488/1/2353 2479/1/1944
f 2136/1/2013 2144/1/2021 2486/1/1938 2478/1/2349
f 2192/1/2069 2186/1/2063 2527/1/1960 2534/1/1955
f 2198/1/2075 2206/1/2083 2547/1/2390 2540/1/2383
f 2294/1/2171 2302/1/2179 2644/1/2454 2636/1/2448
f 2256/1/2133 2250/1/2127 2591/1/2425 2597/1/2431
f 2246/1/2123 2254/1/2131 2595/1/2429 2587/1/2421
f 2200/1/2077 2208/1/2085 2550/1/2393 2542/1/2385
f 2194/1/2071 2188/1/2065 2530/1/1932 2536/1/1925
f 2152/1/2029 2160/1/2037 2502/1/2365 2494/1/2357
f 2342/1/2219 2350/1/2227 2692/1/2365 2684/1/2357
f 2306/1/2183 2300/1/2177 2641/1/2451 2647/1/2457
f 2266/1/2143 2274/1/2151 2616/1/2431 2608/1/2423
f 2258/1/2135 2252/1/2129 2593/1/2427 2599/1/2433
f 2226/1/2103 2220/1/2097 2562/1/2405 2568/1/2411
f 2202/1/2079 2210/1/2087 2552/1/2395 2543/1/2386
f 2178/1/2055 2172/1/2049 2514/1/2358 2520/1/2365
f 2162/1/2039 2156/1/2033 2498/1/2361 2504/1/2367
f 2041/1/1923 2027/1/1909 2343/1/2220 2349/1/2226 2341/1/2218 48/1/17
f 2030/1/1912 2032/1/1914 2373/1/2250 2388/1/2265 2379/1/2256 42/1/17
f 2354/1/2231 2348/1/2225 2690/1/2355 2696/1/2368
f 2032/1/1914 2034/1/1916 44/1/17 2375/1/2252 2381/1/2258 2373/1/2250
f 2034/1/1916 2036/1/1918 2405/1/2282 2420/1/2297 2411/1/2288 44/1/17
f 2036/1/1918 2038/1/1920 46/1/17 2407/1/2284 2413/1/2290 2405/1/2282
f 2038/1/1920 2040/1/1922 2437/1/2314 2452/1/2329 2443/1/2320 46/1/17
f 2040/1/1922 2041/1/1923 48/1/17 2439/1/2316 2445/1/2322 2437/1/2314
f 2118/1/1995 2126/1/2003 2043/1/1925 2052/1/1934
f 2183/1/2060 2189/1/2066 2181/1/2058 29/1/17 2149/1/2026 2164/1/2041 2155/1/2032 31/1/17
f 2091/1/1968 2097/1/1974 2089/1/1966 26/1/17 2101/1/1978 2116/1/1993 2107/1/1984 49/1/17
f 2135/1/2012 2141/1/2018 2133/1/2010 49/1/17 2123/1/2000 2129/1/2006 2121/1/1998 28/1/17
f 30/1/17 2313/1/2190 2319/1/2196 2311/1/2188 26/1/17 2089/1/1966 2095/1/1972 2087/1/1964
f 2387/1/2264 2374/1/2251 2715/1/2450 2730/1/2456
f 2232/1/2109 2240/1/2117 2581/1/2353 2573/1/2415
f 2298/1/2175 2306/1/2183 2647/1/2457 2639/1/2450
f 30/1/17 2165/1/2042 2180/1/2057 2171/1/2048 29/1/17 2181/1/2058 2196/1/2073 2187/1/2064
f 2364/1/2241 2372/1/2249 2714/1/2479 2705/1/1928
f 2096/1/1973 2090/1/1967 2079/1/1960 2074/1/1955
f 2446/1/2323 2440/1/2317 2781/1/2399 2787/1/2454
f 2179/1/2056 2166/1/2043 2508/1/2361 2521/1/2367
f 2088/1/1965 2096/1/1973 2074/1/1955 2082/1/1928
f 2438/1/2315 2446/1/2323 2787/1/2454 2780/1/2448
f 2359/1/2236 2365/1/2242 2357/1/2234 43/1/17 2297/1/2174 2303/1/2180 2295/1/2172 31/1/17
f 2156/1/2033 2163/1/2040 2505/1/2368 2498/1/2361
f 2370/1/2247 2364/1/2241 2705/1/1928 2712/1/2347
f 2238/1/2115 2232/1/2109 2573/1/2415 2580/1/1938
f 2451/1/2328 2438/1/2315 2780/1/2448 2794/1/2411
f 2296/1/2173 2304/1/2181 2646/1/2456 2638/1/2399
f 2362/1/2239 2370/1/2247 2712/1/2347 2704/1/2477
f 2230/1/2107 2238/1/2115 2580/1/1938 2572/1/2349
f 2086/1/1963 2094/1/1971 2075/1/1956 2084/1/1961
f 2428/1/2305 2436/1/2313 2778/1/2346 2770/1/2446
f 41/1/17 2361/1/2238 2367/1/2244 2359/1/2236 31/1/17 2155/1/2032 2161/1/2038 2153/1/2030
f 2244/1/2121 2230/1/2107 2572/1/2349 2586/1/2351
f 25/1/17 2085/1/1962 2100/1/1977 2091/1/1968 49/1/17 2133/1/2010 2148/1/2025 2139/1/2016
f 2154/1/2031 2162/1/2039 2504/1/2367 2495/1/2358
f 2368/1/2245 2362/1/2239 2704/1/2477 2710/1/1951
f 2220/1/2097 2227/1/2104 2570/1/2413 2562/1/2405
f 2434/1/2311 2428/1/2305 2770/1/2446 2776/1/2485
f 2302/1/2179 2296/1/2173 2638/1/2399 2644/1/2454
f 2360/1/2237 2368/1/2245 2710/1/1951 2702/1/2446
f 2426/1/2303 2434/1/2311 2776/1/2485 2768/1/2445
f 2327/1/2204 2333/1/2210 2325/1/2202 38/1/17 2293/1/2170 2307/1/2184 2299/1/2176 40/1/17
f 2160/1/2037 2154/1/2031 2495/1/2358 2502/1/2365
f 2219/1/2096 2225/1/2102 2217/1/2094 36/1/17 2283/1/2160 2289/1/2166 2281/1/2158 32/1/17
f 2094/1/1971 2088/1/1965 2082/1/1928 2075/1/1956
f 2308/1/2185 2294/1/2171 2636/1/2448 2650/1/2411
f 2457/1/2334 2463/1/2340 2455/1/2332 41/1/17 2153/1/2030 2159/1/2036 2151/1/2028 34/1/17
f 2218/1/2095 2226/1/2103 2568/1/2411 2560/1/2403
f 2092/1/1969 2099/1/1976 2069/1/1951 2078/1/1959
f 2432/1/2309 2426/1/2303 2768/1/2445 2774/1/1955
f 2284/1/2161 2291/1/2168 2634/1/1955 2626/1/1928
f 2366/1/2243 2360/1/2237 2702/1/2446 2708/1/1925
f 2424/1/2301 2432/1/2309 2774/1/1955 2766/1/2484
f 42/1/17 2379/1/2256 2385/1/2262 2377/1/2254 43/1/17 2357/1/2234 2371/1/2248 2363/1/2240
f 2224/1/2101 2218/1/2095 2560/1/2403 2566/1/2409
f 2290/1/2167 2284/1/2161 2626/1/1928 2632/1/1956
f 2158/1/2035 2152/1/2029 2494/1/2357 2499/1/2362
f 2372/1/2249 2358/1/2235 2700/1/2445 2714/1/2479
f 2216/1/2093 2224/1/2101 2566/1/2409 2558/1/2401
f 2282/1/2159 2290/1/2167 2632/1/1956 2624/1/1930
f 29/1/17 2233/1/2110 2239/1/2116 2231/1/2108 34/1/17 2151/1/2028 2157/1/2034 2149/1/2026
f 2348/1/2225 2355/1/2232 2698/1/2362 2690/1/2355
f 2430/1/2307 2424/1/2301 2766/1/2484 2772/1/2347
f 2163/1/2040 2150/1/2027 2492/1/2355 2505/1/2368
f 46/1/17 2443/1/2320 2449/1/2326 2441/1/2318 47/1/17 2421/1/2298 2435/1/2312 2427/1/2304
f 2288/1/2165 2282/1/2159 2624/1/1930 2630/1/2346
f 2140/1/2017 2147/1/2024 2489/1/1941 2482/1/1950
f 2347/1/2224 2353/1/2230 2345/1/2222 42/1/17 2363/1/2240 2369/1/2246 2361/1/2238 41/1/17
f 2222/1/2099 2216/1/2093 2558/1/2401 2564/1/2407
f 2436/1/2313 2422/1/2299 2764/1/2477 2778/1/2346
f 2280/1/2157 2288/1/2165 2630/1/2346 2622/1/2446
f 2346/1/2223 2354/1/2231 2696/1/2368 2688/1/2361
f 33/1/17 2213/1/2090 2228/1/2105 2219/1/2096 32/1/17 2229/1/2106 2243/1/2120 2235/1/2112
f 2412/1/2289 2419/1/2296 2762/1/2431 2754/1/2423
f 2146/1/2023 2140/1/2017 2482/1/1950 2488/1/2353
f 2227/1/2104 2214/1/2091 2556/1/2399 2570/1/2413
f 33/1/17 2169/1/2046 2175/1/2052 2167/1/2044 25/1/17 2139/1/2016 2145/1/2022 2137/1/2014
f 2352/1/2229 2346/1/2223 2688/1/2361 2694/1/2476
f 2204/1/2081 2211/1/2088 2553/1/2396 2546/1/2389
f 2418/1/2295 2412/1/2289 2754/1/2423 2760/1/2429
f 2286/1/2163 2280/1/2157 2622/1/2446 2628/1/1925
f 2344/1/2221 2352/1/2229 2694/1/2476 2686/1/2475
f 2410/1/2287 2418/1/2295 2760/1/2429 2752/1/2421
f 2278/1/2155 2286/1/2163 2628/1/1925 2620/1/2445
f 2144/1/2021 2138/1/2015 2479/1/1944 2486/1/1938
f 2210/1/2087 2204/1/2081 2546/1/2389 2552/1/2395
f 2291/1/2168 2278/1/2155 2620/1/2445 2634/1/1955
f 2215/1/2092 2221/1/2098 2213/1/2090 33/1/17 2137/1/2014 2143/1/2020 2135/1/2012 28/1/17
f 47/1/17 2459/1/2336 2465/1/2342 2457/1/2334 34/1/17 2203/1/2080 2209/1/2086 2201/1/2078
f 2409/1/2286 2415/1/2292 2407/1/2284 46/1/17 2427/1/2304 2433/1/2310 2425/1/2302 45/1/17
f 2268/1/2145 2275/1/2152 2618/1/2444 2610/1/2425
f 2350/1/2227 2344/1/2221 2686/1/2475 2692/1/2365
f 2408/1/2285 2416/1/2293 2758/1/2436 2750/1/2427
f 48/1/17 2341/1/2218 2356/1/2233 2347/1/2224 41/1/17 2455/1/2332 2461/1/2338 2453/1/2330
f 2208/1/2085 2202/1/2079 2543/1/2386 2550/1/2393
f 2274/1/2151 2268/1/2145 2610/1/2425 2616/1/2431
f 2142/1/2019 2136/1/2013 2478/1/2349 2483/1/2351
f 2355/1/2232 2342/1/2219 2684/1/2357 2698/1/2362
f 2423/1/2300 2429/1/2306 2421/1/2298 47/1/17 2201/1/2078 2207/1/2084 2199/1/2076 37/1/17
f 2267/1/2144 2273/1/2150 2265/1/2142 39/1/17 2331/1/2208 2337/1/2214 2329/1/2206 35/1/17
f 2134/1/2011 2142/1/2019 2483/1/2351 2476/1/2348
f 2332/1/2209 2339/1/2216 2682/1/2353 2674/1/2472
f 2414/1/2291 2408/1/2285 2750/1/2427 2756/1/2444
f 2130/1/2007 2124/1/2001 2046/1/1928 2472/1/2347
f 2406/1/2283 2414/1/2291 2756/1/2444 2748/1/2483
f 2272/1/2149 2266/1/2143 2608/1/2423 2614/1/2442
f 2122/1/1999 2130/1/2007 2472/1/2347 2048/1/1930
f 2167/1/2044 2173/1/2050 2165/1/2042 30/1/17 2087/1/1964 2093/1/1970 2085/1/1962 25/1/17
f 2115/1/1992 2102/1/1979 2068/1/1950 2053/1/1935
f 2126/1/2003 2120/1/1997 2050/1/1932 2043/1/1925
f 2491/1/2354 2500/1/2363 2493/1/2356 2501/1/2364 2496/1/2359 2503/1/2366 2497/1/2360 2506/1/2369
f 2507/1/2370 2516/1/2374 2509/1/2371 2517/1/2375 2512/1/2373 2519/1/2364 2513/1/2359 2522/1/2376
f 2523/1/2377 2532/1/2381 2525/1/2379 2533/1/1954 2528/1/1933 2535/1/1953 2529/1/1958 2538/1/1952
f 2539/1/2382 2548/1/2391 2541/1/2384 2549/1/2392 2544/1/2387 2551/1/2394 2545/1/2388 2554/1/2397
f 2555/1/2398 2563/1/2406 2557/1/2400 2565/1/2408 2559/1/2402 2567/1/2410 2561/1/2404 2569/1/2412
f 2571/1/2414 2579/1/1937 2574/1/2350 2582/1/2419 2576/1/2417 2584/1/1942 2578/1/1947 2585/1/2420
f 2588/1/2422 2596/1/2430 2590/1/2424 2598/1/2432 2592/1/2426 2600/1/2434 2594/1/2428 2601/1/2435
f 2604/1/2437 2612/1/2435 2605/1/2438 2613/1/2441 2607/1/2439 2615/1/2443 2609/1/2426 2617/1/2434
f 2619/1/1933 2627/1/1953 2621/1/1958 2629/1/1952 2623/1/1929 2631/1/1957 2625/1/1927 2633/1/1954
f 2635/1/2447 2643/1/2453 2637/1/2449 2645/1/2455 2640/1/2400 2648/1/2458 2642/1/2452 2649/1/2459
f 2652/1/2461 2660/1/2392 2654/1/2387 2662/1/2467 2656/1/2463 2664/1/2469 2658/1/2465 2665/1/2470
f 2668/1/1949 2676/1/1942 2670/1/1947 2678/1/2473 2672/1/1946 2679/1/2474 2673/1/2350 2681/1/1936
f 2683/1/2373 2691/1/2364 2685/1/2359 2693/1/2376 2687/1/2360 2695/1/2369 2689/1/2371 2697/1/2375
f 2699/1/1933 2707/1/1953 2701/1/1958 2709/1/1952 2703/1/2377 2711/1/2478 2706/1/1927 2713/1/1954
f 2716/1/2400 2724/1/2458 2718/1/2402 2726/1/2459 2720/1/2404 2728/1/2412 2722/1/2398 2729/1/2455
f 2732/1/2414 2740/1/1937 2734/1/2350 2742/1/1936 2736/1/1949 2744/1/1942 2738/1/1947 2745/1/1939
f 2747/1/2426 2755/1/2434 2749/1/2437 2757/1/2435 2751/1/2438 2759/1/2430 2753/1/2439 2761/1/2443
f 2763/1/2377 2771/1/1957 2765/1/1927 2773/1/1954 2767/1/1933 2775/1/1953 2769/1/1958 2777/1/1952
f 2779/1/2447 2788/1/2453 2782/1/2449 2790/1/2455 2784/1/2486 2792/1/2408 2786/1/2402 2793/1/2459
f 2796/1/2350 2804/1/2419 2798/1/2417 2806/1/1942 2800/1/1947 2808/1/1939 2802/1/1946 2809/1/1937
f 2892/2/2569 419/3/387 3051/4/2728 3050/5/2727 2811/6/2488
f 2174/1/2051 2168/1/2045 2510/1/2372 2515/1/2368
f 43/1/17 2393/1/2270 2399/1/2276 2391/1/2268 40/1/17 2299/1/2176 2305/1/2182 2297/1/2174
f 2090/1/1967 2098/1/1975 2072/1/1925 2079/1/1960
f 2240/1/2117 2234/1/2111 2575/1/2416 2581/1/2353
f 2374/1/2251 2382/1/2259 2723/1/2457 2715/1/2450
f 2440/1/2317 2448/1/2325 2789/1/2456 2781/1/2399
f 2098/1/1975 2092/1/1969 2078/1/1959 2072/1/1925
f 2382/1/2259 2376/1/2253 2717/1/2451 2723/1/2457
f 2300/1/2177 2308/1/2185 2650/1/2411 2641/1/2451
f 2441/1/2318 2447/1/2324 2439/1/2316 48/1/17 2453/1/2330 2468/1/2345 2459/1/2336 47/1/17
f 2114/1/1991 2108/1/1985 2062/1/1944 2056/1/1938
f 2234/1/2111 2242/1/2119 2583/1/1941 2575/1/2416
f 2168/1/2045 2176/1/2053 2518/1/2362 2510/1/2372
f 2323/1/2200 2310/1/2187 2651/1/2460 2666/1/2390
f 2110/1/1987 2104/1/1981 2066/1/1948 2059/1/1941
f 2242/1/2119 2236/1/2113 2577/1/2418 2583/1/1941
f 2176/1/2053 2170/1/2047 2511/1/2357 2518/1/2362
f 39/1/17 2309/1/2186 2324/1/2201 2315/1/2192 38/1/17 2325/1/2202 2340/1/2217 2331/1/2208
f 2442/1/2319 2450/1/2327 2791/1/2409 2783/1/2450
f 2376/1/2253 2384/1/2261 2725/1/2411 2717/1/2451
f 2318/1/2195 2312/1/2189 2653/1/2386 2659/1/2393
f 2450/1/2327 2444/1/2321 2785/1/2487 2791/1/2409
f 2236/1/2113 2244/1/2121 2586/1/2351 2577/1/2418
f 2377/1/2254 2383/1/2260 2375/1/2252 44/1/17 2395/1/2272 2401/1/2278 2393/1/2270 43/1/17
f 2170/1/2047 2178/1/2055 2520/1/2365 2511/1/2357
f 2083/1/1929 2076/1/1957 2081/1/1927 2073/1/1954 2080/1/1933 2071/1/1953 2077/1/1958 2070/1/1952
f 2259/1/2136 2246/1/2123 2587/1/2421 2602/1/2436
f 2171/1/2048 2177/1/2054 2169/1/2046 33/1/17 2235/1/2112 2241/1/2118 2233/1/2110 29/1/17
f 2444/1/2321 2451/1/2328 2794/1/2411 2785/1/2487
f 2102/1/1979 2110/1/1987 2059/1/1941 2068/1/1950
f 2279/1/2156 2285/1/2162 2277/1/2154 35/1/17 2245/1/2122 2260/1/2137 2251/1/2128 37/1/17
f 2378/1/2255 2386/1/2263 2727/1/2454 2719/1/2480
f 2312/1/2189 2320/1/2197 2661/1/2466 2653/1/2386
f 2467/1/2344 2454/1/2331 2795/1/2472 2810/1/1938
f 35/1/17 2329/1/2206 2335/1/2212 2327/1/2204 40/1/17 2247/1/2124 2253/1/2130 2245/1/2122
f 2386/1/2263 2380/1/2257 2721/1/2399 2727/1/2454
f 2172/1/2049 2179/1/2056 2521/1/2367 2514/1/2358
f 2320/1/2197 2314/1/2191 2655/1/2462 2661/1/2466
f 2454/1/2331 2462/1/2339 2803/1/2353 2795/1/2472
f 2104/1/1981 2112/1/1989 2058/1/1940 2066/1/1948
f 2195/1/2072 2182/1/2059 2524/1/2378 2537/1/1951
f 2462/1/2339 2456/1/2333 2797/1/2416 2803/1/2353
f 2112/1/1989 2106/1/1983 2063/1/1945 2058/1/1940
f 2380/1/2257 2387/1/2264 2730/1/2456 2721/1/2399
f 2182/1/2059 2190/1/2067 2531/1/2347 2524/1/2378
f 2314/1/2191 2322/1/2199 2663/1/2468 2655/1/2462
f 2248/1/2125 2256/1/2133 2597/1/2431 2589/1/2423
f 2403/1/2280 2390/1/2267 2731/1/1945 2746/1/1940
f 2190/1/2067 2184/1/2061 2526/1/2380 2531/1/2347
f 2322/1/2199 2316/1/2193 2657/1/2464 2663/1/2468
f 2106/1/1983 2114/1/1991 2056/1/1938 2063/1/1945
f 2391/1/2268 2397/1/2274 2389/1/2266 45/1/17 2249/1/2126 2255/1/2132 2247/1/2124 40/1/17
f 44/1/17 2411/1/2288 2417/1/2294 2409/1/2286 45/1/17 2389/1/2266 2404/1/2281 2395/1/2272
f 2456/1/2333 2464/1/2341 2805/1/1941 2797/1/2416
f 2067/1/1949 2060/1/1942 2065/1/1947 2057/1/1939 2064/1/1946 2055/1/1937 2061/1/1943 2054/1/1936
f 2398/1/2275 2392/1/2269 2733/1/1944 2739/1/1938
f 2316/1/2193 2323/1/2200 2666/1/2390 2657/1/2464
f 2464/1/2341 2458/1/2335 2799/1/2471 2805/1/1941
f 2108/1/1985 2115/1/1992 2053/1/1935 2062/1/1944
f 2250/1/2127 2258/1/2135 2599/1/2433 2591/1/2425
f 2184/1/2061 2192/1/2069 2534/1/1955 2526/1/2380
f 2339/1/2216 2326/1/2203 2667/1/1950 2682/1/2353
f 2051/1/1933 2044/1/1926 2049/1/1931 2469/1/1952 2047/1/1929 2471/1/1957 2045/1/1927 2474/1/1954
f 45/1/17 2425/1/2302 2431/1/2308 2423/1/2300 37/1/17 2251/1/2128 2257/1/2134 2249/1/2126
f 38/1/17 2185/1/2062 2191/1/2068 2183/1/2060 31/1/17 2295/1/2172 2301/1/2178 2293/1/2170
f 2326/1/2203 2334/1/2211 2675/1/1941 2667/1/1950
f 2458/1/2335 2466/1/2343 2807/1/2351 2799/1/2471
f 2392/1/2269 2400/1/2277 2741/1/2353 2733/1/1944
f 2334/1/2211 2328/1/2205 2669/1/2471 2675/1/1941
f 2466/1/2343 2460/1/2337 2801/1/2349 2807/1/2351
f 2252/1/2129 2259/1/2136 2602/1/2436 2593/1/2427
f 2400/1/2277 2394/1/2271 2735/1/2481 2741/1/2353
f 2186/1/2063 2194/1/2071 2536/1/1925 2527/1/1960
f 2124/1/2001 2131/1/2008 2473/1/1955 2046/1/1928
f 2275/1/2152 2262/1/2139 2603/1/2427 2618/1/2444
f 2315/1/2192 2321/1/2198 2313/1/2190 30/1/17 2187/1/2064 2193/1/2070 2185/1/2062 38/1/17
f 2460/1/2337 2467/1/2344 2810/1/1938 2801/1/2349
f 2131/1/2008 2118/1/1995 2052/1/1934 2473/1/1955
f 36/1/17 2261/1/2138 2276/1/2153 2267/1/2144 35/1/17 2277/1/2154 2292/1/2169 2283/1/2160
f 2394/1/2271 2402/1/2279 2743/1/2482 2735/1/2481
f 2328/1/2205 2336/1/2213 2677/1/2351 2669/1/2471
f 2475/1/1947 2484/1/1939 2477/1/1946 2485/1/1937 2480/1/2350 2487/1/2352 2481/1/1949 2490/1/1942
f 2270/1/2147 2264/1/2141 2606/1/2421 2611/1/2440
f 2402/1/2279 2396/1/2273 2737/1/2471 2743/1/2482
f 2188/1/2065 2195/1/2072 2537/1/1951 2530/1/1932
f 2336/1/2213 2330/1/2207 2671/1/2349 2677/1/2351
f 2120/1/1997 2128/1/2005 2470/1/2346 2050/1/1932
f 2211/1/2088 2198/1/2075 2540/1/2383 2553/1/2396
f 2128/1/2005 2122/1/1999 2048/1/1930 2470/1/2346
f 2396/1/2273 2403/1/2280 2746/1/1940 2737/1/2471
f 2231/1/2108 2237/1/2114 2229/1/2106 32/1/17 2197/1/2074 2212/1/2089 2203/1/2080 34/1/17
f 2330/1/2207 2338/1/2215 2680/1/1938 2671/1/2349
f 2264/1/2141 2272/1/2149 2614/1/2442 2606/1/2421
f 2419/1/2296 2406/1/2283 2748/1/2483 2762/1/2431
f 32/1/17 2281/1/2158 2287/1/2164 2279/1/2156 37/1/17 2199/1/2076 2205/1/2082 2197/1/2074
f 2338/1/2215 2332/1/2209 2674/1/2472 2680/1/1938
f 2099/1/1976 2086/1/1963 2084/1/1961 2069/1/1951
f 1893/1/1818 1966/1/1881 2925/1/2602 2854/1/2531
f 1979/1/1888 1982/1/1891 1997/1/1904 1996/1/1763
f 1890/1/1815 1957/1/1872 2918/1/2595 2849/1/2526
f 1925/1/1842 1898/1/1823 2857/1/2534 2886/1/2563
f 1974/1/1883 1909/1/1827 2870/1/2547 2933/1/2610
f 1898/1/1823 1964/1/1879 2923/1/2600 2857/1/2534
f 1903/1/1809 1927/1/1844 2888/1/2565 2864/1/2541
f 1915/1/1832 1858/1/1784 2817/1/2494 2876/1/2553
f 1906/1/1812 1970/1/1874 2929/1/2606 2865/1/2542
f 1901/1/1815 1972/1/1872 2931/1/2608 2862/1/2539
f 1942/1/1859 1863/1/1789 2824/1/2501 2901/1/2578
f 1914/1/1541 1976/1/1885 2935/1/2612 2873/1/2550
f 1927/1/1844 1906/1/1812 2865/1/2542 2888/1/2565
f 1919/1/1836 1874/1/1800 2833/1/2510 2880/1/2557
f 1933/1/1850 1851/1/1778 2812/1/2489 2894/1/2571
f 1911/1/1829 1929/1/1846 2890/1/2567 2872/1/2549
f 1954/1/1871 1879/1/1805 2840/1/2517 2913/1/2590
f 1932/1/1849 1854/1/1780 2813/1/2490 2891/1/2568
f 1909/1/1827 1978/1/1887 2937/1/2614 2870/1/2547
f 1923/1/1840 1890/1/1815 2849/1/2526 2884/1/2561
f 1856/1/1782 1915/1/1832 2876/1/2553 2815/1/2492
f 1929/1/1846 1914/1/1541 2873/1/2550 2890/1/2567
f 1966/1/1881 1895/1/1820 2856/1/2533 2925/1/2602
f 1939/1/1856 1859/1/1785 2820/1/2497 2900/1/2577
f 1972/1/1872 1903/1/1809 2864/1/2541 2931/1/2608
f 1861/1/1787 1942/1/1859 2901/1/2578 2822/1/2499
f 1978/1/1887 1911/1/1829 2872/1/2549 2937/1/2614
f 1938/1/1855 1861/1/1787 2822/1/2499 2897/1/2574
f 1854/1/1780 1935/1/1852 2896/1/2573 2813/1/2490
f 1945/1/1862 1867/1/1793 2828/1/2505 2906/1/2583
f 1859/1/1785 1938/1/1855 2897/1/2574 2820/1/2497
f 1944/1/1861 1870/1/1796 2829/1/2506 2903/1/2580
f 1935/1/1852 1856/1/1782 2815/1/2492 2896/1/2573
f 1872/1/1798 1919/1/1836 2880/1/2557 2831/1/2508
f 1863/1/1789 1917/1/1834 2878/1/2555 2824/1/2501
f 1951/1/1868 1875/1/1801 2836/1/2513 2912/1/2589
f 1867/1/1793 1944/1/1861 2903/1/2580 2828/1/2505
f 1877/1/1803 1954/1/1871 2913/1/2590 2838/1/2515
f 1917/1/1834 1866/1/1792 2825/1/2502 2878/1/2555
f 1950/1/1867 1877/1/1803 2838/1/2515 2909/1/2586
f 1870/1/1796 1947/1/1864 2908/1/2585 2829/1/2506
f 1957/1/1872 1883/1/1809 2844/1/2521 2918/1/2595
f 1875/1/1801 1950/1/1867 2909/1/2586 2836/1/2513
f 1956/1/1844 1886/1/1812 2845/1/2522 2915/1/2592
f 1947/1/1864 1872/1/1798 2831/1/2508 2908/1/2585
f 1888/1/1520 1923/1/1840 2884/1/2561 2847/1/2524
f 1879/1/1805 1921/1/1838 2882/1/2559 2840/1/2517
f 1964/1/1879 1891/1/1816 2852/1/2529 2923/1/2600
f 1883/1/1809 1956/1/1844 2915/1/2592 2844/1/2521
f 1899/1/1520 1968/1/1840 2927/1/2604 2860/1/2537
f 1921/1/1838 1882/1/1808 2841/1/2518 2882/1/2559
f 1962/1/1877 1893/1/1818 2854/1/2531 2921/1/2598
f 1886/1/1812 1959/1/1874 2920/1/2597 2845/1/2522
f 1970/1/1874 1899/1/1520 2860/1/2537 2929/1/2606
f 1858/1/1784 1933/1/1850 2894/1/2571 2817/1/2494
f 1891/1/1816 1962/1/1877 2921/1/2598 2852/1/2529
f 1907/1/1825 1974/1/1883 2933/1/2610 2868/1/2545
f 1866/1/1792 1939/1/1856 2900/1/2577 2825/1/2502
f 1959/1/1874 1888/1/1520 2847/1/2524 2920/1/2597
f 1968/1/1840 1901/1/1815 2862/1/2539 2927/1/2604
f 1874/1/1800 1945/1/1862 2906/1/2583 2833/1/2510
f 1895/1/1820 1925/1/1842 2886/1/2563 2856/1/2533
f 1976/1/1885 1907/1/1825 2868/1/2545 2935/1/2612
f 1882/1/1808 1951/1/1868 2912/1/2589 2841/1/2518
f 134/7/102 2954/8/2631 2952/9/2629 133/10/101
f 51/11/19 54/12/22 53/13/21 50/1/18
f 52/14/20 55/15/23 54/12/22 51/11/19
f 2943/16/2620 57/17/25 56/18/24 2940/19/2617
f 2945/20/2622 58/21/26 57/17/25 2943/22/2620
f 2947/23/2624 59/24/27 58/21/26 2945/25/2622
f 2948/26/2625 60/27/28 59/24/27 2947/28/2624
f 50/29/18 53/30/21 60/27/28 2948/31/2625 2950/32/2627
f 53/30/21 61/33/29 68/34/36 60/27/28
f 54/12/22 62/35/30 61/36/29 53/13/21
f 55/15/23 63/37/31 62/35/30 54/12/22
f 56/18/24 64/38/32 63/37/31 55/15/23
f 57/17/25 65/39/33 64/38/32 56/18/24
f 58/21/26 66/40/34 65/39/33 57/17/25
f 59/24/27 67/41/35 66/40/34 58/21/26
f 60/27/28 68/34/36 67/41/35 59/24/27
f 61/33/29 69/42/37 76/43/44 68/34/36
f 62/35/30 70/44/38 69/45/37 61/36/29
f 63/37/31 71/46/39 70/44/38 62/35/30
f 64/38/32 72/47/40 71/46/39 63/37/31
f 65/39/33 73/48/41 72/47/40 64/38/32
f 66/40/34 74/49/42 73/48/41 65/39/33
f 67/41/35 75/50/43 74/49/42 66/40/34
f 68/34/36 76/43/44 75/50/43 67/41/35
f 69/42/37 77/51/45 84/52/52 76/43/44
f 70/44/38 78/53/46 77/54/45 69/45/37
f 71/46/39 79/55/47 78/53/46 70/44/38
f 72/47/40 80/56/48 79/55/47 71/46/39
f 73/48/41 81/57/49 80/56/48 72/47/40
f 74/49/42 82/58/50 81/57/49 73/48/41
f 75/50/43 83/59/51 82/58/50 74/49/42
f 76/43/44 84/52/52 83/59/51 75/50/43
f 77/51/45 85/60/53 92/61/60 84/52/52
f 78/53/46 86/62/54 85/63/53 77/54/45
f 79/55/47 87/64/55 86/62/54 78/53/46
f 80/56/48 88/65/56 87/64/55 79/55/47
f 81/57/49 89/66/57 88/65/56 80/56/48
f 82/58/50 90/67/58 89/66/57 81/57/49
f 83/59/51 91/68/59 90/67/58 82/58/50
f 84/52/52 92/61/60 91/68/59 83/59/51
f 85/60/53 93/69/61 100/70/68 92/61/60
f 86/62/54 94/71/62 93/72/61 85/63/53
f 87/64/55 95/73/63 94/71/62 86/62/54
f 88/65/56 96/74/64 95/73/63 87/64/55
f 89/66/57 97/75/65 96/74/64 88/65/56
f 90/67/58 98/76/66 97/75/65 89/66/57
f 91/68/59 99/77/67 98/76/66 90/67/58
f 92/61/60 100/70/68 99/77/67 91/68/59
f 93/69/61 101/78/69 108/79/76 100/70/68
f 94/71/62 102/80/70 101/81/69 93/72/61
f 95/73/63 103/82/71 102/80/70 94/71/62
f 96/74/64 104/83/72 103/82/71 95/73/63
f 97/75/65 105/84/73 104/83/72 96/74/64
f 98/76/66 106/85/74 105/84/73 97/75/65
f 99/77/67 107/86/75 106/85/74 98/76/66
f 100/70/68 108/79/76 107/86/75 99/77/67
f 101/78/69 109/87/77 116/88/84 108/79/76
f 102/80/70 110/89/78 109/90/77 101/81/69
f 103/82/71 111/91/79 110/89/78 102/80/70
f 104/83/72 112/92/80 111/91/79 103/82/71
f 105/84/73 113/93/81 112/92/80 104/83/72
f 106/85/74 114/94/82 113/93/81 105/84/73
f 107/86/75 115/95/83 114/94/82 106/85/74
f 108/79/76 116/88/84 115/95/83 107/86/75
f 109/87/77 117/96/85 124/97/92 116/88/84
f 110/89/78 118/98/86 117/99/85 109/90/77
f 111/91/79 119/100/87 118/98/86 110/89/78
f 112/92/80 120/101/88 119/100/87 111/91/79
f 113/93/81 121/102/89 120/101/88 112/92/80
f 114/94/82 122/103/90 121/102/89 113/93/81
f 115/95/83 123/104/91 122/103/90 114/94/82
f 116/88/84 124/97/92 123/104/91 115/95/83
f 117/96/85 125/105/93 132/106/100 124/97/92
f 118/98/86 126/107/94 125/108/93 117/99/85
f 119/100/87 127/109/95 126/107/94 118/98/86
f 120/101/88 128/110/96 127/109/95 119/100/87
f 121/102/89 129/111/97 128/110/96 120/101/88
f 122/103/90 130/112/98 129/111/97 121/102/89
f 123/104/91 131/113/99 130/112/98 122/103/90
f 124/97/92 132/106/100 131/113/99 123/104/91
f 125/105/93 133/114/101 140/115/108 132/106/100
f 126/107/94 134/7/102 133/10/101 125/108/93
f 127/109/95 135/116/103 134/7/102 126/107/94
f 128/110/96 136/117/104 135/116/103 127/109/95
f 129/111/97 137/118/105 136/117/104 128/110/96
f 130/112/98 138/119/106 137/118/105 129/111/97
f 131/113/99 139/120/107 138/119/106 130/112/98
f 132/106/100 140/115/108 139/120/107 131/113/99
f 2965/121/2642 2951/122/2628 2953/123/2630 2955/124/2632 2957/125/2634 2959/126/2636 2961/127/2638 2963/128/2640
f 133/114/101 2952/129/2629 2966/130/2643 140/115/108
f 136/117/104 2958/131/2635 2956/132/2633 135/116/103
f 137/118/105 2960/133/2637 2958/131/2635 136/117/104
f 138/119/106 2962/134/2639 2960/133/2637 137/118/105
f 139/120/107 2964/135/2641 2962/136/2639 138/119/106
f 140/115/108 2966/137/2643 2964/138/2641 139/120/107
f 2968/139/2645 143/30/111 150/140/118 2979/141/2656
f 2970/142/2647 144/143/112 143/144/111 2968/145/2645
f 2972/146/2649 145/147/113 144/143/112 2970/148/2647
f 2973/149/2650 146/150/114 145/147/113 2972/151/2649
f 141/152/109 147/153/115 146/150/114 2973/154/2650 2975/155/2652
f 2978/156/2655 2977/157/2654 149/24/117 148/158/116 142/159/110
f 142/159/110 148/158/116 147/153/115 141/152/109
f 2979/160/2656 150/140/118 149/24/117 2977/161/2654
f 2983/162/2660 2982/163/2659 245/164/213 244/165/212 241/14/209
f 143/30/111 151/166/119 158/167/126 150/140/118
f 144/143/112 152/168/120 151/36/119 143/144/111
f 145/147/113 153/169/121 152/168/120 144/143/112
f 146/150/114 154/170/122 153/169/121 145/147/113
f 147/153/115 155/171/123 154/170/122 146/150/114
f 148/158/116 156/40/124 155/171/123 147/153/115
f 149/24/117 157/172/125 156/40/124 148/158/116
f 150/140/118 158/167/126 157/172/125 149/24/117
f 151/166/119 159/42/127 166/173/134 158/167/126
f 152/168/120 160/174/128 159/175/127 151/36/119
f 153/169/121 161/176/129 160/174/128 152/168/120
f 154/170/122 162/177/130 161/176/129 153/169/121
f 155/171/123 163/178/131 162/177/130 154/170/122
f 156/40/124 164/179/132 163/178/131 155/171/123
f 157/172/125 165/180/133 164/179/132 156/40/124
f 158/167/126 166/173/134 165/180/133 157/172/125
f 159/42/127 167/51/135 174/181/142 166/173/134
f 160/174/128 168/182/136 167/183/135 159/175/127
f 161/176/129 169/184/137 168/182/136 160/174/128
f 162/177/130 170/185/138 169/184/137 161/176/129
f 163/178/131 171/57/139 170/185/138 162/177/130
f 164/179/132 172/186/140 171/57/139 163/178/131
f 165/180/133 173/187/141 172/186/140 164/179/132
f 166/173/134 174/181/142 173/187/141 165/180/133
f 167/51/135 175/188/143 182/189/150 174/181/142
f 168/182/136 176/190/144 175/191/143 167/183/135
f 169/184/137 177/192/145 176/190/144 168/182/136
f 170/185/138 178/193/146 177/192/145 169/184/137
f 171/57/139 179/194/147 178/193/146 170/185/138
f 172/186/140 180/195/148 179/194/147 171/57/139
f 173/187/141 181/196/149 180/195/148 172/186/140
f 174/181/142 182/189/150 181/196/149 173/187/141
f 175/188/143 183/69/151 190/70/158 182/189/150
f 176/190/144 184/197/152 183/72/151 175/191/143
f 177/192/145 185/198/153 184/197/152 176/190/144
f 178/193/146 186/199/154 185/198/153 177/192/145
f 179/194/147 187/200/155 186/199/154 178/193/146
f 180/195/148 188/76/156 187/200/155 179/194/147
f 181/196/149 189/77/157 188/76/156 180/195/148
f 182/189/150 190/70/158 189/77/157 181/196/149
f 183/69/151 191/201/159 198/202/166 190/70/158
f 184/197/152 192/203/160 191/204/159 183/72/151
f 185/198/153 193/205/161 192/203/160 184/197/152
f 186/199/154 194/206/162 193/205/161 185/198/153
f 187/200/155 195/207/163 194/206/162 186/199/154
f 188/76/156 196/208/164 195/207/163 187/200/155
f 189/77/157 197/86/165 196/208/164 188/76/156
f 190/70/158 198/202/166 197/86/165 189/77/157
f 191/201/159 199/209/167 206/210/174 198/202/166
f 192/203/160 200/211/168 199/90/167 191/204/159
f 193/205/161 201/91/169 200/211/168 192/203/160
f 194/206/162 202/212/170 201/91/169 193/205/161
f 195/207/163 203/93/171 202/212/170 194/206/162
f 196/208/164 204/213/172 203/93/171 195/207/163
f 197/86/165 205/214/173 204/213/172 196/208/164
f 198/202/166 206/210/174 205/214/173 197/86/165
f 199/209/167 207/215/175 214/216/182 206/210/174
f 200/211/168 208/217/176 207/99/175 199/90/167
f 201/91/169 209/218/177 208/217/176 200/211/168
f 202/212/170 210/101/178 209/218/177 201/91/169
f 203/93/171 211/219/179 210/101/178 202/212/170
f 204/213/172 212/103/180 211/219/179 203/93/171
f 205/214/173 213/220/181 212/103/180 204/213/172
f 206/210/174 214/216/182 213/220/181 205/214/173
f 207/215/175 215/105/183 222/221/190 214/216/182
f 208/217/176 216/222/184 215/223/183 207/99/175
f 209/218/177 217/224/185 216/222/184 208/217/176
f 210/101/178 218/110/186 217/224/185 209/218/177
f 211/219/179 219/225/187 218/110/186 210/101/178
f 212/103/180 220/226/188 219/225/187 211/219/179
f 213/220/181 221/227/189 220/226/188 212/103/180
f 214/216/182 222/221/190 221/227/189 213/220/181
f 215/105/183 223/228/191 230/229/198 222/221/190
f 216/222/184 224/230/192 223/231/191 215/223/183
f 217/224/185 225/116/193 224/230/192 216/222/184
f 218/110/186 226/232/194 225/116/193 217/224/185
f 219/225/187 227/233/195 226/232/194 218/110/186
f 220/226/188 228/234/196 227/233/195 219/225/187
f 221/227/189 229/235/197 228/234/196 220/226/188
f 222/221/190 230/229/198 229/235/197 221/227/189
f 223/228/191 231/236/199 238/237/206 230/229/198
f 224/230/192 232/238/200 231/239/199 223/231/191
f 225/116/193 233/240/201 232/238/200 224/230/192
f 226/232/194 234/241/202 233/240/201 225/116/193
f 227/233/195 235/242/203 234/241/202 226/232/194
f 228/234/196 236/243/204 235/242/203 227/233/195
f 229/235/197 237/244/205 236/243/204 228/234/196
f 230/229/198 238/237/206 237/244/205 229/235/197
f 323/245/291 2996/246/2673 2994/247/2671 322/248/290
f 240/11/208 243/249/211 242/13/210 239/1/207
f 241/14/209 244/165/212 243/249/211 240/11/208
f 2985/250/2662 246/251/214 245/164/213 2982/252/2659
f 2987/253/2664 247/158/215 246/251/214 2985/254/2662
f 2989/255/2666 248/256/216 247/158/215 2987/257/2664
f 2990/258/2667 249/259/217 248/256/216 2989/260/2666
f 239/29/207 242/261/210 249/259/217 2990/262/2667 2992/263/2669
f 242/261/210 250/33/218 257/34/225 249/259/217
f 243/249/211 251/264/219 250/265/218 242/13/210
f 244/165/212 252/266/220 251/264/219 243/249/211
f 245/164/213 253/267/221 252/266/220 244/165/212
f 246/251/214 254/268/222 253/267/221 245/164/213
f 247/158/215 255/40/223 254/268/222 246/251/214
f 248/256/216 256/269/224 255/40/223 247/158/215
f 249/259/217 257/34/225 256/269/224 248/256/216
f 250/33/218 258/42/226 265/270/233 257/34/225
f 251/264/219 259/44/227 258/45/226 250/265/218
f 252/266/220 260/46/228 259/44/227 251/264/219
f 253/267/221 261/271/229 260/46/228 252/266/220
f 254/268/222 262/48/230 261/271/229 253/267/221
f 255/40/223 263/272/231 262/48/230 254/268/222
f 256/269/224 264/50/232 263/272/231 255/40/223
f 257/34/225 265/270/233 264/50/232 256/269/224
f 258/42/226 266/273/234 273/274/241 265/270/233
f 259/44/227 267/275/235 266/276/234 258/45/226
f 260/46/228 268/277/236 267/275/235 259/44/227
f 261/271/229 269/185/237 268/277/236 260/46/228
f 262/48/230 270/278/238 269/185/237 261/271/229
f 263/272/231 271/279/239 270/278/238 262/48/230
f 264/50/232 272/280/240 271/279/239 263/272/231
f 265/270/233 273/274/241 272/280/240 264/50/232
f 266/273/234 274/281/242 281/282/249 273/274/241
f 267/275/235 275/283/243 274/63/242 266/276/234
f 268/277/236 276/192/244 275/283/243 267/275/235
f 269/185/237 277/284/245 276/192/244 268/277/236
f 270/278/238 278/285/246 277/284/245 269/185/237
f 271/279/239 279/195/247 278/285/246 270/278/238
f 272/280/240 280/286/248 279/195/247 271/279/239
f 273/274/241 281/282/249 280/286/248 272/280/240
f 274/281/242 282/69/250 289/70/257 281/282/249
f 275/283/243 283/287/251 282/72/250 274/63/242
f 276/192/244 284/73/252 283/287/251 275/283/243
f 277/284/245 285/288/253 284/73/252 276/192/244
f 278/285/246 286/289/254 285/288/253 277/284/245
f 279/195/247 287/76/255 286/289/254 278/285/246
f 280/286/248 288/77/256 287/76/255 279/195/247
f 281/282/249 289/70/257 288/77/256 280/286/248
f 282/69/250 290/290/258 297/202/265 289/70/257
f 283/287/251 291/291/259 290/292/258 282/72/250
f 284/73/252 292/293/260 291/291/259 283/287/251
f 285/288/253 293/294/261 292/293/260 284/73/252
f 286/289/254 294/207/262 293/294/261 285/288/253
f 287/76/255 295/295/263 294/207/262 286/289/254
f 288/77/256 296/296/264 295/295/263 287/76/255
f 289/70/257 297/202/265 296/296/264 288/77/256
f 290/290/258 298/209/266 305/297/273 297/202/265
f 291/291/259 299/298/267 298/90/266 290/292/258
f 292/293/260 300/91/268 299/298/267 291/291/259
f 293/294/261 301/299/269 300/91/268 292/293/260
f 294/207/262 302/93/270 301/299/269 293/294/261
f 295/295/263 303/300/271 302/93/270 294/207/262
f 296/296/264 304/301/272 303/300/271 295/295/263
f 297/202/265 305/297/273 304/301/272 296/296/264
f 298/209/266 306/96/274 313/302/281 305/297/273
f 299/298/267 307/303/275 306/99/274 298/90/266
f 300/91/268 308/304/276 307/303/275 299/298/267
f 301/299/269 309/101/277 308/304/276 300/91/268
f 302/93/270 310/305/278 309/101/277 301/299/269
f 303/300/271 311/306/279 310/305/278 302/93/270
f 304/301/272 312/104/280 311/306/279 303/300/271
f 305/297/273 313/302/281 312/104/280 304/301/272
f 306/96/274 314/105/282 321/307/289 313/302/281
f 307/303/275 315/308/283 314/108/282 306/99/274
f 308/304/276 316/309/284 315/308/283 307/303/275
f 309/101/277 317/110/285 316/309/284 308/304/276
f 310/305/278 318/111/286 317/110/285 309/101/277
f 311/306/279 319/310/287 318/111/286 310/305/278
f 312/104/280 320/311/288 319/310/287 311/306/279
f 313/302/281 321/307/289 320/311/288 312/104/280
f 314/105/282 322/228/290 329/229/297 321/307/289
f 315/308/283 323/245/291 322/248/290 314/108/282
f 316/309/284 324/312/292 323/245/291 315/308/283
f 317/110/285 325/313/293 324/312/292 316/309/284
f 318/111/286 326/314/294 325/313/293 317/110/285
f 319/310/287 327/315/295 326/314/294 318/111/286
f 320/311/288 328/316/296 327/315/295 319/310/287
f 321/307/289 329/229/297 328/316/296 320/311/288
f 3007/317/2684 2993/318/2670 2995/319/2672 2997/320/2674 2999/321/2676 3001/322/2678 3003/323/2680 3005/324/2682
f 322/228/290 2994/325/2671 3008/326/2685 329/229/297
f 325/313/293 3000/327/2677 2998/328/2675 324/312/292
f 326/314/294 3002/329/2679 3000/327/2677 325/313/293
f 327/315/295 3004/330/2681 3002/331/2679 326/314/294
f 328/316/296 3006/332/2683 3004/333/2681 327/315/295
f 329/229/297 3008/334/2685 3006/335/2683 328/316/296
f 3010/336/2687 330/337/298 337/338/305 3023/339/2700
f 3012/340/2689 331/143/299 330/144/298 3010/341/2687
f 3014/342/2691 332/147/300 331/143/299 3012/343/2689
f 3016/344/2693 333/345/301 332/147/300 3014/346/2691
f 3018/347/2695 334/17/302 333/345/301 3016/348/2693
f 3020/349/2697 335/350/303 334/17/302 3018/351/2695
f 3022/352/2699 336/256/304 335/350/303 3020/353/2697
f 3023/354/2700 337/338/305 336/256/304 3022/355/2699
f 411/356/379 418/238/386 3025/357/2702 3026/358/2703 410/359/378
f 330/337/298 338/360/306 345/34/313 337/338/305
f 331/143/299 339/361/307 338/362/306 330/144/298
f 332/147/300 340/363/308 339/361/307 331/143/299
f 333/345/301 341/364/309 340/363/308 332/147/300
f 334/17/302 342/365/310 341/364/309 333/345/301
f 335/350/303 343/366/311 342/365/310 334/17/302
f 336/256/304 344/367/312 343/366/311 335/350/303
f 337/338/305 345/34/313 344/367/312 336/256/304
f 338/360/306 346/368/314 353/43/321 345/34/313
f 339/361/307 347/44/315 346/45/314 338/362/306
f 340/363/308 348/46/316 347/44/315 339/361/307
f 341/364/309 349/177/317 348/46/316 340/363/308
f 342/365/310 350/48/318 349/177/317 341/364/309
f 343/366/311 351/49/319 350/48/318 342/365/310
f 344/367/312 352/369/320 351/49/319 343/366/311
f 345/34/313 353/43/321 352/369/320 344/367/312
f 346/368/314 354/51/322 361/370/329 353/43/321
f 347/44/315 355/371/323 354/54/322 346/45/314
f 348/46/316 356/184/324 355/371/323 347/44/315
f 349/177/317 357/372/325 356/184/324 348/46/316
f 350/48/318 358/373/326 357/372/325 349/177/317
f 351/49/319 359/58/327 358/373/326 350/48/318
f 352/369/320 360/59/328 359/58/327 351/49/319
f 353/43/321 361/370/329 360/59/328 352/369/320
f 354/51/322 362/374/330 369/375/337 361/370/329
f 355/371/323 363/62/331 362/191/330 354/54/322
f 356/184/324 364/376/332 363/62/331 355/371/323
f 357/372/325 365/377/333 364/376/332 356/184/324
f 358/373/326 366/378/334 365/377/333 357/372/325
f 359/58/327 367/195/335 366/378/334 358/373/326
f 360/59/328 368/196/336 367/195/335 359/58/327
f 361/370/329 369/375/337 368/196/336 360/59/328
f 362/374/330 370/379/338 377/70/345 369/375/337
f 363/62/331 371/71/339 370/72/338 362/191/330
f 364/376/332 372/198/340 371/71/339 363/62/331
f 365/377/333 373/199/341 372/198/340 364/376/332
f 366/378/334 374/380/342 373/199/341 365/377/333
f 367/195/335 375/76/343 374/380/342 366/378/334
f 368/196/336 376/381/344 375/76/343 367/195/335
f 369/375/337 377/70/345 376/381/344 368/196/336
f 370/379/338 378/382/346 385/202/353 377/70/345
f 371/71/339 379/383/347 378/292/346 370/72/338
f 372/198/340 380/384/348 379/383/347 371/71/339
f 373/199/341 381/206/349 380/384/348 372/198/340
f 374/380/342 382/207/350 381/206/349 373/199/341
f 375/76/343 383/385/351 382/207/350 374/380/342
f 376/381/344 384/386/352 383/385/351 375/76/343
f 377/70/345 385/202/353 384/386/352 376/381/344
f 378/382/346 386/387/354 393/388/361 385/202/353
f 379/383/347 387/389/355 386/390/354 378/292/346
f 380/384/348 388/391/356 387/389/355 379/383/347
f 381/206/349 389/392/357 388/391/356 380/384/348
f 382/207/350 390/93/358 389/392/357 381/206/349
f 383/385/351 391/393/359 390/93/358 382/207/350
f 384/386/352 392/394/360 391/393/359 383/385/351
f 385/202/353 393/388/361 392/394/360 384/386/352
f 386/387/354 394/96/362 401/97/369 393/388/361
f 387/389/355 395/395/363 394/99/362 386/390/354
f 388/391/356 396/218/364 395/395/363 387/389/355
f 389/392/357 397/101/365 396/218/364 388/391/356
f 390/93/358 398/396/366 397/101/365 389/392/357
f 391/393/359 399/103/367 398/396/366 390/93/358
f 392/394/360 400/397/368 399/103/367 391/393/359
f 393/388/361 401/97/369 400/397/368 392/394/360
f 394/96/362 402/105/370 409/307/377 401/97/369
f 395/395/363 403/222/371 402/108/370 394/99/362
f 396/218/364 404/398/372 403/222/371 395/395/363
f 397/101/365 405/399/373 404/398/372 396/218/364
f 398/396/366 406/400/374 405/399/373 397/101/365
f 399/103/367 407/401/375 406/400/374 398/396/366
f 400/397/368 408/227/376 407/401/375 399/103/367
f 401/97/369 409/307/377 408/227/376 400/397/368
f 402/105/370 410/402/378 417/403/385 409/307/377
f 403/222/371 411/356/379 410/359/378 402/108/370
f 404/398/372 412/404/380 411/356/379 403/222/371
f 405/399/373 413/405/381 412/404/380 404/398/372
f 406/400/374 414/406/382 413/405/381 405/399/373
f 407/401/375 415/407/383 414/406/382 406/400/374
f 408/227/376 416/408/384 415/407/383 407/401/375
f 409/307/377 417/403/385 416/408/384 408/227/376
f 3037/409/2714 3025/410/2702 418/238/386 3028/411/2705 3029/412/2706 3031/413/2708 3033/414/2710 3035/415/2712
f 410/402/378 3026/416/2703 3038/417/2715 417/403/385
f 414/406/382 3032/418/2709 3030/419/2707 413/405/381
f 412/404/380 3027/420/2704 3028/421/2705 418/238/386 411/356/379
f 415/407/383 3034/422/2711 3032/418/2709 414/406/382
f 416/408/384 3036/423/2713 3034/424/2711 415/407/383
f 417/403/385 3038/425/2715 3036/426/2713 416/408/384
f 3040/427/2717 420/428/388 427/429/395 3053/430/2730
f 3042/431/2719 421/432/389 420/144/388 3040/433/2717
f 3044/434/2721 422/147/390 421/432/389 3042/435/2719
f 3046/436/2723 423/437/391 422/147/390 3044/438/2721
f 3048/439/2725 424/17/392 423/437/391 3046/440/2723
f 3049/441/2726 425/442/393 424/17/392 3048/443/2725
f 419/3/387 426/444/394 425/442/393 3049/445/2726 3051/4/2728
f 3054/446/2731 3053/447/2730 427/429/395 426/444/394 419/3/387
f 501/7/469 508/448/476 3055/449/2732 3056/450/2733 500/451/468
f 420/428/388 428/452/396 435/453/403 427/429/395
f 421/432/389 429/454/397 428/36/396 420/144/388
f 422/147/390 430/455/398 429/454/397 421/432/389
f 423/437/391 431/456/399 430/455/398 422/147/390
f 424/17/392 432/457/400 431/456/399 423/437/391
f 425/442/393 433/40/401 432/457/400 424/17/392
f 426/444/394 434/458/402 433/40/401 425/442/393
f 427/429/395 435/453/403 434/458/402 426/444/394
f 428/452/396 436/368/404 443/459/411 435/453/403
f 429/454/397 437/44/405 436/45/404 428/36/396
f 430/455/398 438/46/406 437/44/405 429/454/397
f 431/456/399 439/460/407 438/46/406 430/455/398
f 432/457/400 440/48/408 439/460/407 431/456/399
f 433/40/401 441/49/409 440/48/408 432/457/400
f 434/458/402 442/50/410 441/49/409 433/40/401
f 435/453/403 443/459/411 442/50/410 434/458/402
f 436/368/404 444/51/412 451/461/419 443/459/411
f 437/44/405 445/462/413 444/276/412 436/45/404
f 438/46/406 446/463/414 445/462/413 437/44/405
f 439/460/407 447/464/415 446/463/414 438/46/406
f 440/48/408 448/465/416 447/464/415 439/460/407
f 441/49/409 449/466/417 448/465/416 440/48/408
f 442/50/410 450/467/418 449/466/417 441/49/409
f 443/459/411 451/461/419 450/467/418 442/50/410
f 444/51/412 452/374/420 459/468/427 451/461/419
f 445/462/413 453/469/421 452/470/420 444/276/412
f 446/463/414 454/192/422 453/469/421 445/462/413
f 447/464/415 455/193/423 454/192/422 446/463/414
f 448/465/416 456/471/424 455/193/423 447/464/415
f 449/466/417 457/472/425 456/471/424 448/465/416
f 450/467/418 458/68/426 457/472/425 449/466/417
f 451/461/419 459/468/427 458/68/426 450/467/418
f 452/374/420 460/69/428 467/70/435 459/468/427
f 453/469/421 461/71/429 460/72/428 452/470/420
f 454/192/422 462/473/430 461/71/429 453/469/421
f 455/193/423 463/474/431 462/473/430 454/192/422
f 456/471/424 464/380/432 463/474/431 455/193/423
f 457/472/425 465/76/433 464/380/432 456/471/424
f 458/68/426 466/77/434 465/76/433 457/472/425
f 459/468/427 467/70/435 466/77/434 458/68/426
f 460/69/428 468/475/436 475/476/443 467/70/435
f 461/71/429 469/203/437 468/477/436 460/72/428
f 462/473/430 470/478/438 469/203/437 461/71/429
f 463/474/431 471/83/439 470/478/438 462/473/430
f 464/380/432 472/207/440 471/83/439 463/474/431
f 465/76/433 473/295/441 472/207/440 464/380/432
f 466/77/434 474/479/442 473/295/441 465/76/433
f 467/70/435 475/476/443 474/479/442 466/77/434
f 468/475/436 476/480/444 483/210/451 475/476/443
f 469/203/437 477/481/445 476/390/444 468/477/436
f 470/478/438 478/482/446 477/481/445 469/203/437
f 471/83/439 479/483/447 478/482/446 470/478/438
f 472/207/440 480/484/448 479/483/447 471/83/439
f 473/295/441 481/393/449 480/484/448 472/207/440
f 474/479/442 482/394/450 481/393/449 473/295/441
f 475/476/443 483/210/451 482/394/450 474/479/442
f 476/480/444 484/96/452 491/97/459 483/210/451
f 477/481/445 485/485/453 484/99/452 476/390/444
f 478/482/446 486/218/454 485/485/453 477/481/445
f 479/483/447 487/486/455 486/218/454 478/482/446
f 480/484/448 488/305/456 487/486/455 479/483/447
f 481/393/449 489/103/457 488/305/456 480/484/448
f 482/394/450 490/104/458 489/103/457 481/393/449
f 483/210/451 491/97/459 490/104/458 482/394/450
f 484/96/452 492/487/460 499/488/467 491/97/459
f 485/485/453 493/489/461 492/108/460 484/99/452
f 486/218/454 494/490/462 493/489/461 485/485/453
f 487/486/455 495/491/463 494/490/462 486/218/454
f 488/305/456 496/111/464 495/491/463 487/486/455
f 489/103/457 497/492/465 496/111/464 488/305/456
f 490/104/458 498/227/466 497/492/465 489/103/457
f 491/97/459 499/488/467 498/227/466 490/104/458
f 492/487/460 500/114/468 507/493/475 499/488/467
f 493/489/461 501/7/469 500/451/468 492/108/460
f 494/490/462 502/494/470 501/7/469 493/489/461
f 495/491/463 503/495/471 502/494/470 494/490/462
f 496/111/464 504/118/472 503/495/471 495/491/463
f 497/492/465 505/496/473 504/118/472 496/111/464
f 498/227/466 506/497/474 505/496/473 497/492/465
f 499/488/467 507/493/475 506/497/474 498/227/466
f 3065/498/2742 3055/499/2732 508/448/476 509/240/477 3058/500/2735 3059/501/2736 3061/502/2738 3063/503/2740
f 500/114/468 3056/504/2733 3066/505/2743 507/493/475
f 502/494/470 509/240/477 508/448/476 501/7/469
f 505/496/473 3062/506/2739 3060/507/2737 504/118/472
f 503/495/471 3057/508/2734 3058/509/2735 509/240/477 502/494/470
f 506/497/474 3064/510/2741 3062/511/2739 505/496/473
f 507/493/475 3066/512/2743 3064/513/2741 506/497/474
f 3068/514/2745 510/428/478 517/515/485 3083/516/2760
f 3070/517/2747 511/518/479 510/13/478 3068/519/2745
f 3072/520/2749 512/521/480 511/518/479 3070/522/2747
f 3074/523/2751 513/524/481 512/521/480 3072/525/2749
f 3075/526/2752 514/527/482 513/524/481 3074/528/2751
f 3080/529/2757 3079/530/2756 515/158/483 514/527/482 3075/531/2752 3077/532/2754
f 3082/533/2759 516/256/484 515/158/483 3079/534/2756
f 3083/535/2760 517/515/485 516/256/484 3082/536/2759
f 591/537/559 3088/538/2765 3086/539/2763 590/540/558
f 510/428/478 518/541/486 525/542/493 517/515/485
f 511/518/479 519/543/487 518/544/486 510/13/478
f 512/521/480 520/266/488 519/543/487 511/518/479
f 513/524/481 521/364/489 520/266/488 512/521/480
f 514/527/482 522/545/490 521/364/489 513/524/481
f 515/158/483 523/546/491 522/545/490 514/527/482
f 516/256/484 524/269/492 523/546/491 515/158/483
f 517/515/485 525/542/493 524/269/492 516/256/484
f 518/541/486 526/42/494 533/547/501 525/542/493
f 519/543/487 527/44/495 526/45/494 518/544/486
f 520/266/488 528/548/496 527/44/495 519/543/487
f 521/364/489 529/177/497 528/548/496 520/266/488
f 522/545/490 530/48/498 529/177/497 521/364/489
f 523/546/491 531/49/499 530/48/498 522/545/490
f 524/269/492 532/549/500 531/49/499 523/546/491
f 525/542/493 533/547/501 532/549/500 524/269/492
f 526/42/494 534/51/502 541/550/509 533/547/501
f 527/44/495 535/371/503 534/54/502 526/45/494
f 528/548/496 536/551/504 535/371/503 527/44/495
f 529/177/497 537/185/505 536/551/504 528/548/496
f 530/48/498 538/552/506 537/185/505 529/177/497
f 531/49/499 539/553/507 538/552/506 530/48/498
f 532/549/500 540/467/508 539/553/507 531/49/499
f 533/547/501 541/550/509 540/467/508 532/549/500
f 534/51/502 542/188/510 549/468/517 541/550/509
f 535/371/503 543/190/511 542/63/510 534/54/502
f 536/551/504 544/554/512 543/190/511 535/371/503
f 537/185/505 545/555/513 544/554/512 536/551/504
f 538/552/506 546/194/514 545/555/513 537/185/505
f 539/553/507 547/556/515 546/194/514 538/552/506
f 540/467/508 548/557/516 547/556/515 539/553/507
f 541/550/509 549/468/517 548/557/516 540/467/508
f 542/188/510 550/69/518 557/70/525 549/468/517
f 543/190/511 551/71/519 550/72/518 542/63/510
f 544/554/512 552/198/520 551/71/519 543/190/511
f 545/555/513 553/199/521 552/198/520 544/554/512
f 546/194/514 554/380/522 553/199/521 545/555/513
f 547/556/515 555/76/523 554/380/522 546/194/514
f 548/557/516 556/77/524 555/76/523 547/556/515
f 549/468/517 557/70/525 556/77/524 548/557/516
f 550/69/518 558/201/526 565/558/533 557/70/525
f 551/71/519 559/203/527 558/292/526 550/72/518
f 552/198/520 560/559/528 559/203/527 551/71/519
f 553/199/521 561/294/529 560/559/528 552/198/520
f 554/380/522 562/560/530 561/294/529 553/199/521
f 555/76/523 563/295/531 562/560/530 554/380/522
f 556/77/524 564/561/532 563/295/531 555/76/523
f 557/70/525 565/558/533 564/561/532 556/77/524
f 558/201/526 566/209/534 573/210/541 565/558/533
f 559/203/527 567/298/535 566/90/534 558/292/526
f 560/559/528 568/482/536 567/298/535 559/203/527
f 561/294/529 569/562/537 568/482/536 560/559/528
f 562/560/530 570/93/538 569/562/537 561/294/529
f 563/295/531 571/213/539 570/93/538 562/560/530
f 564/561/532 572/394/540 571/213/539 563/295/531
f 565/558/533 573/210/541 572/394/540 564/561/532
f 566/209/534 574/563/542 581/97/549 573/210/541
f 567/298/535 575/564/543 574/99/542 566/90/534
f 568/482/536 576/565/544 575/564/543 567/298/535
f 569/562/537 577/566/545 576/565/544 568/482/536
f 570/93/538 578/567/546 577/566/545 569/562/537
f 571/213/539 579/568/547 578/567/546 570/93/538
f 572/394/540 580/104/548 579/568/547 571/213/539
f 573/210/541 581/97/549 580/104/548 572/394/540
f 574/563/542 582/569/550 589/221/557 581/97/549
f 575/564/543 583/107/551 582/570/550 574/99/542
f 576/565/544 584/490/552 583/107/551 575/564/543
f 577/566/545 585/110/553 584/490/552 576/565/544
f 578/567/546 586/111/554 585/110/553 577/566/545
f 579/568/547 587/571/555 586/111/554 578/567/546
f 580/104/548 588/572/556 587/571/555 579/568/547
f 581/97/549 589/221/557 588/572/556 580/104/548
f 582/569/550 590/228/558 597/573/565 589/221/557
f 583/107/551 591/537/559 590/540/558 582/570/550
f 584/490/552 592/116/560 591/537/559 583/107/551
f 585/110/553 593/574/561 592/116/560 584/490/552
f 586/111/554 594/575/562 593/574/561 585/110/553
f 587/571/555 595/407/563 594/575/562 586/111/554
f 588/572/556 596/576/564 595/407/563 587/571/555
f 589/221/557 597/573/565 596/576/564 588/572/556
f 3099/577/2776 3085/578/2762 3087/579/2764 3089/580/2766 3091/581/2768 3093/582/2770 3095/583/2772 3097/584/2774
f 590/228/558 3086/585/2763 3100/586/2777 597/573/565
f 593/574/561 3092/587/2769 3090/588/2767 592/116/560
f 594/575/562 3094/589/2771 3092/590/2769 593/574/561
f 595/407/563 3096/591/2773 3094/592/2771 594/575/562
f 596/576/564 3098/593/2775 3096/594/2773 595/407/563
f 597/573/565 3100/595/2777 3098/596/2775 596/576/564
f 3103/597/2780 3102/598/2779 607/599/575 606/600/574 601/601/569
f 598/29/566 603/30/571 610/602/578 602/603/570
f 599/11/567 604/604/572 603/605/571 598/1/566
f 600/606/568 605/147/573 604/604/572 599/11/567
f 601/601/569 606/600/574 605/147/573 600/606/568
f 3105/607/2782 608/158/576 607/599/575 3102/608/2779
f 3106/609/2783 609/24/577 608/158/576 3105/610/2782
f 602/603/570 610/602/578 609/24/577 3106/611/2783 3108/612/2785
f 684/537/652 3112/613/2789 3110/614/2787 683/540/651
f 603/30/571 611/360/579 618/615/586 610/602/578
f 604/604/572 612/35/580 611/36/579 603/605/571
f 605/147/573 613/266/581 612/35/580 604/604/572
f 606/600/574 614/267/582 613/266/581 605/147/573
f 607/599/575 615/616/583 614/267/582 606/600/574
f 608/158/576 616/40/584 615/616/583 607/599/575
f 609/24/577 617/172/585 616/40/584 608/158/576
f 610/602/578 618/615/586 617/172/585 609/24/577
f 611/360/579 619/42/587 626/43/594 618/615/586
f 612/35/580 620/44/588 619/45/587 611/36/579
f 613/266/581 621/548/589 620/44/588 612/35/580
f 614/267/582 622/617/590 621/548/589 613/266/581
f 615/616/583 623/48/591 622/617/590 614/267/582
f 616/40/584 624/49/592 623/48/591 615/616/583
f 617/172/585 625/618/593 624/49/592 616/40/584
f 618/615/586 626/43/594 625/618/593 617/172/585
f 619/42/587 627/51/595 634/619/602 626/43/594
f 620/44/588 628/53/596 627/276/595 619/45/587
f 621/548/589 629/277/597 628/53/596 620/44/588
f 622/617/590 630/620/598 629/277/597 621/548/589
f 623/48/591 631/373/599 630/620/598 622/617/590
f 624/49/592 632/621/600 631/373/599 623/48/591
f 625/618/593 633/622/601 632/621/600 624/49/592
f 626/43/594 634/619/602 633/622/601 625/618/593
f 627/51/595 635/374/603 642/468/610 634/619/602
f 628/53/596 636/190/604 635/470/603 627/276/595
f 629/277/597 637/192/605 636/190/604 628/53/596
f 630/620/598 638/623/606 637/192/605 629/277/597
f 631/373/599 639/624/607 638/623/606 630/620/598
f 632/621/600 640/195/608 639/624/607 631/373/599
f 633/622/601 641/68/609 640/195/608 632/621/600
f 634/619/602 642/468/610 641/68/609 633/622/601
f 635/374/603 643/69/611 650/625/618 642/468/610
f 636/190/604 644/626/612 643/627/611 635/470/603
f 637/192/605 645/198/613 644/626/612 636/190/604
f 638/623/606 646/199/614 645/198/613 637/192/605
f 639/624/607 647/628/615 646/199/614 638/623/606
f 640/195/608 648/76/616 647/628/615 639/624/607
f 641/68/609 649/629/617 648/76/616 640/195/608
f 642/468/610 650/625/618 649/629/617 641/68/609
f 643/69/611 651/475/619 658/79/626 650/625/618
f 644/626/612 652/630/620 651/81/619 643/627/611
f 645/198/613 653/631/621 652/630/620 644/626/612
f 646/199/614 654/206/622 653/631/621 645/198/613
f 647/628/615 655/632/623 654/206/622 646/199/614
f 648/76/616 656/385/624 655/632/623 647/628/615
f 649/629/617 657/86/625 656/385/624 648/76/616
f 650/625/618 658/79/626 657/86/625 649/629/617
f 651/475/619 659/480/627 666/210/634 658/79/626
f 652/630/620 660/633/628 659/634/627 651/81/619
f 653/631/621 661/635/629 660/633/628 652/630/620
f 654/206/622 662/483/630 661/635/629 653/631/621
f 655/632/623 663/636/631 662/483/630 654/206/622
f 656/385/624 664/393/632 663/636/631 655/632/623
f 657/86/625 665/637/633 664/393/632 656/385/624
f 658/79/626 666/210/634 665/637/633 657/86/625
f 659/480/627 667/215/635 674/97/642 666/210/634
f 660/633/628 668/638/636 667/99/635 659/634/627
f 661/635/629 669/218/637 668/638/636 660/633/628
f 662/483/630 670/101/638 669/218/637 661/635/629
f 663/636/631 671/639/639 670/101/638 662/483/630
f 664/393/632 672/103/640 671/639/639 663/636/631
f 665/637/633 673/104/641 672/103/640 664/393/632
f 666/210/634 674/97/642 673/104/641 665/637/633
f 667/215/635 675/569/643 682/221/650 674/97/642
f 668/638/636 676/640/644 675/108/643 667/99/635
f 669/218/637 677/398/645 676/640/644 668/638/636
f 670/101/638 678/641/646 677/398/645 669/218/637
f 671/639/639 679/642/647 678/641/646 670/101/638
f 672/103/640 680/643/648 679/642/647 671/639/639
f 673/104/641 681/644/649 680/643/648 672/103/640
f 674/97/642 682/221/650 681/644/649 673/104/641
f 675/569/643 683/228/651 690/493/658 682/221/650
f 676/640/644 684/537/652 683/540/651 675/108/643
f 677/398/645 685/645/653 684/537/652 676/640/644
f 678/641/646 686/117/654 685/645/653 677/398/645
f 679/642/647 687/314/655 686/117/654 678/641/646
f 680/643/648 688/646/656 687/314/655 679/642/647
f 681/644/649 689/647/657 688/646/656 680/643/648
f 682/221/650 690/493/658 689/647/657 681/644/649
f 3123/648/2800 3109/649/2786 3111/650/2788 3113/651/2790 3115/652/2792 3117/653/2794 3120/654/2797 3121/655/2798
f 683/228/651 3110/656/2787 3124/657/2801 690/493/658
f 686/117/654 3116/658/2793 3114/659/2791 685/645/653
f 687/314/655 3118/660/2795 3116/661/2793 686/117/654
f 688/646/656 3119/662/2796 3120/663/2797 3117/664/2794 3118/665/2795 687/314/655
f 689/647/657 3122/666/2799 3119/667/2796 688/646/656
f 690/493/658 3124/668/2801 3122/669/2799 689/647/657
f 3127/670/2804 3126/671/2803 693/672/661 700/673/668 692/674/660
f 3129/675/2806 694/676/662 693/677/661 3126/678/2803
f 3131/679/2808 695/680/663 694/676/662 3129/681/2806
f 3133/682/2810 696/683/664 695/680/663 3131/684/2808
f 3135/685/2812 697/686/665 696/683/664 3133/687/2810
f 3136/688/2813 698/689/666 697/686/665 3135/690/2812
f 691/691/659 699/692/667 698/689/666 3136/693/2813 3138/694/2815
f 758/695/726 3142/696/2819 3140/697/2817 757/540/725
f 692/674/660 700/673/668 699/692/667 691/691/659
f 693/672/661 701/51/669 708/181/676 700/673/668
f 694/676/662 702/698/670 701/183/669 693/677/661
f 695/680/663 703/277/671 702/698/670 694/676/662
f 696/683/664 704/185/672 703/277/671 695/680/663
f 697/686/665 705/552/673 704/185/672 696/683/664
f 698/689/666 706/58/674 705/552/673 697/686/665
f 699/692/667 707/699/675 706/58/674 698/689/666
f 700/673/668 708/181/676 707/699/675 699/692/667
f 701/51/669 709/188/677 716/700/684 708/181/676
f 702/698/670 710/701/678 709/702/677 701/183/669
f 703/277/671 711/703/679 710/701/678 702/698/670
f 704/185/672 712/704/680 711/703/679 703/277/671
f 705/552/673 713/705/681 712/704/680 704/185/672
f 706/58/674 714/195/682 713/705/681 705/552/673
f 707/699/675 715/706/683 714/195/682 706/58/674
f 708/181/676 716/700/684 715/706/683 707/699/675
f 709/188/677 717/69/685 724/707/692 716/700/684
f 710/701/678 718/71/686 717/72/685 709/702/677
f 711/703/679 719/708/687 718/71/686 710/701/678
f 712/704/680 720/709/688 719/708/687 711/703/679
f 713/705/681 721/289/689 720/709/688 712/704/680
f 714/195/682 722/76/690 721/289/689 713/705/681
f 715/706/683 723/77/691 722/76/690 714/195/682
f 716/700/684 724/707/692 723/77/691 715/706/683
f 717/69/685 725/201/693 732/202/700 724/707/692
f 718/71/686 726/203/694 725/292/693 717/72/685
f 719/708/687 727/710/695 726/203/694 718/71/686
f 720/709/688 728/206/696 727/710/695 719/708/687
f 721/289/689 729/207/697 728/206/696 720/709/688
f 722/76/690 730/295/698 729/207/697 721/289/689
f 723/77/691 731/711/699 730/295/698 722/76/690
f 724/707/692 732/202/700 731/711/699 723/77/691
f 725/201/693 733/209/701 740/712/708 732/202/700
f 726/203/694 734/298/702 733/90/701 725/292/693
f 727/710/695 735/391/703 734/298/702 726/203/694
f 728/206/696 736/392/704 735/391/703 727/710/695
f 729/207/697 737/713/705 736/392/704 728/206/696
f 730/295/698 738/393/706 737/713/705 729/207/697
f 731/711/699 739/714/707 738/393/706 730/295/698
f 732/202/700 740/712/708 739/714/707 731/711/699
f 733/209/701 741/96/709 748/715/716 740/712/708
f 734/298/702 742/716/710 741/99/709 733/90/701
f 735/391/703 743/717/711 742/716/710 734/298/702
f 736/392/704 744/101/712 743/717/711 735/391/703
f 737/713/705 745/219/713 744/101/712 736/392/704
f 738/393/706 746/718/714 745/219/713 737/713/705
f 739/714/707 747/104/715 746/718/714 738/393/706
f 740/712/708 748/715/716 747/104/715 739/714/707
f 741/96/709 749/487/717 756/307/724 748/715/716
f 742/716/710 750/719/718 749/570/717 741/99/709
f 743/717/711 751/720/719 750/719/718 742/716/710
f 744/101/712 752/110/720 751/720/719 743/717/711
f 745/219/713 753/721/721 752/110/720 744/101/712
f 746/718/714 754/722/722 753/721/721 745/219/713
f 747/104/715 755/723/723 754/722/722 746/718/714
f 748/715/716 756/307/724 755/723/723 747/104/715
f 749/487/717 757/724/725 764/229/732 756/307/724
f 750/719/718 758/695/726 757/540/725 749/570/717
f 751/720/719 759/725/727 758/695/726 750/719/718
f 752/110/720 760/574/728 759/725/727 751/720/719
f 753/721/721 761/314/729 760/574/728 752/110/720
f 754/722/722 762/646/730 761/314/729 753/721/721
f 755/723/723 763/120/731 762/646/730 754/722/722
f 756/307/724 764/229/732 763/120/731 755/723/723
f 3153/726/2830 3139/727/2816 3141/728/2818 3143/729/2820 3145/730/2822 3147/731/2824 3149/732/2826 3151/733/2828
f 757/724/725 3140/734/2817 3154/735/2831 764/229/732
f 760/574/728 3146/736/2823 3144/737/2821 759/725/727
f 761/314/729 3148/738/2825 3146/739/2823 760/574/728
f 762/646/730 3150/740/2827 3148/738/2825 761/314/729
f 763/120/731 3152/741/2829 3150/742/2827 762/646/730
f 764/229/732 3154/735/2831 3152/741/2829 763/120/731
f 3155/1/2832 3236/1/2913 3379/1/3049 3300/1/2977
f 2871/743/2548 2949/744/2626 2946/745/2623 2938/746/2615
f 2936/747/2613 52/14/20 51/11/19 2874/748/2551
f 2941/749/2618 2940/750/2617 56/18/24 55/15/23 52/14/20
f 2938/751/2615 2946/752/2623 2944/753/2621 2869/754/2546
f 2867/755/2544 2939/756/2616 2941/757/2618 52/14/20 2936/758/2613
f 2871/759/2548 2889/760/2566 50/29/18 2950/32/2627 2949/761/2626
f 2869/762/2546 2944/763/2621 2942/764/2619 2934/765/2611
f 2874/766/2551 51/11/19 50/1/18 2889/1/2566
f 2917/767/2594 3137/768/2814 3134/769/2811 2850/770/2527
f 2851/771/2528 2922/772/2599 598/29/566 602/603/570
f 2916/773/2593 2846/774/2523 3125/775/2802 3127/776/2804 692/674/660
f 2843/777/2520 691/691/659 3138/778/2815 3137/779/2814 2917/780/2594
f 2919/781/2596 3128/782/2805 3125/1/2802 2846/1/2523
f 2848/783/2525 3130/784/2807 3128/782/2805 2919/785/2596
f 2883/786/2560 3132/787/2809 3130/788/2807 2848/789/2525
f 2850/790/2527 3134/769/2811 3132/787/2809 2883/791/2560
f 2926/792/2603 600/606/568 599/11/567 2853/793/2530
f 2851/794/2528 602/603/570 3108/795/2785 3107/796/2784 2924/797/2601
f 2885/798/2562 3101/799/2778 3103/800/2780 601/601/569 2855/801/2532
f 2853/802/2530 599/11/567 598/1/566 2922/1/2599
f 2858/803/2535 3104/804/2781 3101/805/2778 2885/806/2562
f 2855/807/2532 601/601/569 600/606/568 2926/808/2603
f 2924/809/2601 3107/810/2784 3104/811/2781 2858/812/2535
f 2928/813/2605 3019/814/2696 3017/815/2694 2859/816/2536
f 2819/817/2496 3073/818/2750 3071/819/2748 2899/820/2576
f 2823/821/2500 2877/822/2554 3067/823/2744 3084/824/2761
f 2821/825/2498 3078/826/2755 3080/529/2757 3077/827/2754 3076/828/2753 2898/829/2575
f 2826/830/2503 3069/831/2746 3067/1/2744 2877/1/2554
f 2823/832/2500 3084/833/2761 3081/834/2758 2902/835/2579
f 2899/836/2576 3071/837/2748 3069/831/2746 2826/838/2503
f 2904/839/2581 2971/840/2648 2969/841/2646 2827/842/2504
f 2902/843/2579 3081/834/2758 3078/826/2755 2821/844/2498
f 2811/845/2488 3050/5/2727 3047/846/2724 2893/847/2570
f 2814/848/2491 2895/849/2572 3039/850/2716 3052/851/2729
f 2816/852/2493 3041/853/2718 3039/1/2716 2895/1/2572
f 2875/854/2552 3043/855/2720 3041/856/2718 2816/857/2493
f 2818/858/2495 3045/859/2722 3043/860/2720 2875/861/2552
f 2893/862/2570 3047/846/2724 3045/859/2722 2818/863/2495
f 2898/864/2575 3076/828/2753 3073/865/2750 2819/866/2496
f 2814/867/2491 3052/851/2729 3054/868/2731 419/3/387 2892/869/2569
f 2859/870/2536 3017/815/2694 3015/871/2692 2930/872/2607
f 2887/873/2564 3011/874/2688 3009/1/2686 2863/1/2540
f 2861/875/2538 3021/876/2698 3019/877/2696 2928/878/2605
f 2866/879/2543 3013/880/2690 3011/874/2688 2887/881/2564
f 2932/882/2609 2863/883/2540 3009/884/2686 3024/885/2701
f 2930/886/2607 3015/887/2692 3013/880/2690 2866/888/2543
f 2934/889/2611 2942/890/2619 2939/891/2616 2867/892/2544
f 2932/893/2609 3024/885/2701 3021/894/2698 2861/895/2538
f 2881/896/2558 2986/897/2663 2984/898/2661 2839/899/2516
f 2837/900/2514 241/14/209 240/11/208 2910/901/2587
f 2842/902/2519 2988/903/2665 2986/897/2663 2881/904/2558
f 2839/905/2516 2984/906/2661 2981/907/2658 2914/908/2591
f 2911/909/2588 2991/910/2668 2988/911/2665 2842/912/2519
f 2916/913/2593 692/674/660 691/691/659 2843/914/2520
f 2914/915/2591 2981/907/2658 2983/916/2660 241/14/209 2837/917/2514
f 2911/918/2588 2835/919/2512 239/29/207 2992/920/2669 2991/921/2668
f 2830/922/2507 2974/923/2651 2971/840/2648 2904/924/2581
f 2827/925/2504 2969/841/2646 2967/1/2644 2905/1/2582
f 2907/926/2584 141/152/109 2975/155/2652 2974/923/2651 2830/927/2507
f 2832/928/2509 142/159/110 141/152/109 2907/929/2584
f 2879/930/2556 2976/931/2653 2978/156/2655 142/159/110 2832/932/2509
f 2834/933/2511 2980/934/2657 2976/935/2653 2879/936/2556
f 2834/937/2511 2905/938/2582 2967/939/2644 2980/940/2657
f 2910/941/2587 240/11/208 239/1/207 2835/1/2512
f 3237/1/2914 3155/1/2832 3300/1/2977 3382/1/3052
f 3158/1/2835 3239/1/2916 3384/1/3054 3301/1/2978
f 3160/1/2837 3219/1/2896 3364/1/3034 3303/1/2980
f 774/1/742 773/1/741 3157/1/2834 3235/1/2912 3156/1/2833
f 3243/1/2920 3163/1/2840 3308/1/2985 3388/1/3058
f 3242/1/2919 3165/1/2842 3310/1/2987 3385/1/3055
f 3167/1/2844 3221/1/2898 3366/1/3036 3312/1/2989
f 775/1/742 774/1/742 3166/1/2843 3241/1/2918 3164/1/2841
f 3249/1/2926 3171/1/2848 3316/1/2993 3394/1/3064
f 3174/1/2851 3251/1/2928 3396/1/3066 3317/1/2994
f 3176/1/2853 3223/1/2900 3368/1/3038 3319/1/2996
f 777/1/741 776/1/741 3173/1/2850 3247/1/2924 3172/1/2849
f 3255/1/2932 3179/1/2856 3324/1/3001 3400/1/3070
f 3254/1/2931 3181/1/2858 3326/1/3003 3397/1/3067
f 3183/1/2860 3225/1/2902 3370/1/3040 3328/1/3005
f 778/1/741 777/1/741 3182/1/2859 3253/1/2930 3180/1/2857
f 3261/1/2938 3187/1/2864 3332/1/3009 3406/1/3074
f 3190/1/2867 3263/1/2940 3408/1/3076 3333/1/3010
f 3192/1/2869 3227/1/2904 3372/1/3042 3335/1/3012
f 780/1/741 779/1/741 3189/1/2866 3259/1/2936 3188/1/2865
f 772/1/740 779/1/741 3196/1/2873 3267/1/2944 3201/1/2878
f 3266/1/2943 3197/1/2874 3342/1/3019 3409/1/3077
f 3199/1/2876 3229/1/2906 3374/1/3044 3344/1/3021
f 3268/1/2945 3195/1/2872 3340/1/3017 3411/1/3079
f 770/1/738 773/1/741 3204/1/2881 3273/1/2950 3209/1/2886
f 3272/1/2949 3205/1/2882 3350/1/3014 3415/1/3042
f 3207/1/2884 3231/1/2908 3376/1/3046 3352/1/3009
f 3274/1/2951 3203/1/2880 3348/1/3012 3417/1/3076
f 767/1/735 776/1/741 3212/1/2889 3279/1/2956 3217/1/2894
f 3278/1/2955 3213/1/2890 3358/1/3028 3421/1/3084
f 3215/1/2892 3233/1/2910 3378/1/3048 3360/1/3030
f 3280/1/2957 3211/1/2888 3356/1/3026 3423/1/3086
f 3297/1/2974 3283/1/2960 3428/1/3091 3442/1/3105
f 3288/1/2965 3290/1/2967 3433/1/3096 3431/1/3094
f 3290/1/2967 3292/1/2969 3435/1/3098 3433/1/3096
f 3292/1/2969 3294/1/2971 3437/1/3100 3435/1/3098
f 3294/1/2971 3296/1/2973 3439/1/3102 3437/1/3100
f 3296/1/2973 3297/1/2974 3442/1/3105 3439/1/3102
f 3299/1/2976 3380/1/3050 3523/1/3180 3444/1/3107
f 773/1/741 774/1/742 3285/1/2962 3284/1/2961
f 767/1/735 766/1/734 3177/1/2854 3224/1/2901 3175/1/2852
f 3286/1/2963 3288/1/2965 3431/1/3094 3429/1/3092
f 3282/1/2959 3215/1/2892 3360/1/3030 3425/1/3088
f 774/1/742 775/1/742 3287/1/2964 3285/1/2962
f 3239/1/2916 3160/1/2837 3303/1/2980 3384/1/3054
f 775/1/742 779/1/741 3289/1/2966 3287/1/2964
f 3163/1/2840 3242/1/2919 3385/1/3055 3308/1/2985
f 779/1/741 780/1/741 3291/1/2968 3289/1/2966
f 3236/1/2913 3158/1/2835 3301/1/2978 3379/1/3049
f 773/1/741 778/1/741 3206/1/2883 3271/1/2948 3204/1/2881
f 780/1/741 776/1/741 3293/1/2970 3291/1/2968
f 769/1/737 768/1/736 3169/1/2846 3222/1/2899 3168/1/2845
f 3211/1/2888 3278/1/2955 3421/1/3084 3356/1/3026
f 776/1/741 777/1/741 3295/1/2972 3293/1/2970
f 3171/1/2848 3248/1/2925 3391/1/3061 3316/1/2993
f 778/1/741 765/1/733 3208/1/2885 3275/1/2952 3206/1/2883
f 765/1/733 778/1/741 3180/1/2857 3256/1/2933 3185/1/2862
f 777/1/741 778/1/741 3298/1/2975 3295/1/2972
f 3221/1/2898 3170/1/2847 3313/1/2990 3366/1/3036
f 3181/1/2858 3258/1/2935 3401/1/3071 3326/1/3003
f 3251/1/2928 3176/1/2853 3319/1/2996 3396/1/3066
f 777/1/741 766/1/734 3184/1/2861 3257/1/2934 3182/1/2859
f 769/1/737 774/1/742 3156/1/2833 3238/1/2915 3161/1/2838
f 3179/1/2856 3254/1/2931 3397/1/3067 3324/1/3001
f 773/1/741 770/1/738 3159/1/2836 3240/1/2917 3157/1/2834
f 3248/1/2925 3174/1/2851 3317/1/2994 3391/1/3061
f 770/1/738 769/1/737 3161/1/2838 3220/1/2897 3159/1/2836
f 766/1/734 765/1/733 3185/1/2862 3226/1/2903 3184/1/2861
f 3187/1/2864 3260/1/2937 3403/1/3046 3332/1/3009
f 776/1/741 780/1/741 3214/1/2891 3277/1/2954 3212/1/2889
f 3225/1/2902 3186/1/2863 3329/1/3006 3370/1/3040
f 3283/1/2960 3286/1/2963 3429/1/3092 3428/1/3091
f 3263/1/2940 3192/1/2869 3335/1/3012 3408/1/3076
f 780/1/741 771/1/739 3216/1/2893 3281/1/2958 3214/1/2891
f 771/1/739 780/1/741 3188/1/2865 3262/1/2939 3193/1/2870
f 3195/1/2872 3266/1/2943 3409/1/3077 3340/1/3017
f 779/1/741 772/1/740 3191/1/2868 3264/1/2941 3189/1/2866
f 3260/1/2937 3190/1/2867 3333/1/3010 3403/1/3046
f 772/1/740 771/1/739 3193/1/2870 3228/1/2905 3191/1/2868
f 768/1/736 775/1/742 3164/1/2841 3244/1/2921 3169/1/2846
f 768/1/736 772/1/740 3201/1/2878 3230/1/2907 3200/1/2877
f 3165/1/2842 3246/1/2923 3389/1/3059 3310/1/2987
f 3197/1/2874 3270/1/2947 3413/1/3081 3342/1/3019
f 774/1/742 769/1/737 3168/1/2845 3245/1/2922 3166/1/2843
f 3162/1/2839 3237/1/2914 3382/1/3052 3305/1/2982
f 3229/1/2906 3202/1/2879 3345/1/3022 3374/1/3044
f 3170/1/2847 3243/1/2920 3388/1/3058 3313/1/2990
f 765/1/733 770/1/738 3209/1/2886 3232/1/2909 3208/1/2885
f 3219/1/2896 3162/1/2839 3305/1/2982 3364/1/3034
f 3178/1/2855 3249/1/2926 3394/1/3064 3321/1/2998
f 3205/1/2882 3276/1/2953 3419/1/3074 3350/1/3014
f 3246/1/2923 3167/1/2844 3312/1/2989 3389/1/3059
f 3186/1/2863 3255/1/2932 3400/1/3070 3329/1/3006
f 3231/1/2908 3210/1/2887 3353/1/3010 3376/1/3046
f 3223/1/2900 3178/1/2855 3321/1/2998 3368/1/3038
f 779/1/741 775/1/742 3198/1/2875 3265/1/2942 3196/1/2873
f 3194/1/2871 3261/1/2938 3406/1/3074 3337/1/3014
f 771/1/739 767/1/735 3217/1/2894 3234/1/2911 3216/1/2893
f 3258/1/2935 3183/1/2860 3328/1/3005 3401/1/3071
f 3203/1/2880 3272/1/2949 3415/1/3042 3348/1/3012
f 3202/1/2879 3268/1/2945 3411/1/3079 3345/1/3022
f 3213/1/2890 3282/1/2959 3425/1/3088 3358/1/3028
f 3227/1/2904 3194/1/2871 3337/1/3014 3372/1/3042
f 775/1/742 768/1/736 3200/1/2877 3269/1/2946 3198/1/2875
f 766/1/734 777/1/741 3172/1/2849 3250/1/2927 3177/1/2854
f 3210/1/2887 3274/1/2951 3417/1/3076 3353/1/3010
f 3233/1/2910 3218/1/2895 3361/1/3031 3378/1/3048
f 3270/1/2947 3199/1/2876 3344/1/3021 3413/1/3081
f 776/1/741 767/1/735 3175/1/2852 3252/1/2929 3173/1/2850
f 3218/1/2895 3280/1/2957 3423/1/3086 3361/1/3031
f 778/1/741 773/1/741 3284/1/2961 3298/1/2975
f 3276/1/2953 3207/1/2884 3352/1/3009 3419/1/3074
f 3407/1/3075 3336/1/3013 3479/1/3142 3552/1/3207
f 3416/1/3041 3349/1/3015 3494/1/3143 3559/1/3173
f 3322/1/2999 3393/1/3063 3538/1/3195 3465/1/3128
f 3343/1/3020 3373/1/3043 3518/1/3175 3488/1/3150
f 3424/1/3087 3355/1/3025 3500/1/3157 3567/1/3217
f 3330/1/3007 3399/1/3069 3544/1/3201 3473/1/3136
f 3341/1/3018 3414/1/3082 3557/1/3212 3486/1/3148
f 3427/1/3090 3430/1/3093 3573/1/3223 3572/1/3222
f 3338/1/3015 3405/1/3073 3550/1/3205 3481/1/3143
f 3373/1/3043 3346/1/3023 3489/1/3151 3518/1/3175
f 3422/1/3085 3357/1/3027 3502/1/3159 3565/1/3215
f 3346/1/3023 3412/1/3080 3555/1/3210 3489/1/3151
f 3351/1/3008 3375/1/3045 3520/1/3177 3496/1/3154
f 3363/1/3033 3306/1/2983 3449/1/3112 3508/1/3165
f 3354/1/3011 3418/1/3075 3561/1/3207 3497/1/3140
f 3349/1/3015 3420/1/3083 3563/1/3214 3494/1/3143
f 3390/1/3060 3311/1/2988 3456/1/3119 3533/1/3190
f 3362/1/3032 3424/1/3087 3567/1/3217 3505/1/3162
f 3375/1/3045 3354/1/3011 3497/1/3140 3520/1/3177
f 3367/1/3037 3322/1/2999 3465/1/3128 3512/1/3169
f 3381/1/3051 3299/1/2976 3444/1/3107 3526/1/3183
f 3359/1/3029 3377/1/3047 3522/1/3179 3504/1/3161
f 3402/1/3072 3327/1/3004 3472/1/3135 3545/1/3202
f 3380/1/3050 3302/1/2979 3445/1/3108 3523/1/3180
f 3357/1/3027 3426/1/3089 3569/1/3219 3502/1/3159
f 3371/1/3041 3338/1/3015 3481/1/3143 3516/1/3173
f 3304/1/2981 3363/1/3033 3508/1/3165 3447/1/3110
f 3377/1/3047 3362/1/3032 3505/1/3162 3522/1/3179
f 3414/1/3082 3343/1/3020 3488/1/3150 3557/1/3212
f 3387/1/3057 3307/1/2984 3452/1/3115 3532/1/3189
f 3441/1/3104 3427/1/3090 3572/1/3222 3586/1/3236
f 3420/1/3083 3351/1/3008 3496/1/3154 3563/1/3214
f 3309/1/2986 3390/1/3060 3533/1/3190 3454/1/3117
f 3430/1/3093 3432/1/3095 3575/1/3225 3573/1/3223
f 3426/1/3089 3359/1/3029 3504/1/3161 3569/1/3219
f 3386/1/3056 3309/1/2986 3454/1/3117 3529/1/3186
f 3432/1/3095 3434/1/3097 3577/1/3227 3575/1/3225
f 3302/1/2979 3383/1/3053 3528/1/3185 3445/1/3108
f 3393/1/3063 3315/1/2992 3460/1/3123 3538/1/3195
f 3434/1/3097 3436/1/3099 3579/1/3229 3577/1/3227
f 3307/1/2984 3386/1/3056 3529/1/3186 3452/1/3115
f 3392/1/3062 3318/1/2995 3461/1/3124 3535/1/3192
f 3436/1/3099 3438/1/3101 3581/1/3231 3579/1/3229
f 3383/1/3053 3304/1/2981 3447/1/3110 3528/1/3185
f 3320/1/2997 3367/1/3037 3512/1/3169 3463/1/3126
f 3438/1/3101 3440/1/3103 3583/1/3233 3581/1/3231
f 3311/1/2988 3365/1/3035 3510/1/3167 3456/1/3119
f 3399/1/3069 3323/1/3000 3468/1/3131 3544/1/3201
f 3440/1/3103 3441/1/3104 3586/1/3236 3583/1/3233
f 3315/1/2992 3392/1/3062 3535/1/3192 3460/1/3123
f 3325/1/3002 3402/1/3072 3545/1/3202 3470/1/3133
f 3443/1/3106 3524/1/3181 4483/1/3891 4404/1/3812
f 3365/1/3035 3314/1/2991 3457/1/3120 3510/1/3167
f 3398/1/3068 3325/1/3002 3470/1/3133 3541/1/3198
f 3318/1/2995 3395/1/3065 3540/1/3197 3461/1/3124
f 3405/1/3073 3331/1/3008 3476/1/3139 3550/1/3205
f 3323/1/3000 3398/1/3068 3541/1/3198 3468/1/3131
f 3404/1/3045 3334/1/3011 3477/1/3140 3547/1/3177
f 3395/1/3065 3320/1/2997 3463/1/3126 3540/1/3197
f 3336/1/3013 3371/1/3041 3516/1/3173 3479/1/3142
f 3327/1/3004 3369/1/3039 3514/1/3171 3472/1/3135
f 3412/1/3080 3339/1/3016 3484/1/3146 3555/1/3210
f 3331/1/3008 3404/1/3045 3547/1/3177 3476/1/3139
f 3347/1/3024 3416/1/3041 3559/1/3173 3492/1/3142
f 3369/1/3039 3330/1/3007 3473/1/3136 3514/1/3171
f 3410/1/3078 3341/1/3018 3486/1/3148 3553/1/3208
f 3334/1/3011 3407/1/3075 3552/1/3207 3477/1/3140
f 3418/1/3075 3347/1/3024 3492/1/3142 3561/1/3207
f 3306/1/2983 3381/1/3051 3526/1/3183 3449/1/3112
f 3339/1/3016 3410/1/3078 3553/1/3208 3484/1/3146
f 3355/1/3025 3422/1/3085 3565/1/3215 3500/1/3157
f 3314/1/2991 3387/1/3057 3532/1/3189 3457/1/3120
f 3587/1/3090 3590/1/3238 3605/1/3241 3604/1/3229
f 3582/1/3232 3584/1/3234 3599/1/3102 3597/1/3100
f 3578/1/3228 3580/1/3230 3595/1/3098 3593/1/3096
f 3574/1/3224 3576/1/3226 3591/1/3094 3589/1/3237
f 3584/1/3234 3585/1/3235 3602/1/3105 3599/1/3102
f 3580/1/3230 3582/1/3232 3597/1/3100 3595/1/3098
f 3576/1/3226 3578/1/3228 3593/1/3096 3591/1/3094
f 3585/1/3235 3571/1/3221 3588/1/3091 3602/1/3105
f 3592/1/3095 3594/1/3097 3609/1/3236 3607/1/3233
f 3601/1/3104 3587/1/3090 3604/1/3229 3618/1/3227
f 3603/1/3240 3606/1/3232 3621/1/3246 3620/1/3245
f 3598/1/3101 3600/1/3239 3615/1/3225 3613/1/3223
f 3594/1/3097 3596/1/3099 3611/1/3222 3609/1/3236
f 3590/1/3238 3592/1/3095 3607/1/3233 3605/1/3241
f 3600/1/3239 3601/1/3104 3618/1/3227 3615/1/3225
f 3596/1/3099 3598/1/3101 3613/1/3223 3611/1/3222
f 3616/1/3226 3617/1/3243 3634/1/3259 3631/1/3256
f 3612/1/3221 3614/1/3242 3629/1/3254 3627/1/3252
f 3608/1/3234 3610/1/3235 3625/1/3250 3623/1/3248
f 3617/1/3243 3603/1/3240 3620/1/3245 3634/1/3259
f 3619/1/3244 3622/1/3247 798/1/741 3937/1/3553 3943/1/3559 3935/1/3551
f 3614/1/3242 3616/1/3226 3631/1/3256 3629/1/3254
f 3610/1/3235 3612/1/3221 3627/1/3252 3625/1/3250
f 3606/1/3232 3608/1/3234 3623/1/3248 3621/1/3246
f 3950/1/3566 3958/1/3574 4300/1/3260 4292/1/3711
f 3798/1/3414 3792/1/3408 4134/1/3717 4139/1/3722
f 3846/1/3462 3840/1/3456 4181/1/3752 4187/1/3758
f 3896/1/3512 3890/1/3506 4231/1/3784 4238/1/3788
f 3758/1/3375 3766/1/3382 4107/1/3699 4100/1/3702
f 3806/1/3422 3814/1/3430 4156/1/3739 4148/1/3731
f 3854/1/3470 3862/1/3478 4203/1/3771 4195/1/3766
f 795/1/741 3857/1/3473 3863/1/3479 3855/1/3471 783/1/741 3697/1/3314 3703/1/3320 3695/1/3312
f 4014/1/3630 4022/1/3638 4364/1/3290 4356/1/3265
f 3982/1/3598 3990/1/3606 4331/1/3749 4323/1/3280
f 3902/1/3518 3910/1/3526 4251/1/3798 4243/1/3792
f 4040/1/3656 4034/1/3650 4375/1/3733 4381/1/3788
f 4008/1/3624 4002/1/3618 4344/1/3768 4350/1/3808
f 3976/1/3592 3970/1/3586 4311/1/3737 4317/1/3791
f 805/1/741 3699/1/3316 3705/1/3322 3697/1/3314 783/1/741 3709/1/3326 3724/1/3341 3715/1/3332
f 3739/1/3356 3726/1/3343 4068/1/3283 4081/1/3684
f 3742/1/3359 3750/1/3367 4091/1/3693 4084/1/3686
f 3903/1/3519 3909/1/3525 3901/1/3517 795/1/741 3695/1/3312 3701/1/3318 3693/1/3310 782/1/741
f 3855/1/3471 3861/1/3477 3853/1/3469 792/1/742 3711/1/3328 3717/1/3334 3709/1/3326 783/1/741
f 792/1/742 3809/1/3425 3815/1/3431 3807/1/3423 784/1/741 3713/1/3330 3719/1/3336 3711/1/3328
f 3730/1/3347 3738/1/3355 4080/1/3270 4071/1/3680
f 3728/1/3345 3736/1/3353 4078/1/3273 4070/1/3679
f 3784/1/3400 3778/1/3394 4119/1/3711 4126/1/3289
f 3790/1/3406 3798/1/3414 4139/1/3722 4132/1/3715
f 3886/1/3502 3894/1/3510 4236/1/3787 4228/1/3781
f 3848/1/3464 3842/1/3458 4183/1/3754 4189/1/3760
f 3838/1/3454 3846/1/3462 4187/1/3758 4179/1/3750
f 3792/1/3408 3800/1/3416 4142/1/3725 4134/1/3717
f 3786/1/3402 3780/1/3396 4122/1/3267 4128/1/3260
f 3744/1/3361 3752/1/3369 4094/1/3696 4086/1/3688
f 3934/1/3550 3942/1/3558 4284/1/3696 4276/1/3688
f 3898/1/3514 3892/1/3508 4233/1/3785 4239/1/3789
f 3858/1/3474 3866/1/3482 4208/1/3775 4200/1/3769
f 3850/1/3466 3844/1/3460 4185/1/3756 4191/1/3762
f 3818/1/3434 3812/1/3428 4154/1/3737 4160/1/3743
f 3794/1/3410 3802/1/3418 4144/1/3727 4135/1/3718
f 3770/1/3386 3764/1/3380 4106/1/3706 4112/1/3696
f 3754/1/3371 3748/1/3365 4090/1/3692 4096/1/3698
f 3633/1/3258 3619/1/3244 3935/1/3551 3941/1/3557 3933/1/3549 804/1/742
f 3622/1/3247 3624/1/3249 3965/1/3581 3980/1/3596 3971/1/3587 798/1/741
f 3946/1/3562 3940/1/3556 4282/1/3703 4288/1/3699
f 3624/1/3249 3626/1/3251 800/1/741 3967/1/3583 3973/1/3589 3965/1/3581
f 3626/1/3251 3628/1/3253 3997/1/3613 4012/1/3628 4003/1/3619 800/1/741
f 3628/1/3253 3630/1/3255 802/1/742 3999/1/3615 4005/1/3621 3997/1/3613
f 3630/1/3255 3632/1/3257 4029/1/3645 4044/1/3660 4035/1/3651 802/1/742
f 3632/1/3257 3633/1/3258 804/1/742 4031/1/3647 4037/1/3653 4029/1/3645
f 3710/1/3327 3718/1/3335 3635/1/3260 3644/1/3269
f 3775/1/3391 3781/1/3397 3773/1/3389 785/1/741 3741/1/3358 3756/1/3373 3747/1/3364 787/1/741
f 3683/1/3300 3689/1/3306 3681/1/3298 782/1/741 3693/1/3310 3708/1/3325 3699/1/3316 805/1/741
f 3727/1/3344 3733/1/3350 3725/1/3342 805/1/741 3715/1/3332 3721/1/3338 3713/1/3330 784/1/741
f 786/1/741 3905/1/3521 3911/1/3527 3903/1/3519 782/1/741 3681/1/3298 3687/1/3304 3679/1/3296
f 3979/1/3595 3966/1/3582 4307/1/3733 4322/1/3788
f 3824/1/3440 3832/1/3448 4173/1/3270 4165/1/3746
f 3890/1/3506 3898/1/3514 4239/1/3789 4231/1/3784
f 786/1/741 3757/1/3374 3772/1/3388 3763/1/3362 785/1/741 3773/1/3389 3788/1/3404 3779/1/3395
f 3956/1/3572 3964/1/3580 4306/1/3289 4297/1/3263
f 3688/1/3305 3682/1/3299 3671/1/3269 3666/1/3289
f 4038/1/3654 4032/1/3648 4373/1/3783 4379/1/3745
f 3771/1/3387 3758/1/3375 4100/1/3702 4113/1/3709
f 3680/1/3297 3688/1/3305 3666/1/3289 3674/1/3263
f 4030/1/3646 4038/1/3654 4379/1/3745 4372/1/3737
f 3951/1/3567 3957/1/3573 3949/1/3565 799/1/741 3889/1/3505 3895/1/3511 3887/1/3503 787/1/741
f 3748/1/3365 3755/1/3372 4097/1/3699 4090/1/3692
f 3962/1/3578 3956/1/3572 4297/1/3263 4304/1/3290
f 3830/1/3446 3824/1/3440 4165/1/3746 4172/1/3749
f 4043/1/3659 4030/1/3646 4372/1/3737 4386/1/3791
f 3888/1/3504 3896/1/3512 4238/1/3788 4230/1/3783
f 3954/1/3570 3962/1/3578 4304/1/3290 4296/1/3265
f 3822/1/3438 3830/1/3446 4172/1/3749 4164/1/3280
f 3678/1/3295 3686/1/3303 3667/1/3290 3676/1/3293
f 4020/1/3636 4028/1/3644 4370/1/3286 4362/1/3267
f 797/1/741 3953/1/3569 3959/1/3575 3951/1/3567 787/1/741 3747/1/3364 3753/1/3370 3745/1/3362
f 3836/1/3452 3822/1/3438 4164/1/3280 4178/1/3682
f 781/1/741 3677/1/3294 3692/1/3309 3683/1/3300 805/1/741 3725/1/3342 3740/1/3357 3731/1/3348
f 3746/1/3363 3754/1/3371 4096/1/3698 4087/1/3689
f 3960/1/3576 3954/1/3570 4296/1/3265 4302/1/3286
f 3812/1/3428 3819/1/3435 4162/1/3745 4154/1/3737
f 4026/1/3642 4020/1/3636 4362/1/3267 4368/1/3260
f 3894/1/3510 3888/1/3504 4230/1/3783 4236/1/3787
f 3952/1/3568 3960/1/3576 4302/1/3286 4294/1/3267
f 4018/1/3634 4026/1/3642 4368/1/3260 4360/1/3711
f 3919/1/3535 3925/1/3541 3917/1/3533 794/1/741 3885/1/3501 3899/1/3515 3891/1/3507 796/1/742
f 3752/1/3369 3746/1/3363 4087/1/3689 4094/1/3696
f 3811/1/3427 3817/1/3433 3809/1/3425 792/1/742 3875/1/3491 3881/1/3497 3873/1/3489 788/1/742
f 3686/1/3303 3680/1/3297 3674/1/3263 3667/1/3290
f 3900/1/3516 3886/1/3502 4228/1/3781 4242/1/3791
f 4049/1/3665 4055/1/3671 4047/1/3663 797/1/741 3745/1/3362 3751/1/3368 3743/1/3360 790/1/741
f 3810/1/3426 3818/1/3434 4160/1/3743 4152/1/3735
f 3684/1/3301 3691/1/3308 3661/1/3286 3670/1/3267
f 4024/1/3640 4018/1/3634 4360/1/3711 4366/1/3289
f 3876/1/3492 3883/1/3499 4226/1/3289 4218/1/3263
f 3958/1/3574 3952/1/3568 4294/1/3267 4300/1/3260
f 4016/1/3632 4024/1/3640 4366/1/3289 4358/1/3263
f 798/1/741 3971/1/3587 3977/1/3593 3969/1/3585 799/1/741 3949/1/3565 3963/1/3579 3955/1/3571
f 3816/1/3432 3810/1/3426 4152/1/3735 4158/1/3741
f 3882/1/3498 3876/1/3492 4218/1/3263 4224/1/3290
f 3750/1/3367 3744/1/3361 4086/1/3688 4091/1/3693
f 3964/1/3580 3950/1/3566 4292/1/3711 4306/1/3289
f 3808/1/3424 3816/1/3432 4158/1/3741 4150/1/3733
f 3874/1/3490 3882/1/3498 4224/1/3290 4216/1/3777
f 785/1/741 3825/1/3441 3831/1/3447 3823/1/3439 790/1/741 3743/1/3360 3749/1/3366 3741/1/3358
f 3940/1/3556 3947/1/3563 4290/1/3693 4282/1/3703
f 4022/1/3638 4016/1/3632 4358/1/3263 4364/1/3290
f 3755/1/3372 3742/1/3359 4084/1/3686 4097/1/3699
f 802/1/742 4035/1/3651 4041/1/3657 4033/1/3649 803/1/741 4013/1/3629 4027/1/3643 4019/1/3635
f 3880/1/3496 3874/1/3490 4216/1/3777 4222/1/3286
f 3732/1/3349 3739/1/3356 4081/1/3684 4074/1/3285
f 3939/1/3555 3945/1/3561 3937/1/3553 798/1/741 3955/1/3571 3961/1/3577 3953/1/3569 797/1/741
f 3814/1/3430 3808/1/3424 4150/1/3733 4156/1/3739
f 4028/1/3644 4014/1/3630 4356/1/3265 4370/1/3286
f 3872/1/3488 3880/1/3496 4222/1/3286 4214/1/3267
f 3938/1/3554 3946/1/3562 4288/1/3699 4280/1/3692
f 789/1/742 3805/1/3421 3820/1/3436 3811/1/3427 788/1/742 3821/1/3437 3835/1/3451 3827/1/3443
f 4004/1/3620 4011/1/3627 4354/1/3809 4346/1/3752
f 3738/1/3355 3732/1/3349 4074/1/3285 4080/1/3270
f 3819/1/3435 3806/1/3422 4148/1/3731 4162/1/3745
f 789/1/742 3761/1/3378 3767/1/3383 3759/1/3376 781/1/741 3731/1/3348 3737/1/3354 3729/1/3346
f 3944/1/3560 3938/1/3554 4280/1/3692 4286/1/3804
f 3796/1/3412 3803/1/3419 4145/1/3728 4138/1/3721
f 4010/1/3626 4004/1/3620 4346/1/3752 4352/1/3773
f 3878/1/3494 3872/1/3488 4214/1/3267 4220/1/3260
f 3936/1/3552 3944/1/3560 4286/1/3804 4278/1/3706
f 4002/1/3618 4010/1/3626 4352/1/3773 4344/1/3768
f 3870/1/3486 3878/1/3494 4220/1/3260 4212/1/3269
f 3736/1/3353 3730/1/3347 4071/1/3680 4078/1/3273
f 3802/1/3418 3796/1/3412 4138/1/3721 4144/1/3727
f 3883/1/3499 3870/1/3486 4212/1/3269 4226/1/3289
f 3807/1/3423 3813/1/3429 3805/1/3421 789/1/742 3729/1/3346 3735/1/3352 3727/1/3344 784/1/741
f 803/1/741 4051/1/3667 4057/1/3673 4049/1/3665 790/1/741 3795/1/3411 3801/1/3417 3793/1/3409
f 4001/1/3617 4007/1/3623 3999/1/3615 802/1/742 4019/1/3635 4025/1/3641 4017/1/3633 801/1/741
f 3860/1/3476 3867/1/3483 4210/1/3776 4202/1/3770
f 3942/1/3558 3936/1/3552 4278/1/3706 4284/1/3696
f 4000/1/3616 4008/1/3624 4350/1/3808 4342/1/3756
f 804/1/742 3933/1/3549 3948/1/3564 3939/1/3555 797/1/741 4047/1/3663 4053/1/3669 4045/1/3661
f 3800/1/3416 3794/1/3410 4135/1/3718 4142/1/3725
f 3866/1/3482 3860/1/3476 4202/1/3770 4208/1/3775
f 3734/1/3351 3728/1/3345 4070/1/3679 4075/1/3682
f 3947/1/3563 3934/1/3550 4276/1/3688 4290/1/3693
f 4015/1/3631 4021/1/3637 4013/1/3629 803/1/741 3793/1/3409 3799/1/3415 3791/1/3407 793/1/741
f 3859/1/3475 3865/1/3481 3857/1/3473 795/1/741 3923/1/3539 3929/1/3545 3921/1/3537 791/1/741
f 3726/1/3343 3734/1/3351 4075/1/3682 4068/1/3283
f 3924/1/3540 3931/1/3547 4274/1/3270 4266/1/3279
f 4006/1/3622 4000/1/3616 4342/1/3756 4348/1/3762
f 3722/1/3339 3716/1/3333 3638/1/3263 4064/1/3290
f 3998/1/3614 4006/1/3622 4348/1/3762 4340/1/3754
f 3864/1/3480 3858/1/3474 4200/1/3769 4206/1/3773
f 3714/1/3331 3722/1/3339 4064/1/3290 3640/1/3265
f 3759/1/3376 3765/1/3381 3757/1/3374 786/1/741 3679/1/3296 3685/1/3302 3677/1/3294 781/1/741
f 3707/1/3324 3694/1/3311 3660/1/3285 3645/1/3270
f 3718/1/3335 3712/1/3329 3642/1/3267 3635/1/3260
f 4083/1/3685 4092/1/3694 4085/1/3687 4093/1/3695 4088/1/3690 4095/1/3697 4089/1/3691 4098/1/3700
f 4099/1/3701 4108/1/3707 4101/1/3685 4109/1/3694 4104/1/3705 4111/1/3695 4105/1/3690 4114/1/3710
f 4115/1/3264 4124/1/3291 4117/1/3262 4125/1/3678 4120/1/3712 4127/1/3261 4121/1/3266 4130/1/3713
f 4131/1/3714 4140/1/3723 4133/1/3716 4141/1/3724 4136/1/3719 4143/1/3726 4137/1/3720 4146/1/3729
f 4147/1/3730 4155/1/3738 4149/1/3732 4157/1/3740 4151/1/3734 4159/1/3742 4153/1/3736 4161/1/3744
f 4163/1/3281 4171/1/3272 4166/1/3278 4174/1/3271 4168/1/3284 4176/1/3277 4170/1/3748 4177/1/3683
f 4180/1/3751 4188/1/3759 4182/1/3753 4190/1/3761 4184/1/3755 4192/1/3763 4186/1/3757 4193/1/3764
f 4196/1/3757 4204/1/3772 4197/1/3767 4205/1/3759 4199/1/3753 4207/1/3774 4201/1/3755 4209/1/3763
f 4211/1/3292 4219/1/3261 4213/1/3266 4221/1/3779 4215/1/3264 4223/1/3291 4217/1/3778 4225/1/3678
f 4227/1/3780 4235/1/3786 4229/1/3782 4237/1/3738 4232/1/3732 4240/1/3790 4234/1/3734 4241/1/3742
f 4244/1/3716 4252/1/3799 4246/1/3719 4254/1/3801 4248/1/3795 4256/1/3729 4250/1/3797 4257/1/3723
f 4260/1/3284 4268/1/3277 4262/1/3803 4270/1/3683 4264/1/3281 4271/1/3272 4265/1/3278 4273/1/3271
f 4275/1/3687 4283/1/3695 4277/1/3690 4285/1/3697 4279/1/3691 4287/1/3707 4281/1/3685 4289/1/3694
f 4291/1/3712 4299/1/3261 4293/1/3266 4301/1/3713 4295/1/3264 4303/1/3291 4298/1/3262 4305/1/3678
f 4308/1/3732 4316/1/3790 4310/1/3734 4318/1/3805 4312/1/3736 4320/1/3744 4314/1/3782 4321/1/3738
f 4324/1/3281 4332/1/3272 4326/1/3278 4334/1/3271 4328/1/3284 4336/1/3277 4330/1/3803 4337/1/3683
f 4339/1/3755 4347/1/3763 4341/1/3757 4349/1/3772 4343/1/3807 4351/1/3759 4345/1/3753 4353/1/3761
f 4355/1/3264 4363/1/3291 4357/1/3262 4365/1/3678 4359/1/3268 4367/1/3261 4361/1/3266 4369/1/3287
f 4371/1/3736 4380/1/3786 4374/1/3782 4382/1/3738 4376/1/3732 4384/1/3790 4378/1/3734 4385/1/3805
f 4388/1/3278 4396/1/3271 4390/1/3810 4398/1/3277 4392/1/3803 4400/1/3683 4394/1/3281 4401/1/3272
f 4484/942/3892 1169/943/1106 4655/944/4063 4654/945/4062 4403/946/3811
f 3766/1/3382 3760/1/3377 4102/1/3703 4107/1/3699
f 799/1/741 3985/1/3601 3991/1/3607 3983/1/3599 796/1/742 3891/1/3507 3897/1/3513 3889/1/3505
f 3682/1/3299 3690/1/3307 3664/1/3260 3671/1/3269
f 3832/1/3448 3826/1/3442 4167/1/3285 4173/1/3270
f 3966/1/3582 3974/1/3590 4315/1/3741 4307/1/3733
f 4032/1/3648 4040/1/3656 4381/1/3788 4373/1/3783
f 3690/1/3307 3684/1/3301 3670/1/3267 3664/1/3260
f 3974/1/3590 3968/1/3584 4309/1/3785 4315/1/3741
f 3892/1/3508 3900/1/3516 4242/1/3791 4233/1/3785
f 4033/1/3649 4039/1/3655 4031/1/3647 804/1/742 4045/1/3661 4060/1/3676 4051/1/3667 803/1/741
f 3706/1/3323 3700/1/3317 3654/1/3279 3648/1/3273
f 3826/1/3442 3834/1/3450 4175/1/3684 4167/1/3285
f 3760/1/3377 3768/1/3384 4110/1/3708 4102/1/3703
f 3915/1/3531 3902/1/3518 4243/1/3792 4258/1/3802
f 3702/1/3319 3696/1/3313 3658/1/3283 3651/1/3276
f 3834/1/3450 3828/1/3444 4169/1/3747 4175/1/3684
f 3768/1/3384 3762/1/3379 4103/1/3704 4110/1/3708
f 795/1/741 3901/1/3517 3916/1/3532 3907/1/3523 794/1/741 3917/1/3533 3932/1/3548 3923/1/3539
f 4034/1/3650 4042/1/3658 4383/1/3741 4375/1/3733
f 3968/1/3584 3976/1/3592 4317/1/3791 4309/1/3785
f 3910/1/3526 3904/1/3520 4245/1/3793 4251/1/3798
f 4042/1/3658 4036/1/3652 4377/1/3785 4383/1/3741
f 3828/1/3444 3836/1/3452 4178/1/3682 4169/1/3747
f 3969/1/3585 3975/1/3591 3967/1/3583 800/1/741 3987/1/3603 3993/1/3609 3985/1/3601 799/1/741
f 3762/1/3379 3770/1/3386 4112/1/3696 4103/1/3704
f 3675/1/3264 3668/1/3291 3673/1/3262 3665/1/3288 3672/1/3292 3663/1/3261 3669/1/3266 3662/1/3287
f 3851/1/3467 3838/1/3454 4179/1/3750 4194/1/3765
f 3763/1/3362 3769/1/3385 3761/1/3378 789/1/742 3827/1/3443 3833/1/3449 3825/1/3441 785/1/741
f 4036/1/3652 4043/1/3659 4386/1/3791 4377/1/3785
f 3694/1/3311 3702/1/3319 3651/1/3276 3660/1/3285
f 3871/1/3487 3877/1/3493 3869/1/3485 791/1/741 3837/1/3453 3852/1/3468 3843/1/3459 793/1/741
f 3970/1/3586 3978/1/3594 4319/1/3745 4311/1/3737
f 3904/1/3520 3912/1/3528 4253/1/3800 4245/1/3793
f 4059/1/3675 4046/1/3662 4387/1/3279 4402/1/3749
f 791/1/741 3921/1/3537 3927/1/3543 3919/1/3535 796/1/742 3839/1/3455 3845/1/3461 3837/1/3453
f 3978/1/3594 3972/1/3588 4313/1/3783 4319/1/3745
f 3764/1/3380 3771/1/3387 4113/1/3709 4106/1/3706
f 3912/1/3528 3906/1/3522 4247/1/3794 4253/1/3800
f 4046/1/3662 4054/1/3670 4395/1/3270 4387/1/3279
f 3696/1/3313 3704/1/3321 3650/1/3275 3658/1/3283
f 3787/1/3403 3774/1/3390 4116/1/3265 4129/1/3286
f 4054/1/3670 4048/1/3664 4389/1/3285 4395/1/3270
f 3704/1/3321 3698/1/3315 3655/1/3280 3650/1/3275
f 3972/1/3588 3979/1/3595 4322/1/3788 4313/1/3783
f 3774/1/3390 3782/1/3398 4123/1/3290 4116/1/3265
f 3906/1/3522 3914/1/3530 4255/1/3728 4247/1/3794
f 3840/1/3456 3848/1/3464 4189/1/3760 4181/1/3752
f 3995/1/3611 3982/1/3598 4323/1/3280 4338/1/3275
f 3782/1/3398 3776/1/3392 4118/1/3263 4123/1/3290
f 3914/1/3530 3908/1/3524 4249/1/3796 4255/1/3728
f 3698/1/3315 3706/1/3323 3648/1/3273 3655/1/3280
f 3983/1/3599 3989/1/3605 3981/1/3597 801/1/741 3841/1/3457 3847/1/3463 3839/1/3455 796/1/742
f 800/1/741 4003/1/3619 4009/1/3625 4001/1/3617 801/1/741 3981/1/3597 3996/1/3612 3987/1/3603
f 4048/1/3664 4056/1/3672 4397/1/3684 4389/1/3285
f 3659/1/3284 3652/1/3277 3657/1/3282 3649/1/3274 3656/1/3281 3647/1/3272 3653/1/3278 3646/1/3271
f 3990/1/3606 3984/1/3600 4325/1/3279 4331/1/3749
f 3908/1/3524 3915/1/3531 4258/1/3802 4249/1/3796
f 4056/1/3672 4050/1/3666 4391/1/3283 4397/1/3684
f 3700/1/3317 3707/1/3324 3645/1/3270 3654/1/3279
f 3842/1/3458 3850/1/3466 4191/1/3762 4183/1/3754
f 3776/1/3392 3784/1/3400 4126/1/3289 4118/1/3263
f 3931/1/3547 3918/1/3534 4259/1/3285 4274/1/3270
f 3643/1/3268 3636/1/3261 3641/1/3266 4061/1/3677 3639/1/3264 4063/1/3291 3637/1/3262 4066/1/3678
f 801/1/741 4017/1/3633 4023/1/3639 4015/1/3631 793/1/741 3843/1/3459 3849/1/3465 3841/1/3457
f 794/1/741 3777/1/3393 3783/1/3399 3775/1/3391 787/1/741 3887/1/3503 3893/1/3509 3885/1/3501
f 3918/1/3534 3926/1/3542 4267/1/3276 4259/1/3285
f 4050/1/3666 4058/1/3674 4399/1/3275 4391/1/3283
f 3984/1/3600 3992/1/3608 4333/1/3806 4325/1/3279
f 3926/1/3542 3920/1/3536 4261/1/3283 4267/1/3276
f 4058/1/3674 4052/1/3668 4393/1/3280 4399/1/3275
f 3844/1/3460 3851/1/3467 4194/1/3765 4185/1/3756
f 3992/1/3608 3986/1/3602 4327/1/3285 4333/1/3806
f 3778/1/3394 3786/1/3402 4128/1/3260 4119/1/3711
f 3716/1/3333 3723/1/3340 4065/1/3289 3638/1/3263
f 3867/1/3483 3854/1/3470 4195/1/3766 4210/1/3776
f 3907/1/3523 3913/1/3529 3905/1/3521 786/1/741 3779/1/3395 3785/1/3401 3777/1/3393 794/1/741
f 4052/1/3668 4059/1/3675 4402/1/3749 4393/1/3280
f 3723/1/3340 3710/1/3327 3644/1/3269 4065/1/3289
f 792/1/742 3853/1/3469 3868/1/3484 3859/1/3475 791/1/741 3869/1/3485 3884/1/3500 3875/1/3491
f 3986/1/3602 3994/1/3610 4335/1/3276 4327/1/3285
f 3920/1/3536 3928/1/3544 4269/1/3275 4261/1/3283
f 4067/1/3282 4076/1/3683 4069/1/3281 4077/1/3272 4072/1/3681 4079/1/3271 4073/1/3284 4082/1/3277
f 3862/1/3478 3856/1/3472 4198/1/3768 4203/1/3771
f 3994/1/3610 3988/1/3604 4329/1/3283 4335/1/3276
f 3780/1/3396 3787/1/3403 4129/1/3286 4122/1/3267
f 3928/1/3544 3922/1/3538 4263/1/3280 4269/1/3275
f 3712/1/3329 3720/1/3337 4062/1/3286 3642/1/3267
f 3803/1/3419 3790/1/3406 4132/1/3715 4145/1/3728
f 3720/1/3337 3714/1/3331 3640/1/3265 4062/1/3286
f 3988/1/3604 3995/1/3611 4338/1/3275 4329/1/3283
f 3823/1/3439 3829/1/3445 3821/1/3437 788/1/742 3789/1/3405 3804/1/3420 3795/1/3411 790/1/741
f 3922/1/3538 3930/1/3546 4272/1/3749 4263/1/3280
f 3856/1/3472 3864/1/3480 4206/1/3773 4198/1/3768
f 4011/1/3627 3998/1/3614 4340/1/3754 4354/1/3809
f 788/1/742 3873/1/3489 3879/1/3495 3871/1/3487 793/1/741 3791/1/3407 3797/1/3413 3789/1/3405
f 3930/1/3546 3924/1/3540 4266/1/3279 4272/1/3749
f 3691/1/3308 3678/1/3295 3676/1/3293 3661/1/3286
f 3485/1/3147 3558/1/3213 4517/1/3925 4446/1/3854
f 3571/1/3221 3574/1/3224 3589/1/3237 3588/1/3091
f 3482/1/3144 3549/1/3204 4510/1/3918 4441/1/3849
f 3517/1/3174 3490/1/3152 4449/1/3857 4478/1/3886
f 3566/1/3216 3501/1/3158 4462/1/3870 4525/1/3933
f 3490/1/3152 3556/1/3211 4515/1/3923 4449/1/3857
f 3495/1/3153 3519/1/3176 4480/1/3888 4456/1/3864
f 3507/1/3164 3450/1/3113 4409/1/3817 4468/1/3876
f 3498/1/3155 3562/1/3206 4521/1/3929 4457/1/3865
f 3493/1/3144 3564/1/3204 4523/1/3931 4454/1/3862
f 3534/1/3191 3455/1/3118 4416/1/3824 4493/1/3901
f 3506/1/3163 3568/1/3218 4527/1/3935 4465/1/3873
f 3519/1/3176 3498/1/3155 4457/1/3865 4480/1/3888
f 3511/1/3168 3466/1/3129 4425/1/3833 4472/1/3880
f 3525/1/3182 3443/1/3106 4404/1/3812 4486/1/3894
f 3503/1/3160 3521/1/3178 4482/1/3890 4464/1/3872
f 3546/1/3203 3471/1/3134 4432/1/3840 4505/1/3913
f 3524/1/3181 3446/1/3109 4405/1/3813 4483/1/3891
f 3501/1/3158 3570/1/3220 4529/1/3937 4462/1/3870
f 3515/1/3172 3482/1/3144 4441/1/3849 4476/1/3884
f 3448/1/3111 3507/1/3164 4468/1/3876 4407/1/3815
f 3521/1/3178 3506/1/3163 4465/1/3873 4482/1/3890
f 3558/1/3213 3487/1/3149 4448/1/3856 4517/1/3925
f 3531/1/3188 3451/1/3114 4412/1/3820 4492/1/3900
f 3564/1/3204 3495/1/3153 4456/1/3864 4523/1/3931
f 3453/1/3116 3534/1/3191 4493/1/3901 4414/1/3822
f 3570/1/3220 3503/1/3160 4464/1/3872 4529/1/3937
f 3530/1/3187 3453/1/3116 4414/1/3822 4489/1/3897
f 3446/1/3109 3527/1/3184 4488/1/3896 4405/1/3813
f 3537/1/3194 3459/1/3122 4420/1/3828 4498/1/3906
f 3451/1/3114 3530/1/3187 4489/1/3897 4412/1/3820
f 3536/1/3193 3462/1/3125 4421/1/3829 4495/1/3903
f 3527/1/3184 3448/1/3111 4407/1/3815 4488/1/3896
f 3464/1/3127 3511/1/3168 4472/1/3880 4423/1/3831
f 3455/1/3118 3509/1/3166 4470/1/3878 4416/1/3824
f 3543/1/3200 3467/1/3130 4428/1/3836 4504/1/3912
f 3459/1/3122 3536/1/3193 4495/1/3903 4420/1/3828
f 3469/1/3132 3546/1/3203 4505/1/3913 4430/1/3838
f 3509/1/3166 3458/1/3121 4417/1/3825 4470/1/3878
f 3542/1/3199 3469/1/3132 4430/1/3838 4501/1/3909
f 3462/1/3125 3539/1/3196 4500/1/3908 4421/1/3829
f 3549/1/3204 3475/1/3138 4436/1/3844 4510/1/3918
f 3467/1/3130 3542/1/3199 4501/1/3909 4428/1/3836
f 3548/1/3176 3478/1/3141 4437/1/3845 4507/1/3915
f 3539/1/3196 3464/1/3127 4423/1/3831 4500/1/3908
f 3480/1/2855 3515/1/3172 4476/1/3884 4439/1/3847
f 3471/1/3134 3513/1/3170 4474/1/3882 4432/1/3840
f 3556/1/3211 3483/1/3145 4444/1/3852 4515/1/3923
f 3475/1/3138 3548/1/3176 4507/1/3915 4436/1/3844
f 3491/1/2855 3560/1/3172 4519/1/3927 4452/1/3860
f 3513/1/3170 3474/1/3137 4433/1/3841 4474/1/3882
f 3554/1/3209 3485/1/3147 4446/1/3854 4513/1/3921
f 3478/1/3141 3551/1/3206 4512/1/3920 4437/1/3845
f 3562/1/3206 3491/1/2855 4452/1/3860 4521/1/3929
f 3450/1/3113 3525/1/3182 4486/1/3894 4409/1/3817
f 3483/1/3145 3554/1/3209 4513/1/3921 4444/1/3852
f 3499/1/3156 3566/1/3216 4525/1/3933 4460/1/3868
f 3458/1/3121 3531/1/3188 4492/1/3900 4417/1/3825
f 3551/1/3206 3480/1/2855 4439/1/3847 4512/1/3920
f 3560/1/3172 3493/1/3144 4454/1/3862 4519/1/3927
f 3466/1/3129 3537/1/3194 4498/1/3906 4425/1/3833
f 3487/1/3149 3517/1/3174 4478/1/3886 4448/1/3856
f 3568/1/3218 3499/1/3156 4460/1/3868 4527/1/3935
f 3474/1/3137 3543/1/3200 4504/1/3912 4433/1/3841
f 890/947/827 4546/948/3954 4544/949/3952 889/359/826
f 807/11/744 810/143/747 809/605/746 806/1/743
f 808/950/745 811/951/748 810/143/747 807/11/744
f 4535/952/3943 813/599/750 812/953/749 4532/954/3940
f 4537/955/3945 814/21/751 813/599/750 4535/956/3943
f 4539/957/3947 815/24/752 814/21/751 4537/958/3945
f 4540/959/3948 816/602/753 815/24/752 4539/960/3947
f 806/29/743 809/30/746 816/602/753 4540/961/3948 4542/32/3950
f 809/30/746 817/166/754 824/34/761 816/602/753
f 810/143/747 818/264/755 817/36/754 809/605/746
f 811/951/748 819/962/756 818/264/755 810/143/747
f 812/953/749 820/267/757 819/962/756 811/951/748
f 813/599/750 821/963/758 820/267/757 812/953/749
f 814/21/751 822/964/759 821/963/758 813/599/750
f 815/24/752 823/269/760 822/964/759 814/21/751
f 816/602/753 824/34/761 823/269/760 815/24/752
f 817/166/754 825/42/762 832/43/769 824/34/761
f 818/264/755 826/44/763 825/45/762 817/36/754
f 819/962/756 827/46/764 826/44/763 818/264/755
f 820/267/757 828/965/765 827/46/764 819/962/756
f 821/963/758 829/966/766 828/965/765 820/267/757
f 822/964/759 830/49/767 829/966/766 821/963/758
f 823/269/760 831/369/768 830/49/767 822/964/759
f 824/34/761 832/43/769 831/369/768 823/269/760
f 825/42/762 833/967/770 840/181/777 832/43/769
f 826/44/763 834/182/771 833/276/770 825/45/762
f 827/46/764 835/968/772 834/182/771 826/44/763
f 828/965/765 836/56/773 835/968/772 827/46/764
f 829/966/766 837/969/774 836/56/773 828/965/765
f 830/49/767 838/58/775 837/969/774 829/966/766
f 831/369/768 839/970/776 838/58/775 830/49/767
f 832/43/769 840/181/777 839/970/776 831/369/768
f 833/967/770 841/374/778 848/189/785 840/181/777
f 834/182/771 842/971/779 841/470/778 833/276/770
f 835/968/772 843/972/780 842/971/779 834/182/771
f 836/56/773 844/973/781 843/972/780 835/968/772
f 837/969/774 845/471/782 844/973/781 836/56/773
f 838/58/775 846/974/783 845/471/782 837/969/774
f 839/970/776 847/68/784 846/974/783 838/58/775
f 840/181/777 848/189/785 847/68/784 839/970/776
f 841/374/778 849/975/786 856/976/793 848/189/785
f 842/971/779 850/71/787 849/72/786 841/470/778
f 843/972/780 851/198/788 850/71/787 842/971/779
f 844/973/781 852/199/789 851/198/788 843/972/780
f 845/471/782 853/75/790 852/199/789 844/973/781
f 846/974/783 854/76/791 853/75/790 845/471/782
f 847/68/784 855/977/792 854/76/791 846/974/783
f 848/189/785 856/976/793 855/977/792 847/68/784
f 849/975/786 857/475/794 864/978/801 856/976/793
f 850/71/787 858/203/795 857/292/794 849/72/786
f 851/198/788 859/205/796 858/203/795 850/71/787
f 852/199/789 860/979/797 859/205/796 851/198/788
f 853/75/790 861/84/798 860/979/797 852/199/789
f 854/76/791 862/980/799 861/84/798 853/75/790
f 855/977/792 863/981/800 862/980/799 854/76/791
f 856/976/793 864/978/801 863/981/800 855/977/792
f 857/475/794 865/982/802 872/210/809 864/978/801
f 858/203/795 866/983/803 865/390/802 857/292/794
f 859/205/796 867/91/804 866/983/803 858/203/795
f 860/979/797 868/92/805 867/91/804 859/205/796
f 861/84/798 869/93/806 868/92/805 860/979/797
f 862/980/799 870/213/807 869/93/806 861/84/798
f 863/981/800 871/301/808 870/213/807 862/980/799
f 864/978/801 872/210/809 871/301/808 863/981/800
f 865/982/802 873/96/810 880/216/817 872/210/809
f 866/983/803 874/98/811 873/99/810 865/390/802
f 867/91/804 875/984/812 874/98/811 866/983/803
f 868/92/805 876/101/813 875/984/812 867/91/804
f 869/93/806 877/305/814 876/101/813 868/92/805
f 870/213/807 878/985/815 877/305/814 869/93/806
f 871/301/808 879/986/816 878/985/815 870/213/807
f 872/210/809 880/216/817 879/986/816 871/301/808
f 873/96/810 881/987/818 888/221/825 880/216/817
f 874/98/811 882/640/819 881/108/818 873/99/810
f 875/984/812 883/988/820 882/640/819 874/98/811
f 876/101/813 884/989/821 883/988/820 875/984/812
f 877/305/814 885/990/822 884/989/821 876/101/813
f 878/985/815 886/991/823 885/990/822 877/305/814
f 879/986/816 887/992/824 886/991/823 878/985/815
f 880/216/817 888/221/825 887/992/824 879/986/816
f 881/987/818 889/114/826 896/115/833 888/221/825
f 882/640/819 890/947/827 889/359/826 881/108/818
f 883/988/820 891/116/828 890/947/827 882/640/819
f 884/989/821 892/405/829 891/116/828 883/988/820
f 885/990/822 893/993/830 892/405/829 884/989/821
f 886/991/823 894/646/831 893/993/830 885/990/822
f 887/992/824 895/994/832 894/646/831 886/991/823
f 888/221/825 896/115/833 895/994/832 887/992/824
f 4557/995/3965 4543/996/3951 4545/997/3953 4547/998/3955 4549/999/3957 4551/413/3959 4553/323/3961 4555/1000/3963
f 889/114/826 4544/1001/3952 4558/1002/3966 896/115/833
f 892/405/829 4550/1003/3958 4548/1004/3956 891/116/828
f 893/993/830 4552/1005/3960 4550/1006/3958 892/405/829
f 894/646/831 4554/1007/3962 4552/133/3960 893/993/830
f 895/994/832 4556/1008/3964 4554/134/3962 894/646/831
f 896/115/833 4558/1009/3966 4556/1010/3964 895/994/832
f 4560/1011/3968 899/1012/836 906/515/843 4571/1013/3979
f 4562/1014/3970 900/1015/837 899/1016/836 4560/1017/3968
f 4564/1018/3972 901/521/838 900/1015/837 4562/1019/3970
f 4565/1020/3973 902/345/839 901/521/838 4564/1021/3972
f 897/152/834 903/1022/840 902/345/839 4565/1023/3973 4567/155/3975
f 4570/1024/3978 4569/1025/3977 905/1026/842 904/1027/841 898/1028/835
f 898/1028/835 904/1027/841 903/1022/840 897/152/834
f 4571/1029/3979 906/515/843 905/1026/842 4569/1030/3977
f 980/230/917 4576/1031/3984 4574/1032/3982 979/540/916
f 899/1012/836 907/166/844 914/34/851 906/515/843
f 900/1015/837 908/454/845 907/36/844 899/1016/836
f 901/521/838 909/266/846 908/454/845 900/1015/837
f 902/345/839 910/364/847 909/266/846 901/521/838
f 903/1022/840 911/268/848 910/364/847 902/345/839
f 904/1027/841 912/1033/849 911/268/848 903/1022/840
f 905/1026/842 913/1034/850 912/1033/849 904/1027/841
f 906/515/843 914/34/851 913/1034/850 905/1026/842
f 907/166/844 915/42/852 922/43/859 914/34/851
f 908/454/845 916/1035/853 915/45/852 907/36/844
f 909/266/846 917/46/854 916/1035/853 908/454/845
f 910/364/847 918/1036/855 917/46/854 909/266/846
f 911/268/848 919/48/856 918/1036/855 910/364/847
f 912/1033/849 920/1037/857 919/48/856 911/268/848
f 913/1034/850 921/1038/858 920/1037/857 912/1033/849
f 914/34/851 922/43/859 921/1038/858 913/1034/850
f 915/42/852 923/51/860 930/1039/867 922/43/859
f 916/1035/853 924/182/861 923/183/860 915/45/852
f 917/46/854 925/968/862 924/182/861 916/1035/853
f 918/1036/855 926/1040/863 925/968/862 917/46/854
f 919/48/856 927/552/864 926/1040/863 918/1036/855
f 920/1037/857 928/1041/865 927/552/864 919/48/856
f 921/1038/858 929/1042/866 928/1041/865 920/1037/857
f 922/43/859 930/1039/867 929/1042/866 921/1038/858
f 923/51/860 931/1043/868 938/1044/875 930/1039/867
f 924/182/861 932/1045/869 931/702/868 923/183/860
f 925/968/862 933/192/870 932/1045/869 924/182/861
f 926/1040/863 934/1046/871 933/192/870 925/968/862
f 927/552/864 935/624/872 934/1046/871 926/1040/863
f 928/1041/865 936/195/873 935/624/872 927/552/864
f 929/1042/866 937/68/874 936/195/873 928/1041/865
f 930/1039/867 938/1044/875 937/68/874 929/1042/866
f 931/1043/868 939/69/876 946/70/883 938/1044/875
f 932/1045/869 940/71/877 939/627/876 931/702/868
f 933/192/870 941/473/878 940/71/877 932/1045/869
f 934/1046/871 942/199/879 941/473/878 933/192/870
f 935/624/872 943/289/880 942/199/879 934/1046/871
f 936/195/873 944/76/881 943/289/880 935/624/872
f 937/68/874 945/1047/882 944/76/881 936/195/873
f 938/1044/875 946/70/883 945/1047/882 937/68/874
f 939/69/876 947/201/884 954/1048/891 946/70/883
f 940/71/877 948/203/885 947/477/884 939/627/876
f 941/473/878 949/478/886 948/203/885 940/71/877
f 942/199/879 950/1049/887 949/478/886 941/473/878
f 943/289/880 951/207/888 950/1049/887 942/199/879
f 944/76/881 952/295/889 951/207/888 943/289/880
f 945/1047/882 953/86/890 952/295/889 944/76/881
f 946/70/883 954/1048/891 953/86/890 945/1047/882
f 947/201/884 955/480/892 962/1050/899 954/1048/891
f 948/203/885 956/1051/893 955/90/892 947/477/884
f 949/478/886 957/91/894 956/1051/893 948/203/885
f 950/1049/887 958/483/895 957/91/894 949/478/886
f 951/207/888 959/1052/896 958/483/895 950/1049/887
f 952/295/889 960/393/897 959/1052/896 951/207/888
f 953/86/890 961/394/898 960/393/897 952/295/889
f 954/1048/891 962/1050/899 961/394/898 953/86/890
f 955/480/892 963/96/900 970/216/907 962/1050/899
f 956/1051/893 964/98/901 963/1053/900 955/90/892
f 957/91/894 965/984/902 964/98/901 956/1051/893
f 958/483/895 966/101/903 965/984/902 957/91/894
f 959/1052/896 967/305/904 966/101/903 958/483/895
f 960/393/897 968/306/905 967/305/904 959/1052/896
f 961/394/898 969/104/906 968/306/905 960/393/897
f 962/1050/899 970/216/907 969/104/906 961/394/898
f 963/96/900 971/1054/908 978/1055/915 970/216/907
f 964/98/901 972/719/909 971/1056/908 963/1053/900
f 965/984/902 973/1057/910 972/719/909 964/98/901
f 966/101/903 974/1058/911 973/1057/910 965/984/902
f 967/305/904 975/721/912 974/1058/911 966/101/903
f 968/306/905 976/492/913 975/721/912 967/305/904
f 969/104/906 977/1059/914 976/492/913 968/306/905
f 970/216/907 978/1055/915 977/1059/914 969/104/906
f 971/1054/908 979/1060/916 986/493/923 978/1055/915
f 972/719/909 980/230/917 979/540/916 971/1056/908
f 973/1057/910 981/1061/918 980/230/917 972/719/909
f 974/1058/911 982/574/919 981/1061/918 973/1057/910
f 975/721/912 983/118/920 982/574/919 974/1058/911
f 976/492/913 984/234/921 983/118/920 975/721/912
f 977/1059/914 985/1062/922 984/234/921 976/492/913
f 978/1055/915 986/493/923 985/1062/922 977/1059/914
f 4584/1063/3992 4573/1064/3981 4575/1065/3983 4577/1066/3985 4579/1067/3987 4581/1068/3989 987/243/924 988/1069/925
f 979/1060/916 4574/1070/3982 4583/1071/3991 986/493/923
f 982/574/919 4580/1072/3988 4578/1073/3986 981/1061/918
f 983/118/920 4582/1074/3990 4580/1075/3988 982/574/919
f 984/234/921 987/243/924 4581/1076/3989 4582/1074/3990 983/118/920
f 986/493/923 4583/1077/3991 4584/1078/3992 988/1069/925 985/1062/922
f 985/1062/922 988/1069/925 987/243/924 984/234/921
f 4587/162/3995 4586/1079/3994 995/1080/932 994/521/931 991/950/928
f 1073/230/1010 4600/246/4008 4598/1081/4006 1072/359/1009
f 990/11/927 993/1082/930 992/605/929 989/1/926
f 991/950/928 994/521/931 993/1082/930 990/11/927
f 4589/1083/3997 996/251/933 995/1080/932 4586/1084/3994
f 4591/1085/3999 997/21/934 996/251/933 4589/1086/3997
f 4593/1087/4001 998/1088/935 997/21/934 4591/1089/3999
f 4594/1090/4002 999/1091/936 998/1088/935 4593/1092/4001
f 989/1093/926 992/30/929 999/1091/936 4594/1094/4002 4596/1095/4004
f 992/30/929 1000/541/937 1007/1096/944 999/1091/936
f 993/1082/930 1001/454/938 1000/36/937 992/605/929
f 994/521/931 1002/169/939 1001/454/938 993/1082/930
f 995/1080/932 1003/1097/940 1002/169/939 994/521/931
f 996/251/933 1004/1098/941 1003/1097/940 995/1080/932
f 997/21/934 1005/40/942 1004/1098/941 996/251/933
f 998/1088/935 1006/1099/943 1005/40/942 997/21/934
f 999/1091/936 1007/1096/944 1006/1099/943 998/1088/935
f 1000/541/937 1008/42/945 1015/1100/952 1007/1096/944
f 1001/454/938 1009/44/946 1008/45/945 1000/36/937
f 1002/169/939 1010/46/947 1009/44/946 1001/454/938
f 1003/1097/940 1011/177/948 1010/46/947 1002/169/939
f 1004/1098/941 1012/48/949 1011/177/948 1003/1097/940
f 1005/40/942 1013/1101/950 1012/48/949 1004/1098/941
f 1006/1099/943 1014/50/951 1013/1101/950 1005/40/942
f 1007/1096/944 1015/1100/952 1014/50/951 1006/1099/943
f 1008/42/945 1016/51/953 1023/1102/960 1015/1100/952
f 1009/44/946 1017/371/954 1016/276/953 1008/45/945
f 1010/46/947 1018/968/955 1017/371/954 1009/44/946
f 1011/177/948 1019/56/956 1018/968/955 1010/46/947
f 1012/48/949 1020/552/957 1019/56/956 1011/177/948
f 1013/1101/950 1021/1103/958 1020/552/957 1012/48/949
f 1014/50/951 1022/59/959 1021/1103/958 1013/1101/950
f 1015/1100/952 1023/1102/960 1022/59/959 1014/50/951
f 1016/51/953 1024/1104/961 1031/1105/968 1023/1102/960
f 1017/371/954 1025/1106/962 1024/63/961 1016/276/953
f 1018/968/955 1026/1107/963 1025/1106/962 1017/371/954
f 1019/56/956 1027/1108/964 1026/1107/963 1018/968/955
f 1020/552/957 1028/1109/965 1027/1108/964 1019/56/956
f 1021/1103/958 1029/556/966 1028/1109/965 1020/552/957
f 1022/59/959 1030/68/967 1029/556/966 1021/1103/958
f 1023/1102/960 1031/1105/968 1030/68/967 1022/59/959
f 1024/1104/961 1032/975/969 1039/1110/976 1031/1105/968
f 1025/1106/962 1033/71/970 1032/72/969 1024/63/961
f 1026/1107/963 1034/1111/971 1033/71/970 1025/1106/962
f 1027/1108/964 1035/199/972 1034/1111/971 1026/1107/963
f 1028/1109/965 1036/380/973 1035/199/972 1027/1108/964
f 1029/556/966 1037/1112/974 1036/380/973 1028/1109/965
f 1030/68/967 1038/1113/975 1037/1112/974 1029/556/966
f 1031/1105/968 1039/1110/976 1038/1113/975 1030/68/967
f 1032/975/969 1040/201/977 1047/202/984 1039/1110/976
f 1033/71/970 1041/80/978 1040/477/977 1032/72/969
f 1034/1111/971 1042/478/979 1041/80/978 1033/71/970
f 1035/199/972 1043/294/980 1042/478/979 1034/1111/971
f 1036/380/973 1044/1114/981 1043/294/980 1035/199/972
f 1037/1112/974 1045/1115/982 1044/1114/981 1036/380/973
f 1038/1113/975 1046/86/983 1045/1115/982 1037/1112/974
f 1039/1110/976 1047/202/984 1046/86/983 1038/1113/975
f 1040/201/977 1048/209/985 1055/210/992 1047/202/984
f 1041/80/978 1049/298/986 1048/90/985 1040/477/977
f 1042/478/979 1050/635/987 1049/298/986 1041/80/978
f 1043/294/980 1051/92/988 1050/635/987 1042/478/979
f 1044/1114/981 1052/713/989 1051/92/988 1043/294/980
f 1045/1115/982 1053/393/990 1052/713/989 1044/1114/981
f 1046/86/983 1054/1116/991 1053/393/990 1045/1115/982
f 1047/202/984 1055/210/992 1054/1116/991 1046/86/983
f 1048/209/985 1056/96/993 1063/97/1000 1055/210/992
f 1049/298/986 1057/1117/994 1056/99/993 1048/90/985
f 1050/635/987 1058/304/995 1057/1117/994 1049/298/986
f 1051/92/988 1059/101/996 1058/304/995 1050/635/987
f 1052/713/989 1060/102/997 1059/101/996 1051/92/988
f 1053/393/990 1061/103/998 1060/102/997 1052/713/989
f 1054/1116/991 1062/104/999 1061/103/998 1053/393/990
f 1055/210/992 1063/97/1000 1062/104/999 1054/1116/991
f 1056/96/993 1064/1118/1001 1071/1119/1008 1063/97/1000
f 1057/1117/994 1065/640/1002 1064/570/1001 1056/99/993
f 1058/304/995 1066/1120/1003 1065/640/1002 1057/1117/994
f 1059/101/996 1067/1121/1004 1066/1120/1003 1058/304/995
f 1060/102/997 1068/1122/1005 1067/1121/1004 1059/101/996
f 1061/103/998 1069/1123/1006 1068/1122/1005 1060/102/997
f 1062/104/999 1070/1124/1007 1069/1123/1006 1061/103/998
f 1063/97/1000 1071/1119/1008 1070/1124/1007 1062/104/999
f 1064/1118/1001 1072/1125/1009 1079/1126/1016 1071/1119/1008
f 1065/640/1002 1073/230/1010 1072/359/1009 1064/570/1001
f 1066/1120/1003 1074/116/1011 1073/230/1010 1065/640/1002
f 1067/1121/1004 1075/232/1012 1074/116/1011 1066/1120/1003
f 1068/1122/1005 1076/314/1013 1075/232/1012 1067/1121/1004
f 1069/1123/1006 1077/1127/1014 1076/314/1013 1068/1122/1005
f 1070/1124/1007 1078/1128/1015 1077/1127/1014 1069/1123/1006
f 1071/1119/1008 1079/1126/1016 1078/1128/1015 1070/1124/1007
f 4611/1129/4019 4597/1130/4005 4599/1131/4007 4601/1132/4009 4603/1133/4011 4605/1134/4013 4607/1135/4015 4609/655/4017
f 1072/1125/1009 4598/1136/4006 4612/334/4020 1079/1126/1016
f 1075/232/1012 4604/1137/4012 4602/1138/4010 1074/116/1011
f 1076/314/1013 4606/1139/4014 4604/1140/4012 1075/232/1012
f 1077/1127/1014 4608/1141/4016 4606/1142/4014 1076/314/1013
f 1078/1128/1015 4610/1143/4018 4608/1141/4016 1077/1127/1014
f 1079/1126/1016 4612/334/4020 4610/1144/4018 1078/1128/1015
f 4614/1145/4022 1080/428/1017 1087/338/1024 4627/1146/4035
f 4616/1147/4024 1081/1148/1018 1080/13/1017 4614/1149/4022
f 4618/1150/4026 1082/951/1019 1081/1148/1018 4616/1151/4024
f 4620/1152/4028 1083/1153/1020 1082/951/1019 4618/1154/4026
f 4622/1155/4030 1084/1156/1021 1083/1153/1020 4620/1157/4028
f 4624/1158/4032 1085/1159/1022 1084/1156/1021 4622/1160/4030
f 4626/1161/4034 1086/256/1023 1085/1159/1022 4624/1162/4032
f 4627/1163/4035 1087/338/1024 1086/256/1023 4626/1164/4034
f 1161/245/1098 1168/238/1105 4629/1165/4037 4630/1166/4038 1160/10/1097
f 1080/428/1017 1088/166/1025 1095/34/1032 1087/338/1024
f 1081/1148/1018 1089/1167/1026 1088/265/1025 1080/13/1017
f 1082/951/1019 1090/455/1027 1089/1167/1026 1081/1148/1018
f 1083/1153/1020 1091/364/1028 1090/455/1027 1082/951/1019
f 1084/1156/1021 1092/1168/1029 1091/364/1028 1083/1153/1020
f 1085/1159/1022 1093/1169/1030 1092/1168/1029 1084/1156/1021
f 1086/256/1023 1094/1099/1031 1093/1169/1030 1085/1159/1022
f 1087/338/1024 1095/34/1032 1094/1099/1031 1086/256/1023
f 1088/166/1025 1096/42/1033 1103/43/1040 1095/34/1032
f 1089/1167/1026 1097/1170/1034 1096/175/1033 1088/265/1025
f 1090/455/1027 1098/46/1035 1097/1170/1034 1089/1167/1026
f 1091/364/1028 1099/177/1036 1098/46/1035 1090/455/1027
f 1092/1168/1029 1100/1171/1037 1099/177/1036 1091/364/1028
f 1093/1169/1030 1101/49/1038 1100/1171/1037 1092/1168/1029
f 1094/1099/1031 1102/50/1039 1101/49/1038 1093/1169/1030
f 1095/34/1032 1103/43/1040 1102/50/1039 1094/1099/1031
f 1096/42/1033 1104/51/1041 1111/1172/1048 1103/43/1040
f 1097/1170/1034 1105/371/1042 1104/1173/1041 1096/175/1033
f 1098/46/1035 1106/277/1043 1105/371/1042 1097/1170/1034
f 1099/177/1036 1107/1174/1044 1106/277/1043 1098/46/1035
f 1100/1171/1037 1108/1175/1045 1107/1174/1044 1099/177/1036
f 1101/49/1038 1109/466/1046 1108/1175/1045 1100/1171/1037
f 1102/50/1039 1110/59/1047 1109/466/1046 1101/49/1038
f 1103/43/1040 1111/1172/1048 1110/59/1047 1102/50/1039
f 1104/51/1041 1112/281/1049 1119/700/1056 1111/1172/1048
f 1105/371/1042 1113/190/1050 1112/470/1049 1104/1173/1041
f 1106/277/1043 1114/192/1051 1113/190/1050 1105/371/1042
f 1107/1174/1044 1115/193/1052 1114/192/1051 1106/277/1043
f 1108/1175/1045 1116/1176/1053 1115/193/1052 1107/1174/1044
f 1109/466/1046 1117/1177/1054 1116/1176/1053 1108/1175/1045
f 1110/59/1047 1118/1178/1055 1117/1177/1054 1109/466/1046
f 1111/1172/1048 1119/700/1056 1118/1178/1055 1110/59/1047
f 1112/281/1049 1120/69/1057 1127/1179/1064 1119/700/1056
f 1113/190/1050 1121/71/1058 1120/72/1057 1112/470/1049
f 1114/192/1051 1122/1180/1059 1121/71/1058 1113/190/1050
f 1115/193/1052 1123/474/1060 1122/1180/1059 1114/192/1051
f 1116/1176/1053 1124/380/1061 1123/474/1060 1115/193/1052
f 1117/1177/1054 1125/1181/1062 1124/380/1061 1116/1176/1053
f 1118/1178/1055 1126/629/1063 1125/1181/1062 1117/1177/1054
f 1119/700/1056 1127/1179/1064 1126/629/1063 1118/1178/1055
f 1120/69/1057 1128/1182/1065 1135/1183/1072 1127/1179/1064
f 1121/71/1058 1129/203/1066 1128/81/1065 1120/72/1057
f 1122/1180/1059 1130/1184/1067 1129/203/1066 1121/71/1058
f 1123/474/1060 1131/1185/1068 1130/1184/1067 1122/1180/1059
f 1124/380/1061 1132/1186/1069 1131/1185/1068 1123/474/1060
f 1125/1181/1062 1133/1187/1070 1132/1186/1069 1124/380/1061
f 1126/629/1063 1134/1188/1071 1133/1187/1070 1125/1181/1062
f 1127/1179/1064 1135/1183/1072 1134/1188/1071 1126/629/1063
f 1128/1182/1065 1136/209/1073 1143/210/1080 1135/1183/1072
f 1129/203/1066 1137/633/1074 1136/390/1073 1128/81/1065
f 1130/1184/1067 1138/1189/1075 1137/633/1074 1129/203/1066
f 1131/1185/1068 1139/1190/1076 1138/1189/1075 1130/1184/1067
f 1132/1186/1069 1140/1191/1077 1139/1190/1076 1131/1185/1068
f 1133/1187/1070 1141/393/1078 1140/1191/1077 1132/1186/1069
f 1134/1188/1071 1142/1192/1079 1141/393/1078 1133/1187/1070
f 1135/1183/1072 1143/210/1080 1142/1192/1079 1134/1188/1071
f 1136/209/1073 1144/96/1081 1151/97/1088 1143/210/1080
f 1137/633/1074 1145/1193/1082 1144/99/1081 1136/390/1073
f 1138/1189/1075 1146/218/1083 1145/1193/1082 1137/633/1074
f 1139/1190/1076 1147/486/1084 1146/218/1083 1138/1189/1075
f 1140/1191/1077 1148/1194/1085 1147/486/1084 1139/1190/1076
f 1141/393/1078 1149/1195/1086 1148/1194/1085 1140/1191/1077
f 1142/1192/1079 1150/104/1087 1149/1195/1086 1141/393/1078
f 1143/210/1080 1151/97/1088 1150/104/1087 1142/1192/1079
f 1144/96/1081 1152/569/1089 1159/221/1096 1151/97/1088
f 1145/1193/1082 1153/1196/1090 1152/108/1089 1144/99/1081
f 1146/218/1083 1154/224/1091 1153/1196/1090 1145/1193/1082
f 1147/486/1084 1155/110/1092 1154/224/1091 1146/218/1083
f 1148/1194/1085 1156/225/1093 1155/110/1092 1147/486/1084
f 1149/1195/1086 1157/1197/1094 1156/225/1093 1148/1194/1085
f 1150/104/1087 1158/1198/1095 1157/1197/1094 1149/1195/1086
f 1151/97/1088 1159/221/1096 1158/1198/1095 1150/104/1087
f 1152/569/1089 1160/1199/1097 1167/1200/1104 1159/221/1096
f 1153/1196/1090 1161/245/1098 1160/10/1097 1152/108/1089
f 1154/224/1091 1162/1201/1099 1161/245/1098 1153/1196/1090
f 1155/110/1092 1163/1202/1100 1162/1201/1099 1154/224/1091
f 1156/225/1093 1164/314/1101 1163/1202/1100 1155/110/1092
f 1157/1197/1094 1165/1203/1102 1164/314/1101 1156/225/1093
f 1158/1198/1095 1166/120/1103 1165/1203/1102 1157/1197/1094
f 1159/221/1096 1167/1200/1104 1166/120/1103 1158/1198/1095
f 4641/1204/4049 4629/1205/4037 1168/238/1105 4632/1206/4040 4633/1207/4041 4635/1208/4043 4637/1209/4045 4639/1210/4047
f 1160/1199/1097 4630/416/4038 4642/1211/4050 1167/1200/1104
f 1164/314/1101 4636/1212/4044 4634/1213/4042 1163/1202/1100
f 1162/1201/1099 4631/1214/4039 4632/1215/4040 1168/238/1105 1161/245/1098
f 1165/1203/1102 4638/1216/4046 4636/1212/4044 1164/314/1101
f 1166/120/1103 4640/1217/4048 4638/1216/4046 1165/1203/1102
f 1167/1200/1104 4642/1218/4050 4640/1217/4048 1166/120/1103
f 4644/1219/4052 1170/337/1107 1177/515/1114 4657/1220/4065
f 4646/1221/4054 1171/1222/1108 1170/605/1107 4644/1223/4052
f 4648/1224/4056 1172/521/1109 1171/1222/1108 4646/1225/4054
f 4650/1226/4058 1173/345/1110 1172/521/1109 4648/1227/4056
f 4652/1228/4060 1174/1229/1111 1173/345/1110 4650/1230/4058
f 4653/1231/4061 1175/1232/1112 1174/1229/1111 4652/1233/4060
f 1169/943/1106 1176/24/1113 1175/1232/1112 4653/1234/4061 4655/944/4063
f 4658/1235/4066 4657/1236/4065 1177/515/1114 1176/24/1113 1169/943/1106
f 1251/1237/1188 1258/238/1195 4659/1238/4067 4660/1239/4068 1250/451/1187
f 1170/337/1107 1178/1240/1115 1185/1241/1122 1177/515/1114
f 1171/1222/1108 1179/454/1116 1178/36/1115 1170/605/1107
f 1172/521/1109 1180/1242/1117 1179/454/1116 1171/1222/1108
f 1173/345/1110 1181/170/1118 1180/1242/1117 1172/521/1109
f 1174/1229/1111 1182/365/1119 1181/170/1118 1173/345/1110
f 1175/1232/1112 1183/40/1120 1182/365/1119 1174/1229/1111
f 1176/24/1113 1184/1034/1121 1183/40/1120 1175/1232/1112
f 1177/515/1114 1185/1241/1122 1184/1034/1121 1176/24/1113
f 1178/1240/1115 1186/42/1123 1193/1100/1130 1185/1241/1122
f 1179/454/1116 1187/44/1124 1186/45/1123 1178/36/1115
f 1180/1242/1117 1188/1243/1125 1187/44/1124 1179/454/1116
f 1181/170/1118 1189/177/1126 1188/1243/1125 1180/1242/1117
f 1182/365/1119 1190/48/1127 1189/177/1126 1181/170/1118
f 1183/40/1120 1191/49/1128 1190/48/1127 1182/365/1119
f 1184/1034/1121 1192/50/1129 1191/49/1128 1183/40/1120
f 1185/1241/1122 1193/1100/1130 1192/50/1129 1184/1034/1121
f 1186/42/1123 1194/273/1131 1201/370/1138 1193/1100/1130
f 1187/44/1124 1195/371/1132 1194/276/1131 1186/45/1123
f 1188/1243/1125 1196/968/1133 1195/371/1132 1187/44/1124
f 1189/177/1126 1197/1244/1134 1196/968/1133 1188/1243/1125
f 1190/48/1127 1198/969/1135 1197/1244/1134 1189/177/1126
f 1191/49/1128 1199/553/1136 1198/969/1135 1190/48/1127
f 1192/50/1129 1200/1245/1137 1199/553/1136 1191/49/1128
f 1193/1100/1130 1201/370/1138 1200/1245/1137 1192/50/1129
f 1194/273/1131 1202/281/1139 1209/700/1146 1201/370/1138
f 1195/371/1132 1203/62/1140 1202/63/1139 1194/276/1131
f 1196/968/1133 1204/192/1141 1203/62/1140 1195/371/1132
f 1197/1244/1134 1205/1246/1142 1204/192/1141 1196/968/1133
f 1198/969/1135 1206/194/1143 1205/1246/1142 1197/1244/1134
f 1199/553/1136 1207/1247/1144 1206/194/1143 1198/969/1135
f 1200/1245/1137 1208/1248/1145 1207/1247/1144 1199/553/1136
f 1201/370/1138 1209/700/1146 1208/1248/1145 1200/1245/1137
f 1202/281/1139 1210/1249/1147 1217/70/1154 1209/700/1146
f 1203/62/1140 1211/1250/1148 1210/72/1147 1202/63/1139
f 1204/192/1141 1212/473/1149 1211/1250/1148 1203/62/1140
f 1205/1246/1142 1213/199/1150 1212/473/1149 1204/192/1141
f 1206/194/1143 1214/380/1151 1213/199/1150 1205/1246/1142
f 1207/1247/1144 1215/76/1152 1214/380/1151 1206/194/1143
f 1208/1248/1145 1216/77/1153 1215/76/1152 1207/1247/1144
f 1209/700/1146 1217/70/1154 1216/77/1153 1208/1248/1145
f 1210/1249/1147 1218/1251/1155 1225/202/1162 1217/70/1154
f 1211/1250/1148 1219/1252/1156 1218/477/1155 1210/72/1147
f 1212/473/1149 1220/205/1157 1219/1252/1156 1211/1250/1148
f 1213/199/1150 1221/83/1158 1220/205/1157 1212/473/1149
f 1214/380/1151 1222/1253/1159 1221/83/1158 1213/199/1150
f 1215/76/1152 1223/295/1160 1222/1253/1159 1214/380/1151
f 1216/77/1153 1224/1254/1161 1223/295/1160 1215/76/1152
f 1217/70/1154 1225/202/1162 1224/1254/1161 1216/77/1153
f 1218/1251/1155 1226/209/1163 1233/210/1170 1225/202/1162
f 1219/1252/1156 1227/211/1164 1226/90/1163 1218/477/1155
f 1220/205/1157 1228/91/1165 1227/211/1164 1219/1252/1156
f 1221/83/1158 1229/1255/1166 1228/91/1165 1220/205/1157
f 1222/1253/1159 1230/1256/1167 1229/1255/1166 1221/83/1158
f 1223/295/1160 1231/1257/1168 1230/1256/1167 1222/1253/1159
f 1224/1254/1161 1232/301/1169 1231/1257/1168 1223/295/1160
f 1225/202/1162 1233/210/1170 1232/301/1169 1224/1254/1161
f 1226/209/1163 1234/1258/1171 1241/97/1178 1233/210/1170
f 1227/211/1164 1235/98/1172 1234/99/1171 1226/90/1163
f 1228/91/1165 1236/218/1173 1235/98/1172 1227/211/1164
f 1229/1255/1166 1237/101/1174 1236/218/1173 1228/91/1165
f 1230/1256/1167 1238/219/1175 1237/101/1174 1229/1255/1166
f 1231/1257/1168 1239/103/1176 1238/219/1175 1230/1256/1167
f 1232/301/1169 1240/104/1177 1239/103/1176 1231/1257/1168
f 1233/210/1170 1241/97/1178 1240/104/1177 1232/301/1169
f 1234/1258/1171 1242/105/1179 1249/221/1186 1241/97/1178
f 1235/98/1172 1243/640/1180 1242/108/1179 1234/99/1171
f 1236/218/1173 1244/490/1181 1243/640/1180 1235/98/1172
f 1237/101/1174 1245/1259/1182 1244/490/1181 1236/218/1173
f 1238/219/1175 1246/225/1183 1245/1259/1182 1237/101/1174
f 1239/103/1176 1247/1260/1184 1246/225/1183 1238/219/1175
f 1240/104/1177 1248/572/1185 1247/1260/1184 1239/103/1176
f 1241/97/1178 1249/221/1186 1248/572/1185 1240/104/1177
f 1242/105/1179 1250/1261/1187 1257/1262/1194 1249/221/1186
f 1243/640/1180 1251/1237/1188 1250/451/1187 1242/108/1179
f 1244/490/1181 1252/116/1189 1251/1237/1188 1243/640/1180
f 1245/1259/1182 1253/574/1190 1252/116/1189 1244/490/1181
f 1246/225/1183 1254/1263/1191 1253/574/1190 1245/1259/1182
f 1247/1260/1184 1255/234/1192 1254/1263/1191 1246/225/1183
f 1248/572/1185 1256/1264/1193 1255/234/1192 1247/1260/1184
f 1249/221/1186 1257/1262/1194 1256/1264/1193 1248/572/1185
f 4669/1265/4077 4659/1266/4067 1258/238/1195 1259/240/1196 4662/1267/4070 4663/1268/4071 4665/1269/4073 4667/1270/4075
f 1250/1261/1187 4660/1271/4068 4670/1272/4078 1257/1262/1194
f 1252/116/1189 1259/240/1196 1258/238/1195 1251/1237/1188
f 1255/234/1192 4666/1273/4074 4664/1274/4072 1254/1263/1191
f 1253/574/1190 4661/1275/4069 4662/1276/4070 1259/240/1196 1252/116/1189
f 1256/1264/1193 4668/510/4076 4666/1277/4074 1255/234/1192
f 1257/1262/1194 4670/1278/4078 4668/1279/4076 1256/1264/1193
f 4672/1280/4080 1260/30/1197 1267/429/1204 4687/1281/4095
f 4674/1282/4082 1261/1283/1198 1260/144/1197 4672/1284/4080
f 4676/1285/4084 1262/521/1199 1261/1283/1198 4674/1286/4082
f 4678/1287/4086 1263/1288/1200 1262/521/1199 4676/1289/4084
f 4679/1290/4087 1264/17/1201 1263/1288/1200 4678/1291/4086
f 4684/529/4092 4683/1292/4091 1265/158/1202 1264/17/1201 4679/1293/4087 4681/827/4089
f 4686/1294/4094 1266/1295/1203 1265/158/1202 4683/1296/4091
f 4687/1297/4095 1267/429/1204 1266/1295/1203 4686/1298/4094
f 1341/1299/1278 4692/538/4100 4690/1300/4098 1340/231/1277
f 1260/30/1197 1268/33/1205 1275/1301/1212 1267/429/1204
f 1261/1283/1198 1269/35/1206 1268/265/1205 1260/144/1197
f 1262/521/1199 1270/266/1207 1269/35/1206 1261/1283/1198
f 1263/1288/1200 1271/364/1208 1270/266/1207 1262/521/1199
f 1264/17/1201 1272/1168/1209 1271/364/1208 1263/1288/1200
f 1265/158/1202 1273/1302/1210 1272/1168/1209 1264/17/1201
f 1266/1295/1203 1274/458/1211 1273/1302/1210 1265/158/1202
f 1267/429/1204 1275/1301/1212 1274/458/1211 1266/1295/1203
f 1268/33/1205 1276/1303/1213 1283/1304/1220 1275/1301/1212
f 1269/35/1206 1277/44/1214 1276/45/1213 1268/265/1205
f 1270/266/1207 1278/1305/1215 1277/44/1214 1269/35/1206
f 1271/364/1208 1279/965/1216 1278/1305/1215 1270/266/1207
f 1272/1168/1209 1280/48/1217 1279/965/1216 1271/364/1208
f 1273/1302/1210 1281/49/1218 1280/48/1217 1272/1168/1209
f 1274/458/1211 1282/1306/1219 1281/49/1218 1273/1302/1210
f 1275/1301/1212 1283/1304/1220 1282/1306/1219 1274/458/1211
f 1276/1303/1213 1284/51/1221 1291/1307/1228 1283/1304/1220
f 1277/44/1214 1285/182/1222 1284/183/1221 1276/45/1213
f 1278/1305/1215 1286/968/1223 1285/182/1222 1277/44/1214
f 1279/965/1216 1287/56/1224 1286/968/1223 1278/1305/1215
f 1280/48/1217 1288/1308/1225 1287/56/1224 1279/965/1216
f 1281/49/1218 1289/553/1226 1288/1308/1225 1280/48/1217
f 1282/1306/1219 1290/1309/1227 1289/553/1226 1281/49/1218
f 1283/1304/1220 1291/1307/1228 1290/1309/1227 1282/1306/1219
f 1284/51/1221 1292/281/1229 1299/700/1236 1291/1307/1228
f 1285/182/1222 1293/1310/1230 1292/63/1229 1284/183/1221
f 1286/968/1223 1294/1107/1231 1293/1310/1230 1285/182/1222
f 1287/56/1224 1295/193/1232 1294/1107/1231 1286/968/1223
f 1288/1308/1225 1296/705/1233 1295/193/1232 1287/56/1224
f 1289/553/1226 1297/1311/1234 1296/705/1233 1288/1308/1225
f 1290/1309/1227 1298/68/1235 1297/1311/1234 1289/553/1226
f 1291/1307/1228 1299/700/1236 1298/68/1235 1290/1309/1227
f 1292/281/1229 1300/69/1237 1307/1312/1244 1299/700/1236
f 1293/1310/1230 1301/71/1238 1300/627/1237 1292/63/1229
f 1294/1107/1231 1302/1180/1239 1301/71/1238 1293/1310/1230
f 1295/193/1232 1303/199/1240 1302/1180/1239 1294/1107/1231
f 1296/705/1233 1304/1313/1241 1303/199/1240 1295/193/1232
f 1297/1311/1234 1305/1314/1242 1304/1313/1241 1296/705/1233
f 1298/68/1235 1306/77/1243 1305/1314/1242 1297/1311/1234
f 1299/700/1236 1307/1312/1244 1306/77/1243 1298/68/1235
f 1300/69/1237 1308/475/1245 1315/1315/1252 1307/1312/1244
f 1301/71/1238 1309/203/1246 1308/81/1245 1300/627/1237
f 1302/1180/1239 1310/1316/1247 1309/203/1246 1301/71/1238
f 1303/199/1240 1311/294/1248 1310/1316/1247 1302/1180/1239
f 1304/1313/1241 1312/1317/1249 1311/294/1248 1303/199/1240
f 1305/1314/1242 1313/1318/1250 1312/1317/1249 1304/1313/1241
f 1306/77/1243 1314/1319/1251 1313/1318/1250 1305/1314/1242
f 1307/1312/1244 1315/1315/1252 1314/1319/1251 1306/77/1243
f 1308/475/1245 1316/209/1253 1323/210/1260 1315/1315/1252
f 1309/203/1246 1317/298/1254 1316/1320/1253 1308/81/1245
f 1310/1316/1247 1318/91/1255 1317/298/1254 1309/203/1246
f 1311/294/1248 1319/92/1256 1318/91/1255 1310/1316/1247
f 1312/1317/1249 1320/713/1257 1319/92/1256 1311/294/1248
f 1313/1318/1250 1321/393/1258 1320/713/1257 1312/1317/1249
f 1314/1319/1251 1322/1321/1259 1321/393/1258 1313/1318/1250
f 1315/1315/1252 1323/210/1260 1322/1321/1259 1314/1319/1251
f 1316/209/1253 1324/96/1261 1331/1322/1268 1323/210/1260
f 1317/298/1254 1325/98/1262 1324/99/1261 1316/1320/1253
f 1318/91/1255 1326/1323/1263 1325/98/1262 1317/298/1254
f 1319/92/1256 1327/101/1264 1326/1323/1263 1318/91/1255
f 1320/713/1257 1328/305/1265 1327/101/1264 1319/92/1256
f 1321/393/1258 1329/1324/1266 1328/305/1265 1320/713/1257
f 1322/1321/1259 1330/104/1267 1329/1324/1266 1321/393/1258
f 1323/210/1260 1331/1322/1268 1330/104/1267 1322/1321/1259
f 1324/96/1261 1332/569/1269 1339/1325/1276 1331/1322/1268
f 1325/98/1262 1333/1326/1270 1332/1056/1269 1324/99/1261
f 1326/1323/1263 1334/224/1271 1333/1326/1270 1325/98/1262
f 1327/101/1264 1335/1327/1272 1334/224/1271 1326/1323/1263
f 1328/305/1265 1336/111/1273 1335/1327/1272 1327/101/1264
f 1329/1324/1266 1337/1328/1274 1336/111/1273 1328/305/1265
f 1330/104/1267 1338/1124/1275 1337/1328/1274 1329/1324/1266
f 1331/1322/1268 1339/1325/1276 1338/1124/1275 1330/104/1267
f 1332/569/1269 1340/228/1277 1347/229/1284 1339/1325/1276
f 1333/1326/1270 1341/1299/1278 1340/231/1277 1332/1056/1269
f 1334/224/1271 1342/1329/1279 1341/1299/1278 1333/1326/1270
f 1335/1327/1272 1343/1330/1280 1342/1329/1279 1334/224/1271
f 1336/111/1273 1344/1331/1281 1343/1330/1280 1335/1327/1272
f 1337/1328/1274 1345/407/1282 1344/1331/1281 1336/111/1273
f 1338/1124/1275 1346/576/1283 1345/407/1282 1337/1328/1274
f 1339/1325/1276 1347/229/1284 1346/576/1283 1338/1124/1275
f 4703/1332/4111 4689/1333/4097 4691/1334/4099 4693/1335/4101 4695/1336/4103 4697/1337/4105 4699/1338/4107 4701/1339/4109
f 1340/228/1277 4690/1340/4098 4704/1341/4112 1347/229/1284
f 1343/1330/1280 4696/1342/4104 4694/1343/4102 1342/1329/1279
f 1344/1331/1281 4698/1344/4106 4696/1345/4104 1343/1330/1280
f 1345/407/1282 4700/1346/4108 4698/1347/4106 1344/1331/1281
f 1346/576/1283 4702/1348/4110 4700/1349/4108 1345/407/1282
f 1347/229/1284 4704/1350/4112 4702/596/4110 1346/576/1283
f 4707/1351/4115 4706/1352/4114 1357/17/1294 1356/1153/1293 1351/601/1288
f 1348/29/1285 1353/428/1290 1360/1353/1297 1352/603/1289
f 1349/1354/1286 1354/1355/1291 1353/1016/1290 1348/1/1285
f 1350/950/1287 1355/1356/1292 1354/1355/1291 1349/1354/1286
f 1351/601/1288 1356/1153/1293 1355/1356/1292 1350/950/1287
f 4709/1357/4117 1358/1358/1295 1357/17/1294 4706/1359/4114
f 4710/1360/4118 1359/1361/1296 1358/1358/1295 4709/1362/4117
f 1352/603/1289 1360/1353/1297 1359/1361/1296 4710/1363/4118 4712/1364/4120
f 1434/230/1371 4716/613/4124 4714/1365/4122 1433/231/1370
f 1353/428/1290 1361/33/1298 1368/1366/1305 1360/1353/1297
f 1354/1355/1291 1362/168/1299 1361/544/1298 1353/1016/1290
f 1355/1356/1292 1363/266/1300 1362/168/1299 1354/1355/1291
f 1356/1153/1293 1364/1367/1301 1363/266/1300 1355/1356/1292
f 1357/17/1294 1365/1168/1302 1364/1367/1301 1356/1153/1293
f 1358/1358/1295 1366/964/1303 1365/1168/1302 1357/17/1294
f 1359/1361/1296 1367/1368/1304 1366/964/1303 1358/1358/1295
f 1360/1353/1297 1368/1366/1305 1367/1368/1304 1359/1361/1296
f 1361/33/1298 1369/1303/1306 1376/1369/1313 1368/1366/1305
f 1362/168/1299 1370/44/1307 1369/45/1306 1361/544/1298
f 1363/266/1300 1371/46/1308 1370/44/1307 1362/168/1299
f 1364/1367/1301 1372/1370/1309 1371/46/1308 1363/266/1300
f 1365/1168/1302 1373/48/1310 1372/1370/1309 1364/1367/1301
f 1366/964/1303 1374/1371/1311 1373/48/1310 1365/1168/1302
f 1367/1368/1304 1375/50/1312 1374/1371/1311 1366/964/1303
f 1368/1366/1305 1376/1369/1313 1375/50/1312 1367/1368/1304
f 1369/1303/1306 1377/51/1314 1384/1372/1321 1376/1369/1313
f 1370/44/1307 1378/182/1315 1377/183/1314 1369/45/1306
f 1371/46/1308 1379/1373/1316 1378/182/1315 1370/44/1307
f 1372/1370/1309 1380/185/1317 1379/1373/1316 1371/46/1308
f 1373/48/1310 1381/1374/1318 1380/185/1317 1372/1370/1309
f 1374/1371/1311 1382/58/1319 1381/1374/1318 1373/48/1310
f 1375/50/1312 1383/59/1320 1382/58/1319 1374/1371/1311
f 1376/1369/1313 1384/1372/1321 1383/59/1320 1375/50/1312
f 1377/51/1314 1385/374/1322 1392/1375/1329 1384/1372/1321
f 1378/182/1315 1386/1376/1323 1385/470/1322 1377/183/1314
f 1379/1373/1316 1387/1377/1324 1386/1376/1323 1378/182/1315
f 1380/185/1317 1388/193/1325 1387/1377/1324 1379/1373/1316
f 1381/1374/1318 1389/1378/1326 1388/193/1325 1380/185/1317
f 1382/58/1319 1390/195/1327 1389/1378/1326 1381/1374/1318
f 1383/59/1320 1391/68/1328 1390/195/1327 1382/58/1319
f 1384/1372/1321 1392/1375/1329 1391/68/1328 1383/59/1320
f 1385/374/1322 1393/379/1330 1400/1379/1337 1392/1375/1329
f 1386/1376/1323 1394/71/1331 1393/72/1330 1385/470/1322
f 1387/1377/1324 1395/198/1332 1394/71/1331 1386/1376/1323
f 1388/193/1325 1396/1380/1333 1395/198/1332 1387/1377/1324
f 1389/1378/1326 1397/380/1334 1396/1380/1333 1388/193/1325
f 1390/195/1327 1398/76/1335 1397/380/1334 1389/1378/1326
f 1391/68/1328 1399/77/1336 1398/76/1335 1390/195/1327
f 1392/1375/1329 1400/1379/1337 1399/77/1336 1391/68/1328
f 1393/379/1330 1401/201/1338 1408/202/1345 1400/1379/1337
f 1394/71/1331 1402/1252/1339 1401/477/1338 1393/72/1330
f 1395/198/1332 1403/478/1340 1402/1252/1339 1394/71/1331
f 1396/1380/1333 1404/206/1341 1403/478/1340 1395/198/1332
f 1397/380/1334 1405/632/1342 1404/206/1341 1396/1380/1333
f 1398/76/1335 1406/1381/1343 1405/632/1342 1397/380/1334
f 1399/77/1336 1407/711/1344 1406/1381/1343 1398/76/1335
f 1400/1379/1337 1408/202/1345 1407/711/1344 1399/77/1336
f 1401/201/1338 1409/209/1346 1416/1382/1353 1408/202/1345
f 1402/1252/1339 1410/298/1347 1409/1320/1346 1401/477/1338
f 1403/478/1340 1411/91/1348 1410/298/1347 1402/1252/1339
f 1404/206/1341 1412/1383/1349 1411/91/1348 1403/478/1340
f 1405/632/1342 1413/713/1350 1412/1383/1349 1404/206/1341
f 1406/1381/1343 1414/393/1351 1413/713/1350 1405/632/1342
f 1407/711/1344 1415/1192/1352 1414/393/1351 1406/1381/1343
f 1408/202/1345 1416/1382/1353 1415/1192/1352 1407/711/1344
f 1409/209/1346 1417/1384/1354 1424/97/1361 1416/1382/1353
f 1410/298/1347 1418/98/1355 1417/99/1354 1409/1320/1346
f 1411/91/1348 1419/218/1356 1418/98/1355 1410/298/1347
f 1412/1383/1349 1420/1385/1357 1419/218/1356 1411/91/1348
f 1413/713/1350 1421/1386/1358 1420/1385/1357 1412/1383/1349
f 1414/393/1351 1422/103/1359 1421/1386/1358 1413/713/1350
f 1415/1192/1352 1423/1387/1360 1422/103/1359 1414/393/1351
f 1416/1382/1353 1424/97/1361 1423/1387/1360 1415/1192/1352
f 1417/1384/1354 1425/569/1362 1432/307/1369 1424/97/1361
f 1418/98/1355 1426/640/1363 1425/108/1362 1417/99/1354
f 1419/218/1356 1427/1388/1364 1426/640/1363 1418/98/1355
f 1420/1385/1357 1428/1389/1365 1427/1388/1364 1419/218/1356
f 1421/1386/1358 1429/1390/1366 1428/1389/1365 1420/1385/1357
f 1422/103/1359 1430/492/1367 1429/1390/1366 1421/1386/1358
f 1423/1387/1360 1431/1391/1368 1430/492/1367 1422/103/1359
f 1424/97/1361 1432/307/1369 1431/1391/1368 1423/1387/1360
f 1425/569/1362 1433/228/1370 1440/1392/1377 1432/307/1369
f 1426/640/1363 1434/230/1371 1433/231/1370 1425/108/1362
f 1427/1388/1364 1435/404/1372 1434/230/1371 1426/640/1363
f 1428/1389/1365 1436/1393/1373 1435/404/1372 1427/1388/1364
f 1429/1390/1366 1437/1394/1374 1436/1393/1373 1428/1389/1365
f 1430/492/1367 1438/234/1375 1437/1394/1374 1429/1390/1366
f 1431/1391/1368 1439/1395/1376 1438/234/1375 1430/492/1367
f 1432/307/1369 1440/1392/1377 1439/1395/1376 1431/1391/1368
f 4727/1396/4135 4713/1397/4121 4715/1398/4123 4717/1399/4125 4719/1400/4127 4721/1401/4129 4724/1402/4132 4725/1403/4133
f 1433/228/1370 4714/1404/4122 4728/1405/4136 1440/1392/1377
f 1436/1393/1373 4720/1406/4128 4718/1407/4126 1435/404/1372
f 1437/1394/1374 4722/660/4130 4720/1408/4128 1436/1393/1373
f 1438/234/1375 4723/1409/4131 4724/1410/4132 4721/653/4129 4722/1411/4130 1437/1394/1374
f 1439/1395/1376 4726/666/4134 4723/1409/4131 1438/234/1375
f 1440/1392/1377 4728/657/4136 4726/1412/4134 1439/1395/1376
f 4731/776/4139 4730/1413/4138 1443/672/1380 1450/1414/1387 1442/1415/1379
f 4733/1416/4141 1444/1417/1381 1443/677/1380 4730/1418/4138
f 4735/1419/4143 1445/680/1382 1444/1417/1381 4733/1420/4141
f 4737/1421/4145 1446/1422/1383 1445/680/1382 4735/1423/4143
f 4739/1424/4147 1447/686/1384 1446/1422/1383 4737/1425/4145
f 4740/1426/4148 1448/1427/1385 1447/686/1384 4739/1428/4147
f 1441/1429/1378 1449/1430/1386 1448/1427/1385 4740/1431/4148 4742/1432/4150
f 1508/1299/1445 4746/1433/4154 4744/697/4152 1507/359/1444
f 1442/1415/1379 1450/1414/1387 1449/1430/1386 1441/1429/1378
f 1443/672/1380 1451/1434/1388 1458/1435/1395 1450/1414/1387
f 1444/1417/1381 1452/1436/1389 1451/1437/1388 1443/677/1380
f 1445/680/1382 1453/1438/1390 1452/1436/1389 1444/1417/1381
f 1446/1422/1383 1454/1439/1391 1453/1438/1390 1445/680/1382
f 1447/686/1384 1455/373/1392 1454/1439/1391 1446/1422/1383
f 1448/1427/1385 1456/1440/1393 1455/373/1392 1447/686/1384
f 1449/1430/1386 1457/467/1394 1456/1440/1393 1448/1427/1385
f 1450/1414/1387 1458/1435/1395 1457/467/1394 1449/1430/1386
f 1451/1434/1388 1459/374/1396 1466/700/1403 1458/1435/1395
f 1452/1436/1389 1460/971/1397 1459/702/1396 1451/1437/1388
f 1453/1438/1390 1461/192/1398 1460/971/1397 1452/1436/1389
f 1454/1439/1391 1462/193/1399 1461/192/1398 1453/1438/1390
f 1455/373/1392 1463/285/1400 1462/193/1399 1454/1439/1391
f 1456/1440/1393 1464/195/1401 1463/285/1400 1455/373/1392
f 1457/467/1394 1465/68/1402 1464/195/1401 1456/1440/1393
f 1458/1435/1395 1466/700/1403 1465/68/1402 1457/467/1394
f 1459/374/1396 1467/69/1404 1474/1379/1411 1466/700/1403
f 1460/971/1397 1468/287/1405 1467/627/1404 1459/702/1396
f 1461/192/1398 1469/198/1406 1468/287/1405 1460/971/1397
f 1462/193/1399 1470/199/1407 1469/198/1406 1461/192/1398
f 1463/285/1400 1471/380/1408 1470/199/1407 1462/193/1399
f 1464/195/1401 1472/1441/1409 1471/380/1408 1463/285/1400
f 1465/68/1402 1473/1442/1410 1472/1441/1409 1464/195/1401
f 1466/700/1403 1474/1379/1411 1473/1442/1410 1465/68/1402
f 1467/69/1404 1475/201/1412 1482/1443/1419 1474/1379/1411
f 1468/287/1405 1476/80/1413 1475/292/1412 1467/627/1404
f 1469/198/1406 1477/478/1414 1476/80/1413 1468/287/1405
f 1470/199/1407 1478/206/1415 1477/478/1414 1469/198/1406
f 1471/380/1408 1479/84/1416 1478/206/1415 1470/199/1407
f 1472/1441/1409 1480/295/1417 1479/84/1416 1471/380/1408
f 1473/1442/1410 1481/1444/1418 1480/295/1417 1472/1441/1409
f 1474/1379/1411 1482/1443/1419 1481/1444/1418 1473/1442/1410
f 1475/201/1412 1483/480/1420 1490/1445/1427 1482/1443/1419
f 1476/80/1413 1484/1446/1421 1483/634/1420 1475/292/1412
f 1477/478/1414 1485/482/1422 1484/1446/1421 1476/80/1413
f 1478/206/1415 1486/392/1423 1485/482/1422 1477/478/1414
f 1479/84/1416 1487/93/1424 1486/392/1423 1478/206/1415
f 1480/295/1417 1488/393/1425 1487/93/1424 1479/84/1416
f 1481/1444/1418 1489/394/1426 1488/393/1425 1480/295/1417
f 1482/1443/1419 1490/1445/1427 1489/394/1426 1481/1444/1418
f 1483/480/1420 1491/96/1428 1498/1447/1435 1490/1445/1427
f 1484/1446/1421 1492/98/1429 1491/99/1428 1483/634/1420
f 1485/482/1422 1493/218/1430 1492/98/1429 1484/1446/1421
f 1486/392/1423 1494/101/1431 1493/218/1430 1485/482/1422
f 1487/93/1424 1495/639/1432 1494/101/1431 1486/392/1423
f 1488/393/1425 1496/103/1433 1495/639/1432 1487/93/1424
f 1489/394/1426 1497/104/1434 1496/103/1433 1488/393/1425
f 1490/1445/1427 1498/1447/1435 1497/104/1434 1489/394/1426
f 1491/96/1428 1499/1118/1436 1506/1448/1443 1498/1447/1435
f 1492/98/1429 1500/1449/1437 1499/108/1436 1491/99/1428
f 1493/218/1430 1501/224/1438 1500/1449/1437 1492/98/1429
f 1494/101/1431 1502/1450/1439 1501/224/1438 1493/218/1430
f 1495/639/1432 1503/721/1440 1502/1450/1439 1494/101/1431
f 1496/103/1433 1504/401/1441 1503/721/1440 1495/639/1432
f 1497/104/1434 1505/227/1442 1504/401/1441 1496/103/1433
f 1498/1447/1435 1506/1448/1443 1505/227/1442 1497/104/1434
f 1499/1118/1436 1507/402/1444 1514/1451/1451 1506/1448/1443
f 1500/1449/1437 1508/1299/1445 1507/359/1444 1499/108/1436
f 1501/224/1438 1509/116/1446 1508/1299/1445 1500/1449/1437
f 1502/1450/1439 1510/232/1447 1509/116/1446 1501/224/1438
f 1503/721/1440 1511/1452/1448 1510/232/1447 1502/1450/1439
f 1504/401/1441 1512/1453/1449 1511/1452/1448 1503/721/1440
f 1505/227/1442 1513/1454/1450 1512/1453/1449 1504/401/1441
f 1506/1448/1443 1514/1451/1451 1513/1454/1450 1505/227/1442
f 4757/1455/4165 4743/1456/4151 4745/1457/4153 4747/1458/4155 4749/1459/4157 4751/1460/4159 4753/1461/4161 4755/1403/4163
f 1507/402/1444 4744/1462/4152 4758/1463/4166 1514/1451/1451
f 1510/232/1447 4750/1464/4158 4748/1465/4156 1509/116/1446
f 1511/1452/1448 4752/1466/4160 4750/1467/4158 1510/232/1447
f 1512/1453/1449 4754/1468/4162 4752/1469/4160 1511/1452/1448
f 1513/1454/1450 4756/1470/4164 4754/1471/4162 1512/1453/1449
f 1514/1451/1451 4758/1472/4166 4756/741/4164 1513/1454/1450
f 4463/1473/3871 4541/1474/3949 4538/1475/3946 4530/1476/3938
f 4528/1477/3936 808/950/745 807/11/744 4466/1478/3874
f 4533/1479/3941 4532/1480/3940 812/953/749 811/951/748 808/950/745
f 4530/1481/3938 4538/1482/3946 4536/1483/3944 4461/1484/3869
f 4459/1485/3867 4531/1486/3939 4533/1487/3941 808/950/745 4528/1488/3936
f 4463/1489/3871 4481/1490/3889 806/29/743 4542/32/3950 4541/1491/3949
f 4461/1492/3869 4536/1483/3944 4534/1493/3942 4526/1494/3934
f 4466/1495/3874 807/11/744 806/1/743 4481/1/3889
f 4509/1496/3917 4741/1497/4149 4738/1498/4146 4442/1499/3850
f 4443/1500/3851 4514/1501/3922 1348/29/1285 1352/603/1289
f 4508/1502/3916 4438/1503/3846 4729/1504/4137 4731/776/4139 1442/1415/1379
f 4435/1505/3843 1441/1429/1378 4742/1506/4150 4741/1507/4149 4509/1508/3917
f 4511/1509/3919 4732/1510/4140 4729/1/4137 4438/1/3846
f 4440/1511/3848 4734/1512/4142 4732/1513/4140 4511/785/3919
f 4475/1514/3883 4736/1515/4144 4734/1516/4142 4440/1517/3848
f 4442/1518/3850 4738/1498/4146 4736/1515/4144 4475/1519/3883
f 4518/1520/3926 1350/950/1287 1349/1354/1286 4445/1521/3853
f 4443/1522/3851 1352/603/1289 4712/612/4120 4711/810/4119 4516/1523/3924
f 4477/1524/3885 4705/1525/4113 4707/1526/4115 1351/601/1288 4447/1527/3855
f 4445/1528/3853 1349/1354/1286 1348/1/1285 4514/1/3922
f 4450/1529/3858 4708/1530/4116 4705/1531/4113 4477/1532/3885
f 4447/1533/3855 1351/601/1288 1350/950/1287 4518/1534/3926
f 4516/1535/3924 4711/1536/4119 4708/1537/4116 4450/1538/3858
f 4520/1539/3928 4623/1540/4031 4621/1541/4029 4451/1542/3859
f 4411/1543/3819 4677/865/4085 4675/1544/4083 4491/1545/3899
f 4415/1546/3823 4469/1547/3877 4671/1548/4079 4688/1549/4096
f 4413/1550/3821 4682/1551/4090 4684/1552/4092 4681/1553/4089 4680/1554/4088 4490/1555/3898
f 4418/1556/3826 4673/1557/4081 4671/1/4079 4469/1/3877
f 4415/1558/3823 4688/1559/4096 4685/1560/4093 4494/1561/3902
f 4491/1562/3899 4675/1544/4083 4673/1563/4081 4418/1564/3826
f 4496/1565/3904 4563/1566/3971 4561/1567/3969 4419/1568/3827
f 4494/1569/3902 4685/1560/4093 4682/1551/4090 4413/1570/3821
f 4403/1571/3811 4654/945/4062 4651/1572/4059 4485/1573/3893
f 4406/1574/3814 4487/1575/3895 4643/1576/4051 4656/1577/4064
f 4408/1578/3816 4645/1579/4053 4643/1/4051 4487/1/3895
f 4467/1580/3875 4647/1581/4055 4645/1582/4053 4408/1583/3816
f 4410/1584/3818 4649/1585/4057 4647/1586/4055 4467/1587/3875
f 4485/1588/3893 4651/1589/4059 4649/1585/4057 4410/1590/3818
f 4490/1591/3898 4680/1592/4088 4677/865/4085 4411/1593/3819
f 4406/1594/3814 4656/1577/4064 4658/1235/4066 1169/943/1106 4484/1595/3892
f 4451/1596/3859 4621/1597/4029 4619/1598/4027 4522/1599/3930
f 4479/1600/3887 4615/1601/4023 4613/1/4021 4455/1/3863
f 4453/1602/3861 4625/1603/4033 4623/1604/4031 4520/1605/3928
f 4458/1606/3866 4617/1607/4025 4615/1608/4023 4479/1609/3887
f 4524/1610/3932 4455/1611/3863 4613/1612/4021 4628/1613/4036
f 4522/1614/3930 4619/1598/4027 4617/1615/4025 4458/1616/3866
f 4526/1617/3934 4534/1618/3942 4531/1486/3939 4459/1619/3867
f 4524/1610/3932 4628/1620/4036 4625/1621/4033 4453/1622/3861
f 4473/1623/3881 4590/1624/3998 4588/1625/3996 4431/1626/3839
f 4429/1627/3837 991/950/928 990/11/927 4502/1628/3910
f 4434/1629/3842 4592/1630/4000 4590/1624/3998 4473/1631/3881
f 4431/1632/3839 4588/1625/3996 4585/1633/3993 4506/1634/3914
f 4503/1635/3911 4595/1636/4003 4592/1637/4000 4434/1638/3842
f 4508/1639/3916 1442/1415/1379 1441/1429/1378 4435/1640/3843
f 4506/1641/3914 4585/1633/3993 4587/916/3995 991/950/928 4429/1642/3837
f 4503/1643/3911 4427/1644/3835 989/1093/926 4596/1645/4004 4595/1636/4003
f 4499/1646/3907 897/152/834 4567/155/3975 4566/1647/3974 4422/1648/3830
f 4419/1649/3827 4561/1567/3969 4559/1/3967 4497/1/3905
f 4422/1650/3830 4566/1647/3974 4563/1651/3971 4496/1652/3904
f 4502/1653/3910 990/11/927 989/1/926 4427/1/3835
f 4426/1654/3834 4497/1655/3905 4559/1656/3967 4572/1657/3980
f 4426/1658/3834 4572/1659/3980 4568/1660/3976 4471/1661/3879
f 4471/1662/3879 4568/1660/3976 4570/1663/3978 898/1028/835 4424/1664/3832
f 4424/1665/3832 898/1028/835 897/152/834 4499/1666/3907
f 1539/1/1473 1528/1/1457 1529/1/1464 1541/1/1475
f 1537/1/1471 1527/1/1463 1528/1/1457 1539/1/1473
f 1535/1/1469 1526/1/1462 1527/1/1463 1537/1/1471
f 1533/1/1467 1525/1/1461 1526/1/1462 1535/1/1469
f 1531/1/1465 1523/1/1452 1525/1/1461 1533/1/1467
f 1548/1/1482 1515/1/1452 1516/1/1453 1561/1/1495
f 1543/1/1477 1530/1/17 1524/1/1460 1546/1/1480
f 1541/1/1475 1529/1/1464 1530/1/17 1543/1/1477
f 1562/1/1496 16/1/16 12/1/12 1547/1/1481
f 1517/1/1454 1550/1/1484 1552/1/1486 1518/1/1455
f 1563/1/1497 1644/1/1578 1787/1/1719 1708/1/1642
f 1522/1/1459 1560/1/1494 1561/1/1495 1516/1/1453
f 1521/1/1458 1558/1/1492 1560/1/1494 1522/1/1459
f 1520/1/1457 1556/1/1490 1558/1/1492 1521/1/1458
f 1519/1/1456 1554/1/1488 1556/1/1490 1520/1/1457
f 1518/1/1455 1552/1/1486 1554/1/1488 1519/1/1456
f 504/118/472 3060/1667/2737 3057/1668/2734 503/495/471
f 413/405/381 3030/1669/2707 3027/1670/2704 412/404/380
f 324/312/292 2998/1138/2675 2996/1671/2673 323/245/291
f 592/116/560 3090/1672/2767 3088/538/2765 591/537/559
f 685/645/653 3114/1673/2791 3112/613/2789 684/537/652
f 759/725/727 3144/1674/2821 3142/1675/2819 758/695/726
f 135/116/103 2956/1676/2633 2954/1677/2631 134/7/102
f 1074/116/1011 4602/1138/4010 4600/246/4008 1073/230/1010
f 1163/1202/1100 4634/1678/4042 4631/1214/4039 1162/1201/1099
f 1254/1263/1191 4664/1679/4072 4661/1680/4069 1253/574/1190
f 981/1061/918 4578/1681/3986 4576/1031/3984 980/230/917
f 891/116/828 4548/1004/3956 4546/1682/3954 890/947/827
f 1509/116/1446 4748/737/4156 4746/1683/4154 1508/1299/1445
f 1435/404/1372 4718/1684/4126 4716/1685/4124 1434/230/1371
f 1342/1329/1279 4694/1686/4102 4692/1687/4100 1341/1299/1278
f 7/1/7 1522/1/1459 1516/1/1453 8/1/8
f 6/1/6 1521/1/1458 1522/1/1459 7/1/7
f 5/1/5 1520/1/1457 1521/1/1458 6/1/6
f 4/1/4 1519/1/1456 1520/1/1457 5/1/5
f 3/1/3 1518/1/1455 1519/1/1456 4/1/4
f 2/1/2 1517/1/1454 1518/1/1455 3/1/3
f 1/1/1 1515/1/1452 1517/1/1454 2/1/2
f 1515/1/1452 1548/1/1482 1550/1/1484 1517/1/1454
f 1545/1/1479 767/1/735 771/1/739 1544/1/1478
f 1544/1/1478 771/1/739 772/1/740 1542/1/1476
f 1542/1/1476 772/1/740 768/1/736 1540/1/1474
f 1540/1/1474 768/1/736 769/1/737 1538/1/1472
f 1538/1/1472 769/1/737 770/1/738 1536/1/1470
f 1536/1/1470 770/1/738 765/1/733 1534/1/1468
f 1523/1/1452 1531/1/1465 1546/1/1480 1524/1/1460
f 1/1/1 1523/1/1452 1524/1/1460 8/1/8
f 2939/891/2616 2940/1688/2617 2941/749/2618
f 2948/26/2625 2949/1689/2626 2950/32/2627
f 2973/149/2650 2974/1690/2651 2975/155/2652
f 2976/935/2653 2977/1691/2654 2978/156/2655
f 2981/907/2658 2982/1692/2659 2983/162/2660
f 2990/258/2667 2991/1693/2668 2992/920/2669
f 3049/441/2726 3050/1694/2727 3051/4/2728
f 3052/851/2729 3053/1695/2730 3054/446/2731
f 3075/526/2752 3076/1696/2753 3077/827/2754
f 3078/826/2755 3079/1697/2756 3080/529/2757
f 3101/805/2778 3102/1698/2779 3103/597/2780
f 3106/609/2783 3107/1699/2784 3108/795/2785
f 3125/1/2802 3126/1700/2803 3127/1/2804
f 3136/688/2813 3137/1701/2814 3138/778/2815
f 4531/1486/3939 4532/1702/3940 4533/1479/3941
f 4540/959/3948 4541/1703/3949 4542/32/3950
f 4565/1020/3973 4566/1704/3974 4567/155/3975
f 4568/1660/3976 4569/1705/3977 4570/1024/3978
f 4585/1633/3993 4586/1706/3994 4587/162/3995
f 4594/1090/4002 4595/1707/4003 4596/1645/4004
f 4653/1231/4061 4654/1708/4062 4655/944/4063
f 4656/1577/4064 4657/1709/4065 4658/1235/4066
f 4679/1290/4087 4680/1710/4088 4681/1553/4089
f 4682/1551/4090 4683/1711/4091 4684/529/4092
f 4705/1531/4113 4706/1712/4114 4707/1351/4115
f 4710/1360/4118 4711/1713/4119 4712/612/4120
f 4729/1/4137 4730/1418/4138 4731/1/4139
f 4740/1426/4148 4741/1714/4149 4742/1506/4150
f 1532/1/1466 1545/1/1479 1546/1/1480 1531/1/1465
f 1531/1/1465 1533/1/1467 1534/1/1468 1532/1/1466
f 1533/1/1467 1535/1/1469 1536/1/1470 1534/1/1468
f 1535/1/1469 1537/1/1471 1538/1/1472 1536/1/1470
f 1537/1/1471 1539/1/1473 1540/1/1474 1538/1/1472
f 1539/1/1473 1541/1/1475 1542/1/1476 1540/1/1474
f 1541/1/1475 1543/1/1477 1544/1/1478 1542/1/1476
f 1543/1/1477 1546/1/1480 1545/1/1479 1544/1/1478
f 1548/1/1482 1561/1/1495 1562/1/1496 1547/1/1481
f 1547/1/1481 1549/1/1483 1550/1/1484 1548/1/1482
f 1549/1/1483 1551/1/1485 1552/1/1486 1550/1/1484
f 1551/1/1485 1553/1/1487 1554/1/1488 1552/1/1486
f 1553/1/1487 1555/1/1489 1556/1/1490 1554/1/1488
f 1555/1/1489 1557/1/1491 1558/1/1492 1556/1/1490
f 1557/1/1491 1559/1/1493 1560/1/1494 1558/1/1492
f 1559/1/1493 1562/1/1496 1561/1/1495 1560/1/1494
f 1628/1/1562 1569/1/1503 1570/1/1504 1627/1/1561
f 1630/1/1564 1577/1/1511 1578/1/1512 1629/1/1563
f 1632/1/1566 1585/1/1519 1586/1/1520 1631/1/1565
f 1634/1/1568 1593/1/1527 1594/1/1528 1633/1/1567
f 1636/1/1570 1601/1/1535 1602/1/1536 1635/1/1569
f 1638/1/1572 1609/1/1543 1610/1/1544 1637/1/1571
f 1640/1/1574 1617/1/1551 1618/1/1552 1639/1/1573
f 1642/1/1576 1625/1/1559 1626/1/1560 1641/1/1575
f 1644/1/1578 1563/1/1497 1564/1/1498 1643/1/1577
f 1646/1/1580 1564/1/1498 1563/1/1497 1645/1/1579
f 1648/1/1582 1567/1/1501 1568/1/1502 1647/1/1581
f 1650/1/1584 1571/1/1505 1572/1/1506 1649/1/1583
f 1652/1/1586 1572/1/1506 1571/1/1505 1651/1/1585
f 1654/1/1588 1573/1/1507 1574/1/1508 1653/1/1587
f 1656/1/1590 1579/1/1513 1580/1/1514 1655/1/1589
f 1658/1/1592 1580/1/1514 1579/1/1513 1657/1/1591
f 1660/1/1594 1583/1/1517 1584/1/1518 1659/1/1593
f 1662/1/1596 1587/1/1521 1588/1/1522 1661/1/1595
f 1664/1/1598 1588/1/1522 1587/1/1521 1663/1/1597
f 1666/1/1600 1589/1/1523 1590/1/1524 1665/1/1599
f 1668/1/1602 1595/1/1529 1596/1/1530 1667/1/1601
f 1670/1/1604 1596/1/1530 1595/1/1529 1669/1/1603
f 1672/1/1606 1599/1/1533 1600/1/1534 1671/1/1605
f 1674/1/1608 1603/1/1537 1604/1/1538 1673/1/1607
f 1676/1/1610 1610/1/1544 1609/1/1543 1675/1/1609
f 1678/1/1612 1605/1/1539 1606/1/1540 1677/1/1611
f 1680/1/1614 1611/1/1545 1612/1/1546 1679/1/1613
f 1682/1/1616 1618/1/1552 1617/1/1551 1681/1/1615
f 1684/1/1618 1613/1/1547 1614/1/1548 1683/1/1617
f 1686/1/1620 1619/1/1553 1620/1/1554 1685/1/1619
f 1688/1/1622 1626/1/1560 1625/1/1559 1687/1/1621
f 1690/1/1624 1621/1/1555 1622/1/1556 1689/1/1623
f 1567/1/1501 1628/1/1562 1627/1/1561 1568/1/1502
f 1576/1/1510 1630/1/1564 1629/1/1563 1575/1/1509
f 1583/1/1517 1632/1/1566 1631/1/1565 1584/1/1518
f 1592/1/1526 1634/1/1568 1633/1/1567 1591/1/1525
f 1599/1/1533 1636/1/1570 1635/1/1569 1600/1/1534
f 1608/1/1542 1638/1/1572 1637/1/1571 1607/1/1541
f 1616/1/1550 1640/1/1574 1639/1/1573 1615/1/1549
f 1624/1/1558 1642/1/1576 1641/1/1575 1623/1/1557
f 1566/1/1500 1644/1/1578 1643/1/1577 1565/1/1499
f 1569/1/1503 1646/1/1580 1645/1/1579 1570/1/1504
f 1565/1/1499 1648/1/1582 1647/1/1581 1566/1/1500
f 1573/1/1507 1650/1/1584 1649/1/1583 1574/1/1508
f 1577/1/1511 1652/1/1586 1651/1/1585 1578/1/1512
f 1575/1/1509 1654/1/1588 1653/1/1587 1576/1/1510
f 1582/1/1516 1656/1/1590 1655/1/1589 1581/1/1515
f 1585/1/1519 1658/1/1592 1657/1/1591 1586/1/1520
f 1581/1/1515 1660/1/1594 1659/1/1593 1582/1/1516
f 1589/1/1523 1662/1/1596 1661/1/1595 1590/1/1524
f 1593/1/1527 1664/1/1598 1663/1/1597 1594/1/1528
f 1591/1/1525 1666/1/1600 1665/1/1599 1592/1/1526
f 1598/1/1532 1668/1/1602 1667/1/1601 1597/1/1531
f 1601/1/1535 1670/1/1604 1669/1/1603 1602/1/1536
f 1597/1/1531 1672/1/1606 1671/1/1605 1598/1/1532
f 1605/1/1539 1674/1/1608 1673/1/1607 1606/1/1540
f 1603/1/1537 1676/1/1610 1675/1/1609 1604/1/1538
f 1607/1/1541 1678/1/1612 1677/1/1611 1608/1/1542
f 1613/1/1547 1680/1/1614 1679/1/1613 1614/1/1548
f 1611/1/1545 1682/1/1616 1681/1/1615 1612/1/1546
f 1615/1/1549 1684/1/1618 1683/1/1617 1616/1/1550
f 1621/1/1555 1686/1/1620 1685/1/1619 1622/1/1556
f 1619/1/1553 1688/1/1622 1687/1/1621 1620/1/1554
f 1623/1/1557 1690/1/1624 1689/1/1623 1624/1/1558
f 1692/1/1626 1693/1/1627 1694/1/1628 1691/1/1625
f 1706/1/1640 1692/1/1626 1691/1/1625 1705/1/1639
f 1693/1/1627 1695/1/1629 1696/1/1630 1694/1/1628
f 1695/1/1629 1697/1/1631 1698/1/1632 1696/1/1630
f 1697/1/1631 1699/1/1633 1700/1/1634 1698/1/1632
f 1699/1/1633 1701/1/1635 1702/1/1636 1700/1/1634
f 1701/1/1635 1703/1/1637 1704/1/1638 1702/1/1636
f 1703/1/1637 1706/1/1640 1705/1/1639 1704/1/1638
f 1772/1/1704 1713/1/1647 1714/1/1648 1771/1/1703
f 1774/1/1706 1721/1/1655 1722/1/1656 1773/1/1705
f 1776/1/1708 1729/1/1663 1730/1/1664 1775/1/1707
f 1778/1/1710 1737/1/1671 1738/1/1672 1777/1/1709
f 1780/1/1712 1745/1/1679 1746/1/1680 1779/1/1711
f 1782/1/1714 1753/1/1687 1754/1/1688 1781/1/1713
f 1784/1/1716 1761/1/1693 1762/1/1694 1783/1/1715
f 1786/1/1718 1769/1/1701 1770/1/1702 1785/1/1717
f 1788/1/1720 1707/1/1641 1708/1/1642 1787/1/1719
f 1790/1/1722 1708/1/1642 1707/1/1641 1789/1/1721
f 1792/1/1724 1711/1/1645 1712/1/1646 1791/1/1723
f 1794/1/1726 1715/1/1649 1716/1/1650 1793/1/1725
f 1796/1/1728 1716/1/1650 1715/1/1649 1795/1/1727
f 1798/1/1730 1717/1/1651 1718/1/1652 1797/1/1729
f 1800/1/1732 1723/1/1657 1724/1/1658 1799/1/1731
f 1802/1/1734 1724/1/1658 1723/1/1657 1801/1/1733
f 1804/1/1736 1727/1/1661 1728/1/1662 1803/1/1735
f 1806/1/1738 1731/1/1665 1732/1/1666 1805/1/1737
f 1808/1/1740 1732/1/1666 1731/1/1665 1807/1/1739
f 1810/1/1742 1733/1/1667 1734/1/1668 1809/1/1741
f 1812/1/1715 1739/1/1673 1740/1/1674 1811/1/1743
f 1814/1/1745 1740/1/1674 1739/1/1673 1813/1/1744
f 1816/1/1747 1743/1/1677 1744/1/1678 1815/1/1746
f 1818/1/1749 1747/1/1681 1748/1/1682 1817/1/1748
f 1820/1/1751 1754/1/1688 1753/1/1687 1819/1/1750
f 1822/1/1753 1749/1/1683 1750/1/1684 1821/1/1752
f 1824/1/1711 1755/1/1678 1756/1/1689 1823/1/1754
f 1826/1/1746 1762/1/1694 1761/1/1693 1825/1/1755
f 1828/1/1744 1757/1/1690 1758/1/1691 1827/1/1745
f 1830/1/1757 1763/1/1695 1764/1/1696 1829/1/1756
f 1832/1/1759 1770/1/1702 1769/1/1701 1831/1/1758
f 1834/1/1761 1765/1/1697 1766/1/1698 1833/1/1760
f 1711/1/1645 1772/1/1704 1771/1/1703 1712/1/1646
f 1720/1/1654 1774/1/1706 1773/1/1705 1719/1/1653
f 1727/1/1661 1776/1/1708 1775/1/1707 1728/1/1662
f 1736/1/1670 1778/1/1710 1777/1/1709 1735/1/1669
f 1743/1/1677 1780/1/1712 1779/1/1711 1744/1/1678
f 1752/1/1686 1782/1/1714 1781/1/1713 1751/1/1685
f 1760/1/1674 1784/1/1716 1783/1/1715 1759/1/1692
f 1768/1/1700 1786/1/1718 1785/1/1717 1767/1/1699
f 1710/1/1644 1788/1/1720 1787/1/1719 1709/1/1643
f 1713/1/1647 1790/1/1722 1789/1/1721 1714/1/1648
f 1709/1/1643 1792/1/1724 1791/1/1723 1710/1/1644
f 1717/1/1651 1794/1/1726 1793/1/1725 1718/1/1652
f 1721/1/1655 1796/1/1728 1795/1/1727 1722/1/1656
f 1719/1/1653 1798/1/1730 1797/1/1729 1720/1/1654
f 1726/1/1660 1800/1/1732 1799/1/1731 1725/1/1659
f 1729/1/1663 1802/1/1734 1801/1/1733 1730/1/1664
f 1725/1/1659 1804/1/1736 1803/1/1735 1726/1/1660
f 1733/1/1667 1806/1/1738 1805/1/1737 1734/1/1668
f 1737/1/1671 1808/1/1740 1807/1/1739 1738/1/1672
f 1735/1/1669 1810/1/1742 1809/1/1741 1736/1/1670
f 1742/1/1676 1812/1/1715 1811/1/1743 1741/1/1675
f 1745/1/1679 1814/1/1745 1813/1/1744 1746/1/1680
f 1741/1/1675 1816/1/1747 1815/1/1746 1742/1/1676
f 1749/1/1683 1818/1/1749 1817/1/1748 1750/1/1684
f 1747/1/1681 1820/1/1751 1819/1/1750 1748/1/1682
f 1751/1/1685 1822/1/1753 1821/1/1752 1752/1/1686
f 1757/1/1690 1824/1/1711 1823/1/1754 1758/1/1691
f 1755/1/1678 1826/1/1746 1825/1/1755 1756/1/1689
f 1759/1/1692 1828/1/1744 1827/1/1745 1760/1/1674
f 1765/1/1697 1830/1/1757 1829/1/1756 1766/1/1698
f 1763/1/1695 1832/1/1759 1831/1/1758 1764/1/1696
f 1767/1/1699 1834/1/1761 1833/1/1760 1768/1/1700
f 1836/1/1763 1837/1/1764 1838/1/1765 1835/1/1762
f 1850/1/1777 1836/1/1763 1835/1/1762 1849/1/1776
f 1837/1/1764 1839/1/1766 1840/1/1767 1838/1/1765
f 1839/1/1766 1841/1/1768 1842/1/1769 1840/1/1767
f 1841/1/1768 1843/1/1770 1844/1/1771 1842/1/1769
f 1843/1/1770 1845/1/1772 1846/1/1773 1844/1/1771
f 1845/1/1772 1847/1/1774 1848/1/1775 1846/1/1773
f 1847/1/1774 1850/1/1777 1849/1/1776 1848/1/1775
f 1916/1/1833 1857/1/1783 1858/1/1784 1915/1/1832
f 1918/1/1835 1865/1/1791 1866/1/1792 1917/1/1834
f 1920/1/1837 1873/1/1799 1874/1/1800 1919/1/1836
f 1922/1/1839 1881/1/1807 1882/1/1808 1921/1/1838
f 1924/1/1841 1889/1/1814 1890/1/1815 1923/1/1840
f 1926/1/1843 1897/1/1822 1898/1/1823 1925/1/1842
f 1928/1/1845 1905/1/1824 1906/1/1812 1927/1/1844
f 1930/1/1847 1913/1/1831 1914/1/1541 1929/1/1846
f 1932/1/1849 1851/1/1778 1852/1/1779 1931/1/1848
f 1934/1/1851 1852/1/1779 1851/1/1778 1933/1/1850
f 1936/1/1853 1855/1/1781 1856/1/1782 1935/1/1852
f 1938/1/1855 1859/1/1785 1860/1/1786 1937/1/1854
f 1940/1/1857 1860/1/1786 1859/1/1785 1939/1/1856
f 1942/1/1859 1861/1/1787 1862/1/1788 1941/1/1858
f 1944/1/1861 1867/1/1793 1868/1/1794 1943/1/1860
f 1946/1/1863 1868/1/1794 1867/1/1793 1945/1/1862
f 1948/1/1865 1871/1/1797 1872/1/1798 1947/1/1864
f 1950/1/1867 1875/1/1801 1876/1/1802 1949/1/1866
f 1952/1/1869 1876/1/1802 1875/1/1801 1951/1/1868
f 1954/1/1871 1877/1/1803 1878/1/1804 1953/1/1870
f 1956/1/1844 1883/1/1809 1884/1/1810 1955/1/1845
f 1958/1/1873 1884/1/1810 1883/1/1809 1957/1/1872
f 1960/1/1875 1887/1/1813 1888/1/1520 1959/1/1874
f 1962/1/1877 1891/1/1816 1892/1/1817 1961/1/1876
f 1964/1/1879 1898/1/1823 1897/1/1822 1963/1/1878
f 1966/1/1881 1893/1/1818 1894/1/1819 1965/1/1880
f 1968/1/1840 1899/1/1520 1900/1/1813 1967/1/1841
f 1970/1/1874 1906/1/1812 1905/1/1824 1969/1/1875
f 1972/1/1872 1901/1/1815 1902/1/1814 1971/1/1873
f 1974/1/1883 1907/1/1825 1908/1/1826 1973/1/1882
f 1976/1/1885 1914/1/1541 1913/1/1831 1975/1/1884
f 1978/1/1887 1909/1/1827 1910/1/1828 1977/1/1886
f 1855/1/1781 1916/1/1833 1915/1/1832 1856/1/1782
f 1864/1/1790 1918/1/1835 1917/1/1834 1863/1/1789
f 1871/1/1797 1920/1/1837 1919/1/1836 1872/1/1798
f 1880/1/1806 1922/1/1839 1921/1/1838 1879/1/1805
f 1887/1/1813 1924/1/1841 1923/1/1840 1888/1/1520
f 1896/1/1821 1926/1/1843 1925/1/1842 1895/1/1820
f 1904/1/1810 1928/1/1845 1927/1/1844 1903/1/1809
f 1912/1/1830 1930/1/1847 1929/1/1846 1911/1/1829
f 1854/1/1780 1932/1/1849 1931/1/1848 1853/1/1503
f 1857/1/1783 1934/1/1851 1933/1/1850 1858/1/1784
f 1853/1/1503 1936/1/1853 1935/1/1852 1854/1/1780
f 1861/1/1787 1938/1/1855 1937/1/1854 1862/1/1788
f 1865/1/1791 1940/1/1857 1939/1/1856 1866/1/1792
f 1863/1/1789 1942/1/1859 1941/1/1858 1864/1/1790
f 1870/1/1796 1944/1/1861 1943/1/1860 1869/1/1795
f 1873/1/1799 1946/1/1863 1945/1/1862 1874/1/1800
f 1869/1/1795 1948/1/1865 1947/1/1864 1870/1/1796
f 1877/1/1803 1950/1/1867 1949/1/1866 1878/1/1804
f 1881/1/1807 1952/1/1869 1951/1/1868 1882/1/1808
f 1879/1/1805 1954/1/1871 1953/1/1870 1880/1/1806
f 1886/1/1812 1956/1/1844 1955/1/1845 1885/1/1811
f 1889/1/1814 1958/1/1873 1957/1/1872 1890/1/1815
f 1885/1/1811 1960/1/1875 1959/1/1874 1886/1/1812
f 1893/1/1818 1962/1/1877 1961/1/1876 1894/1/1819
f 1891/1/1816 1964/1/1879 1963/1/1878 1892/1/1817
f 1895/1/1820 1966/1/1881 1965/1/1880 1896/1/1821
f 1901/1/1815 1968/1/1840 1967/1/1841 1902/1/1814
f 1899/1/1520 1970/1/1874 1969/1/1875 1900/1/1813
f 1903/1/1809 1972/1/1872 1971/1/1873 1904/1/1810
f 1909/1/1827 1974/1/1883 1973/1/1882 1910/1/1828
f 1907/1/1825 1976/1/1885 1975/1/1884 1908/1/1826
f 1911/1/1829 1978/1/1887 1977/1/1886 1912/1/1830
f 1980/1/1889 1981/1/1890 1982/1/1891 1979/1/1888
f 1994/1/1903 1980/1/1889 1979/1/1888 1993/1/1902
f 1981/1/1890 1983/1/1892 1984/1/1893 1982/1/1891
f 1983/1/1892 1985/1/1894 1986/1/1895 1984/1/1893
f 1985/1/1894 1987/1/1896 1988/1/1897 1986/1/1895
f 1987/1/1896 1989/1/1898 1990/1/1899 1988/1/1897
f 1989/1/1898 1991/1/1900 1992/1/1901 1990/1/1899
f 1991/1/1900 1994/1/1903 1993/1/1902 1992/1/1901
f 1996/1/1763 1997/1/1904 1998/1/1765 1995/1/1762
f 2010/1/1777 1996/1/1763 1995/1/1762 2009/1/1776
f 1997/1/1904 1999/1/1905 2000/1/1767 1998/1/1765
f 1999/1/1905 2001/1/1906 2002/1/1769 2000/1/1767
f 2001/1/1906 2003/1/1770 2004/1/1771 2002/1/1769
f 2003/1/1770 2005/1/1772 2006/1/1773 2004/1/1771
f 2005/1/1772 2007/1/1774 2008/1/1775 2006/1/1773
f 2007/1/1774 2010/1/1777 2009/1/1776 2008/1/1775
f 2012/1/1907 2013/1/1898 2014/1/1899 2011/1/1897
f 2026/1/1894 2012/1/1907 2011/1/1897 2025/1/1895
f 2013/1/1898 2015/1/1900 2016/1/1901 2014/1/1899
f 2015/1/1900 2017/1/1903 2018/1/1902 2016/1/1901
f 2017/1/1903 2019/1/1908 2020/1/1888 2018/1/1902
f 2019/1/1908 2021/1/1890 2022/1/1891 2020/1/1888
f 2021/1/1890 2023/1/1892 2024/1/1893 2022/1/1891
f 2023/1/1892 2026/1/1894 2025/1/1895 2024/1/1893
f 2028/1/1910 2029/1/1911 2030/1/1912 2027/1/1909
f 2042/1/1924 2028/1/1910 2027/1/1909 2041/1/1923
f 2029/1/1911 2031/1/1913 2032/1/1914 2030/1/1912
f 2031/1/1913 2033/1/1915 2034/1/1916 2032/1/1914
f 2033/1/1915 2035/1/1917 2036/1/1918 2034/1/1916
f 2035/1/1917 2037/1/1919 2038/1/1920 2036/1/1918
f 2037/1/1919 2039/1/1921 2040/1/1922 2038/1/1920
f 2039/1/1921 2042/1/1924 2041/1/1923 2040/1/1922
f 2546/1/2389 2553/1/2396 2554/1/2397 2545/1/2388
f 2530/1/1932 2537/1/1951 2538/1/1952 2529/1/1958
f 2552/1/2395 2546/1/2389 2545/1/2388 2551/1/2394
f 2550/1/2393 2543/1/2386 2544/1/2387 2549/1/2392
f 2536/1/1925 2530/1/1932 2529/1/1958 2535/1/1953
f 2514/1/2358 2521/1/2367 2522/1/2376 2513/1/2359
f 2520/1/2365 2514/1/2358 2513/1/2359 2519/1/2364
f 2486/1/1938 2479/1/1944 2480/1/2350 2485/1/1937
f 2046/1/1928 2473/1/1955 2474/1/1954 2045/1/1927
f 2472/1/2347 2046/1/1928 2045/1/1927 2471/1/1957
f 2502/1/2365 2495/1/2358 2496/1/2359 2501/1/2364
f 2482/1/1950 2489/1/1941 2490/1/1942 2481/1/1949
f 2488/1/2353 2482/1/1950 2481/1/1949 2487/1/2352
f 2518/1/2362 2511/1/2357 2512/1/2373 2517/1/2375
f 2498/1/2361 2505/1/2368 2506/1/2369 2497/1/2360
f 2504/1/2367 2498/1/2361 2497/1/2360 2503/1/2366
f 2534/1/1955 2527/1/1960 2528/1/1933 2533/1/1954
f 2476/1/2348 2483/1/2351 2484/1/1939 2475/1/1947
f 2048/1/1930 2472/1/2347 2471/1/1957 2047/1/1929
f 2478/1/2349 2486/1/1938 2485/1/1937 2477/1/1946
f 2492/1/2355 2499/1/2362 2500/1/2363 2491/1/2354
f 2479/1/1944 2488/1/2353 2487/1/2352 2480/1/2350
f 2494/1/2357 2502/1/2365 2501/1/2364 2493/1/2356
f 2508/1/2361 2515/1/2368 2516/1/2374 2507/1/2370
f 2495/1/2358 2504/1/2367 2503/1/2366 2496/1/2359
f 2510/1/2372 2518/1/2362 2517/1/2375 2509/1/2371
f 2524/1/2378 2531/1/2347 2532/1/2381 2523/1/2377
f 2511/1/2357 2520/1/2365 2519/1/2364 2512/1/2373
f 2526/1/2380 2534/1/1955 2533/1/1954 2525/1/2379
f 2537/1/1951 2524/1/2378 2523/1/2377 2538/1/1952
f 2489/1/1941 2476/1/2348 2475/1/1947 2490/1/1942
f 2540/1/2383 2547/1/2390 2548/1/2391 2539/1/2382
f 2521/1/2367 2508/1/2361 2507/1/2370 2522/1/2376
f 2542/1/2385 2550/1/2393 2549/1/2392 2541/1/2384
f 2505/1/2368 2492/1/2355 2491/1/2354 2506/1/2369
f 2470/1/2346 2048/1/1930 2047/1/1929 2469/1/1952
f 2050/1/1932 2470/1/2346 2469/1/1952 2049/1/1931
f 2062/1/1944 2053/1/1935 2054/1/1936 2061/1/1943
f 2056/1/1938 2062/1/1944 2061/1/1943 2055/1/1937
f 2052/1/1934 2043/1/1925 2044/1/1926 2051/1/1933
f 2058/1/1940 2063/1/1945 2064/1/1946 2057/1/1939
f 2066/1/1948 2058/1/1940 2057/1/1939 2065/1/1947
f 2068/1/1950 2059/1/1941 2060/1/1942 2067/1/1949
f 2078/1/1959 2069/1/1951 2070/1/1952 2077/1/1958
f 2072/1/1925 2078/1/1959 2077/1/1958 2071/1/1953
f 2074/1/1955 2079/1/1960 2080/1/1933 2073/1/1954
f 2082/1/1928 2074/1/1955 2073/1/1954 2081/1/1927
f 2084/1/1961 2075/1/1956 2076/1/1957 2083/1/1929
f 2531/1/2347 2526/1/2380 2525/1/2379 2532/1/2381
f 2473/1/1955 2052/1/1934 2051/1/1933 2474/1/1954
f 2043/1/1925 2050/1/1932 2049/1/1931 2044/1/1926
f 2069/1/1951 2084/1/1961 2083/1/1929 2070/1/1952
f 2483/1/2351 2478/1/2349 2477/1/1946 2484/1/1939
f 2063/1/1945 2056/1/1938 2055/1/1937 2064/1/1946
f 2059/1/1941 2066/1/1948 2065/1/1947 2060/1/1942
f 2499/1/2362 2494/1/2357 2493/1/2356 2500/1/2363
f 2053/1/1935 2068/1/1950 2067/1/1949 2054/1/1936
f 2079/1/1960 2072/1/1925 2071/1/1953 2080/1/1933
f 2515/1/2368 2510/1/2372 2509/1/2371 2516/1/2374
f 2075/1/1956 2082/1/1928 2081/1/1927 2076/1/1957
f 2527/1/1960 2536/1/1925 2535/1/1953 2528/1/1933
f 2547/1/2390 2542/1/2385 2541/1/2384 2548/1/2391
f 2553/1/2396 2540/1/2383 2539/1/2382 2554/1/2397
f 2543/1/2386 2552/1/2395 2551/1/2394 2544/1/2387
f 2100/1/1977 2085/1/1962 2086/1/1963 2099/1/1976
f 2085/1/1962 2093/1/1970 2094/1/1971 2086/1/1963
f 2093/1/1970 2087/1/1964 2088/1/1965 2094/1/1971
f 2087/1/1964 2095/1/1972 2096/1/1973 2088/1/1965
f 2095/1/1972 2089/1/1966 2090/1/1967 2096/1/1973
f 2089/1/1966 2097/1/1974 2098/1/1975 2090/1/1967
f 2097/1/1974 2091/1/1968 2092/1/1969 2098/1/1975
f 2091/1/1968 2100/1/1977 2099/1/1976 2092/1/1969
f 2116/1/1993 2101/1/1978 2102/1/1979 2115/1/1992
f 2101/1/1978 2109/1/1986 2110/1/1987 2102/1/1979
f 2109/1/1986 2103/1/1980 2104/1/1981 2110/1/1987
f 2103/1/1980 2111/1/1988 2112/1/1989 2104/1/1981
f 2111/1/1988 2105/1/1982 2106/1/1983 2112/1/1989
f 2105/1/1982 2113/1/1990 2114/1/1991 2106/1/1983
f 2113/1/1990 2107/1/1984 2108/1/1985 2114/1/1991
f 2107/1/1984 2116/1/1993 2115/1/1992 2108/1/1985
f 2132/1/2009 2117/1/1994 2118/1/1995 2131/1/2008
f 2117/1/1994 2125/1/2002 2126/1/2003 2118/1/1995
f 2125/1/2002 2119/1/1996 2120/1/1997 2126/1/2003
f 2119/1/1996 2127/1/2004 2128/1/2005 2120/1/1997
f 2127/1/2004 2121/1/1998 2122/1/1999 2128/1/2005
f 2121/1/1998 2129/1/2006 2130/1/2007 2122/1/1999
f 2129/1/2006 2123/1/2000 2124/1/2001 2130/1/2007
f 2123/1/2000 2132/1/2009 2131/1/2008 2124/1/2001
f 2148/1/2025 2133/1/2010 2134/1/2011 2147/1/2024
f 2133/1/2010 2141/1/2018 2142/1/2019 2134/1/2011
f 2141/1/2018 2135/1/2012 2136/1/2013 2142/1/2019
f 2135/1/2012 2143/1/2020 2144/1/2021 2136/1/2013
f 2143/1/2020 2137/1/2014 2138/1/2015 2144/1/2021
f 2137/1/2014 2145/1/2022 2146/1/2023 2138/1/2015
f 2145/1/2022 2139/1/2016 2140/1/2017 2146/1/2023
f 2139/1/2016 2148/1/2025 2147/1/2024 2140/1/2017
f 2164/1/2041 2149/1/2026 2150/1/2027 2163/1/2040
f 2149/1/2026 2157/1/2034 2158/1/2035 2150/1/2027
f 2157/1/2034 2151/1/2028 2152/1/2029 2158/1/2035
f 2151/1/2028 2159/1/2036 2160/1/2037 2152/1/2029
f 2159/1/2036 2153/1/2030 2154/1/2031 2160/1/2037
f 2153/1/2030 2161/1/2038 2162/1/2039 2154/1/2031
f 2161/1/2038 2155/1/2032 2156/1/2033 2162/1/2039
f 2155/1/2032 2164/1/2041 2163/1/2040 2156/1/2033
f 2180/1/2057 2165/1/2042 2166/1/2043 2179/1/2056
f 2165/1/2042 2173/1/2050 2174/1/2051 2166/1/2043
f 2173/1/2050 2167/1/2044 2168/1/2045 2174/1/2051
f 2167/1/2044 2175/1/2052 2176/1/2053 2168/1/2045
f 2175/1/2052 2169/1/2046 2170/1/2047 2176/1/2053
f 2169/1/2046 2177/1/2054 2178/1/2055 2170/1/2047
f 2177/1/2054 2171/1/2048 2172/1/2049 2178/1/2055
f 2171/1/2048 2180/1/2057 2179/1/2056 2172/1/2049
f 2196/1/2073 2181/1/2058 2182/1/2059 2195/1/2072
f 2181/1/2058 2189/1/2066 2190/1/2067 2182/1/2059
f 2189/1/2066 2183/1/2060 2184/1/2061 2190/1/2067
f 2183/1/2060 2191/1/2068 2192/1/2069 2184/1/2061
f 2191/1/2068 2185/1/2062 2186/1/2063 2192/1/2069
f 2185/1/2062 2193/1/2070 2194/1/2071 2186/1/2063
f 2193/1/2070 2187/1/2064 2188/1/2065 2194/1/2071
f 2187/1/2064 2196/1/2073 2195/1/2072 2188/1/2065
f 2212/1/2089 2197/1/2074 2198/1/2075 2211/1/2088
f 2197/1/2074 2205/1/2082 2206/1/2083 2198/1/2075
f 2205/1/2082 2199/1/2076 2200/1/2077 2206/1/2083
f 2199/1/2076 2207/1/2084 2208/1/2085 2200/1/2077
f 2207/1/2084 2201/1/2078 2202/1/2079 2208/1/2085
f 2201/1/2078 2209/1/2086 2210/1/2087 2202/1/2079
f 2209/1/2086 2203/1/2080 2204/1/2081 2210/1/2087
f 2203/1/2080 2212/1/2089 2211/1/2088 2204/1/2081
f 2228/1/2105 2213/1/2090 2214/1/2091 2227/1/2104
f 2213/1/2090 2221/1/2098 2222/1/2099 2214/1/2091
f 2221/1/2098 2215/1/2092 2216/1/2093 2222/1/2099
f 2215/1/2092 2223/1/2100 2224/1/2101 2216/1/2093
f 2223/1/2100 2217/1/2094 2218/1/2095 2224/1/2101
f 2217/1/2094 2225/1/2102 2226/1/2103 2218/1/2095
f 2225/1/2102 2219/1/2096 2220/1/2097 2226/1/2103
f 2219/1/2096 2228/1/2105 2227/1/2104 2220/1/2097
f 2243/1/2120 2229/1/2106 2230/1/2107 2244/1/2121
f 2229/1/2106 2237/1/2114 2238/1/2115 2230/1/2107
f 2237/1/2114 2231/1/2108 2232/1/2109 2238/1/2115
f 2231/1/2108 2239/1/2116 2240/1/2117 2232/1/2109
f 2239/1/2116 2233/1/2110 2234/1/2111 2240/1/2117
f 2233/1/2110 2241/1/2118 2242/1/2119 2234/1/2111
f 2241/1/2118 2235/1/2112 2236/1/2113 2242/1/2119
f 2235/1/2112 2243/1/2120 2244/1/2121 2236/1/2113
f 2260/1/2137 2245/1/2122 2246/1/2123 2259/1/2136
f 2245/1/2122 2253/1/2130 2254/1/2131 2246/1/2123
f 2253/1/2130 2247/1/2124 2248/1/2125 2254/1/2131
f 2247/1/2124 2255/1/2132 2256/1/2133 2248/1/2125
f 2255/1/2132 2249/1/2126 2250/1/2127 2256/1/2133
f 2249/1/2126 2257/1/2134 2258/1/2135 2250/1/2127
f 2257/1/2134 2251/1/2128 2252/1/2129 2258/1/2135
f 2251/1/2128 2260/1/2137 2259/1/2136 2252/1/2129
f 2276/1/2153 2261/1/2138 2262/1/2139 2275/1/2152
f 2261/1/2138 2269/1/2146 2270/1/2147 2262/1/2139
f 2269/1/2146 2263/1/2140 2264/1/2141 2270/1/2147
f 2263/1/2140 2271/1/2148 2272/1/2149 2264/1/2141
f 2271/1/2148 2265/1/2142 2266/1/2143 2272/1/2149
f 2265/1/2142 2273/1/2150 2274/1/2151 2266/1/2143
f 2273/1/2150 2267/1/2144 2268/1/2145 2274/1/2151
f 2267/1/2144 2276/1/2153 2275/1/2152 2268/1/2145
f 2292/1/2169 2277/1/2154 2278/1/2155 2291/1/2168
f 2277/1/2154 2285/1/2162 2286/1/2163 2278/1/2155
f 2285/1/2162 2279/1/2156 2280/1/2157 2286/1/2163
f 2279/1/2156 2287/1/2164 2288/1/2165 2280/1/2157
f 2287/1/2164 2281/1/2158 2282/1/2159 2288/1/2165
f 2281/1/2158 2289/1/2166 2290/1/2167 2282/1/2159
f 2289/1/2166 2283/1/2160 2284/1/2161 2290/1/2167
f 2283/1/2160 2292/1/2169 2291/1/2168 2284/1/2161
f 2307/1/2184 2293/1/2170 2294/1/2171 2308/1/2185
f 2293/1/2170 2301/1/2178 2302/1/2179 2294/1/2171
f 2301/1/2178 2295/1/2172 2296/1/2173 2302/1/2179
f 2295/1/2172 2303/1/2180 2304/1/2181 2296/1/2173
f 2303/1/2180 2297/1/2174 2298/1/2175 2304/1/2181
f 2297/1/2174 2305/1/2182 2306/1/2183 2298/1/2175
f 2305/1/2182 2299/1/2176 2300/1/2177 2306/1/2183
f 2299/1/2176 2307/1/2184 2308/1/2185 2300/1/2177
f 2324/1/2201 2309/1/2186 2310/1/2187 2323/1/2200
f 2309/1/2186 2317/1/2194 2318/1/2195 2310/1/2187
f 2317/1/2194 2311/1/2188 2312/1/2189 2318/1/2195
f 2311/1/2188 2319/1/2196 2320/1/2197 2312/1/2189
f 2319/1/2196 2313/1/2190 2314/1/2191 2320/1/2197
f 2313/1/2190 2321/1/2198 2322/1/2199 2314/1/2191
f 2321/1/2198 2315/1/2192 2316/1/2193 2322/1/2199
f 2315/1/2192 2324/1/2201 2323/1/2200 2316/1/2193
f 2340/1/2217 2325/1/2202 2326/1/2203 2339/1/2216
f 2325/1/2202 2333/1/2210 2334/1/2211 2326/1/2203
f 2333/1/2210 2327/1/2204 2328/1/2205 2334/1/2211
f 2327/1/2204 2335/1/2212 2336/1/2213 2328/1/2205
f 2335/1/2212 2329/1/2206 2330/1/2207 2336/1/2213
f 2329/1/2206 2337/1/2214 2338/1/2215 2330/1/2207
f 2337/1/2214 2331/1/2208 2332/1/2209 2338/1/2215
f 2331/1/2208 2340/1/2217 2339/1/2216 2332/1/2209
f 2356/1/2233 2341/1/2218 2342/1/2219 2355/1/2232
f 2341/1/2218 2349/1/2226 2350/1/2227 2342/1/2219
f 2349/1/2226 2343/1/2220 2344/1/2221 2350/1/2227
f 2343/1/2220 2351/1/2228 2352/1/2229 2344/1/2221
f 2351/1/2228 2345/1/2222 2346/1/2223 2352/1/2229
f 2345/1/2222 2353/1/2230 2354/1/2231 2346/1/2223
f 2353/1/2230 2347/1/2224 2348/1/2225 2354/1/2231
f 2347/1/2224 2356/1/2233 2355/1/2232 2348/1/2225
f 2371/1/2248 2357/1/2234 2358/1/2235 2372/1/2249
f 2357/1/2234 2365/1/2242 2366/1/2243 2358/1/2235
f 2365/1/2242 2359/1/2236 2360/1/2237 2366/1/2243
f 2359/1/2236 2367/1/2244 2368/1/2245 2360/1/2237
f 2367/1/2244 2361/1/2238 2362/1/2239 2368/1/2245
f 2361/1/2238 2369/1/2246 2370/1/2247 2362/1/2239
f 2369/1/2246 2363/1/2240 2364/1/2241 2370/1/2247
f 2363/1/2240 2371/1/2248 2372/1/2249 2364/1/2241
f 2388/1/2265 2373/1/2250 2374/1/2251 2387/1/2264
f 2373/1/2250 2381/1/2258 2382/1/2259 2374/1/2251
f 2381/1/2258 2375/1/2252 2376/1/2253 2382/1/2259
f 2375/1/2252 2383/1/2260 2384/1/2261 2376/1/2253
f 2383/1/2260 2377/1/2254 2378/1/2255 2384/1/2261
f 2377/1/2254 2385/1/2262 2386/1/2263 2378/1/2255
f 2385/1/2262 2379/1/2256 2380/1/2257 2386/1/2263
f 2379/1/2256 2388/1/2265 2387/1/2264 2380/1/2257
f 2404/1/2281 2389/1/2266 2390/1/2267 2403/1/2280
f 2389/1/2266 2397/1/2274 2398/1/2275 2390/1/2267
f 2397/1/2274 2391/1/2268 2392/1/2269 2398/1/2275
f 2391/1/2268 2399/1/2276 2400/1/2277 2392/1/2269
f 2399/1/2276 2393/1/2270 2394/1/2271 2400/1/2277
f 2393/1/2270 2401/1/2278 2402/1/2279 2394/1/2271
f 2401/1/2278 2395/1/2272 2396/1/2273 2402/1/2279
f 2395/1/2272 2404/1/2281 2403/1/2280 2396/1/2273
f 2420/1/2297 2405/1/2282 2406/1/2283 2419/1/2296
f 2405/1/2282 2413/1/2290 2414/1/2291 2406/1/2283
f 2413/1/2290 2407/1/2284 2408/1/2285 2414/1/2291
f 2407/1/2284 2415/1/2292 2416/1/2293 2408/1/2285
f 2415/1/2292 2409/1/2286 2410/1/2287 2416/1/2293
f 2409/1/2286 2417/1/2294 2418/1/2295 2410/1/2287
f 2417/1/2294 2411/1/2288 2412/1/2289 2418/1/2295
f 2411/1/2288 2420/1/2297 2419/1/2296 2412/1/2289
f 2435/1/2312 2421/1/2298 2422/1/2299 2436/1/2313
f 2421/1/2298 2429/1/2306 2430/1/2307 2422/1/2299
f 2429/1/2306 2423/1/2300 2424/1/2301 2430/1/2307
f 2423/1/2300 2431/1/2308 2432/1/2309 2424/1/2301
f 2431/1/2308 2425/1/2302 2426/1/2303 2432/1/2309
f 2425/1/2302 2433/1/2310 2434/1/2311 2426/1/2303
f 2433/1/2310 2427/1/2304 2428/1/2305 2434/1/2311
f 2427/1/2304 2435/1/2312 2436/1/2313 2428/1/2305
f 2452/1/2329 2437/1/2314 2438/1/2315 2451/1/2328
f 2437/1/2314 2445/1/2322 2446/1/2323 2438/1/2315
f 2445/1/2322 2439/1/2316 2440/1/2317 2446/1/2323
f 2439/1/2316 2447/1/2324 2448/1/2325 2440/1/2317
f 2447/1/2324 2441/1/2318 2442/1/2319 2448/1/2325
f 2441/1/2318 2449/1/2326 2450/1/2327 2442/1/2319
f 2449/1/2326 2443/1/2320 2444/1/2321 2450/1/2327
f 2443/1/2320 2452/1/2329 2451/1/2328 2444/1/2321
f 2468/1/2345 2453/1/2330 2454/1/2331 2467/1/2344
f 2453/1/2330 2461/1/2338 2462/1/2339 2454/1/2331
f 2461/1/2338 2455/1/2332 2456/1/2333 2462/1/2339
f 2455/1/2332 2463/1/2340 2464/1/2341 2456/1/2333
f 2463/1/2340 2457/1/2334 2458/1/2335 2464/1/2341
f 2457/1/2334 2465/1/2342 2466/1/2343 2458/1/2335
f 2465/1/2342 2459/1/2336 2460/1/2337 2466/1/2343
f 2459/1/2336 2468/1/2345 2467/1/2344 2460/1/2337
f 2570/1/2413 2556/1/2399 2555/1/2398 2569/1/2412
f 2556/1/2399 2564/1/2407 2563/1/2406 2555/1/2398
f 2564/1/2407 2558/1/2401 2557/1/2400 2563/1/2406
f 2558/1/2401 2566/1/2409 2565/1/2408 2557/1/2400
f 2566/1/2409 2560/1/2403 2559/1/2402 2565/1/2408
f 2560/1/2403 2568/1/2411 2567/1/2410 2559/1/2402
f 2568/1/2411 2562/1/2405 2561/1/2404 2567/1/2410
f 2562/1/2405 2570/1/2413 2569/1/2412 2561/1/2404
f 2586/1/2351 2572/1/2349 2571/1/2414 2585/1/2420
f 2572/1/2349 2580/1/1938 2579/1/1937 2571/1/2414
f 2580/1/1938 2573/1/2415 2574/1/2350 2579/1/1937
f 2573/1/2415 2581/1/2353 2582/1/2419 2574/1/2350
f 2581/1/2353 2575/1/2416 2576/1/2417 2582/1/2419
f 2575/1/2416 2583/1/1941 2584/1/1942 2576/1/2417
f 2583/1/1941 2577/1/2418 2578/1/1947 2584/1/1942
f 2577/1/2418 2586/1/2351 2585/1/2420 2578/1/1947
f 2602/1/2436 2587/1/2421 2588/1/2422 2601/1/2435
f 2587/1/2421 2595/1/2429 2596/1/2430 2588/1/2422
f 2595/1/2429 2589/1/2423 2590/1/2424 2596/1/2430
f 2589/1/2423 2597/1/2431 2598/1/2432 2590/1/2424
f 2597/1/2431 2591/1/2425 2592/1/2426 2598/1/2432
f 2591/1/2425 2599/1/2433 2600/1/2434 2592/1/2426
f 2599/1/2433 2593/1/2427 2594/1/2428 2600/1/2434
f 2593/1/2427 2602/1/2436 2601/1/2435 2594/1/2428
f 2618/1/2444 2603/1/2427 2604/1/2437 2617/1/2434
f 2603/1/2427 2611/1/2440 2612/1/2435 2604/1/2437
f 2611/1/2440 2606/1/2421 2605/1/2438 2612/1/2435
f 2606/1/2421 2614/1/2442 2613/1/2441 2605/1/2438
f 2614/1/2442 2608/1/2423 2607/1/2439 2613/1/2441
f 2608/1/2423 2616/1/2431 2615/1/2443 2607/1/2439
f 2616/1/2431 2610/1/2425 2609/1/2426 2615/1/2443
f 2610/1/2425 2618/1/2444 2617/1/2434 2609/1/2426
f 2634/1/1955 2620/1/2445 2619/1/1933 2633/1/1954
f 2620/1/2445 2628/1/1925 2627/1/1953 2619/1/1933
f 2628/1/1925 2622/1/2446 2621/1/1958 2627/1/1953
f 2622/1/2446 2630/1/2346 2629/1/1952 2621/1/1958
f 2630/1/2346 2624/1/1930 2623/1/1929 2629/1/1952
f 2624/1/1930 2632/1/1956 2631/1/1957 2623/1/1929
f 2632/1/1956 2626/1/1928 2625/1/1927 2631/1/1957
f 2626/1/1928 2634/1/1955 2633/1/1954 2625/1/1927
f 2650/1/2411 2636/1/2448 2635/1/2447 2649/1/2459
f 2636/1/2448 2644/1/2454 2643/1/2453 2635/1/2447
f 2644/1/2454 2638/1/2399 2637/1/2449 2643/1/2453
f 2638/1/2399 2646/1/2456 2645/1/2455 2637/1/2449
f 2646/1/2456 2639/1/2450 2640/1/2400 2645/1/2455
f 2639/1/2450 2647/1/2457 2648/1/2458 2640/1/2400
f 2647/1/2457 2641/1/2451 2642/1/2452 2648/1/2458
f 2641/1/2451 2650/1/2411 2649/1/2459 2642/1/2452
f 2666/1/2390 2651/1/2460 2652/1/2461 2665/1/2470
f 2651/1/2460 2659/1/2393 2660/1/2392 2652/1/2461
f 2659/1/2393 2653/1/2386 2654/1/2387 2660/1/2392
f 2653/1/2386 2661/1/2466 2662/1/2467 2654/1/2387
f 2661/1/2466 2655/1/2462 2656/1/2463 2662/1/2467
f 2655/1/2462 2663/1/2468 2664/1/2469 2656/1/2463
f 2663/1/2468 2657/1/2464 2658/1/2465 2664/1/2469
f 2657/1/2464 2666/1/2390 2665/1/2470 2658/1/2465
f 2682/1/2353 2667/1/1950 2668/1/1949 2681/1/1936
f 2667/1/1950 2675/1/1941 2676/1/1942 2668/1/1949
f 2675/1/1941 2669/1/2471 2670/1/1947 2676/1/1942
f 2669/1/2471 2677/1/2351 2678/1/2473 2670/1/1947
f 2677/1/2351 2671/1/2349 2672/1/1946 2678/1/2473
f 2671/1/2349 2680/1/1938 2679/1/2474 2672/1/1946
f 2680/1/1938 2674/1/2472 2673/1/2350 2679/1/2474
f 2674/1/2472 2682/1/2353 2681/1/1936 2673/1/2350
f 2698/1/2362 2684/1/2357 2683/1/2373 2697/1/2375
f 2684/1/2357 2692/1/2365 2691/1/2364 2683/1/2373
f 2692/1/2365 2686/1/2475 2685/1/2359 2691/1/2364
f 2686/1/2475 2694/1/2476 2693/1/2376 2685/1/2359
f 2694/1/2476 2688/1/2361 2687/1/2360 2693/1/2376
f 2688/1/2361 2696/1/2368 2695/1/2369 2687/1/2360
f 2696/1/2368 2690/1/2355 2689/1/2371 2695/1/2369
f 2690/1/2355 2698/1/2362 2697/1/2375 2689/1/2371
f 2714/1/2479 2700/1/2445 2699/1/1933 2713/1/1954
f 2700/1/2445 2708/1/1925 2707/1/1953 2699/1/1933
f 2708/1/1925 2702/1/2446 2701/1/1958 2707/1/1953
f 2702/1/2446 2710/1/1951 2709/1/1952 2701/1/1958
f 2710/1/1951 2704/1/2477 2703/1/2377 2709/1/1952
f 2704/1/2477 2712/1/2347 2711/1/2478 2703/1/2377
f 2712/1/2347 2705/1/1928 2706/1/1927 2711/1/2478
f 2705/1/1928 2714/1/2479 2713/1/1954 2706/1/1927
f 2730/1/2456 2715/1/2450 2716/1/2400 2729/1/2455
f 2715/1/2450 2723/1/2457 2724/1/2458 2716/1/2400
f 2723/1/2457 2717/1/2451 2718/1/2402 2724/1/2458
f 2717/1/2451 2725/1/2411 2726/1/2459 2718/1/2402
f 2725/1/2411 2719/1/2480 2720/1/2404 2726/1/2459
f 2719/1/2480 2727/1/2454 2728/1/2412 2720/1/2404
f 2727/1/2454 2721/1/2399 2722/1/2398 2728/1/2412
f 2721/1/2399 2730/1/2456 2729/1/2455 2722/1/2398
f 2746/1/1940 2731/1/1945 2732/1/2414 2745/1/1939
f 2731/1/1945 2739/1/1938 2740/1/1937 2732/1/2414
f 2739/1/1938 2733/1/1944 2734/1/2350 2740/1/1937
f 2733/1/1944 2741/1/2353 2742/1/1936 2734/1/2350
f 2741/1/2353 2735/1/2481 2736/1/1949 2742/1/1936
f 2735/1/2481 2743/1/2482 2744/1/1942 2736/1/1949
f 2743/1/2482 2737/1/2471 2738/1/1947 2744/1/1942
f 2737/1/2471 2746/1/1940 2745/1/1939 2738/1/1947
f 2762/1/2431 2748/1/2483 2747/1/2426 2761/1/2443
f 2748/1/2483 2756/1/2444 2755/1/2434 2747/1/2426
f 2756/1/2444 2750/1/2427 2749/1/2437 2755/1/2434
f 2750/1/2427 2758/1/2436 2757/1/2435 2749/1/2437
f 2758/1/2436 2752/1/2421 2751/1/2438 2757/1/2435
f 2752/1/2421 2760/1/2429 2759/1/2430 2751/1/2438
f 2760/1/2429 2754/1/2423 2753/1/2439 2759/1/2430
f 2754/1/2423 2762/1/2431 2761/1/2443 2753/1/2439
f 2778/1/2346 2764/1/2477 2763/1/2377 2777/1/1952
f 2764/1/2477 2772/1/2347 2771/1/1957 2763/1/2377
f 2772/1/2347 2766/1/2484 2765/1/1927 2771/1/1957
f 2766/1/2484 2774/1/1955 2773/1/1954 2765/1/1927
f 2774/1/1955 2768/1/2445 2767/1/1933 2773/1/1954
f 2768/1/2445 2776/1/2485 2775/1/1953 2767/1/1933
f 2776/1/2485 2770/1/2446 2769/1/1958 2775/1/1953
f 2770/1/2446 2778/1/2346 2777/1/1952 2769/1/1958
f 2794/1/2411 2780/1/2448 2779/1/2447 2793/1/2459
f 2780/1/2448 2787/1/2454 2788/1/2453 2779/1/2447
f 2787/1/2454 2781/1/2399 2782/1/2449 2788/1/2453
f 2781/1/2399 2789/1/2456 2790/1/2455 2782/1/2449
f 2789/1/2456 2783/1/2450 2784/1/2486 2790/1/2455
f 2783/1/2450 2791/1/2409 2792/1/2408 2784/1/2486
f 2791/1/2409 2785/1/2487 2786/1/2402 2792/1/2408
f 2785/1/2487 2794/1/2411 2793/1/2459 2786/1/2402
f 2810/1/1938 2795/1/2472 2796/1/2350 2809/1/1937
f 2795/1/2472 2803/1/2353 2804/1/2419 2796/1/2350
f 2803/1/2353 2797/1/2416 2798/1/2417 2804/1/2419
f 2797/1/2416 2805/1/1941 2806/1/1942 2798/1/2417
f 2805/1/1941 2799/1/2471 2800/1/1947 2806/1/1942
f 2799/1/2471 2807/1/2351 2808/1/1939 2800/1/1947
f 2807/1/2351 2801/1/2349 2802/1/1946 2808/1/1939
f 2801/1/2349 2810/1/1938 2809/1/1937 2802/1/1946
f 2876/1/2553 2817/1/2494 2818/858/2495 2875/861/2552
f 2878/1/2555 2825/1/2502 2826/830/2503 2877/1/2554
f 2880/1/2557 2833/1/2510 2834/933/2511 2879/936/2556
f 2882/1/2559 2841/1/2518 2842/902/2519 2881/904/2558
f 2884/1/2561 2849/1/2526 2850/790/2527 2883/791/2560
f 2886/1/2563 2857/1/2534 2858/803/2535 2885/806/2562
f 2888/1/2565 2865/1/2542 2866/879/2543 2887/881/2564
f 2890/1/2567 2873/1/2550 2874/766/2551 2889/1/2566
f 2892/2/2569 2811/6/2488 2812/1/2489 2891/1/2568
f 2894/1/2571 2812/1/2489 2811/845/2488 2893/847/2570
f 2896/1/2573 2815/1/2492 2816/852/2493 2895/1/2572
f 2898/864/2575 2819/866/2496 2820/1/2497 2897/1/2574
f 2900/1/2577 2820/1/2497 2819/817/2496 2899/820/2576
f 2902/843/2579 2821/844/2498 2822/1/2499 2901/1/2578
f 2904/839/2581 2827/842/2504 2828/1/2505 2903/1/2580
f 2906/1/2583 2828/1/2505 2827/925/2504 2905/1/2582
f 2908/1/2585 2831/1/2508 2832/928/2509 2907/929/2584
f 2910/941/2587 2835/1/2512 2836/1/2513 2909/1/2586
f 2912/1/2589 2836/1/2513 2835/919/2512 2911/918/2588
f 2914/915/2591 2837/917/2514 2838/1/2515 2913/1/2590
f 2916/913/2593 2843/914/2520 2844/1/2521 2915/1/2592
f 2918/1/2595 2844/1/2521 2843/777/2520 2917/780/2594
f 2920/1/2597 2847/1/2524 2848/783/2525 2919/785/2596
f 2922/772/2599 2851/771/2528 2852/1/2529 2921/1/2598
f 2924/809/2601 2858/812/2535 2857/1/2534 2923/1/2600
f 2926/792/2603 2853/793/2530 2854/1/2531 2925/1/2602
f 2928/813/2605 2859/816/2536 2860/1/2537 2927/1/2604
f 2930/886/2607 2866/888/2543 2865/1/2542 2929/1/2606
f 2932/893/2609 2861/895/2538 2862/1/2539 2931/1/2608
f 2934/889/2611 2867/892/2544 2868/1/2545 2933/1/2610
f 2936/747/2613 2874/748/2551 2873/1/2550 2935/1/2612
f 2938/751/2615 2869/754/2546 2870/1/2547 2937/1/2614
f 2815/1/2492 2876/1/2553 2875/854/2552 2816/857/2493
f 2824/1/2501 2878/1/2555 2877/822/2554 2823/821/2500
f 2831/1/2508 2880/1/2557 2879/930/2556 2832/932/2509
f 2840/1/2517 2882/1/2559 2881/896/2558 2839/899/2516
f 2847/1/2524 2884/1/2561 2883/786/2560 2848/789/2525
f 2856/1/2533 2886/1/2563 2885/798/2562 2855/801/2532
f 2864/1/2541 2888/1/2565 2887/873/2564 2863/1/2540
f 2872/1/2549 2890/1/2567 2889/760/2566 2871/759/2548
f 2814/867/2491 2892/869/2569 2891/1/2568 2813/1/2490
f 2817/1/2494 2894/1/2571 2893/862/2570 2818/863/2495
f 2813/1/2490 2896/1/2573 2895/849/2572 2814/848/2491
f 2821/825/2498 2898/829/2575 2897/1/2574 2822/1/2499
f 2825/1/2502 2900/1/2577 2899/836/2576 2826/838/2503
f 2823/832/2500 2902/835/2579 2901/1/2578 2824/1/2501
f 2830/922/2507 2904/924/2581 2903/1/2580 2829/1/2506
f 2833/1/2510 2906/1/2583 2905/938/2582 2834/937/2511
f 2829/1/2506 2908/1/2585 2907/926/2584 2830/927/2507
f 2837/900/2514 2910/901/2587 2909/1/2586 2838/1/2515
f 2841/1/2518 2912/1/2589 2911/909/2588 2842/912/2519
f 2839/905/2516 2914/908/2591 2913/1/2590 2840/1/2517
f 2846/774/2523 2916/773/2593 2915/1/2592 2845/1/2522
f 2849/1/2526 2918/1/2595 2917/767/2594 2850/770/2527
f 2845/1/2522 2920/1/2597 2919/781/2596 2846/1/2523
f 2853/802/2530 2922/1/2599 2921/1/2598 2854/1/2531
f 2851/794/2528 2924/797/2601 2923/1/2600 2852/1/2529
f 2855/807/2532 2926/808/2603 2925/1/2602 2856/1/2533
f 2861/875/2538 2928/878/2605 2927/1/2604 2862/1/2539
f 2859/870/2536 2930/872/2607 2929/1/2606 2860/1/2537
f 2863/883/2540 2932/882/2609 2931/1/2608 2864/1/2541
f 2869/762/2546 2934/765/2611 2933/1/2610 2870/1/2547
f 2867/755/2544 2936/758/2613 2935/1/2612 2868/1/2545
f 2871/743/2548 2938/746/2615 2937/1/2614 2872/1/2549
f 2939/891/2616 2942/890/2619 2943/16/2620 2940/19/2617
f 2942/764/2619 2944/763/2621 2945/20/2622 2943/22/2620
f 2944/753/2621 2946/752/2623 2947/23/2624 2945/25/2622
f 2946/745/2623 2949/744/2626 2948/26/2625 2947/28/2624
f 2951/122/2628 2965/121/2642 2966/1715/2643 2952/239/2629
f 2952/9/2629 2954/8/2631 2953/123/2630 2951/122/2628
f 2954/1677/2631 2956/1676/2633 2955/124/2632 2953/123/2630
f 2956/132/2633 2958/131/2635 2957/125/2634 2955/124/2632
f 2958/131/2635 2960/133/2637 2959/126/2636 2957/125/2634
f 2960/133/2637 2962/134/2639 2961/127/2638 2959/126/2636
f 2962/136/2639 2964/135/2641 2963/128/2640 2961/127/2638
f 2964/138/2641 2966/137/2643 2965/121/2642 2963/128/2640
f 2968/139/2645 2979/141/2656 2980/940/2657 2967/939/2644
f 2967/1/2644 2969/841/2646 2970/142/2647 2968/145/2645
f 2969/841/2646 2971/840/2648 2972/146/2649 2970/148/2647
f 2971/840/2648 2974/923/2651 2973/149/2650 2972/151/2649
f 2976/935/2653 2980/934/2657 2979/160/2656 2977/161/2654
f 2981/907/2658 2984/906/2661 2985/250/2662 2982/252/2659
f 2984/898/2661 2986/897/2663 2987/253/2664 2985/254/2662
f 2986/897/2663 2988/903/2665 2989/255/2666 2987/257/2664
f 2988/911/2665 2991/910/2668 2990/258/2667 2989/260/2666
f 2993/318/2670 3007/317/2684 3008/237/2685 2994/1716/2671
f 2994/247/2671 2996/246/2673 2995/319/2672 2993/318/2670
f 2996/1671/2673 2998/1138/2675 2997/320/2674 2995/319/2672
f 2998/328/2675 3000/327/2677 2999/321/2676 2997/320/2674
f 3000/327/2677 3002/329/2679 3001/322/2678 2999/321/2676
f 3002/331/2679 3004/330/2681 3003/323/2680 3001/322/2678
f 3004/333/2681 3006/332/2683 3005/324/2682 3003/323/2680
f 3006/335/2683 3008/334/2685 3007/317/2684 3005/324/2682
f 3010/336/2687 3023/339/2700 3024/885/2701 3009/884/2686
f 3009/1/2686 3011/874/2688 3012/340/2689 3010/341/2687
f 3011/874/2688 3013/880/2690 3014/342/2691 3012/343/2689
f 3013/880/2690 3015/887/2692 3016/344/2693 3014/346/2691
f 3015/871/2692 3017/815/2694 3018/347/2695 3016/348/2693
f 3017/815/2694 3019/814/2696 3020/349/2697 3018/351/2695
f 3019/877/2696 3021/876/2698 3022/352/2699 3020/353/2697
f 3021/894/2698 3024/885/2701 3023/354/2700 3022/355/2699
f 3025/236/2702 3037/1717/2714 3038/417/2715 3026/416/2703
f 3027/1670/2704 3030/1669/2707 3029/412/2706 3028/411/2705
f 3030/419/2707 3032/418/2709 3031/413/2708 3029/412/2706
f 3032/418/2709 3034/422/2711 3033/414/2710 3031/413/2708
f 3034/424/2711 3036/423/2713 3035/415/2712 3033/414/2710
f 3036/426/2713 3038/425/2715 3037/409/2714 3035/415/2712
f 3040/427/2717 3053/430/2730 3052/851/2729 3039/850/2716
f 3039/1/2716 3041/853/2718 3042/431/2719 3040/433/2717
f 3041/856/2718 3043/855/2720 3044/434/2721 3042/435/2719
f 3043/860/2720 3045/859/2722 3046/436/2723 3044/438/2721
f 3045/859/2722 3047/846/2724 3048/439/2725 3046/440/2723
f 3047/846/2724 3050/5/2727 3049/441/2726 3048/443/2725
f 3055/499/2732 3065/498/2742 3066/1718/2743 3056/1719/2733
f 3057/1668/2734 3060/1667/2737 3059/501/2736 3058/500/2735
f 3060/507/2737 3062/506/2739 3061/502/2738 3059/501/2736
f 3062/511/2739 3064/510/2741 3063/503/2740 3061/502/2738
f 3064/513/2741 3066/512/2743 3065/498/2742 3063/503/2740
f 3068/514/2745 3083/516/2760 3084/824/2761 3067/823/2744
f 3067/1/2744 3069/831/2746 3070/517/2747 3068/519/2745
f 3069/831/2746 3071/837/2748 3072/520/2749 3070/522/2747
f 3071/819/2748 3073/818/2750 3074/523/2751 3072/525/2749
f 3073/865/2750 3076/828/2753 3075/526/2752 3074/528/2751
f 3078/826/2755 3081/834/2758 3082/533/2759 3079/534/2756
f 3081/834/2758 3084/833/2761 3083/535/2760 3082/536/2759
f 3085/578/2762 3099/577/2776 3100/1720/2777 3086/1719/2763
f 3086/539/2763 3088/538/2765 3087/579/2764 3085/578/2762
f 3088/538/2765 3090/1672/2767 3089/580/2766 3087/579/2764
f 3090/588/2767 3092/587/2769 3091/581/2768 3089/580/2766
f 3092/590/2769 3094/589/2771 3093/582/2770 3091/581/2768
f 3094/592/2771 3096/591/2773 3095/583/2772 3093/582/2770
f 3096/594/2773 3098/593/2775 3097/584/2774 3095/583/2772
f 3098/596/2775 3100/595/2777 3099/577/2776 3097/584/2774
f 3101/805/2778 3104/804/2781 3105/607/2782 3102/608/2779
f 3104/811/2781 3107/810/2784 3106/609/2783 3105/610/2782
f 3109/1721/2786 3123/1722/2800 3124/657/2801 3110/656/2787
f 3110/614/2787 3112/613/2789 3111/650/2788 3109/649/2786
f 3112/613/2789 3114/1673/2791 3113/651/2790 3111/650/2788
f 3114/659/2791 3116/658/2793 3115/652/2792 3113/651/2790
f 3116/661/2793 3118/660/2795 3117/653/2794 3115/652/2792
f 3119/667/2796 3122/666/2799 3121/655/2798 3120/654/2797
f 3122/669/2799 3124/668/2801 3123/648/2800 3121/655/2798
f 3125/1/2802 3128/782/2805 3129/675/2806 3126/678/2803
f 3128/782/2805 3130/784/2807 3131/679/2808 3129/681/2806
f 3130/788/2807 3132/787/2809 3133/682/2810 3131/684/2808
f 3132/787/2809 3134/769/2811 3135/685/2812 3133/687/2810
f 3134/769/2811 3137/768/2814 3136/688/2813 3135/690/2812
f 3139/1723/2816 3153/1724/2830 3154/735/2831 3140/734/2817
f 3140/697/2817 3142/696/2819 3141/728/2818 3139/727/2816
f 3142/1675/2819 3144/1674/2821 3143/729/2820 3141/728/2818
f 3144/737/2821 3146/736/2823 3145/730/2822 3143/729/2820
f 3146/739/2823 3148/738/2825 3147/731/2824 3145/730/2822
f 3148/738/2825 3150/740/2827 3149/732/2826 3147/731/2824
f 3150/742/2827 3152/741/2829 3151/733/2828 3149/732/2826
f 3152/741/2829 3154/735/2831 3153/726/2830 3151/733/2828
f 3220/1/2897 3161/1/2838 3162/1/2839 3219/1/2896
f 3222/1/2899 3169/1/2846 3170/1/2847 3221/1/2898
f 3224/1/2901 3177/1/2854 3178/1/2855 3223/1/2900
f 3226/1/2903 3185/1/2862 3186/1/2863 3225/1/2902
f 3228/1/2905 3193/1/2870 3194/1/2871 3227/1/2904
f 3230/1/2907 3201/1/2878 3202/1/2879 3229/1/2906
f 3232/1/2909 3209/1/2886 3210/1/2887 3231/1/2908
f 3234/1/2911 3217/1/2894 3218/1/2895 3233/1/2910
f 3236/1/2913 3155/1/2832 3156/1/2833 3235/1/2912
f 3238/1/2915 3156/1/2833 3155/1/2832 3237/1/2914
f 3240/1/2917 3159/1/2836 3160/1/2837 3239/1/2916
f 3242/1/2919 3163/1/2840 3164/1/2841 3241/1/2918
f 3244/1/2921 3164/1/2841 3163/1/2840 3243/1/2920
f 3246/1/2923 3165/1/2842 3166/1/2843 3245/1/2922
f 3248/1/2925 3171/1/2848 3172/1/2849 3247/1/2924
f 3250/1/2927 3172/1/2849 3171/1/2848 3249/1/2926
f 3252/1/2929 3175/1/2852 3176/1/2853 3251/1/2928
f 3254/1/2931 3179/1/2856 3180/1/2857 3253/1/2930
f 3256/1/2933 3180/1/2857 3179/1/2856 3255/1/2932
f 3258/1/2935 3181/1/2858 3182/1/2859 3257/1/2934
f 3260/1/2937 3187/1/2864 3188/1/2865 3259/1/2936
f 3262/1/2939 3188/1/2865 3187/1/2864 3261/1/2938
f 3264/1/2941 3191/1/2868 3192/1/2869 3263/1/2940
f 3266/1/2943 3195/1/2872 3196/1/2873 3265/1/2942
f 3268/1/2945 3202/1/2879 3201/1/2878 3267/1/2944
f 3270/1/2947 3197/1/2874 3198/1/2875 3269/1/2946
f 3272/1/2949 3203/1/2880 3204/1/2881 3271/1/2948
f 3274/1/2951 3210/1/2887 3209/1/2886 3273/1/2950
f 3276/1/2953 3205/1/2882 3206/1/2883 3275/1/2952
f 3278/1/2955 3211/1/2888 3212/1/2889 3277/1/2954
f 3280/1/2957 3218/1/2895 3217/1/2894 3279/1/2956
f 3282/1/2959 3213/1/2890 3214/1/2891 3281/1/2958
f 3159/1/2836 3220/1/2897 3219/1/2896 3160/1/2837
f 3168/1/2845 3222/1/2899 3221/1/2898 3167/1/2844
f 3175/1/2852 3224/1/2901 3223/1/2900 3176/1/2853
f 3184/1/2861 3226/1/2903 3225/1/2902 3183/1/2860
f 3191/1/2868 3228/1/2905 3227/1/2904 3192/1/2869
f 3200/1/2877 3230/1/2907 3229/1/2906 3199/1/2876
f 3208/1/2885 3232/1/2909 3231/1/2908 3207/1/2884
f 3216/1/2893 3234/1/2911 3233/1/2910 3215/1/2892
f 3158/1/2835 3236/1/2913 3235/1/2912 3157/1/2834
f 3161/1/2838 3238/1/2915 3237/1/2914 3162/1/2839
f 3157/1/2834 3240/1/2917 3239/1/2916 3158/1/2835
f 3165/1/2842 3242/1/2919 3241/1/2918 3166/1/2843
f 3169/1/2846 3244/1/2921 3243/1/2920 3170/1/2847
f 3167/1/2844 3246/1/2923 3245/1/2922 3168/1/2845
f 3174/1/2851 3248/1/2925 3247/1/2924 3173/1/2850
f 3177/1/2854 3250/1/2927 3249/1/2926 3178/1/2855
f 3173/1/2850 3252/1/2929 3251/1/2928 3174/1/2851
f 3181/1/2858 3254/1/2931 3253/1/2930 3182/1/2859
f 3185/1/2862 3256/1/2933 3255/1/2932 3186/1/2863
f 3183/1/2860 3258/1/2935 3257/1/2934 3184/1/2861
f 3190/1/2867 3260/1/2937 3259/1/2936 3189/1/2866
f 3193/1/2870 3262/1/2939 3261/1/2938 3194/1/2871
f 3189/1/2866 3264/1/2941 3263/1/2940 3190/1/2867
f 3197/1/2874 3266/1/2943 3265/1/2942 3198/1/2875
f 3195/1/2872 3268/1/2945 3267/1/2944 3196/1/2873
f 3199/1/2876 3270/1/2947 3269/1/2946 3200/1/2877
f 3205/1/2882 3272/1/2949 3271/1/2948 3206/1/2883
f 3203/1/2880 3274/1/2951 3273/1/2950 3204/1/2881
f 3207/1/2884 3276/1/2953 3275/1/2952 3208/1/2885
f 3213/1/2890 3278/1/2955 3277/1/2954 3214/1/2891
f 3211/1/2888 3280/1/2957 3279/1/2956 3212/1/2889
f 3215/1/2892 3282/1/2959 3281/1/2958 3216/1/2893
f 3284/1/2961 3285/1/2962 3286/1/2963 3283/1/2960
f 3298/1/2975 3284/1/2961 3283/1/2960 3297/1/2974
f 3285/1/2962 3287/1/2964 3288/1/2965 3286/1/2963
f 3287/1/2964 3289/1/2966 3290/1/2967 3288/1/2965
f 3289/1/2966 3291/1/2968 3292/1/2969 3290/1/2967
f 3291/1/2968 3293/1/2970 3294/1/2971 3292/1/2969
f 3293/1/2970 3295/1/2972 3296/1/2973 3294/1/2971
f 3295/1/2972 3298/1/2975 3297/1/2974 3296/1/2973
f 3364/1/3034 3305/1/2982 3306/1/2983 3363/1/3033
f 3366/1/3036 3313/1/2990 3314/1/2991 3365/1/3035
f 3368/1/3038 3321/1/2998 3322/1/2999 3367/1/3037
f 3370/1/3040 3329/1/3006 3330/1/3007 3369/1/3039
f 3372/1/3042 3337/1/3014 3338/1/3015 3371/1/3041
f 3374/1/3044 3345/1/3022 3346/1/3023 3373/1/3043
f 3376/1/3046 3353/1/3010 3354/1/3011 3375/1/3045
f 3378/1/3048 3361/1/3031 3362/1/3032 3377/1/3047
f 3380/1/3050 3299/1/2976 3300/1/2977 3379/1/3049
f 3382/1/3052 3300/1/2977 3299/1/2976 3381/1/3051
f 3384/1/3054 3303/1/2980 3304/1/2981 3383/1/3053
f 3386/1/3056 3307/1/2984 3308/1/2985 3385/1/3055
f 3388/1/3058 3308/1/2985 3307/1/2984 3387/1/3057
f 3390/1/3060 3309/1/2986 3310/1/2987 3389/1/3059
f 3392/1/3062 3315/1/2992 3316/1/2993 3391/1/3061
f 3394/1/3064 3316/1/2993 3315/1/2992 3393/1/3063
f 3396/1/3066 3319/1/2996 3320/1/2997 3395/1/3065
f 3398/1/3068 3323/1/3000 3324/1/3001 3397/1/3067
f 3400/1/3070 3324/1/3001 3323/1/3000 3399/1/3069
f 3402/1/3072 3325/1/3002 3326/1/3003 3401/1/3071
f 3404/1/3045 3331/1/3008 3332/1/3009 3403/1/3046
f 3406/1/3074 3332/1/3009 3331/1/3008 3405/1/3073
f 3408/1/3076 3335/1/3012 3336/1/3013 3407/1/3075
f 3410/1/3078 3339/1/3016 3340/1/3017 3409/1/3077
f 3412/1/3080 3346/1/3023 3345/1/3022 3411/1/3079
f 3414/1/3082 3341/1/3018 3342/1/3019 3413/1/3081
f 3416/1/3041 3347/1/3024 3348/1/3012 3415/1/3042
f 3418/1/3075 3354/1/3011 3353/1/3010 3417/1/3076
f 3420/1/3083 3349/1/3015 3350/1/3014 3419/1/3074
f 3422/1/3085 3355/1/3025 3356/1/3026 3421/1/3084
f 3424/1/3087 3362/1/3032 3361/1/3031 3423/1/3086
f 3426/1/3089 3357/1/3027 3358/1/3028 3425/1/3088
f 3303/1/2980 3364/1/3034 3363/1/3033 3304/1/2981
f 3312/1/2989 3366/1/3036 3365/1/3035 3311/1/2988
f 3319/1/2996 3368/1/3038 3367/1/3037 3320/1/2997
f 3328/1/3005 3370/1/3040 3369/1/3039 3327/1/3004
f 3335/1/3012 3372/1/3042 3371/1/3041 3336/1/3013
f 3344/1/3021 3374/1/3044 3373/1/3043 3343/1/3020
f 3352/1/3009 3376/1/3046 3375/1/3045 3351/1/3008
f 3360/1/3030 3378/1/3048 3377/1/3047 3359/1/3029
f 3302/1/2979 3380/1/3050 3379/1/3049 3301/1/2978
f 3305/1/2982 3382/1/3052 3381/1/3051 3306/1/2983
f 3301/1/2978 3384/1/3054 3383/1/3053 3302/1/2979
f 3309/1/2986 3386/1/3056 3385/1/3055 3310/1/2987
f 3313/1/2990 3388/1/3058 3387/1/3057 3314/1/2991
f 3311/1/2988 3390/1/3060 3389/1/3059 3312/1/2989
f 3318/1/2995 3392/1/3062 3391/1/3061 3317/1/2994
f 3321/1/2998 3394/1/3064 3393/1/3063 3322/1/2999
f 3317/1/2994 3396/1/3066 3395/1/3065 3318/1/2995
f 3325/1/3002 3398/1/3068 3397/1/3067 3326/1/3003
f 3329/1/3006 3400/1/3070 3399/1/3069 3330/1/3007
f 3327/1/3004 3402/1/3072 3401/1/3071 3328/1/3005
f 3334/1/3011 3404/1/3045 3403/1/3046 3333/1/3010
f 3337/1/3014 3406/1/3074 3405/1/3073 3338/1/3015
f 3333/1/3010 3408/1/3076 3407/1/3075 3334/1/3011
f 3341/1/3018 3410/1/3078 3409/1/3077 3342/1/3019
f 3339/1/3016 3412/1/3080 3411/1/3079 3340/1/3017
f 3343/1/3020 3414/1/3082 3413/1/3081 3344/1/3021
f 3349/1/3015 3416/1/3041 3415/1/3042 3350/1/3014
f 3347/1/3024 3418/1/3075 3417/1/3076 3348/1/3012
f 3351/1/3008 3420/1/3083 3419/1/3074 3352/1/3009
f 3357/1/3027 3422/1/3085 3421/1/3084 3358/1/3028
f 3355/1/3025 3424/1/3087 3423/1/3086 3356/1/3026
f 3359/1/3029 3426/1/3089 3425/1/3088 3360/1/3030
f 3428/1/3091 3429/1/3092 3430/1/3093 3427/1/3090
f 3442/1/3105 3428/1/3091 3427/1/3090 3441/1/3104
f 3429/1/3092 3431/1/3094 3432/1/3095 3430/1/3093
f 3431/1/3094 3433/1/3096 3434/1/3097 3432/1/3095
f 3433/1/3096 3435/1/3098 3436/1/3099 3434/1/3097
f 3435/1/3098 3437/1/3100 3438/1/3101 3436/1/3099
f 3437/1/3100 3439/1/3102 3440/1/3103 3438/1/3101
f 3439/1/3102 3442/1/3105 3441/1/3104 3440/1/3103
f 3508/1/3165 3449/1/3112 3450/1/3113 3507/1/3164
f 3510/1/3167 3457/1/3120 3458/1/3121 3509/1/3166
f 3512/1/3169 3465/1/3128 3466/1/3129 3511/1/3168
f 3514/1/3171 3473/1/3136 3474/1/3137 3513/1/3170
f 3516/1/3173 3481/1/3143 3482/1/3144 3515/1/3172
f 3518/1/3175 3489/1/3151 3490/1/3152 3517/1/3174
f 3520/1/3177 3497/1/3140 3498/1/3155 3519/1/3176
f 3522/1/3179 3505/1/3162 3506/1/3163 3521/1/3178
f 3524/1/3181 3443/1/3106 3444/1/3107 3523/1/3180
f 3526/1/3183 3444/1/3107 3443/1/3106 3525/1/3182
f 3528/1/3185 3447/1/3110 3448/1/3111 3527/1/3184
f 3530/1/3187 3451/1/3114 3452/1/3115 3529/1/3186
f 3532/1/3189 3452/1/3115 3451/1/3114 3531/1/3188
f 3534/1/3191 3453/1/3116 3454/1/3117 3533/1/3190
f 3536/1/3193 3459/1/3122 3460/1/3123 3535/1/3192
f 3538/1/3195 3460/1/3123 3459/1/3122 3537/1/3194
f 3540/1/3197 3463/1/3126 3464/1/3127 3539/1/3196
f 3542/1/3199 3467/1/3130 3468/1/3131 3541/1/3198
f 3544/1/3201 3468/1/3131 3467/1/3130 3543/1/3200
f 3546/1/3203 3469/1/3132 3470/1/3133 3545/1/3202
f 3548/1/3176 3475/1/3138 3476/1/3139 3547/1/3177
f 3550/1/3205 3476/1/3139 3475/1/3138 3549/1/3204
f 3552/1/3207 3479/1/3142 3480/1/2855 3551/1/3206
f 3554/1/3209 3483/1/3145 3484/1/3146 3553/1/3208
f 3556/1/3211 3490/1/3152 3489/1/3151 3555/1/3210
f 3558/1/3213 3485/1/3147 3486/1/3148 3557/1/3212
f 3560/1/3172 3491/1/2855 3492/1/3142 3559/1/3173
f 3562/1/3206 3498/1/3155 3497/1/3140 3561/1/3207
f 3564/1/3204 3493/1/3144 3494/1/3143 3563/1/3214
f 3566/1/3216 3499/1/3156 3500/1/3157 3565/1/3215
f 3568/1/3218 3506/1/3163 3505/1/3162 3567/1/3217
f 3570/1/3220 3501/1/3158 3502/1/3159 3569/1/3219
f 3447/1/3110 3508/1/3165 3507/1/3164 3448/1/3111
f 3456/1/3119 3510/1/3167 3509/1/3166 3455/1/3118
f 3463/1/3126 3512/1/3169 3511/1/3168 3464/1/3127
f 3472/1/3135 3514/1/3171 3513/1/3170 3471/1/3134
f 3479/1/3142 3516/1/3173 3515/1/3172 3480/1/2855
f 3488/1/3150 3518/1/3175 3517/1/3174 3487/1/3149
f 3496/1/3154 3520/1/3177 3519/1/3176 3495/1/3153
f 3504/1/3161 3522/1/3179 3521/1/3178 3503/1/3160
f 3446/1/3109 3524/1/3181 3523/1/3180 3445/1/3108
f 3449/1/3112 3526/1/3183 3525/1/3182 3450/1/3113
f 3445/1/3108 3528/1/3185 3527/1/3184 3446/1/3109
f 3453/1/3116 3530/1/3187 3529/1/3186 3454/1/3117
f 3457/1/3120 3532/1/3189 3531/1/3188 3458/1/3121
f 3455/1/3118 3534/1/3191 3533/1/3190 3456/1/3119
f 3462/1/3125 3536/1/3193 3535/1/3192 3461/1/3124
f 3465/1/3128 3538/1/3195 3537/1/3194 3466/1/3129
f 3461/1/3124 3540/1/3197 3539/1/3196 3462/1/3125
f 3469/1/3132 3542/1/3199 3541/1/3198 3470/1/3133
f 3473/1/3136 3544/1/3201 3543/1/3200 3474/1/3137
f 3471/1/3134 3546/1/3203 3545/1/3202 3472/1/3135
f 3478/1/3141 3548/1/3176 3547/1/3177 3477/1/3140
f 3481/1/3143 3550/1/3205 3549/1/3204 3482/1/3144
f 3477/1/3140 3552/1/3207 3551/1/3206 3478/1/3141
f 3485/1/3147 3554/1/3209 3553/1/3208 3486/1/3148
f 3483/1/3145 3556/1/3211 3555/1/3210 3484/1/3146
f 3487/1/3149 3558/1/3213 3557/1/3212 3488/1/3150
f 3493/1/3144 3560/1/3172 3559/1/3173 3494/1/3143
f 3491/1/2855 3562/1/3206 3561/1/3207 3492/1/3142
f 3495/1/3153 3564/1/3204 3563/1/3214 3496/1/3154
f 3501/1/3158 3566/1/3216 3565/1/3215 3502/1/3159
f 3499/1/3156 3568/1/3218 3567/1/3217 3500/1/3157
f 3503/1/3160 3570/1/3220 3569/1/3219 3504/1/3161
f 3572/1/3222 3573/1/3223 3574/1/3224 3571/1/3221
f 3586/1/3236 3572/1/3222 3571/1/3221 3585/1/3235
f 3573/1/3223 3575/1/3225 3576/1/3226 3574/1/3224
f 3575/1/3225 3577/1/3227 3578/1/3228 3576/1/3226
f 3577/1/3227 3579/1/3229 3580/1/3230 3578/1/3228
f 3579/1/3229 3581/1/3231 3582/1/3232 3580/1/3230
f 3581/1/3231 3583/1/3233 3584/1/3234 3582/1/3232
f 3583/1/3233 3586/1/3236 3585/1/3235 3584/1/3234
f 3588/1/3091 3589/1/3237 3590/1/3238 3587/1/3090
f 3602/1/3105 3588/1/3091 3587/1/3090 3601/1/3104
f 3589/1/3237 3591/1/3094 3592/1/3095 3590/1/3238
f 3591/1/3094 3593/1/3096 3594/1/3097 3592/1/3095
f 3593/1/3096 3595/1/3098 3596/1/3099 3594/1/3097
f 3595/1/3098 3597/1/3100 3598/1/3101 3596/1/3099
f 3597/1/3100 3599/1/3102 3600/1/3239 3598/1/3101
f 3599/1/3102 3602/1/3105 3601/1/3104 3600/1/3239
f 3604/1/3229 3605/1/3241 3606/1/3232 3603/1/3240
f 3618/1/3227 3604/1/3229 3603/1/3240 3617/1/3243
f 3605/1/3241 3607/1/3233 3608/1/3234 3606/1/3232
f 3607/1/3233 3609/1/3236 3610/1/3235 3608/1/3234
f 3609/1/3236 3611/1/3222 3612/1/3221 3610/1/3235
f 3611/1/3222 3613/1/3223 3614/1/3242 3612/1/3221
f 3613/1/3223 3615/1/3225 3616/1/3226 3614/1/3242
f 3615/1/3225 3618/1/3227 3617/1/3243 3616/1/3226
f 3620/1/3245 3621/1/3246 3622/1/3247 3619/1/3244
f 3634/1/3259 3620/1/3245 3619/1/3244 3633/1/3258
f 3621/1/3246 3623/1/3248 3624/1/3249 3622/1/3247
f 3623/1/3248 3625/1/3250 3626/1/3251 3624/1/3249
f 3625/1/3250 3627/1/3252 3628/1/3253 3626/1/3251
f 3627/1/3252 3629/1/3254 3630/1/3255 3628/1/3253
f 3629/1/3254 3631/1/3256 3632/1/3257 3630/1/3255
f 3631/1/3256 3634/1/3259 3633/1/3258 3632/1/3257
f 4138/1/3721 4145/1/3728 4146/1/3729 4137/1/3720
f 4122/1/3267 4129/1/3286 4130/1/3713 4121/1/3266
f 4144/1/3727 4138/1/3721 4137/1/3720 4143/1/3726
f 4142/1/3725 4135/1/3718 4136/1/3719 4141/1/3724
f 4128/1/3260 4122/1/3267 4121/1/3266 4127/1/3261
f 4106/1/3706 4113/1/3709 4114/1/3710 4105/1/3690
f 4112/1/3696 4106/1/3706 4105/1/3690 4111/1/3695
f 4078/1/3273 4071/1/3680 4072/1/3681 4077/1/3272
f 3638/1/3263 4065/1/3289 4066/1/3678 3637/1/3262
f 4064/1/3290 3638/1/3263 3637/1/3262 4063/1/3291
f 4094/1/3696 4087/1/3689 4088/1/3690 4093/1/3695
f 4074/1/3285 4081/1/3684 4082/1/3277 4073/1/3284
f 4080/1/3270 4074/1/3285 4073/1/3284 4079/1/3271
f 4110/1/3708 4103/1/3704 4104/1/3705 4109/1/3694
f 4090/1/3692 4097/1/3699 4098/1/3700 4089/1/3691
f 4096/1/3698 4090/1/3692 4089/1/3691 4095/1/3697
f 4126/1/3289 4119/1/3711 4120/1/3712 4125/1/3678
f 4068/1/3283 4075/1/3682 4076/1/3683 4067/1/3282
f 3640/1/3265 4064/1/3290 4063/1/3291 3639/1/3264
f 4070/1/3679 4078/1/3273 4077/1/3272 4069/1/3281
f 4084/1/3686 4091/1/3693 4092/1/3694 4083/1/3685
f 4071/1/3680 4080/1/3270 4079/1/3271 4072/1/3681
f 4086/1/3688 4094/1/3696 4093/1/3695 4085/1/3687
f 4100/1/3702 4107/1/3699 4108/1/3707 4099/1/3701
f 4087/1/3689 4096/1/3698 4095/1/3697 4088/1/3690
f 4102/1/3703 4110/1/3708 4109/1/3694 4101/1/3685
f 4116/1/3265 4123/1/3290 4124/1/3291 4115/1/3264
f 4103/1/3704 4112/1/3696 4111/1/3695 4104/1/3705
f 4118/1/3263 4126/1/3289 4125/1/3678 4117/1/3262
f 4129/1/3286 4116/1/3265 4115/1/3264 4130/1/3713
f 4081/1/3684 4068/1/3283 4067/1/3282 4082/1/3277
f 4132/1/3715 4139/1/3722 4140/1/3723 4131/1/3714
f 4113/1/3709 4100/1/3702 4099/1/3701 4114/1/3710
f 4134/1/3717 4142/1/3725 4141/1/3724 4133/1/3716
f 4097/1/3699 4084/1/3686 4083/1/3685 4098/1/3700
f 4062/1/3286 3640/1/3265 3639/1/3264 4061/1/3677
f 3642/1/3267 4062/1/3286 4061/1/3677 3641/1/3266
f 3654/1/3279 3645/1/3270 3646/1/3271 3653/1/3278
f 3648/1/3273 3654/1/3279 3653/1/3278 3647/1/3272
f 3644/1/3269 3635/1/3260 3636/1/3261 3643/1/3268
f 3650/1/3275 3655/1/3280 3656/1/3281 3649/1/3274
f 3658/1/3283 3650/1/3275 3649/1/3274 3657/1/3282
f 3660/1/3285 3651/1/3276 3652/1/3277 3659/1/3284
f 3670/1/3267 3661/1/3286 3662/1/3287 3669/1/3266
f 3664/1/3260 3670/1/3267 3669/1/3266 3663/1/3261
f 3666/1/3289 3671/1/3269 3672/1/3292 3665/1/3288
f 3674/1/3263 3666/1/3289 3665/1/3288 3673/1/3262
f 3676/1/3293 3667/1/3290 3668/1/3291 3675/1/3264
f 4123/1/3290 4118/1/3263 4117/1/3262 4124/1/3291
f 4065/1/3289 3644/1/3269 3643/1/3268 4066/1/3678
f 3635/1/3260 3642/1/3267 3641/1/3266 3636/1/3261
f 3661/1/3286 3676/1/3293 3675/1/3264 3662/1/3287
f 4075/1/3682 4070/1/3679 4069/1/3281 4076/1/3683
f 3655/1/3280 3648/1/3273 3647/1/3272 3656/1/3281
f 3651/1/3276 3658/1/3283 3657/1/3282 3652/1/3277
f 4091/1/3693 4086/1/3688 4085/1/3687 4092/1/3694
f 3645/1/3270 3660/1/3285 3659/1/3284 3646/1/3271
f 3671/1/3269 3664/1/3260 3663/1/3261 3672/1/3292
f 4107/1/3699 4102/1/3703 4101/1/3685 4108/1/3707
f 3667/1/3290 3674/1/3263 3673/1/3262 3668/1/3291
f 4119/1/3711 4128/1/3260 4127/1/3261 4120/1/3712
f 4139/1/3722 4134/1/3717 4133/1/3716 4140/1/3723
f 4145/1/3728 4132/1/3715 4131/1/3714 4146/1/3729
f 4135/1/3718 4144/1/3727 4143/1/3726 4136/1/3719
f 3692/1/3309 3677/1/3294 3678/1/3295 3691/1/3308
f 3677/1/3294 3685/1/3302 3686/1/3303 3678/1/3295
f 3685/1/3302 3679/1/3296 3680/1/3297 3686/1/3303
f 3679/1/3296 3687/1/3304 3688/1/3305 3680/1/3297
f 3687/1/3304 3681/1/3298 3682/1/3299 3688/1/3305
f 3681/1/3298 3689/1/3306 3690/1/3307 3682/1/3299
f 3689/1/3306 3683/1/3300 3684/1/3301 3690/1/3307
f 3683/1/3300 3692/1/3309 3691/1/3308 3684/1/3301
f 3708/1/3325 3693/1/3310 3694/1/3311 3707/1/3324
f 3693/1/3310 3701/1/3318 3702/1/3319 3694/1/3311
f 3701/1/3318 3695/1/3312 3696/1/3313 3702/1/3319
f 3695/1/3312 3703/1/3320 3704/1/3321 3696/1/3313
f 3703/1/3320 3697/1/3314 3698/1/3315 3704/1/3321
f 3697/1/3314 3705/1/3322 3706/1/3323 3698/1/3315
f 3705/1/3322 3699/1/3316 3700/1/3317 3706/1/3323
f 3699/1/3316 3708/1/3325 3707/1/3324 3700/1/3317
f 3724/1/3341 3709/1/3326 3710/1/3327 3723/1/3340
f 3709/1/3326 3717/1/3334 3718/1/3335 3710/1/3327
f 3717/1/3334 3711/1/3328 3712/1/3329 3718/1/3335
f 3711/1/3328 3719/1/3336 3720/1/3337 3712/1/3329
f 3719/1/3336 3713/1/3330 3714/1/3331 3720/1/3337
f 3713/1/3330 3721/1/3338 3722/1/3339 3714/1/3331
f 3721/1/3338 3715/1/3332 3716/1/3333 3722/1/3339
f 3715/1/3332 3724/1/3341 3723/1/3340 3716/1/3333
f 3740/1/3357 3725/1/3342 3726/1/3343 3739/1/3356
f 3725/1/3342 3733/1/3350 3734/1/3351 3726/1/3343
f 3733/1/3350 3727/1/3344 3728/1/3345 3734/1/3351
f 3727/1/3344 3735/1/3352 3736/1/3353 3728/1/3345
f 3735/1/3352 3729/1/3346 3730/1/3347 3736/1/3353
f 3729/1/3346 3737/1/3354 3738/1/3355 3730/1/3347
f 3737/1/3354 3731/1/3348 3732/1/3349 3738/1/3355
f 3731/1/3348 3740/1/3357 3739/1/3356 3732/1/3349
f 3756/1/3373 3741/1/3358 3742/1/3359 3755/1/3372
f 3741/1/3358 3749/1/3366 3750/1/3367 3742/1/3359
f 3749/1/3366 3743/1/3360 3744/1/3361 3750/1/3367
f 3743/1/3360 3751/1/3368 3752/1/3369 3744/1/3361
f 3751/1/3368 3745/1/3362 3746/1/3363 3752/1/3369
f 3745/1/3362 3753/1/3370 3754/1/3371 3746/1/3363
f 3753/1/3370 3747/1/3364 3748/1/3365 3754/1/3371
f 3747/1/3364 3756/1/3373 3755/1/3372 3748/1/3365
f 3772/1/3388 3757/1/3374 3758/1/3375 3771/1/3387
f 3757/1/3374 3765/1/3381 3766/1/3382 3758/1/3375
f 3765/1/3381 3759/1/3376 3760/1/3377 3766/1/3382
f 3759/1/3376 3767/1/3383 3768/1/3384 3760/1/3377
f 3767/1/3383 3761/1/3378 3762/1/3379 3768/1/3384
f 3761/1/3378 3769/1/3385 3770/1/3386 3762/1/3379
f 3769/1/3385 3763/1/3362 3764/1/3380 3770/1/3386
f 3763/1/3362 3772/1/3388 3771/1/3387 3764/1/3380
f 3788/1/3404 3773/1/3389 3774/1/3390 3787/1/3403
f 3773/1/3389 3781/1/3397 3782/1/3398 3774/1/3390
f 3781/1/3397 3775/1/3391 3776/1/3392 3782/1/3398
f 3775/1/3391 3783/1/3399 3784/1/3400 3776/1/3392
f 3783/1/3399 3777/1/3393 3778/1/3394 3784/1/3400
f 3777/1/3393 3785/1/3401 3786/1/3402 3778/1/3394
f 3785/1/3401 3779/1/3395 3780/1/3396 3786/1/3402
f 3779/1/3395 3788/1/3404 3787/1/3403 3780/1/3396
f 3804/1/3420 3789/1/3405 3790/1/3406 3803/1/3419
f 3789/1/3405 3797/1/3413 3798/1/3414 3790/1/3406
f 3797/1/3413 3791/1/3407 3792/1/3408 3798/1/3414
f 3791/1/3407 3799/1/3415 3800/1/3416 3792/1/3408
f 3799/1/3415 3793/1/3409 3794/1/3410 3800/1/3416
f 3793/1/3409 3801/1/3417 3802/1/3418 3794/1/3410
f 3801/1/3417 3795/1/3411 3796/1/3412 3802/1/3418
f 3795/1/3411 3804/1/3420 3803/1/3419 3796/1/3412
f 3820/1/3436 3805/1/3421 3806/1/3422 3819/1/3435
f 3805/1/3421 3813/1/3429 3814/1/3430 3806/1/3422
f 3813/1/3429 3807/1/3423 3808/1/3424 3814/1/3430
f 3807/1/3423 3815/1/3431 3816/1/3432 3808/1/3424
f 3815/1/3431 3809/1/3425 3810/1/3426 3816/1/3432
f 3809/1/3425 3817/1/3433 3818/1/3434 3810/1/3426
f 3817/1/3433 3811/1/3427 3812/1/3428 3818/1/3434
f 3811/1/3427 3820/1/3436 3819/1/3435 3812/1/3428
f 3835/1/3451 3821/1/3437 3822/1/3438 3836/1/3452
f 3821/1/3437 3829/1/3445 3830/1/3446 3822/1/3438
f 3829/1/3445 3823/1/3439 3824/1/3440 3830/1/3446
f 3823/1/3439 3831/1/3447 3832/1/3448 3824/1/3440
f 3831/1/3447 3825/1/3441 3826/1/3442 3832/1/3448
f 3825/1/3441 3833/1/3449 3834/1/3450 3826/1/3442
f 3833/1/3449 3827/1/3443 3828/1/3444 3834/1/3450
f 3827/1/3443 3835/1/3451 3836/1/3452 3828/1/3444
f 3852/1/3468 3837/1/3453 3838/1/3454 3851/1/3467
f 3837/1/3453 3845/1/3461 3846/1/3462 3838/1/3454
f 3845/1/3461 3839/1/3455 3840/1/3456 3846/1/3462
f 3839/1/3455 3847/1/3463 3848/1/3464 3840/1/3456
f 3847/1/3463 3841/1/3457 3842/1/3458 3848/1/3464
f 3841/1/3457 3849/1/3465 3850/1/3466 3842/1/3458
f 3849/1/3465 3843/1/3459 3844/1/3460 3850/1/3466
f 3843/1/3459 3852/1/3468 3851/1/3467 3844/1/3460
f 3868/1/3484 3853/1/3469 3854/1/3470 3867/1/3483
f 3853/1/3469 3861/1/3477 3862/1/3478 3854/1/3470
f 3861/1/3477 3855/1/3471 3856/1/3472 3862/1/3478
f 3855/1/3471 3863/1/3479 3864/1/3480 3856/1/3472
f 3863/1/3479 3857/1/3473 3858/1/3474 3864/1/3480
f 3857/1/3473 3865/1/3481 3866/1/3482 3858/1/3474
f 3865/1/3481 3859/1/3475 3860/1/3476 3866/1/3482
f 3859/1/3475 3868/1/3484 3867/1/3483 3860/1/3476
f 3884/1/3500 3869/1/3485 3870/1/3486 3883/1/3499
f 3869/1/3485 3877/1/3493 3878/1/3494 3870/1/3486
f 3877/1/3493 3871/1/3487 3872/1/3488 3878/1/3494
f 3871/1/3487 3879/1/3495 3880/1/3496 3872/1/3488
f 3879/1/3495 3873/1/3489 3874/1/3490 3880/1/3496
f 3873/1/3489 3881/1/3497 3882/1/3498 3874/1/3490
f 3881/1/3497 3875/1/3491 3876/1/3492 3882/1/3498
f 3875/1/3491 3884/1/3500 3883/1/3499 3876/1/3492
f 3899/1/3515 3885/1/3501 3886/1/3502 3900/1/3516
f 3885/1/3501 3893/1/3509 3894/1/3510 3886/1/3502
f 3893/1/3509 3887/1/3503 3888/1/3504 3894/1/3510
f 3887/1/3503 3895/1/3511 3896/1/3512 3888/1/3504
f 3895/1/3511 3889/1/3505 3890/1/3506 3896/1/3512
f 3889/1/3505 3897/1/3513 3898/1/3514 3890/1/3506
f 3897/1/3513 3891/1/3507 3892/1/3508 3898/1/3514
f 3891/1/3507 3899/1/3515 3900/1/3516 3892/1/3508
f 3916/1/3532 3901/1/3517 3902/1/3518 3915/1/3531
f 3901/1/3517 3909/1/3525 3910/1/3526 3902/1/3518
f 3909/1/3525 3903/1/3519 3904/1/3520 3910/1/3526
f 3903/1/3519 3911/1/3527 3912/1/3528 3904/1/3520
f 3911/1/3527 3905/1/3521 3906/1/3522 3912/1/3528
f 3905/1/3521 3913/1/3529 3914/1/3530 3906/1/3522
f 3913/1/3529 3907/1/3523 3908/1/3524 3914/1/3530
f 3907/1/3523 3916/1/3532 3915/1/3531 3908/1/3524
f 3932/1/3548 3917/1/3533 3918/1/3534 3931/1/3547
f 3917/1/3533 3925/1/3541 3926/1/3542 3918/1/3534
f 3925/1/3541 3919/1/3535 3920/1/3536 3926/1/3542
f 3919/1/3535 3927/1/3543 3928/1/3544 3920/1/3536
f 3927/1/3543 3921/1/3537 3922/1/3538 3928/1/3544
f 3921/1/3537 3929/1/3545 3930/1/3546 3922/1/3538
f 3929/1/3545 3923/1/3539 3924/1/3540 3930/1/3546
f 3923/1/3539 3932/1/3548 3931/1/3547 3924/1/3540
f 3948/1/3564 3933/1/3549 3934/1/3550 3947/1/3563
f 3933/1/3549 3941/1/3557 3942/1/3558 3934/1/3550
f 3941/1/3557 3935/1/3551 3936/1/3552 3942/1/3558
f 3935/1/3551 3943/1/3559 3944/1/3560 3936/1/3552
f 3943/1/3559 3937/1/3553 3938/1/3554 3944/1/3560
f 3937/1/3553 3945/1/3561 3946/1/3562 3938/1/3554
f 3945/1/3561 3939/1/3555 3940/1/3556 3946/1/3562
f 3939/1/3555 3948/1/3564 3947/1/3563 3940/1/3556
f 3963/1/3579 3949/1/3565 3950/1/3566 3964/1/3580
f 3949/1/3565 3957/1/3573 3958/1/3574 3950/1/3566
f 3957/1/3573 3951/1/3567 3952/1/3568 3958/1/3574
f 3951/1/3567 3959/1/3575 3960/1/3576 3952/1/3568
f 3959/1/3575 3953/1/3569 3954/1/3570 3960/1/3576
f 3953/1/3569 3961/1/3577 3962/1/3578 3954/1/3570
f 3961/1/3577 3955/1/3571 3956/1/3572 3962/1/3578
f 3955/1/3571 3963/1/3579 3964/1/3580 3956/1/3572
f 3980/1/3596 3965/1/3581 3966/1/3582 3979/1/3595
f 3965/1/3581 3973/1/3589 3974/1/3590 3966/1/3582
f 3973/1/3589 3967/1/3583 3968/1/3584 3974/1/3590
f 3967/1/3583 3975/1/3591 3976/1/3592 3968/1/3584
f 3975/1/3591 3969/1/3585 3970/1/3586 3976/1/3592
f 3969/1/3585 3977/1/3593 3978/1/3594 3970/1/3586
f 3977/1/3593 3971/1/3587 3972/1/3588 3978/1/3594
f 3971/1/3587 3980/1/3596 3979/1/3595 3972/1/3588
f 3996/1/3612 3981/1/3597 3982/1/3598 3995/1/3611
f 3981/1/3597 3989/1/3605 3990/1/3606 3982/1/3598
f 3989/1/3605 3983/1/3599 3984/1/3600 3990/1/3606
f 3983/1/3599 3991/1/3607 3992/1/3608 3984/1/3600
f 3991/1/3607 3985/1/3601 3986/1/3602 3992/1/3608
f 3985/1/3601 3993/1/3609 3994/1/3610 3986/1/3602
f 3993/1/3609 3987/1/3603 3988/1/3604 3994/1/3610
f 3987/1/3603 3996/1/3612 3995/1/3611 3988/1/3604
f 4012/1/3628 3997/1/3613 3998/1/3614 4011/1/3627
f 3997/1/3613 4005/1/3621 4006/1/3622 3998/1/3614
f 4005/1/3621 3999/1/3615 4000/1/3616 4006/1/3622
f 3999/1/3615 4007/1/3623 4008/1/3624 4000/1/3616
f 4007/1/3623 4001/1/3617 4002/1/3618 4008/1/3624
f 4001/1/3617 4009/1/3625 4010/1/3626 4002/1/3618
f 4009/1/3625 4003/1/3619 4004/1/3620 4010/1/3626
f 4003/1/3619 4012/1/3628 4011/1/3627 4004/1/3620
f 4027/1/3643 4013/1/3629 4014/1/3630 4028/1/3644
f 4013/1/3629 4021/1/3637 4022/1/3638 4014/1/3630
f 4021/1/3637 4015/1/3631 4016/1/3632 4022/1/3638
f 4015/1/3631 4023/1/3639 4024/1/3640 4016/1/3632
f 4023/1/3639 4017/1/3633 4018/1/3634 4024/1/3640
f 4017/1/3633 4025/1/3641 4026/1/3642 4018/1/3634
f 4025/1/3641 4019/1/3635 4020/1/3636 4026/1/3642
f 4019/1/3635 4027/1/3643 4028/1/3644 4020/1/3636
f 4044/1/3660 4029/1/3645 4030/1/3646 4043/1/3659
f 4029/1/3645 4037/1/3653 4038/1/3654 4030/1/3646
f 4037/1/3653 4031/1/3647 4032/1/3648 4038/1/3654
f 4031/1/3647 4039/1/3655 4040/1/3656 4032/1/3648
f 4039/1/3655 4033/1/3649 4034/1/3650 4040/1/3656
f 4033/1/3649 4041/1/3657 4042/1/3658 4034/1/3650
f 4041/1/3657 4035/1/3651 4036/1/3652 4042/1/3658
f 4035/1/3651 4044/1/3660 4043/1/3659 4036/1/3652
f 4060/1/3676 4045/1/3661 4046/1/3662 4059/1/3675
f 4045/1/3661 4053/1/3669 4054/1/3670 4046/1/3662
f 4053/1/3669 4047/1/3663 4048/1/3664 4054/1/3670
f 4047/1/3663 4055/1/3671 4056/1/3672 4048/1/3664
f 4055/1/3671 4049/1/3665 4050/1/3666 4056/1/3672
f 4049/1/3665 4057/1/3673 4058/1/3674 4050/1/3666
f 4057/1/3673 4051/1/3667 4052/1/3668 4058/1/3674
f 4051/1/3667 4060/1/3676 4059/1/3675 4052/1/3668
f 4162/1/3745 4148/1/3731 4147/1/3730 4161/1/3744
f 4148/1/3731 4156/1/3739 4155/1/3738 4147/1/3730
f 4156/1/3739 4150/1/3733 4149/1/3732 4155/1/3738
f 4150/1/3733 4158/1/3741 4157/1/3740 4149/1/3732
f 4158/1/3741 4152/1/3735 4151/1/3734 4157/1/3740
f 4152/1/3735 4160/1/3743 4159/1/3742 4151/1/3734
f 4160/1/3743 4154/1/3737 4153/1/3736 4159/1/3742
f 4154/1/3737 4162/1/3745 4161/1/3744 4153/1/3736
f 4178/1/3682 4164/1/3280 4163/1/3281 4177/1/3683
f 4164/1/3280 4172/1/3749 4171/1/3272 4163/1/3281
f 4172/1/3749 4165/1/3746 4166/1/3278 4171/1/3272
f 4165/1/3746 4173/1/3270 4174/1/3271 4166/1/3278
f 4173/1/3270 4167/1/3285 4168/1/3284 4174/1/3271
f 4167/1/3285 4175/1/3684 4176/1/3277 4168/1/3284
f 4175/1/3684 4169/1/3747 4170/1/3748 4176/1/3277
f 4169/1/3747 4178/1/3682 4177/1/3683 4170/1/3748
f 4194/1/3765 4179/1/3750 4180/1/3751 4193/1/3764
f 4179/1/3750 4187/1/3758 4188/1/3759 4180/1/3751
f 4187/1/3758 4181/1/3752 4182/1/3753 4188/1/3759
f 4181/1/3752 4189/1/3760 4190/1/3761 4182/1/3753
f 4189/1/3760 4183/1/3754 4184/1/3755 4190/1/3761
f 4183/1/3754 4191/1/3762 4192/1/3763 4184/1/3755
f 4191/1/3762 4185/1/3756 4186/1/3757 4192/1/3763
f 4185/1/3756 4194/1/3765 4193/1/3764 4186/1/3757
f 4210/1/3776 4195/1/3766 4196/1/3757 4209/1/3763
f 4195/1/3766 4203/1/3771 4204/1/3772 4196/1/3757
f 4203/1/3771 4198/1/3768 4197/1/3767 4204/1/3772
f 4198/1/3768 4206/1/3773 4205/1/3759 4197/1/3767
f 4206/1/3773 4200/1/3769 4199/1/3753 4205/1/3759
f 4200/1/3769 4208/1/3775 4207/1/3774 4199/1/3753
f 4208/1/3775 4202/1/3770 4201/1/3755 4207/1/3774
f 4202/1/3770 4210/1/3776 4209/1/3763 4201/1/3755
f 4226/1/3289 4212/1/3269 4211/1/3292 4225/1/3678
f 4212/1/3269 4220/1/3260 4219/1/3261 4211/1/3292
f 4220/1/3260 4214/1/3267 4213/1/3266 4219/1/3261
f 4214/1/3267 4222/1/3286 4221/1/3779 4213/1/3266
f 4222/1/3286 4216/1/3777 4215/1/3264 4221/1/3779
f 4216/1/3777 4224/1/3290 4223/1/3291 4215/1/3264
f 4224/1/3290 4218/1/3263 4217/1/3778 4223/1/3291
f 4218/1/3263 4226/1/3289 4225/1/3678 4217/1/3778
f 4242/1/3791 4228/1/3781 4227/1/3780 4241/1/3742
f 4228/1/3781 4236/1/3787 4235/1/3786 4227/1/3780
f 4236/1/3787 4230/1/3783 4229/1/3782 4235/1/3786
f 4230/1/3783 4238/1/3788 4237/1/3738 4229/1/3782
f 4238/1/3788 4231/1/3784 4232/1/3732 4237/1/3738
f 4231/1/3784 4239/1/3789 4240/1/3790 4232/1/3732
f 4239/1/3789 4233/1/3785 4234/1/3734 4240/1/3790
f 4233/1/3785 4242/1/3791 4241/1/3742 4234/1/3734
f 4258/1/3802 4243/1/3792 4244/1/3716 4257/1/3723
f 4243/1/3792 4251/1/3798 4252/1/3799 4244/1/3716
f 4251/1/3798 4245/1/3793 4246/1/3719 4252/1/3799
f 4245/1/3793 4253/1/3800 4254/1/3801 4246/1/3719
f 4253/1/3800 4247/1/3794 4248/1/3795 4254/1/3801
f 4247/1/3794 4255/1/3728 4256/1/3729 4248/1/3795
f 4255/1/3728 4249/1/3796 4250/1/3797 4256/1/3729
f 4249/1/3796 4258/1/3802 4257/1/3723 4250/1/3797
f 4274/1/3270 4259/1/3285 4260/1/3284 4273/1/3271
f 4259/1/3285 4267/1/3276 4268/1/3277 4260/1/3284
f 4267/1/3276 4261/1/3283 4262/1/3803 4268/1/3277
f 4261/1/3283 4269/1/3275 4270/1/3683 4262/1/3803
f 4269/1/3275 4263/1/3280 4264/1/3281 4270/1/3683
f 4263/1/3280 4272/1/3749 4271/1/3272 4264/1/3281
f 4272/1/3749 4266/1/3279 4265/1/3278 4271/1/3272
f 4266/1/3279 4274/1/3270 4273/1/3271 4265/1/3278
f 4290/1/3693 4276/1/3688 4275/1/3687 4289/1/3694
f 4276/1/3688 4284/1/3696 4283/1/3695 4275/1/3687
f 4284/1/3696 4278/1/3706 4277/1/3690 4283/1/3695
f 4278/1/3706 4286/1/3804 4285/1/3697 4277/1/3690
f 4286/1/3804 4280/1/3692 4279/1/3691 4285/1/3697
f 4280/1/3692 4288/1/3699 4287/1/3707 4279/1/3691
f 4288/1/3699 4282/1/3703 4281/1/3685 4287/1/3707
f 4282/1/3703 4290/1/3693 4289/1/3694 4281/1/3685
f 4306/1/3289 4292/1/3711 4291/1/3712 4305/1/3678
f 4292/1/3711 4300/1/3260 4299/1/3261 4291/1/3712
f 4300/1/3260 4294/1/3267 4293/1/3266 4299/1/3261
f 4294/1/3267 4302/1/3286 4301/1/3713 4293/1/3266
f 4302/1/3286 4296/1/3265 4295/1/3264 4301/1/3713
f 4296/1/3265 4304/1/3290 4303/1/3291 4295/1/3264
f 4304/1/3290 4297/1/3263 4298/1/3262 4303/1/3291
f 4297/1/3263 4306/1/3289 4305/1/3678 4298/1/3262
f 4322/1/3788 4307/1/3733 4308/1/3732 4321/1/3738
f 4307/1/3733 4315/1/3741 4316/1/3790 4308/1/3732
f 4315/1/3741 4309/1/3785 4310/1/3734 4316/1/3790
f 4309/1/3785 4317/1/3791 4318/1/3805 4310/1/3734
f 4317/1/3791 4311/1/3737 4312/1/3736 4318/1/3805
f 4311/1/3737 4319/1/3745 4320/1/3744 4312/1/3736
f 4319/1/3745 4313/1/3783 4314/1/3782 4320/1/3744
f 4313/1/3783 4322/1/3788 4321/1/3738 4314/1/3782
f 4338/1/3275 4323/1/3280 4324/1/3281 4337/1/3683
f 4323/1/3280 4331/1/3749 4332/1/3272 4324/1/3281
f 4331/1/3749 4325/1/3279 4326/1/3278 4332/1/3272
f 4325/1/3279 4333/1/3806 4334/1/3271 4326/1/3278
f 4333/1/3806 4327/1/3285 4328/1/3284 4334/1/3271
f 4327/1/3285 4335/1/3276 4336/1/3277 4328/1/3284
f 4335/1/3276 4329/1/3283 4330/1/3803 4336/1/3277
f 4329/1/3283 4338/1/3275 4337/1/3683 4330/1/3803
f 4354/1/3809 4340/1/3754 4339/1/3755 4353/1/3761
f 4340/1/3754 4348/1/3762 4347/1/3763 4339/1/3755
f 4348/1/3762 4342/1/3756 4341/1/3757 4347/1/3763
f 4342/1/3756 4350/1/3808 4349/1/3772 4341/1/3757
f 4350/1/3808 4344/1/3768 4343/1/3807 4349/1/3772
f 4344/1/3768 4352/1/3773 4351/1/3759 4343/1/3807
f 4352/1/3773 4346/1/3752 4345/1/3753 4351/1/3759
f 4346/1/3752 4354/1/3809 4353/1/3761 4345/1/3753
f 4370/1/3286 4356/1/3265 4355/1/3264 4369/1/3287
f 4356/1/3265 4364/1/3290 4363/1/3291 4355/1/3264
f 4364/1/3290 4358/1/3263 4357/1/3262 4363/1/3291
f 4358/1/3263 4366/1/3289 4365/1/3678 4357/1/3262
f 4366/1/3289 4360/1/3711 4359/1/3268 4365/1/3678
f 4360/1/3711 4368/1/3260 4367/1/3261 4359/1/3268
f 4368/1/3260 4362/1/3267 4361/1/3266 4367/1/3261
f 4362/1/3267 4370/1/3286 4369/1/3287 4361/1/3266
f 4386/1/3791 4372/1/3737 4371/1/3736 4385/1/3805
f 4372/1/3737 4379/1/3745 4380/1/3786 4371/1/3736
f 4379/1/3745 4373/1/3783 4374/1/3782 4380/1/3786
f 4373/1/3783 4381/1/3788 4382/1/3738 4374/1/3782
f 4381/1/3788 4375/1/3733 4376/1/3732 4382/1/3738
f 4375/1/3733 4383/1/3741 4384/1/3790 4376/1/3732
f 4383/1/3741 4377/1/3785 4378/1/3734 4384/1/3790
f 4377/1/3785 4386/1/3791 4385/1/3805 4378/1/3734
f 4402/1/3749 4387/1/3279 4388/1/3278 4401/1/3272
f 4387/1/3279 4395/1/3270 4396/1/3271 4388/1/3278
f 4395/1/3270 4389/1/3285 4390/1/3810 4396/1/3271
f 4389/1/3285 4397/1/3684 4398/1/3277 4390/1/3810
f 4397/1/3684 4391/1/3283 4392/1/3803 4398/1/3277
f 4391/1/3283 4399/1/3275 4400/1/3683 4392/1/3803
f 4399/1/3275 4393/1/3280 4394/1/3281 4400/1/3683
f 4393/1/3280 4402/1/3749 4401/1/3272 4394/1/3281
f 4468/1/3876 4409/1/3817 4410/1584/3818 4467/1587/3875
f 4470/1/3878 4417/1/3825 4418/1556/3826 4469/1/3877
f 4472/1/3880 4425/1/3833 4426/1658/3834 4471/1661/3879
f 4474/1/3882 4433/1/3841 4434/1629/3842 4473/1631/3881
f 4476/1/3884 4441/1/3849 4442/1518/3850 4475/1519/3883
f 4478/1/3886 4449/1/3857 4450/1529/3858 4477/1532/3885
f 4480/1/3888 4457/1/3865 4458/1606/3866 4479/1609/3887
f 4482/1/3890 4465/1/3873 4466/1495/3874 4481/1/3889
f 4484/942/3892 4403/946/3811 4404/1/3812 4483/1/3891
f 4486/1/3894 4404/1/3812 4403/1571/3811 4485/1573/3893
f 4488/1/3896 4407/1/3815 4408/1578/3816 4487/1/3895
f 4490/1591/3898 4411/1593/3819 4412/1/3820 4489/1/3897
f 4492/1/3900 4412/1/3820 4411/1543/3819 4491/1545/3899
f 4494/1569/3902 4413/1570/3821 4414/1/3822 4493/1/3901
f 4496/1565/3904 4419/1568/3827 4420/1/3828 4495/1/3903
f 4498/1/3906 4420/1/3828 4419/1649/3827 4497/1/3905
f 4500/1/3908 4423/1/3831 4424/1665/3832 4499/1666/3907
f 4502/1653/3910 4427/1/3835 4428/1/3836 4501/1/3909
f 4504/1/3912 4428/1/3836 4427/1644/3835 4503/1643/3911
f 4506/1641/3914 4429/1642/3837 4430/1/3838 4505/1/3913
f 4508/1639/3916 4435/1640/3843 4436/1/3844 4507/1/3915
f 4510/1/3918 4436/1/3844 4435/1505/3843 4509/1508/3917
f 4512/1/3920 4439/1/3847 4440/1511/3848 4511/785/3919
f 4514/1501/3922 4443/1500/3851 4444/1/3852 4513/1/3921
f 4516/1535/3924 4450/1538/3858 4449/1/3857 4515/1/3923
f 4518/1520/3926 4445/1521/3853 4446/1/3854 4517/1/3925
f 4520/1539/3928 4451/1542/3859 4452/1/3860 4519/1/3927
f 4522/1614/3930 4458/1616/3866 4457/1/3865 4521/1/3929
f 4524/1610/3932 4453/1622/3861 4454/1/3862 4523/1/3931
f 4526/1617/3934 4459/1619/3867 4460/1/3868 4525/1/3933
f 4528/1477/3936 4466/1478/3874 4465/1/3873 4527/1/3935
f 4530/1481/3938 4461/1484/3869 4462/1/3870 4529/1/3937
f 4407/1/3815 4468/1/3876 4467/1580/3875 4408/1583/3816
f 4416/1/3824 4470/1/3878 4469/1547/3877 4415/1546/3823
f 4423/1/3831 4472/1/3880 4471/1662/3879 4424/1664/3832
f 4432/1/3840 4474/1/3882 4473/1623/3881 4431/1626/3839
f 4439/1/3847 4476/1/3884 4475/1514/3883 4440/1517/3848
f 4448/1/3856 4478/1/3886 4477/1524/3885 4447/1527/3855
f 4456/1/3864 4480/1/3888 4479/1600/3887 4455/1/3863
f 4464/1/3872 4482/1/3890 4481/1490/3889 4463/1489/3871
f 4406/1594/3814 4484/1595/3892 4483/1/3891 4405/1/3813
f 4409/1/3817 4486/1/3894 4485/1588/3893 4410/1590/3818
f 4405/1/3813 4488/1/3896 4487/1575/3895 4406/1574/3814
f 4413/1550/3821 4490/1555/3898 4489/1/3897 4414/1/3822
f 4417/1/3825 4492/1/3900 4491/1562/3899 4418/1564/3826
f 4415/1558/3823 4494/1561/3902 4493/1/3901 4416/1/3824
f 4422/1650/3830 4496/1652/3904 4495/1/3903 4421/1/3829
f 4425/1/3833 4498/1/3906 4497/1655/3905 4426/1654/3834
f 4421/1/3829 4500/1/3908 4499/1646/3907 4422/1648/3830
f 4429/1627/3837 4502/1628/3910 4501/1/3909 4430/1/3838
f 4433/1/3841 4504/1/3912 4503/1635/3911 4434/1638/3842
f 4431/1632/3839 4506/1634/3914 4505/1/3913 4432/1/3840
f 4438/1503/3846 4508/1502/3916 4507/1/3915 4437/1/3845
f 4441/1/3849 4510/1/3918 4509/1496/3917 4442/1499/3850
f 4437/1/3845 4512/1/3920 4511/1509/3919 4438/1/3846
f 4445/1528/3853 4514/1/3922 4513/1/3921 4446/1/3854
f 4443/1522/3851 4516/1523/3924 4515/1/3923 4444/1/3852
f 4447/1533/3855 4518/1534/3926 4517/1/3925 4448/1/3856
f 4453/1602/3861 4520/1605/3928 4519/1/3927 4454/1/3862
f 4451/1596/3859 4522/1599/3930 4521/1/3929 4452/1/3860
f 4455/1611/3863 4524/1610/3932 4523/1/3931 4456/1/3864
f 4461/1492/3869 4526/1494/3934 4525/1/3933 4462/1/3870
f 4459/1485/3867 4528/1488/3936 4527/1/3935 4460/1/3868
f 4463/1473/3871 4530/1476/3938 4529/1/3937 4464/1/3872
f 4531/1486/3939 4534/1618/3942 4535/952/3943 4532/954/3940
f 4534/1493/3942 4536/1483/3944 4537/955/3945 4535/956/3943
f 4536/1483/3944 4538/1482/3946 4539/957/3947 4537/958/3945
f 4538/1475/3946 4541/1474/3949 4540/959/3948 4539/960/3947
f 4543/996/3951 4557/995/3965 4558/1725/3966 4544/239/3952
f 4544/949/3952 4546/948/3954 4545/997/3953 4543/996/3951
f 4546/1682/3954 4548/1004/3956 4547/998/3955 4545/997/3953
f 4548/1004/3956 4550/1003/3958 4549/999/3957 4547/998/3955
f 4550/1006/3958 4552/1005/3960 4551/413/3959 4549/999/3957
f 4552/133/3960 4554/1007/3962 4553/323/3961 4551/413/3959
f 4554/134/3962 4556/1008/3964 4555/1000/3963 4553/323/3961
f 4556/1010/3964 4558/1009/3966 4557/995/3965 4555/1000/3963
f 4560/1011/3968 4571/1013/3979 4572/1657/3980 4559/1656/3967
f 4559/1/3967 4561/1567/3969 4562/1014/3970 4560/1017/3968
f 4561/1567/3969 4563/1566/3971 4564/1018/3972 4562/1019/3970
f 4563/1651/3971 4566/1647/3974 4565/1020/3973 4564/1021/3972
f 4568/1660/3976 4572/1659/3980 4571/1029/3979 4569/1030/3977
f 4573/1726/3981 4584/237/3992 4583/1071/3991 4574/1070/3982
f 4574/1032/3982 4576/1031/3984 4575/1065/3983 4573/1064/3981
f 4576/1031/3984 4578/1681/3986 4577/1066/3985 4575/1065/3983
f 4578/1073/3986 4580/1072/3988 4579/1067/3987 4577/1066/3985
f 4580/1075/3988 4582/1074/3990 4581/1068/3989 4579/1067/3987
f 4585/1633/3993 4588/1625/3996 4589/1083/3997 4586/1084/3994
f 4588/1625/3996 4590/1624/3998 4591/1085/3999 4589/1086/3997
f 4590/1624/3998 4592/1630/4000 4593/1087/4001 4591/1089/3999
f 4592/1637/4000 4595/1636/4003 4594/1090/4002 4593/1092/4001
f 4597/1727/4005 4611/1728/4019 4612/334/4020 4598/1136/4006
f 4598/1081/4006 4600/246/4008 4599/1131/4007 4597/1130/4005
f 4600/246/4008 4602/1138/4010 4601/1132/4009 4599/1131/4007
f 4602/1138/4010 4604/1137/4012 4603/1133/4011 4601/1132/4009
f 4604/1140/4012 4606/1139/4014 4605/1134/4013 4603/1133/4011
f 4606/1142/4014 4608/1141/4016 4607/1135/4015 4605/1134/4013
f 4608/1141/4016 4610/1143/4018 4609/655/4017 4607/1135/4015
f 4610/1144/4018 4612/334/4020 4611/1129/4019 4609/655/4017
f 4614/1145/4022 4627/1146/4035 4628/1613/4036 4613/1612/4021
f 4613/1/4021 4615/1601/4023 4616/1147/4024 4614/1149/4022
f 4615/1608/4023 4617/1607/4025 4618/1150/4026 4616/1151/4024
f 4617/1615/4025 4619/1598/4027 4620/1152/4028 4618/1154/4026
f 4619/1598/4027 4621/1597/4029 4622/1155/4030 4620/1157/4028
f 4621/1541/4029 4623/1540/4031 4624/1158/4032 4622/1160/4030
f 4623/1604/4031 4625/1603/4033 4626/1161/4034 4624/1162/4032
f 4625/1621/4033 4628/1620/4036 4627/1163/4035 4626/1164/4034
f 4629/236/4037 4641/1728/4049 4642/1211/4050 4630/416/4038
f 4631/1214/4039 4634/1678/4042 4633/1207/4041 4632/1206/4040
f 4634/1213/4042 4636/1212/4044 4635/1208/4043 4633/1207/4041
f 4636/1212/4044 4638/1216/4046 4637/1209/4045 4635/1208/4043
f 4638/1216/4046 4640/1217/4048 4639/1210/4047 4637/1209/4045
f 4640/1217/4048 4642/1218/4050 4641/1204/4049 4639/1210/4047
f 4644/1219/4052 4657/1220/4065 4656/1577/4064 4643/1576/4051
f 4643/1/4051 4645/1579/4053 4646/1221/4054 4644/1223/4052
f 4645/1582/4053 4647/1581/4055 4648/1224/4056 4646/1225/4054
f 4647/1586/4055 4649/1585/4057 4650/1226/4058 4648/1227/4056
f 4649/1585/4057 4651/1589/4059 4652/1228/4060 4650/1230/4058
f 4651/1572/4059 4654/945/4062 4653/1231/4061 4652/1233/4060
f 4659/1729/4067 4669/1728/4077 4670/1272/4078 4660/1271/4068
f 4661/1680/4069 4664/1679/4072 4663/1268/4071 4662/1267/4070
f 4664/1274/4072 4666/1273/4074 4665/1269/4073 4663/1268/4071
f 4666/1277/4074 4668/510/4076 4667/1270/4075 4665/1269/4073
f 4668/1279/4076 4670/1278/4078 4669/1265/4077 4667/1270/4075
f 4672/1280/4080 4687/1281/4095 4688/1549/4096 4671/1548/4079
f 4671/1/4079 4673/1557/4081 4674/1282/4082 4672/1284/4080
f 4673/1563/4081 4675/1544/4083 4676/1285/4084 4674/1286/4082
f 4675/1544/4083 4677/865/4085 4678/1287/4086 4676/1289/4084
f 4677/865/4085 4680/1592/4088 4679/1290/4087 4678/1291/4086
f 4682/1551/4090 4685/1560/4093 4686/1294/4094 4683/1296/4091
f 4685/1560/4093 4688/1559/4096 4687/1297/4095 4686/1298/4094
f 4689/1730/4097 4703/1731/4111 4704/1341/4112 4690/1340/4098
f 4690/1300/4098 4692/538/4100 4691/1334/4099 4689/1333/4097
f 4692/1687/4100 4694/1686/4102 4693/1335/4101 4691/1334/4099
f 4694/1343/4102 4696/1342/4104 4695/1336/4103 4693/1335/4101
f 4696/1345/4104 4698/1344/4106 4697/1337/4105 4695/1336/4103
f 4698/1347/4106 4700/1346/4108 4699/1338/4107 4697/1337/4105
f 4700/1349/4108 4702/1348/4110 4701/1339/4109 4699/1338/4107
f 4702/596/4110 4704/1350/4112 4703/1332/4111 4701/1339/4109
f 4705/1531/4113 4708/1530/4116 4709/1357/4117 4706/1359/4114
f 4708/1537/4116 4711/1536/4119 4710/1360/4118 4709/1362/4117
f 4713/1732/4121 4727/1733/4135 4728/1405/4136 4714/1404/4122
f 4714/1365/4122 4716/613/4124 4715/1398/4123 4713/1397/4121
f 4716/1685/4124 4718/1684/4126 4717/1399/4125 4715/1398/4123
f 4718/1407/4126 4720/1406/4128 4719/1400/4127 4717/1399/4125
f 4720/1408/4128 4722/660/4130 4721/1401/4129 4719/1400/4127
f 4723/1409/4131 4726/666/4134 4725/1403/4133 4724/1402/4132
f 4726/1412/4134 4728/657/4136 4727/1396/4135 4725/1403/4133
f 4729/1/4137 4732/1510/4140 4733/1416/4141 4730/1418/4138
f 4732/1513/4140 4734/1512/4142 4735/1419/4143 4733/1420/4141
f 4734/1516/4142 4736/1515/4144 4737/1421/4145 4735/1423/4143
f 4736/1515/4144 4738/1498/4146 4739/1424/4147 4737/1425/4145
f 4738/1498/4146 4741/1497/4149 4740/1426/4148 4739/1428/4147
f 4743/1734/4151 4757/1735/4165 4758/1463/4166 4744/1462/4152
f 4744/697/4152 4746/1433/4154 4745/1457/4153 4743/1456/4151
f 4746/1683/4154 4748/737/4156 4747/1458/4155 4745/1457/4153
f 4748/1465/4156 4750/1464/4158 4749/1459/4157 4747/1458/4155
f 4750/1467/4158 4752/1466/4160 4751/1460/4159 4749/1459/4157
f 4752/1469/4160 4754/1468/4162 4753/1461/4161 4751/1460/4159
f 4754/1471/4162 4756/1470/4164 4755/1403/4163 4753/1461/4161
f 4756/741/4164 4758/1472/4166 4757/1455/4165 4755/1403/4163
f 1532/1/1466 766/1/734 767/1/735 1545/1/1479
