# Blender 4.4.3
# www.blender.org
mtllib Straight.mtl
o Straight
v -0.673792 2.874239 -0.683578
v 0.000153 2.874239 -0.964034
v 0.674098 2.874239 -0.683578
v 0.000153 2.874239 0.951042
v -0.673792 2.874239 0.670585
v -0.952949 2.874239 -0.006496
v 0.953255 2.874239 -0.006496
v 0.674097 2.874239 0.670585
v -0.398469 2.874239 -0.006496
v -0.280806 2.874239 0.278888
v 0.000153 2.874239 0.395807
v 0.281112 2.874239 -0.291880
v 0.000153 2.874239 -0.408799
v -0.280806 2.874239 -0.291880
v 0.281112 2.874239 0.278888
v 0.398774 2.874239 -0.006496
v -0.033908 3.822106 -0.006496
v 0.000153 3.822106 0.027907
v 0.034214 3.822106 -0.006496
v 0.000153 3.822106 -0.040899
v -0.118857 3.822105 -0.006496
v -0.058519 3.822106 0.053214
v -0.120867 3.822105 0.116666
v 0.000153 3.822105 -0.126700
v -0.058519 3.822106 -0.066206
v -0.120867 3.822105 -0.129658
v 0.119162 3.822105 -0.006496
v 0.058824 3.822106 -0.066206
v 0.121173 3.822105 -0.129658
v 0.000153 3.822105 0.113708
v 0.058824 3.822106 0.053214
v 0.121173 3.822105 0.116666
v -0.207088 3.822105 -0.006496
v -0.173258 3.822105 0.169983
v 0.000153 3.822105 0.202831
v 0.173563 3.822105 0.169983
v 0.207393 3.822105 -0.006496
v 0.173563 3.822105 -0.182976
v 0.000153 3.822105 -0.215823
v -0.173258 3.822105 -0.182976
v 0.000153 3.822106 -0.006496
v 0.702621 2.846360 -0.249130
v 0.666337 2.846360 -0.336494
v 0.579446 2.846360 -0.373894
v 0.699425 2.863098 -0.246027
v 0.663602 2.867531 -0.332996
v 0.576705 2.870587 -0.369137
v 0.489637 2.870476 -0.333279
v 0.453402 2.867263 -0.246427
v 0.489225 2.862830 -0.159458
v 0.576122 2.859774 -0.123317
v 0.663189 2.859885 -0.159175
v 0.701176 2.890457 -0.246212
v 0.665347 2.892175 -0.332493
v 0.580302 2.906528 -0.368447
v 0.495860 2.925107 -0.333011
v 0.461487 2.937029 -0.246945
v 0.497316 2.935311 -0.160663
v 0.582361 2.920959 -0.124709
v 0.666802 2.902380 -0.160145
v 0.706829 2.913372 -0.248874
v 0.670622 2.912853 -0.334230
v 0.589671 2.938779 -0.371268
v 0.511397 2.975963 -0.338291
v 0.481652 3.002623 -0.254617
v 0.517859 3.003142 -0.169261
v 0.598809 2.977216 -0.132223
v 0.677083 2.940032 -0.165200
v 0.715933 2.932911 -0.253557
v 0.679170 2.930792 -0.337864
v 0.604631 2.967595 -0.377273
v 0.535978 3.021762 -0.348698
v 0.513429 3.061562 -0.268879
v 0.550191 3.063681 -0.184572
v 0.624731 3.026878 -0.145163
v 0.693383 2.972711 -0.173738
v 0.728757 2.949970 -0.260222
v 0.691497 2.946907 -0.343491
v 0.625355 2.992961 -0.386337
v 0.569079 3.061154 -0.363663
v 0.555632 3.111539 -0.288750
v 0.592893 3.114601 -0.205481
v 0.659034 3.068547 -0.162634
v 0.715311 3.000355 -0.185309
v 0.746058 2.964818 -0.269091
v 0.708552 2.961349 -0.351441
v 0.652167 3.014405 -0.398408
v 0.609932 3.092909 -0.382479
v 0.606587 3.150872 -0.312986
v 0.644093 3.154341 -0.230636
v 0.700479 3.101284 -0.183669
v 0.742714 3.022781 -0.199597
v 0.768686 2.976968 -0.280415
v 0.731293 2.973433 -0.362020
v 0.685297 3.031036 -0.413366
v 0.657642 3.116033 -0.404376
v 0.664527 3.178634 -0.340315
v 0.701921 3.182169 -0.258710
v 0.747917 3.124566 -0.207364
v 0.775572 3.039569 -0.216354
v 0.797272 2.985348 -0.294295
v 0.760360 2.981890 -0.375329
v 0.724753 3.041713 -0.430956
v 0.711308 3.129774 -0.428589
v 0.727902 3.194487 -0.369616
v 0.764814 3.197944 -0.288581
v 0.800421 3.138121 -0.232955
v 0.813866 3.050061 -0.235321
v 0.832109 2.988576 -0.310619
v 0.795993 2.985183 -0.391223
v 0.770311 3.045233 -0.450783
v 0.770107 3.133549 -0.454410
v 0.795501 3.198398 -0.399978
v 0.831618 3.201791 -0.319374
v 0.857300 3.141741 -0.259814
v 0.857504 3.053424 -0.256188
v 0.873174 2.985193 -0.329088
v 0.838083 2.981756 -0.409355
v 0.821573 3.040441 -0.472358
v 0.833315 3.126870 -0.481192
v 0.866431 3.190415 -0.430682
v 0.901523 3.193851 -0.350415
v 0.918033 3.135167 -0.287412
v 0.906291 3.048737 -0.278578
v 0.920203 2.973785 -0.349263
v 0.886279 2.970152 -0.429238
v 0.878038 3.026275 -0.495134
v 0.900305 3.109277 -0.508350
v 0.940038 3.170538 -0.461144
v 0.973962 3.174171 -0.381169
v 0.982204 3.118048 -0.315274
v 0.959936 3.035046 -0.302058
v 0.356417 2.846360 -0.579569
v 0.332841 2.846360 -0.671267
v 0.092377 2.939131 -0.617933
v 0.107274 2.943711 -0.522131
v 0.183068 2.940451 -0.468004
v 0.273645 2.931307 -0.485733
v 0.327159 2.924371 -0.563127
v 0.314334 2.923743 -0.656513
v 0.240950 2.926903 -0.712731
v 0.148336 2.932073 -0.697432
v 0.081795 3.025987 -0.638403
v 0.096815 3.045981 -0.549990
v 0.174774 3.052461 -0.495798
v 0.268472 3.038440 -0.510384
v 0.320346 3.013256 -0.581111
v 0.302244 2.985471 -0.673427
v 0.228980 2.987446 -0.724540
v 0.137164 3.003906 -0.710064
v 0.121141 3.112634 -0.693236
v 0.162517 3.157593 -0.624995
v 0.247998 3.159341 -0.581781
v 0.319200 3.118656 -0.583821
v 0.344916 3.061805 -0.636275
v 0.313443 3.014762 -0.715017
v 0.238396 3.022466 -0.758011
v 0.156917 3.061808 -0.746969
v 0.190709 3.159527 -0.778902
v 0.267952 3.204535 -0.754184
v 0.343751 3.195300 -0.713409
v 0.382524 3.141509 -0.683485
v 0.375983 3.072875 -0.696929
v 0.326951 3.023397 -0.748730
v 0.251801 3.036270 -0.787618
v 0.187119 3.089856 -0.795324
v 0.249358 3.159111 -0.869218
v 0.343315 3.198562 -0.863192
v 0.417687 3.188821 -0.819875
v 0.437073 3.134309 -0.768807
v 0.401080 3.069740 -0.741241
v 0.334332 3.024438 -0.764427
v 0.261023 3.039163 -0.804650
v 0.216838 3.094190 -0.841898
v 0.294363 3.129282 -0.942830
v 0.393276 3.157619 -0.954522
v 0.467635 3.148781 -0.908027
v 0.477272 3.109600 -0.832592
v 0.418964 3.060632 -0.771744
v 0.338779 3.023105 -0.772547
v 0.269138 3.037230 -0.817206
v 0.242958 3.083377 -0.881905
v 0.328797 3.075235 -0.999920
v 0.430241 3.088124 -1.021246
v 0.502473 3.083639 -0.970936
v 0.505190 3.065680 -0.879843
v 0.438521 3.044913 -0.796845
v 0.349978 3.015982 -0.786501
v 0.284259 3.026873 -0.836026
v 0.269120 3.055197 -0.919571
v 0.359005 3.002312 -1.040132
v 0.458553 3.001504 -1.063989
v 0.529186 3.002623 -1.011407
v 0.529898 3.005296 -0.913848
v 0.462950 3.014595 -0.819826
v 0.373136 2.997547 -0.805428
v 0.309499 3.001259 -0.859798
v 0.297105 3.006152 -0.953588
v 0.388777 2.910844 -1.066951
v 0.483841 2.900677 -1.088700
v 0.553349 2.906980 -1.035346
v 0.555663 2.926518 -0.937799
v 0.491409 2.956786 -0.843961
v 0.406961 2.961453 -0.824139
v 0.341074 2.952617 -0.883962
v 0.327623 2.933952 -0.982434
v 0.417990 2.796296 -1.081770
v 0.508253 2.783064 -1.098857
v 0.576748 2.792972 -1.045953
v 0.583143 2.823491 -0.952977
v 0.522433 2.864425 -0.868486
v 0.440837 2.882869 -0.849846
v 0.371260 2.863623 -0.911509
v 0.363656 2.834334 -1.005370
v 0.442796 2.657686 -1.081408
v 0.529050 2.646654 -1.094293
v 0.596927 2.658727 -1.042526
v 0.607442 2.691543 -0.956106
v 0.556746 2.739088 -0.884211
v 0.475412 2.761131 -0.874011
v 0.410564 2.742898 -0.931700
v 0.395795 2.698833 -1.015637
v 0.501853 2.599252 -0.876214
v 0.435242 2.580101 -0.929304
v -0.284769 2.846360 -0.472874
v -0.190084 2.846360 -0.474743
v -0.123823 2.846360 -0.542405
v -0.294026 2.961998 -0.501191
v -0.200393 2.971566 -0.504008
v -0.133718 2.955367 -0.568496
v -0.133058 2.922890 -0.656878
v -0.198800 2.893158 -0.717381
v -0.292433 2.883590 -0.714564
v -0.359108 2.899789 -0.650076
v -0.359767 2.932266 -0.561695
v -0.306805 3.053104 -0.548389
v -0.214496 3.066734 -0.553342
v -0.146605 3.038885 -0.611191
v -0.142901 2.985871 -0.688048
v -0.205555 2.938747 -0.738892
v -0.297863 2.925118 -0.733939
v -0.365755 2.952967 -0.676090
v -0.369458 3.005980 -0.599233
v -0.322971 3.121934 -0.614923
v -0.232330 3.139397 -0.623653
v -0.162140 3.100122 -0.669780
v -0.153516 3.027115 -0.726282
v -0.211511 2.963143 -0.760063
v -0.302152 2.945680 -0.751333
v -0.372342 2.984956 -0.705207
v -0.380966 3.057962 -0.648704
v -0.341472 3.162291 -0.697766
v -0.252751 3.182231 -0.711724
v -0.179368 3.135224 -0.741199
v -0.164307 3.048806 -0.768926
v -0.216393 2.973599 -0.778663
v -0.305113 2.953660 -0.764705
v -0.378497 3.000667 -0.735230
v -0.393557 3.087085 -0.707503
v -0.360010 3.169499 -0.787876
v -0.273176 3.189802 -0.807344
v -0.196541 3.141493 -0.818513
v -0.174997 3.052871 -0.814840
v -0.221164 2.975850 -0.798476
v -0.307999 2.955548 -0.779008
v -0.384634 3.003857 -0.767840
v -0.406178 3.092478 -0.771513
v -0.376299 3.145457 -0.874860
v -0.291059 3.164386 -0.898861
v -0.211959 3.120560 -0.894093
v -0.185335 3.039651 -0.863349
v -0.226783 2.969055 -0.824639
v -0.312023 2.950125 -0.800638
v -0.391123 2.993952 -0.805406
v -0.417747 3.074861 -0.836150
v -0.389213 3.095808 -0.952884
v -0.305228 3.112544 -0.980023
v -0.224699 3.076368 -0.963392
v -0.194800 3.008471 -0.912735
v -0.233044 2.948626 -0.857726
v -0.317030 2.931890 -0.830587
v -0.397558 2.968066 -0.847218
v -0.427458 3.035963 -0.897875
v -0.398429 3.025085 -1.020049
v -0.315436 3.039459 -1.049148
v -0.234347 3.012024 -1.024393
v -0.202661 2.958852 -0.960285
v -0.238940 2.911090 -0.894379
v -0.321932 2.896717 -0.865280
v -0.403022 2.924151 -0.890036
v -0.434708 2.977323 -0.954143
v -0.403749 2.935771 -1.075473
v -0.321575 2.947892 -1.105696
v -0.240554 2.929262 -1.075673
v -0.208146 2.890794 -1.002989
v -0.243337 2.855021 -0.930223
v -0.325511 2.842900 -0.899999
v -0.406532 2.861530 -0.930023
v -0.438939 2.899998 -1.002707
v -0.404862 2.829188 -1.117985
v -0.323393 2.839257 -1.148764
v -0.242888 2.829066 -1.115583
v -0.210506 2.804585 -1.037879
v -0.245215 2.780154 -0.961169
v -0.326684 2.770085 -0.930390
v -0.407189 2.780276 -0.963571
v -0.439572 2.804757 -1.041276
v -0.401344 2.706200 -1.145984
v -0.320505 2.714434 -1.176925
v -0.240839 2.712128 -1.142169
v -0.209013 2.700634 -1.062076
v -0.243670 2.686683 -0.983563
v -0.324508 2.678449 -0.952622
v -0.404174 2.680755 -0.987378
v -0.436000 2.692250 -1.067471
v -0.635098 2.925922 -0.354553
v -0.694160 2.917079 -0.281751
v -0.685279 2.920124 -0.188058
v -0.613659 2.933274 -0.128357
v -0.521252 2.948825 -0.137621
v -0.462191 2.957667 -0.210423
v -0.471071 2.954622 -0.304116
v -0.542692 2.941473 -0.363817
v -0.650925 2.975631 -0.355953
v -0.705298 2.954032 -0.283095
v -0.699066 2.964866 -0.190493
v -0.635881 3.001787 -0.132393
v -0.552755 3.043168 -0.142828
v -0.498382 3.064768 -0.215686
v -0.504614 3.053934 -0.308288
v -0.567799 3.017012 -0.366388
v -0.678357 3.014352 -0.359968
v -0.725030 2.982691 -0.286374
v -0.723820 3.000429 -0.195375
v -0.675436 3.057175 -0.140277
v -0.608220 3.119689 -0.153356
v -0.561548 3.151350 -0.226951
v -0.562758 3.133612 -0.317950
v -0.611142 3.076865 -0.373047
v -0.715683 3.043604 -0.366582
v -0.753501 3.005533 -0.291856
v -0.758982 3.028370 -0.202906
v -0.728915 3.098739 -0.151838
v -0.680913 3.175417 -0.168567
v -0.643095 3.213489 -0.243294
v -0.637614 3.190651 -0.332243
v -0.667681 3.120283 -0.383311
v -0.760794 3.062733 -0.375766
v -0.790002 3.021468 -0.299769
v -0.803184 3.047380 -0.213246
v -0.792619 3.125290 -0.166881
v -0.764495 3.209561 -0.187833
v -0.735287 3.250826 -0.263830
v -0.722105 3.224914 -0.350353
v -0.732670 3.147004 -0.396718
v -0.810321 3.070450 -0.387243
v -0.831698 3.028397 -0.309946
v -0.853313 3.055355 -0.226242
v -0.862505 3.135532 -0.185164
v -0.853888 3.221962 -0.210775
v -0.832511 3.264015 -0.288072
v -0.810896 3.237057 -0.371776
v -0.801704 3.156880 -0.412854
v -0.860293 3.065964 -0.400547
v -0.874700 3.024959 -0.321927
v -0.905365 3.050736 -0.241519
v -0.934326 3.128195 -0.206426
v -0.944617 3.211962 -0.237205
v -0.930210 3.252967 -0.315825
v -0.899545 3.227190 -0.396232
v -0.870584 3.149731 -0.431325
v -0.907154 3.049099 -0.415233
v -0.915517 3.010684 -0.335262
v -0.955486 3.032611 -0.258694
v -1.003649 3.102036 -0.230382
v -1.031791 3.178290 -0.266910
v -1.023428 3.216705 -0.346881
v -0.983459 3.194778 -0.423449
v -0.935296 3.125353 -0.451761
v -0.948457 3.019502 -0.431174
v -0.951957 2.984969 -0.349883
v -1.000548 3.000057 -0.277605
v -1.065767 3.055927 -0.256679
v -1.109410 3.119852 -0.299363
v -1.105911 3.154384 -0.380654
v -1.057320 3.139296 -0.452932
v -0.992100 3.083426 -0.473859
v -0.982520 2.975377 -0.448739
v -0.982670 2.945536 -0.366305
v -1.037852 2.951222 -0.298418
v -1.115741 2.989106 -0.284846
v -1.170710 3.036994 -0.333539
v -1.170560 3.066835 -0.415974
v -1.115379 3.061148 -0.483861
v -1.037490 3.023265 -0.497432
v -1.006811 2.913101 -0.468543
v -1.005214 2.888031 -0.385303
v -1.064000 2.883151 -0.321424
v -1.148732 2.901320 -0.314327
v -1.209776 2.931893 -0.368168
v -1.211373 2.956963 -0.451408
v -1.152587 2.961843 -0.515287
v -1.067855 2.943674 -0.522384
v -1.014659 2.808160 -0.407160
v -0.475848 2.846360 0.164420
v -0.654072 2.924787 0.125558
v -0.705857 2.895430 0.198518
v -0.691429 2.886638 0.291153
v -0.619241 2.903559 0.349197
v -0.531580 2.936283 0.338650
v -0.479796 2.965639 0.265690
v -0.494223 2.974432 0.173056
v -0.566411 2.957510 0.115011
v -0.680600 2.970461 0.137434
v -0.717351 2.915954 0.203839
v -0.699096 2.900402 0.294150
v -0.636529 2.932914 0.355465
v -0.566300 2.994447 0.351866
v -0.529549 3.048954 0.285461
v -0.547804 3.064506 0.195150
v -0.610371 3.031994 0.133835
v -0.722832 3.004938 0.155249
v -0.741110 2.935489 0.213897
v -0.718146 2.915959 0.301579
v -0.667391 2.957791 0.366933
v -0.618578 3.036478 0.371674
v -0.600300 3.105928 0.313026
v -0.623265 3.125457 0.225344
v -0.674019 3.083626 0.159991
v -0.778303 3.028134 0.177991
v -0.780135 2.952128 0.229792
v -0.753057 2.930882 0.315109
v -0.712931 2.976842 0.383965
v -0.683262 3.063086 0.396025
v -0.681429 3.139092 0.344225
v -0.708507 3.160338 0.258907
v -0.748634 3.114378 0.190051
v -0.843455 3.039482 0.204215
v -0.831855 2.961621 0.250415
v -0.801520 2.939908 0.333720
v -0.770218 2.987062 0.405331
v -0.756287 3.075462 0.423299
v -0.767887 3.153324 0.377099
v -0.798223 3.175037 0.293794
v -0.829524 3.127882 0.222183
v -0.914253 3.038781 0.232296
v -0.891314 2.961613 0.273760
v -0.858328 2.940092 0.355302
v -0.834617 2.986823 0.429155
v -0.834071 3.074433 0.452057
v -0.857009 3.151600 0.410593
v -0.889996 3.173121 0.329051
v -0.913707 3.126390 0.255199
v -0.986600 3.026171 0.260593
v -0.953311 2.951465 0.297755
v -0.917992 2.930570 0.377668
v -0.901331 2.975726 0.453520
v -0.913089 3.060481 0.480877
v -0.946377 3.135187 0.443715
v -0.981697 3.156082 0.363802
v -0.998357 3.110926 0.287951
v -1.056443 3.002022 0.287486
v -1.012893 2.931611 0.320450
v -0.975326 2.911772 0.398784
v -0.965750 2.954126 0.476601
v -0.989774 3.033864 0.508316
v -1.033325 3.104275 0.475352
v -1.070891 3.124114 0.397018
v -1.080467 3.081759 0.319201
v -1.119807 2.966901 0.311393
v -1.065481 2.903347 0.340075
v -1.025604 2.885146 0.416831
v -1.023534 2.922961 0.496698
v -1.060484 2.994638 0.532891
v -1.114809 3.058192 0.504209
v -1.154686 3.076393 0.427453
v -1.156756 3.038579 0.347586
v -1.172900 2.921563 0.330814
v -1.107309 2.868757 0.355213
v -1.065052 2.853068 0.430407
v -1.070884 2.883685 0.512349
v -1.121388 2.942674 0.553039
v -1.186979 2.995480 0.528640
v -1.229236 3.011169 0.453446
v -1.223404 2.980552 0.371504
v -1.212360 2.866779 0.344420
v -1.136366 2.829961 0.365143
v -1.091964 2.817946 0.438927
v -1.105162 2.837772 0.522549
v -1.168229 2.877826 0.567026
v -1.244223 2.914644 0.546303
v -1.288626 2.926658 0.472519
v -1.275428 2.906832 0.388897
v -1.152780 2.786437 0.369850
v -1.107116 2.779107 0.442624
v -0.327080 2.921398 0.664011
v -0.240650 2.921247 0.699321
v -0.155253 2.936771 0.664922
v -0.120913 2.958878 0.580963
v -0.157747 2.974617 0.496627
v -0.244177 2.974768 0.461316
v -0.329574 2.959244 0.495716
v -0.363913 2.937137 0.579675
v -0.330651 2.957021 0.675590
v -0.245381 2.955192 0.709668
v -0.163941 2.987983 0.682687
v -0.134038 3.036184 0.610450
v -0.173188 3.071559 0.535274
v -0.258458 3.073387 0.501195
v -0.339897 3.040597 0.528177
v -0.369801 2.992396 0.600413
v -0.335553 2.979182 0.691824
v -0.251175 2.975619 0.723865
v -0.175504 3.022926 0.709908
v -0.152866 3.093391 0.658128
v -0.196523 3.145737 0.598858
v -0.280901 3.149300 0.566817
v -0.356572 3.101993 0.580775
v -0.379210 3.031528 0.632555
v -0.341974 2.993293 0.713451
v -0.258249 2.988461 0.742667
v -0.189236 3.044305 0.745009
v -0.175361 3.128110 0.719106
v -0.224753 3.190786 0.680132
v -0.308478 3.195617 0.650916
v -0.377492 3.139774 0.648573
v -0.391366 3.055968 0.674476
v -0.350665 3.000020 0.743337
v -0.267487 2.994758 0.769279
v -0.204813 3.052639 0.787750
v -0.199358 3.139757 0.787929
v -0.254317 3.205079 0.769712
v -0.337495 3.210341 0.743770
v -0.400168 3.152460 0.725299
v -0.405623 3.065342 0.725120
v -0.361509 2.996175 0.782251
v -0.278914 2.991381 0.804866
v -0.221566 3.046414 0.837099
v -0.223058 3.129037 0.860067
v -0.282518 3.190851 0.860317
v -0.365113 3.195646 0.837702
v -0.422461 3.140612 0.805470
v -0.420968 3.057989 0.782501
v -0.373414 2.977957 0.828196
v -0.291531 2.974405 0.847709
v -0.238349 3.023601 0.890716
v -0.245021 3.096727 0.932022
v -0.307638 3.150947 0.947432
v -0.389521 3.154499 0.927918
v -0.442703 3.105303 0.884912
v -0.436031 3.032177 0.843605
v -0.384839 2.942386 0.877812
v -0.303851 2.940669 0.894622
v -0.253777 2.982429 0.945545
v -0.263948 3.043202 1.000750
v -0.328406 3.087389 1.027900
v -0.409394 3.089106 1.011089
v -0.459468 3.047346 0.960166
v -0.449297 2.986573 0.904961
v -0.394125 2.887229 0.927359
v -0.314238 2.887740 0.941966
v -0.266371 2.921407 0.998274
v -0.278562 2.968510 1.063299
v -0.343670 3.001455 1.098949
v -0.423556 3.000944 1.084342
v -0.471424 2.967276 1.028033
v -0.459233 2.920174 0.963009
v -0.399576 2.810708 0.972982
v -0.320995 2.813627 0.985928
v -0.274603 2.839222 1.045457
v -0.287576 2.872500 1.116698
v -0.352314 2.893966 1.157920
v -0.430895 2.891047 1.144974
v -0.477287 2.865452 1.085445
v -0.464314 2.832174 1.014204
v -0.399471 2.711381 1.010738
v -0.322376 2.716697 1.022541
v -0.276904 2.734723 1.083521
v -0.289691 2.754900 1.157956
v -0.353248 2.765408 1.202243
v -0.430343 2.760092 1.190440
v -0.475815 2.742066 1.129460
v -0.463027 2.721890 1.055025
v 0.198297 2.846360 0.461300
v 0.119424 2.846360 0.513633
v 0.099571 2.846360 0.606184
v 0.150370 2.846360 0.684738
v 0.289989 2.846360 0.479841
v 0.219836 3.017566 0.487054
v 0.140365 3.017647 0.537560
v 0.117173 2.992343 0.625244
v 0.163847 2.956477 0.698741
v 0.253045 2.931060 0.714998
v 0.332516 2.930980 0.664491
v 0.355707 2.956284 0.576807
v 0.309033 2.992149 0.503310
v 0.246002 3.114006 0.536943
v 0.165320 3.107454 0.583620
v 0.136693 3.061892 0.660013
v 0.176892 3.004010 0.721372
v 0.262367 2.967715 0.731755
v 0.343049 2.974267 0.685079
v 0.371676 3.019828 0.608685
v 0.331477 3.077710 0.547326
v 0.276722 3.184739 0.609891
v 0.194356 3.172925 0.650794
v 0.158272 3.110036 0.708586
v 0.189609 3.032912 0.749413
v 0.270010 2.986732 0.749359
v 0.352377 2.998546 0.708456
v 0.388460 3.061435 0.650664
v 0.357123 3.138558 0.609837
v 0.309737 3.223949 0.697746
v 0.225773 3.209497 0.732458
v 0.181741 3.137060 0.768202
v 0.203433 3.049069 0.784039
v 0.278143 2.997070 0.770692
v 0.362106 3.011522 0.735980
v 0.406139 3.083959 0.700236
v 0.384447 3.171950 0.684399
v 0.342471 3.232855 0.789559
v 0.257504 3.217977 0.819401
v 0.206720 3.143805 0.835240
v 0.219868 3.053787 0.827798
v 0.289247 3.000655 0.801434
v 0.374215 3.015533 0.771592
v 0.424999 3.089706 0.755753
v 0.411850 3.179724 0.763195
v 0.374049 3.217632 0.878819
v 0.288762 3.203287 0.905664
v 0.232950 3.131978 0.906242
v 0.239307 3.045477 0.880215
v 0.304109 2.994455 0.842829
v 0.389396 3.008800 0.815983
v 0.445207 3.080109 0.815405
v 0.438850 3.166610 0.841432
v 0.404878 3.183807 0.963369
v 0.319816 3.170045 0.988771
v 0.260375 3.103504 0.978320
v 0.261374 3.023165 0.938137
v 0.322228 2.976087 0.891762
v 0.407289 2.989850 0.866359
v 0.466730 3.056390 0.876811
v 0.465731 3.136730 0.916993
v 0.435627 3.134823 1.042277
v 0.351190 3.121260 1.067327
v 0.289039 3.060119 1.048887
v 0.285582 2.987214 0.997761
v 0.342843 2.945251 0.943897
v 0.427281 2.958814 0.918848
v 0.489431 3.019955 0.937287
v 0.492888 3.092861 0.988414
v 0.466827 3.072814 1.114333
v 0.383329 3.058871 1.139761
v 0.319016 3.003345 1.115394
v 0.311562 2.938763 1.055506
v 0.365333 2.902957 0.995178
v 0.448831 2.916900 0.969749
v 0.513144 2.972425 0.994116
v 0.520598 3.037007 1.054005
v 0.498849 2.999322 1.177776
v 0.416575 2.984283 1.204058
v 0.350391 2.934554 1.175204
v 0.339066 2.879265 1.108116
v 0.389235 2.850804 1.042093
v 0.471509 2.865843 1.015811
v 0.537694 2.915572 1.044666
v 0.549018 2.970861 1.111754
v 0.531947 2.915668 1.230357
v 0.451188 2.898690 1.257736
v 0.383250 2.855031 1.225515
v 0.367930 2.810265 1.152568
v 0.414203 2.790617 1.081626
v 0.494962 2.807595 1.054246
v 0.562901 2.851254 1.086468
v 0.578220 2.896020 1.159415
v 0.503600 2.846360 0.128154
v 0.448851 2.846360 0.205511
v 0.502579 2.943772 0.317792
v 0.565418 2.903132 0.364819
v 0.647238 2.871104 0.343798
v 0.700111 2.866448 0.267042
v 0.693064 2.891892 0.179515
v 0.630225 2.932531 0.132488
v 0.548404 2.964560 0.153510
v 0.495531 2.969216 0.230265
v 0.558170 3.032409 0.346398
v 0.605822 2.963952 0.385211
v 0.674557 2.909077 0.358230
v 0.724110 2.899931 0.281259
v 0.725454 2.941871 0.199388
v 0.677802 3.010329 0.160575
v 0.609067 3.065203 0.187556
v 0.559514 3.074349 0.264527
v 0.605401 3.071859 0.369432
v 0.643578 2.996208 0.403357
v 0.703186 2.934471 0.372263
v 0.749307 2.922812 0.294364
v 0.754925 2.968062 0.215292
v 0.716749 3.043712 0.181367
v 0.657141 3.105450 0.212461
v 0.611019 3.117108 0.290360
v 0.662375 3.105326 0.394893
v 0.689090 3.023640 0.423423
v 0.737287 2.955888 0.387547
v 0.778731 2.941758 0.308282
v 0.789147 2.989527 0.232060
v 0.762431 3.071213 0.203530
v 0.714235 3.138965 0.239405
v 0.672790 3.153095 0.318670
v 0.729079 3.129140 0.421603
v 0.741905 3.043168 0.444286
v 0.775968 2.970993 0.403047
v 0.811315 2.954895 0.322044
v 0.827240 3.004302 0.248727
v 0.814414 3.090274 0.226044
v 0.780351 3.162448 0.267283
v 0.745004 3.178547 0.348286
v 0.804779 3.139201 0.448035
v 0.801556 3.051743 0.464819
v 0.819045 2.977923 0.418068
v 0.847002 2.960983 0.335167
v 0.869050 3.010847 0.264680
v 0.872274 3.098305 0.247896
v 0.854784 3.172126 0.294647
v 0.826827 3.189065 0.377547
v 0.887609 3.131637 0.472333
v 0.867496 3.046341 0.483864
v 0.867350 2.974621 0.432199
v 0.887256 2.958491 0.347603
v 0.915555 3.007399 0.279631
v 0.935668 3.092695 0.268100
v 0.935814 3.164414 0.319765
v 0.915908 3.180545 0.404361
v 0.974932 3.103674 0.492677
v 0.939077 3.024031 0.500253
v 0.922342 2.958068 0.444984
v 0.934530 2.944424 0.359244
v 0.968501 2.991093 0.293260
v 1.004356 3.070736 0.285683
v 1.021091 3.136699 0.340953
v 1.008903 3.150342 0.426692
v 1.064480 3.053773 0.507707
v 1.015637 2.982024 0.512850
v 0.985092 2.924204 0.455545
v 0.990738 2.914183 0.369361
v 1.029266 2.957832 0.304783
v 1.078109 3.029581 0.299640
v 1.108654 3.087401 0.356945
v 1.103008 3.097421 0.443129
v 0.023656 -2.860005 -1.006221
v -0.023350 -2.860005 0.993227
v -0.723378 -2.860005 0.683795
v -0.999571 -2.860005 -0.030000
v -0.690139 -2.860005 -0.730028
v 0.690445 -2.860005 0.717034
v 0.999876 -2.860005 0.017006
v 0.723683 -2.860005 -0.696789
v 0.705171 -2.873866 -0.651148
v 0.045150 -2.873822 -0.962966
v -0.641229 -2.873861 -0.714490
v -0.044845 -2.874107 0.949994
v 0.641534 -2.874068 0.701518
v 0.952201 -2.873968 0.038304
v -0.951896 -2.873961 -0.051275
v -0.704866 -2.874063 0.638177
v 0.398333 -2.873966 0.012247
v 0.267390 -2.874008 0.291786
v -0.018753 -2.874024 0.395372
v -0.267085 -2.873921 -0.304758
v 0.019058 -2.873904 -0.408344
v 0.294212 -2.873923 -0.278351
v -0.293907 -2.874006 0.265380
v -0.398028 -2.873963 -0.025218
v 0.034179 -3.821830 -0.005026
v -0.001461 -3.821836 0.027738
v -0.033867 -3.821830 -0.008228
v 0.001773 -3.821826 -0.040992
v 0.119034 -3.821831 -0.001034
v 0.055956 -3.821839 0.055774
v 0.115254 -3.821849 0.122086
v 0.005805 -3.821812 -0.126698
v 0.061568 -3.821822 -0.063514
v 0.126830 -3.821812 -0.123966
v -0.118722 -3.821830 -0.012220
v -0.055645 -3.821821 -0.069028
v -0.114943 -3.821811 -0.135340
v -0.005493 -3.821848 0.113444
v -0.061257 -3.821839 0.050259
v -0.126518 -3.821848 0.110711
v 0.207167 -3.821831 0.003112
v 0.165081 -3.821857 0.177806
v -0.009681 -3.821861 0.202468
v -0.181357 -3.821856 0.161508
v -0.206856 -3.821829 -0.016366
v -0.164770 -3.821803 -0.191061
v 0.009993 -3.821799 -0.215723
v 0.181668 -3.821805 -0.174762
v 0.000156 -3.821830 -0.006627
v -0.690137 -2.846047 -0.281859
v -0.649789 -2.846034 -0.367421
v -0.561236 -2.846029 -0.400697
v -0.687090 -2.862785 -0.278611
v -0.647220 -2.867204 -0.363801
v -0.558721 -2.870255 -0.395819
v -0.473435 -2.870150 -0.355909
v -0.441321 -2.866951 -0.267450
v -0.481191 -2.862531 -0.182260
v -0.569690 -2.859480 -0.150242
v -0.654977 -2.859585 -0.190152
v -0.688831 -2.890144 -0.278882
v -0.648987 -2.891849 -0.363385
v -0.562346 -2.906197 -0.395305
v -0.479663 -2.924781 -0.355943
v -0.449372 -2.936717 -0.268358
v -0.489216 -2.935011 -0.183855
v -0.575857 -2.920664 -0.151935
v -0.658540 -2.902080 -0.191297
v -0.694352 -2.913058 -0.281811
v -0.654174 -2.912527 -0.365371
v -0.571572 -2.938447 -0.398568
v -0.494934 -2.975637 -0.361954
v -0.469154 -3.002309 -0.276979
v -0.509332 -3.002841 -0.193418
v -0.591934 -2.976920 -0.160222
v -0.668572 -2.939731 -0.196835
v -0.703226 -2.932597 -0.286920
v -0.662543 -2.930465 -0.369406
v -0.586233 -2.967263 -0.405273
v -0.518999 -3.021434 -0.373512
v -0.500226 -3.061246 -0.292727
v -0.540909 -3.063377 -0.210241
v -0.617219 -3.026580 -0.174373
v -0.684453 -2.972409 -0.206135
v -0.715723 -2.949655 -0.294182
v -0.674591 -2.946579 -0.375607
v -0.606509 -2.992627 -0.415305
v -0.551359 -3.060823 -0.390022
v -0.541448 -3.111220 -0.314567
v -0.582581 -3.114295 -0.233142
v -0.650663 -3.068247 -0.193444
v -0.705812 -3.000051 -0.218727
v -0.732588 -2.964501 -0.303857
v -0.691254 -2.961020 -0.384353
v -0.632723 -3.014070 -0.428626
v -0.591283 -3.092575 -0.410742
v -0.591208 -3.150549 -0.341176
v -0.632542 -3.154030 -0.260680
v -0.691073 -3.100980 -0.216407
v -0.732513 -3.022474 -0.234291
v -0.754659 -2.976649 -0.316233
v -0.713472 -2.973103 -0.395991
v -0.665114 -3.030698 -0.445127
v -0.637911 -3.115697 -0.434859
v -0.647800 -3.178307 -0.371202
v -0.688986 -3.181854 -0.291445
v -0.737345 -3.124259 -0.242308
v -0.764547 -3.039260 -0.252576
v -0.782561 -2.985027 -0.331442
v -0.741882 -2.981557 -0.410652
v -0.703699 -3.041372 -0.464553
v -0.690381 -3.129434 -0.461570
v -0.709727 -3.194155 -0.403451
v -0.750407 -3.197625 -0.324241
v -0.788589 -3.137810 -0.270341
v -0.801907 -3.049749 -0.273323
v -0.816593 -2.988253 -0.349386
v -0.776728 -2.984848 -0.428204
v -0.748275 -3.044889 -0.486500
v -0.747901 -3.133205 -0.490126
v -0.775825 -3.198061 -0.436958
v -0.815689 -3.201466 -0.358140
v -0.844142 -3.141425 -0.299844
v -0.844517 -3.053109 -0.296218
v -0.856744 -2.984867 -0.369764
v -0.817920 -2.981418 -0.448292
v -0.798467 -3.040093 -0.510459
v -0.809781 -3.126521 -0.519848
v -0.845234 -3.190074 -0.470959
v -0.884058 -3.193522 -0.392431
v -0.903511 -3.134847 -0.330264
v -0.892197 -3.048419 -0.320875
v -0.902773 -2.973456 -0.392125
v -0.865129 -2.969811 -0.470417
v -0.853799 -3.025924 -0.535861
v -0.875421 -3.108924 -0.550121
v -0.917328 -3.170192 -0.504844
v -0.954973 -3.173837 -0.426552
v -0.966302 -3.117724 -0.361108
v -0.944680 -3.034723 -0.346848
v -0.328787 -2.845999 -0.595664
v -0.300929 -2.845986 -0.686152
v -0.063236 -2.938764 -0.621590
v -0.082619 -2.943358 -0.526595
v -0.160872 -2.940107 -0.476089
v -0.250517 -2.930959 -0.498054
v -0.300334 -2.924011 -0.577876
v -0.283135 -2.923370 -0.670556
v -0.207191 -2.926522 -0.723264
v -0.115398 -2.931695 -0.703631
v -0.051703 -3.025618 -0.641554
v -0.070862 -3.045625 -0.553947
v -0.151281 -3.052112 -0.503480
v -0.244190 -3.038089 -0.522451
v -0.292684 -3.012894 -0.595534
v -0.270263 -2.985095 -0.686893
v -0.194679 -2.987063 -0.734506
v -0.103644 -3.003526 -0.715735
v -0.088429 -3.112256 -0.698188
v -0.132966 -3.157225 -0.631973
v -0.220383 -3.158979 -0.592824
v -0.291411 -3.118294 -0.598202
v -0.314634 -3.061435 -0.651799
v -0.279496 -3.014380 -0.728967
v -0.202511 -3.022078 -0.768388
v -0.121641 -3.061422 -0.753535
v -0.153894 -3.159136 -0.787035
v -0.232213 -3.204147 -0.765982
v -0.309844 -3.194919 -0.728812
v -0.349982 -3.141132 -0.700735
v -0.342816 -3.072495 -0.713847
v -0.291404 -3.023010 -0.763279
v -0.214510 -3.035877 -0.798594
v -0.149537 -3.089463 -0.803261
v -0.208234 -3.158706 -0.880008
v -0.302370 -3.198158 -0.878410
v -0.378696 -3.188423 -0.838634
v -0.400461 -3.133919 -0.788526
v -0.365803 -3.069354 -0.759289
v -0.298039 -3.024049 -0.779306
v -0.222921 -3.038768 -0.816041
v -0.177035 -3.093790 -0.851180
v -0.249730 -3.128866 -0.955649
v -0.347984 -3.157201 -0.971981
v -0.424446 -3.148370 -0.929030
v -0.437618 -3.109200 -0.854125
v -0.382234 -3.060241 -0.790597
v -0.302100 -3.022714 -0.787626
v -0.230437 -3.036834 -0.828964
v -0.201245 -3.082971 -0.892369
v -0.281444 -3.074811 -1.014286
v -0.381773 -3.087696 -1.040358
v -0.456290 -3.083219 -0.993497
v -0.463285 -3.065274 -0.902630
v -0.400590 -3.044519 -0.816587
v -0.312630 -3.015589 -0.802090
v -0.244657 -3.026473 -0.848473
v -0.225608 -3.054785 -0.931218
v -0.309729 -3.001882 -1.055862
v -0.408046 -3.001070 -1.084371
v -0.481072 -3.002197 -1.035166
v -0.486367 -3.004884 -0.937749
v -0.423912 -3.014197 -0.840686
v -0.334874 -2.997151 -0.822081
v -0.268752 -3.000855 -0.873401
v -0.251964 -3.005735 -0.966506
v -0.338207 -2.910410 -1.084037
v -0.432145 -2.900239 -1.110228
v -0.504083 -2.906550 -1.060200
v -0.510979 -2.926103 -0.962873
v -0.451205 -2.956384 -0.866124
v -0.367782 -2.961055 -0.842355
v -0.299157 -2.952210 -0.899015
v -0.281093 -2.933530 -0.996744
v -0.366692 -2.795859 -1.100196
v -0.456053 -2.782624 -1.121503
v -0.526959 -2.792540 -1.071878
v -0.537716 -2.823072 -0.979310
v -0.481043 -2.864020 -0.892066
v -0.400413 -2.882467 -0.869615
v -0.328015 -2.863211 -0.927936
v -0.316009 -2.833909 -1.021333
v -0.391489 -2.657249 -1.100979
v -0.477042 -2.646215 -1.117901
v -0.547276 -2.658295 -1.069384
v -0.561841 -2.691124 -0.983558
v -0.514579 -2.738681 -0.909367
v -0.433815 -2.760725 -0.895359
v -0.366328 -2.742484 -0.949935
v -0.347630 -2.698407 -1.033078
v -0.460123 -2.598846 -0.898778
v -0.391091 -2.579687 -0.948676
v 0.306676 -2.846017 -0.458954
v 0.212183 -2.846016 -0.465271
v 0.149175 -2.846006 -0.535972
v 0.317254 -2.961650 -0.486823
v 0.223857 -2.971218 -0.494039
v 0.160286 -2.955009 -0.561586
v 0.163780 -2.922518 -0.649896
v 0.232292 -2.892778 -0.707239
v 0.325689 -2.883210 -0.700023
v 0.389260 -2.899419 -0.632476
v 0.385766 -2.931910 -0.544166
v 0.332237 -3.052750 -0.533381
v 0.240263 -3.066378 -0.542669
v 0.175165 -3.038520 -0.603640
v 0.175077 -2.985495 -0.680579
v 0.240051 -2.938364 -0.728415
v 0.332025 -2.924736 -0.719128
v 0.397122 -2.952594 -0.658157
v 0.397210 -3.005618 -0.581218
v 0.351512 -3.121569 -0.599093
v 0.261382 -3.139031 -0.612075
v 0.193436 -3.099749 -0.661443
v 0.187477 -3.026734 -0.718278
v 0.246995 -2.962757 -0.749287
v 0.337126 -2.945295 -0.736304
v 0.405071 -2.984578 -0.686936
v 0.411030 -3.057593 -0.630101
v 0.373885 -3.161914 -0.680981
v 0.285919 -3.181852 -0.699095
v 0.214002 -3.134840 -0.731980
v 0.200261 -3.048418 -0.760371
v 0.252746 -2.973210 -0.767638
v 0.340712 -2.953273 -0.749523
v 0.412629 -3.000285 -0.716639
v 0.426371 -3.086707 -0.688248
v 0.396639 -3.169109 -0.770121
v 0.310815 -3.189409 -0.793651
v 0.234789 -3.141098 -0.808402
v 0.213096 -3.052476 -0.805732
v 0.258443 -2.975458 -0.787206
v 0.344267 -2.955158 -0.763676
v 0.420292 -3.003470 -0.748925
v 0.441986 -3.092091 -0.751595
v 0.416997 -3.145054 -0.856240
v 0.332979 -3.163979 -0.884223
v 0.253742 -3.120154 -0.883171
v 0.225702 -3.039249 -0.853700
v 0.265285 -2.968659 -0.813074
v 0.349303 -2.949733 -0.785091
v 0.428540 -2.993559 -0.786143
v 0.456580 -3.074463 -0.815614
v 0.433563 -3.095393 -0.933564
v 0.350946 -3.112125 -0.964621
v 0.269725 -3.075951 -0.951788
v 0.237477 -3.008062 -0.902582
v 0.273094 -2.948225 -0.845827
v 0.355711 -2.931493 -0.814770
v 0.436933 -2.967667 -0.827603
v 0.469180 -3.035556 -0.876809
v 0.445924 -3.024660 -1.000211
v 0.364391 -3.039030 -1.033179
v 0.282228 -3.011598 -1.012258
v 0.247564 -2.958435 -0.949703
v 0.280706 -2.910683 -0.882157
v 0.362239 -2.896315 -0.849189
v 0.444402 -2.923746 -0.870110
v 0.479066 -2.976909 -0.932665
v 0.453843 -2.935338 -1.055310
v 0.373180 -2.947455 -1.089363
v 0.290837 -2.928828 -1.063177
v 0.255050 -2.890371 -0.992092
v 0.286782 -2.854609 -0.917747
v 0.367445 -2.842493 -0.883693
v 0.449787 -2.861119 -0.909879
v 0.485575 -2.899576 -0.980965
v 0.456952 -2.828749 -1.097707
v 0.377020 -2.838813 -1.132282
v 0.295044 -2.828627 -1.102919
v 0.259046 -2.804157 -1.026819
v 0.290112 -2.779738 -0.948559
v 0.370045 -2.769673 -0.913984
v 0.452020 -2.779860 -0.943347
v 0.488019 -2.804329 -1.019448
v 0.454753 -2.705757 -1.125822
v 0.375458 -2.713986 -1.160529
v 0.294247 -2.711685 -1.129554
v 0.258692 -2.700202 -1.051044
v 0.289621 -2.686264 -0.970987
v 0.368916 -2.678035 -0.936280
v 0.450127 -2.680336 -0.967255
v 0.485682 -2.691818 -1.045765
v 0.651058 -2.925597 -0.324313
v 0.706633 -2.916765 -0.248815
v 0.693359 -2.919824 -0.155643
v 0.619013 -2.932982 -0.099376
v 0.527144 -2.948532 -0.112974
v 0.471568 -2.957364 -0.188472
v 0.484842 -2.954304 -0.281644
v 0.559189 -2.941146 -0.337911
v 0.666934 -2.975307 -0.324975
v 0.717822 -2.953718 -0.249639
v 0.707246 -2.964566 -0.157434
v 0.641400 -3.001496 -0.102373
v 0.558856 -3.042875 -0.116710
v 0.507968 -3.064464 -0.192045
v 0.518544 -3.053616 -0.284250
v 0.584390 -3.016686 -0.339311
v 0.694524 -3.014027 -0.327703
v 0.737687 -2.982377 -0.251992
v 0.732202 -3.000128 -0.161153
v 0.681282 -3.056883 -0.108398
v 0.614756 -3.119394 -0.124631
v 0.571593 -3.151044 -0.200342
v 0.577078 -3.133292 -0.291181
v 0.627998 -3.076538 -0.343935
v 0.732119 -3.043278 -0.332559
v 0.766384 -3.005218 -0.256133
v 0.767679 -3.028069 -0.167027
v 0.735246 -3.098445 -0.117439
v 0.688083 -3.175121 -0.136417
v 0.653819 -3.213181 -0.212844
v 0.652524 -3.190330 -0.301949
v 0.684957 -3.119954 -0.351537
v 0.777613 -3.062406 -0.339616
v 0.803217 -3.021152 -0.262325
v 0.812318 -3.047077 -0.175282
v 0.799586 -3.124994 -0.129475
v 0.772478 -3.209261 -0.151739
v 0.746874 -3.250515 -0.229030
v 0.737772 -3.224591 -0.316073
v 0.750504 -3.146673 -0.361880
v 0.827624 -3.070121 -0.348754
v 0.845345 -3.028080 -0.270532
v 0.863003 -3.055050 -0.185909
v 0.870254 -3.135234 -0.144456
v 0.862851 -3.221660 -0.170457
v 0.845130 -3.263701 -0.248679
v 0.827472 -3.236730 -0.333302
v 0.820221 -3.156547 -0.374755
v 0.878166 -3.065634 -0.359694
v 0.888862 -3.024640 -0.280478
v 0.915715 -3.050429 -0.198722
v 0.942995 -3.127893 -0.162319
v 0.954721 -3.211656 -0.192592
v 0.944025 -3.252649 -0.271808
v 0.917172 -3.226860 -0.353564
v 0.889893 -3.149396 -0.389968
v 0.925665 -3.048766 -0.372160
v 0.930261 -3.010363 -0.291879
v 0.966588 -3.032302 -0.213520
v 1.013367 -3.101731 -0.182986
v 1.043195 -3.177980 -0.218163
v 1.038599 -3.216383 -0.298444
v 1.002272 -3.194444 -0.376802
v 0.955493 -3.125015 -0.407337
v 0.967672 -3.019167 -0.386138
v 0.967347 -2.984646 -0.304767
v 1.012488 -2.999745 -0.230287
v 1.076652 -3.055619 -0.206328
v 1.122253 -3.119537 -0.246923
v 1.122578 -3.154057 -0.328294
v 1.077437 -3.138958 -0.402774
v 1.013273 -3.083084 -0.426734
v 1.002523 -2.975039 -0.402076
v 0.998798 -2.945211 -0.319721
v 1.050729 -2.950908 -0.249317
v 1.127894 -2.988793 -0.232106
v 1.185091 -3.036674 -0.278169
v 1.188815 -3.066503 -0.360524
v 1.136885 -3.060806 -0.430928
v 1.059720 -3.022921 -0.448139
v 1.027717 -2.912760 -0.420707
v 1.022210 -2.887703 -0.337630
v 1.077929 -2.882833 -0.271059
v 1.162233 -2.901002 -0.259990
v 1.225740 -2.931569 -0.310908
v 1.231247 -2.956625 -0.393985
v 1.175529 -2.961496 -0.460556
v 1.091224 -2.943326 -0.471625
v 1.032671 -2.807828 -0.359008
v 0.467595 -2.846113 0.186614
v 0.647449 -2.924534 0.156159
v 0.695748 -2.895188 0.231477
v 0.676983 -2.886410 0.323332
v 0.602147 -2.903340 0.377917
v 0.515079 -2.936061 0.363258
v 0.466780 -2.965406 0.287940
v 0.485545 -2.974185 0.196085
v 0.560381 -2.957255 0.141500
v 0.673390 -2.970210 0.169262
v 0.706979 -2.915713 0.237328
v 0.684500 -2.900174 0.326684
v 0.619121 -2.932695 0.384986
v 0.549139 -2.994227 0.378082
v 0.515550 -3.048724 0.310015
v 0.538028 -3.064263 0.220659
v 0.603408 -3.031742 0.162357
v 0.714738 -3.004690 0.189037
v 0.730240 -2.935249 0.248489
v 0.703180 -2.915733 0.334998
v 0.649411 -2.957574 0.397888
v 0.600429 -3.036262 0.400319
v 0.584928 -3.105703 0.340866
v 0.611987 -3.125219 0.254357
v 0.665757 -3.083378 0.191468
v 0.769079 -3.027889 0.214357
v 0.768475 -2.951891 0.266198
v 0.737417 -2.930658 0.350152
v 0.694100 -2.976628 0.417039
v 0.663897 -3.062874 0.427679
v 0.664501 -3.138872 0.375838
v 0.695558 -3.160105 0.291884
v 0.738876 -3.114135 0.224996
v 0.832927 -3.039242 0.243612
v 0.819169 -2.961387 0.289228
v 0.784951 -2.939686 0.371018
v 0.750319 -2.986851 0.441072
v 0.735559 -3.075254 0.458352
v 0.749318 -3.153109 0.412736
v 0.783535 -3.174809 0.330946
v 0.818167 -3.127644 0.260892
v 0.902326 -3.038545 0.274989
v 0.877464 -2.961383 0.315341
v 0.840682 -2.939874 0.395245
v 0.813527 -2.986616 0.467895
v 0.811906 -3.074229 0.490734
v 0.836768 -3.151390 0.450382
v 0.873550 -3.172900 0.370477
v 0.900705 -3.126158 0.297827
v 0.973264 -3.025939 0.306656
v 0.938265 -2.951239 0.342224
v 0.899230 -2.930356 0.420392
v 0.879023 -2.975523 0.495370
v 0.889482 -3.060282 0.523238
v 0.924480 -3.134983 0.487670
v 0.963516 -3.155866 0.409502
v 0.983723 -3.110698 0.334524
v 1.041766 -3.001795 0.336805
v 0.996714 -2.931389 0.367697
v 0.955508 -2.911561 0.444182
v 0.942286 -2.953927 0.521456
v 0.964793 -3.033669 0.554254
v 1.009845 -3.104075 0.523362
v 1.051051 -3.123903 0.446877
v 1.064273 -3.081537 0.369603
v 1.103936 -2.966677 0.363669
v 1.048323 -2.903127 0.389776
v 1.004882 -2.884938 0.464576
v 0.999061 -2.922764 0.544252
v 1.034270 -2.994447 0.582131
v 1.089883 -3.057997 0.556024
v 1.133323 -3.076186 0.481224
v 1.139144 -3.038361 0.401548
v 1.156058 -2.921342 0.385571
v 1.089392 -2.868540 0.406868
v 1.043649 -2.852862 0.479996
v 1.045623 -2.883491 0.562117
v 1.094159 -2.942486 0.605126
v 1.160825 -2.995289 0.583829
v 1.206568 -3.010967 0.510701
v 1.204594 -2.980338 0.428580
v 1.194834 -2.866560 0.401024
v 1.117951 -2.829745 0.418159
v 1.070130 -2.817741 0.489776
v 1.079383 -2.837580 0.573923
v 1.140292 -2.877640 0.621308
v 1.217175 -2.914455 0.604174
v 1.264996 -2.926459 0.532557
v 1.255743 -2.906621 0.448409
v 1.134126 -2.786222 0.423637
v 1.085091 -2.778903 0.494186
v 0.295514 -2.921225 0.678651
v 0.207520 -2.921078 0.709861
v 0.123834 -2.936597 0.671484
v 0.093478 -2.958691 0.586001
v 0.134234 -2.974417 0.503486
v 0.222228 -2.974564 0.472277
v 0.305914 -2.959045 0.510654
v 0.336270 -2.936951 0.596137
v 0.298537 -2.956848 0.690379
v 0.211760 -2.955025 0.720414
v 0.131678 -2.987811 0.689630
v 0.105203 -3.036001 0.616060
v 0.147843 -3.071366 0.542802
v 0.234620 -3.073189 0.512767
v 0.314701 -3.040403 0.543552
v 0.341177 -2.992213 0.617121
v 0.302671 -2.979013 0.706824
v 0.216881 -2.975454 0.734864
v 0.141949 -3.022759 0.717359
v 0.121770 -3.093216 0.664562
v 0.168164 -3.145553 0.607402
v 0.253954 -3.149112 0.579361
v 0.328886 -3.101807 0.596866
v 0.349065 -3.031350 0.649663
v 0.308069 -2.993126 0.728726
v 0.223064 -2.988299 0.753975
v 0.154017 -3.044142 0.753064
v 0.141375 -3.127944 0.726525
v 0.192544 -3.190614 0.689905
v 0.277550 -3.195441 0.664656
v 0.346597 -3.139597 0.665567
v 0.359238 -3.055796 0.692106
v 0.315346 -2.999858 0.758986
v 0.231040 -2.994600 0.780991
v 0.167569 -3.052483 0.796488
v 0.162111 -3.139601 0.796398
v 0.217865 -3.204921 0.780774
v 0.302171 -3.210179 0.758769
v 0.365642 -3.152296 0.743272
v 0.371100 -3.065178 0.743362
v 0.324349 -2.996019 0.798367
v 0.240783 -2.991228 0.817077
v 0.181983 -3.046266 0.846570
v 0.182395 -3.128892 0.869572
v 0.241777 -3.190707 0.872606
v 0.325344 -3.195498 0.853897
v 0.384143 -3.140460 0.824403
v 0.383731 -3.057833 0.801402
v 0.334082 -2.977808 0.844823
v 0.251373 -2.974258 0.860468
v 0.196228 -3.023461 0.900920
v 0.200952 -3.096593 0.942484
v 0.262776 -3.150815 0.960811
v 0.345485 -3.154365 0.945166
v 0.400629 -3.105162 0.904714
v 0.395906 -3.032030 0.863150
v 0.343162 -2.942244 0.894927
v 0.261474 -2.940530 0.907913
v 0.209062 -2.982297 0.956420
v 0.216628 -3.043079 1.012033
v 0.279739 -3.087270 1.042175
v 0.361427 -3.088984 1.029189
v 0.413840 -3.047217 0.980682
v 0.406274 -2.986435 0.925069
v 0.350109 -2.887094 0.944864
v 0.269625 -2.887607 0.955701
v 0.219164 -2.921283 1.009692
v 0.228286 -2.968395 1.075211
v 0.291647 -3.001346 1.113876
v 0.372132 -3.000833 1.103039
v 0.422593 -2.967158 1.049048
v 0.413470 -2.920045 0.983529
v 0.353410 -2.810580 0.990704
v 0.274308 -2.813501 0.999943
v 0.225170 -2.839105 1.057222
v 0.234781 -2.872394 1.128989
v 0.297510 -2.893866 1.173204
v 0.376612 -2.890945 1.163966
v 0.425750 -2.865341 1.106687
v 0.416139 -2.832053 1.034919
v 0.351531 -2.711259 1.028428
v 0.273967 -2.716577 1.036595
v 0.225679 -2.734612 1.095367
v 0.234954 -2.754799 1.170318
v 0.296359 -2.765315 1.217542
v 0.373924 -2.759997 1.209375
v 0.422211 -2.741962 1.150602
v 0.412936 -2.721775 1.075651
v -0.219757 -2.846155 0.451486
v -0.143429 -2.846163 0.507468
v -0.127948 -2.846176 0.600849
v -0.182382 -2.846188 0.676929
v -0.312219 -2.846157 0.465698
v -0.242481 -3.017364 0.476174
v -0.165471 -3.017452 0.530359
v -0.146426 -2.992161 0.619040
v -0.196502 -2.956307 0.690268
v -0.286366 -2.930892 0.702318
v -0.363375 -2.930804 0.648133
v -0.382420 -2.956095 0.559452
v -0.332344 -2.991949 0.488224
v -0.270962 -3.113811 0.524764
v -0.192563 -3.107266 0.575181
v -0.167558 -3.061716 0.652842
v -0.210596 -3.003843 0.712254
v -0.296465 -2.967549 0.718613
v -0.374864 -2.974094 0.668196
v -0.399869 -3.019644 0.590535
v -0.356831 -3.077517 0.531124
v -0.305077 -3.184555 0.596177
v -0.224723 -3.172747 0.640907
v -0.191396 -3.109867 0.700340
v -0.224617 -3.032749 0.739661
v -0.304926 -2.986568 0.735836
v -0.385280 -2.998376 0.691105
v -0.418607 -3.061256 0.631672
v -0.385386 -3.138374 0.592351
v -0.342183 -3.223778 0.682378
v -0.259943 -3.209332 0.720999
v -0.217639 -3.136900 0.758783
v -0.240052 -3.048912 0.773597
v -0.314053 -2.996910 0.756761
v -0.396292 -3.011356 0.718140
v -0.438596 -3.083788 0.680356
v -0.416183 -3.171777 0.665543
v -0.379196 -3.232698 0.772549
v -0.295724 -3.217824 0.806354
v -0.245741 -3.143655 0.824573
v -0.258526 -3.053635 0.816535
v -0.326589 -3.000499 0.786948
v -0.410061 -3.015373 0.753143
v -0.460044 -3.089543 0.734924
v -0.447259 -3.179562 0.742962
v -0.414933 -3.217488 0.860229
v -0.331002 -3.203147 0.891054
v -0.275279 -3.131839 0.894266
v -0.280407 -3.045333 0.867981
v -0.343380 -2.994306 0.827599
v -0.427311 -3.008646 0.796773
v -0.483034 -3.079955 0.793562
v -0.477906 -3.166461 0.819846
v -0.449702 -3.183676 0.943242
v -0.365928 -3.169917 0.972616
v -0.306061 -3.103375 0.964979
v -0.305171 -3.023029 0.924806
v -0.363778 -2.975945 0.875629
v -0.447552 -2.989704 0.846255
v -0.507418 -3.056245 0.853892
v -0.508309 -3.136591 0.894065
v -0.484125 -3.134702 1.020626
v -0.400958 -3.121144 1.049617
v -0.338010 -3.060000 1.034128
v -0.332154 -2.987087 0.983232
v -0.386821 -2.945117 0.926743
v -0.469988 -2.958675 0.897751
v -0.532936 -3.019819 0.913240
v -0.538792 -3.092732 0.964137
v -0.518677 -3.072704 1.091144
v -0.436466 -3.058765 1.120471
v -0.371080 -3.003237 1.099162
v -0.360819 -2.938646 1.039699
v -0.411696 -2.902830 0.976916
v -0.493907 -2.916769 0.947590
v -0.559294 -2.972298 0.968899
v -0.569554 -3.036888 1.028361
v -0.553646 -2.999222 1.153024
v -0.472697 -2.984188 1.183146
v -0.405230 -2.934454 1.157441
v -0.390766 -2.879155 1.090967
v -0.437777 -2.850684 1.022664
v -0.518725 -2.865718 0.992543
v -0.586192 -2.915452 1.018247
v -0.600656 -2.970751 1.084721
v -0.589178 -2.915576 1.204003
v -0.509795 -2.898602 1.235150
v -0.440418 -2.854938 1.206164
v -0.421687 -2.810162 1.134024
v -0.464575 -2.790502 1.060989
v -0.543958 -2.807476 1.029842
v -0.613336 -2.851140 1.058828
v -0.632066 -2.895917 1.130968
v -0.509066 -2.846104 0.104362
v -0.458013 -2.846116 0.184205
v -0.516957 -2.943543 0.293823
v -0.581937 -2.902911 0.337851
v -0.662679 -2.870878 0.313013
v -0.711887 -2.866211 0.233858
v -0.700734 -2.891642 0.146755
v -0.635754 -2.932275 0.102727
v -0.555012 -2.964307 0.127566
v -0.505805 -2.968975 0.206720
v -0.573831 -3.032185 0.319772
v -0.623255 -2.963733 0.356313
v -0.690646 -2.908855 0.326140
v -0.736528 -2.899697 0.246927
v -0.734023 -2.941624 0.165076
v -0.684598 -3.010076 0.128535
v -0.617207 -3.064955 0.158709
v -0.571326 -3.074112 0.237922
v -0.622093 -3.071638 0.340555
v -0.661821 -2.995992 0.372660
v -0.719902 -2.934250 0.338808
v -0.762313 -2.922580 0.258829
v -0.764208 -2.967817 0.179574
v -0.724479 -3.043463 0.147469
v -0.666398 -3.105205 0.181321
v -0.623988 -3.116875 0.261299
v -0.680200 -3.105108 0.363305
v -0.708227 -3.023427 0.390560
v -0.754684 -2.955669 0.352470
v -0.792358 -2.941527 0.271347
v -0.799180 -2.989285 0.194712
v -0.771153 -3.070967 0.167457
v -0.724695 -3.138725 0.205547
v -0.687021 -3.152866 0.286670
v -0.748085 -3.128926 0.386848
v -0.761963 -3.042958 0.408916
v -0.794051 -2.970777 0.366132
v -0.825552 -2.954666 0.283560
v -0.838014 -3.004062 0.209568
v -0.824136 -3.090031 0.187500
v -0.792049 -3.162212 0.230283
v -0.760547 -3.178322 0.312856
v -0.824944 -3.138991 0.409691
v -0.822513 -3.051536 0.426621
v -0.837786 -2.977708 0.379111
v -0.861817 -2.960756 0.294991
v -0.880528 -3.010609 0.223537
v -0.882958 -3.098065 0.206608
v -0.867685 -3.171892 0.254118
v -0.843655 -3.188845 0.338238
v -0.908824 -3.131430 0.430072
v -0.889275 -3.046136 0.442547
v -0.886702 -2.974409 0.390957
v -0.902611 -2.958266 0.305521
v -0.927684 -3.007164 0.236287
v -0.947232 -3.092458 0.223811
v -0.949806 -3.164185 0.275402
v -0.933897 -3.180328 0.360838
v -0.997006 -3.103470 0.446293
v -0.961547 -3.023829 0.455558
v -0.942234 -2.957857 0.401146
v -0.950379 -2.944201 0.314930
v -0.981212 -2.990859 0.247415
v -1.016671 -3.070501 0.238150
v -1.035984 -3.136472 0.292563
v -1.027839 -3.150129 0.378778
v -1.087162 -3.053571 0.457106
v -1.038615 -2.981822 0.464549
v -1.005411 -2.923994 0.408752
v -1.007000 -2.913961 0.322399
v -1.042452 -2.957600 0.256075
v -1.090998 -3.029348 0.248632
v -1.124202 -3.087177 0.304430
v -1.122613 -3.097210 0.390782
v 0.023656 2.803793 -1.006221
v -0.690139 2.803793 -0.730028
v 0.723683 2.803793 -0.696789
v 0.999876 2.803793 0.017006
v 0.690445 2.803793 0.717034
v -0.023350 2.803793 0.993227
v -0.723378 2.803793 0.683795
v -0.999571 2.803793 -0.030000
v -0.403261 2.876131 0.272505
v -0.401198 2.874240 0.272613
v -0.535766 2.874240 0.059705
v -0.538100 2.876131 0.060831
v -0.751381 2.874240 0.194070
v -0.749774 2.876131 0.195670
v -0.615382 2.874240 0.409342
v -0.614935 2.876131 0.407344
v -0.065996 2.876131 0.536789
v -0.064889 2.874240 0.534429
v -0.275884 2.876131 0.401456
v -0.275967 2.874240 0.399391
v -0.411217 2.876131 0.611344
v -0.413213 2.874240 0.611795
v -0.199737 2.874240 0.748291
v -0.201329 2.876131 0.746677
v 0.090192 2.876131 -0.491843
v 0.088672 2.874240 -0.490441
v 0.333242 2.874240 -0.435890
v 0.334128 2.876131 -0.438339
v 0.389899 2.874240 -0.682286
v 0.387632 2.876131 -0.682275
v 0.142606 2.874240 -0.737512
v 0.143696 2.876131 -0.735779
v -0.275884 2.876131 -0.414449
v -0.275967 2.874240 -0.412383
v -0.065996 2.876131 -0.549781
v -0.064889 2.874240 -0.547421
v -0.201329 2.876131 -0.759669
v -0.199737 2.874240 -0.761284
v -0.413213 2.874240 -0.624787
v -0.411217 2.876131 -0.624337
v 0.480998 2.876131 0.084717
v 0.479615 2.874240 0.083184
v 0.425004 2.874240 0.329059
v 0.427453 2.876131 0.329913
v 0.672660 2.874240 0.385725
v 0.672648 2.876131 0.383457
v 0.727919 2.874240 0.137162
v 0.726193 2.876131 0.138262
v 0.334128 2.876131 0.425346
v 0.333242 2.874240 0.422898
v 0.090192 2.876131 0.478850
v 0.088672 2.874240 0.477448
v 0.143696 2.876131 0.722787
v 0.142606 2.874240 0.724519
v 0.389899 2.874240 0.669293
v 0.387632 2.876131 0.669283
v -0.480692 2.876131 -0.097710
v -0.479310 2.874240 -0.096176
v -0.427148 2.876131 -0.342905
v -0.424699 2.874240 -0.342051
v -0.672343 2.876131 -0.396449
v -0.672355 2.874240 -0.398717
v -0.727614 2.874240 -0.150154
v -0.725888 2.876131 -0.151254
v 0.427453 2.876131 -0.342905
v 0.425004 2.874240 -0.342051
v 0.480998 2.876131 -0.097710
v 0.479615 2.874240 -0.096176
v 0.726193 2.876131 -0.151254
v 0.727919 2.874240 -0.150154
v 0.672660 2.874240 -0.398717
v 0.672649 2.876131 -0.396449
v -0.726194 2.876131 0.329433
v -0.727267 2.874240 0.330992
v -0.334301 2.876131 0.722480
v -0.335874 2.874240 0.723541
v 0.276745 2.876131 -0.759548
v 0.276391 2.874240 -0.761412
v -0.334301 2.876131 -0.735472
v -0.335874 2.874240 -0.736534
v 0.750202 2.876131 0.271949
v 0.752063 2.874240 0.271598
v 0.276745 2.876131 0.746556
v 0.276391 2.874240 0.748420
v -0.749897 2.876131 -0.284941
v -0.751757 2.874240 -0.284590
v 0.750202 2.876131 -0.284941
v 0.752063 2.874240 -0.284590
v -0.425066 2.874240 0.137242
v -0.426841 2.876131 0.138742
v -0.481172 2.876131 0.383764
v -0.480258 2.874240 0.385522
v -0.671863 2.876131 0.084411
v -0.674348 2.874240 0.084089
v -0.141416 2.874240 0.423880
v -0.142912 2.876131 0.425653
v -0.090193 2.876131 0.669761
v -0.089925 2.874240 0.672276
v -0.388767 2.874240 0.477452
v -0.387020 2.876131 0.478372
v 0.200875 2.874240 -0.412257
v 0.201079 2.876131 -0.414570
v 0.066423 2.876131 -0.624892
v 0.064540 2.874240 -0.625487
v 0.411401 2.876131 -0.549226
v 0.413376 2.874240 -0.550801
v -0.141416 2.874240 -0.436873
v -0.142912 2.876131 -0.438646
v -0.387020 2.876131 -0.491365
v -0.388767 2.874240 -0.490445
v -0.089925 2.874240 -0.685268
v -0.090193 2.876131 -0.682753
v 0.401129 2.874240 0.196040
v 0.403444 2.876131 0.196226
v 0.614685 2.876131 0.060708
v 0.615272 2.874240 0.058815
v 0.538961 2.876131 0.407467
v 0.540505 2.874240 0.409446
v 0.200875 2.874240 0.399265
v 0.201079 2.876131 0.401577
v 0.413376 2.874240 0.537808
v 0.411401 2.876131 0.536234
v 0.064540 2.874240 0.612495
v 0.066423 2.876131 0.611899
v -0.400824 2.874240 -0.209032
v -0.403138 2.876131 -0.209218
v -0.614966 2.874240 -0.071807
v -0.614379 2.876131 -0.073700
v -0.540200 2.874240 -0.422438
v -0.538656 2.876131 -0.420459
v 0.401129 2.874240 -0.209032
v 0.403444 2.876131 -0.209218
v 0.540505 2.874240 -0.422438
v 0.538961 2.876131 -0.420459
v 0.615272 2.874240 -0.071807
v 0.614685 2.876131 -0.073700
v -0.361661 2.876131 -0.006496
v -0.363706 2.874239 -0.006496
v -0.256169 2.874239 0.254331
v -0.254719 2.876131 0.252886
v 0.000153 2.874239 0.360997
v 0.000153 2.876131 0.358949
v 0.256474 2.874239 0.254331
v 0.255024 2.876131 0.252886
v 0.364012 2.874239 -0.006496
v 0.361966 2.876131 -0.006496
v 0.256474 2.874239 -0.267323
v 0.255024 2.876131 -0.265878
v 0.000153 2.874239 -0.373989
v 0.000153 2.876131 -0.371941
v -0.254719 2.876131 -0.265878
v -0.256169 2.874239 -0.267323
v -0.405259 2.946673 0.272062
v -0.403261 2.944782 0.272505
v -0.538100 2.944782 0.060831
v -0.538543 2.946673 0.062829
v -0.749774 2.944782 0.195670
v -0.747776 2.946673 0.196113
v -0.614935 2.944782 0.407344
v -0.614492 2.946673 0.405346
v -0.067997 2.946673 0.537221
v -0.065996 2.944782 0.536789
v -0.275452 2.946673 0.403457
v -0.275884 2.944782 0.401456
v -0.409216 2.946673 0.610912
v -0.411217 2.944782 0.611344
v -0.201329 2.944782 0.746677
v -0.201761 2.946673 0.744676
v 0.091916 2.946673 -0.492946
v 0.090192 2.944782 -0.491843
v 0.334128 2.944782 -0.438339
v 0.333025 2.946673 -0.440063
v 0.387632 2.944782 -0.682275
v 0.385908 2.946673 -0.681172
v 0.143696 2.944782 -0.735779
v 0.144799 2.946673 -0.734055
v -0.275452 2.946673 -0.416450
v -0.275884 2.944782 -0.414449
v -0.067997 2.946673 -0.550213
v -0.065996 2.944782 -0.549781
v -0.201761 2.946673 -0.757668
v -0.201329 2.944782 -0.759669
v -0.411217 2.944782 -0.624337
v -0.409216 2.946673 -0.623905
v 0.482103 2.946673 0.086440
v 0.480998 2.944782 0.084717
v 0.427453 2.944782 0.329913
v 0.429176 2.946673 0.328807
v 0.672648 2.944782 0.383457
v 0.671543 2.946673 0.381734
v 0.726193 2.944782 0.138262
v 0.724470 2.946673 0.139367
v 0.333025 2.946673 0.427070
v 0.334128 2.944782 0.425346
v 0.091916 2.946673 0.479954
v 0.090192 2.944782 0.478850
v 0.144799 2.946673 0.721063
v 0.143696 2.944782 0.722787
v 0.387632 2.944782 0.669283
v 0.385908 2.946673 0.668179
v -0.481797 2.946673 -0.099432
v -0.480692 2.944782 -0.097710
v -0.428871 2.946673 -0.341800
v -0.427148 2.944782 -0.342905
v -0.671238 2.946673 -0.394727
v -0.672343 2.944782 -0.396449
v -0.725888 2.944782 -0.151254
v -0.724165 2.946673 -0.152359
v 0.429176 2.946673 -0.341800
v 0.427453 2.944782 -0.342905
v 0.482103 2.946673 -0.099432
v 0.480998 2.944782 -0.097710
v 0.724470 2.946673 -0.152359
v 0.726193 2.944782 -0.151254
v 0.672649 2.944782 -0.396449
v 0.671543 2.946673 -0.394727
v -0.724468 2.946673 0.328333
v -0.726194 2.944782 0.329433
v -0.333192 2.946673 0.720759
v -0.334301 2.944782 0.722480
v 0.276306 2.946673 -0.757549
v 0.276745 2.944782 -0.759548
v -0.333192 2.946673 -0.733752
v -0.334301 2.944782 -0.735472
v 0.748202 2.946673 0.271512
v 0.750202 2.944782 0.271949
v 0.276306 2.946673 0.744556
v 0.276745 2.944782 0.746556
v -0.747897 2.946673 -0.284504
v -0.749897 2.944782 -0.284941
v 0.748203 2.946673 -0.284504
v 0.750202 2.944782 -0.284941
v -0.426841 2.944782 0.138742
v -0.428567 2.946673 0.139842
v -0.482272 2.946673 0.382038
v -0.481172 2.944782 0.383764
v -0.670763 2.946673 0.086137
v -0.671863 2.944782 0.084411
v -0.142912 2.944782 0.425653
v -0.144021 2.946673 0.427374
v -0.091914 2.946673 0.668652
v -0.090193 2.944782 0.669761
v -0.387020 2.944782 0.478372
v -0.385299 2.946673 0.479481
v 0.201079 2.944782 -0.414570
v 0.201518 2.946673 -0.416569
v 0.068422 2.946673 -0.624453
v 0.066423 2.944782 -0.624892
v 0.409402 2.946673 -0.549664
v 0.411401 2.944782 -0.549226
v -0.142912 2.944782 -0.438646
v -0.144021 2.946673 -0.440366
v -0.385299 2.946673 -0.492474
v -0.387020 2.944782 -0.491365
v -0.090193 2.944782 -0.682753
v -0.091914 2.946673 -0.681644
v 0.403444 2.944782 0.196226
v 0.405444 2.946673 0.196662
v 0.614248 2.946673 0.062708
v 0.614685 2.944782 0.060708
v 0.539398 2.946673 0.405467
v 0.538961 2.944782 0.407467
v 0.201079 2.944782 0.401577
v 0.201518 2.946673 0.403577
v 0.411401 2.944782 0.536234
v 0.409402 2.946673 0.536672
v 0.066423 2.944782 0.611899
v 0.068422 2.946673 0.611461
v -0.403138 2.944782 -0.209218
v -0.405138 2.946673 -0.209655
v -0.614379 2.944782 -0.073700
v -0.613943 2.946673 -0.075700
v -0.538656 2.944782 -0.420459
v -0.539093 2.946673 -0.418459
v 0.403444 2.944782 -0.209218
v 0.405444 2.946673 -0.209655
v 0.538961 2.944782 -0.420459
v 0.539398 2.946673 -0.418459
v 0.614685 2.944782 -0.073700
v 0.614248 2.946673 -0.075700
v -0.359624 2.946673 -0.006496
v -0.361661 2.944782 -0.006496
v -0.254719 2.944782 0.252886
v -0.253284 2.946673 0.251426
v 0.000153 2.944782 0.358949
v 0.000153 2.946673 0.356892
v 0.255024 2.944782 0.252886
v 0.253590 2.946673 0.251426
v 0.361966 2.944782 -0.006496
v 0.359929 2.946673 -0.006496
v 0.255024 2.944782 -0.265878
v 0.253590 2.946673 -0.264418
v 0.000153 2.944782 -0.371941
v 0.000153 2.946673 -0.369884
v -0.253284 2.946673 -0.264418
v -0.254719 2.944782 -0.265878
v -0.422230 2.944782 0.268299
v -0.420232 2.946673 0.268742
v -0.541863 2.946673 0.077802
v -0.542306 2.944782 0.079800
v -0.732803 2.946673 0.199433
v -0.730805 2.944782 0.199876
v -0.611172 2.946673 0.390373
v -0.610729 2.944782 0.388375
v -0.084895 2.944782 0.540870
v -0.082894 2.946673 0.540438
v -0.271803 2.944782 0.420355
v -0.272235 2.946673 0.418354
v -0.392318 2.944782 0.607263
v -0.394318 2.946673 0.607695
v -0.204978 2.946673 0.729778
v -0.205410 2.944782 0.727778
v 0.106475 2.944782 -0.502268
v 0.104751 2.946673 -0.501164
v 0.324807 2.946673 -0.452898
v 0.323703 2.944782 -0.454622
v 0.373073 2.946673 -0.672954
v 0.371349 2.944782 -0.671850
v 0.153017 2.946673 -0.721220
v 0.154121 2.944782 -0.719496
v -0.271803 2.944782 -0.433348
v -0.272235 2.946673 -0.431347
v -0.084895 2.944782 -0.553863
v -0.082894 2.946673 -0.553430
v -0.205410 2.944782 -0.740770
v -0.204978 2.946673 -0.742771
v -0.394318 2.946673 -0.620687
v -0.392318 2.944782 -0.620255
v 0.491490 2.944782 0.101072
v 0.490384 2.946673 0.099349
v 0.442085 2.946673 0.320526
v 0.443808 2.944782 0.319421
v 0.663262 2.946673 0.368826
v 0.662157 2.944782 0.367103
v 0.711562 2.946673 0.147649
v 0.709839 2.944782 0.148754
v 0.323703 2.944782 0.441630
v 0.324807 2.946673 0.439906
v 0.106475 2.944782 0.489275
v 0.104751 2.946673 0.488172
v 0.154121 2.944782 0.706503
v 0.153017 2.946673 0.708227
v 0.373073 2.946673 0.659961
v 0.371349 2.944782 0.658858
v -0.491184 2.944782 -0.114064
v -0.490079 2.946673 -0.112341
v -0.443502 2.944782 -0.332413
v -0.441779 2.946673 -0.333519
v -0.661851 2.944782 -0.380095
v -0.662957 2.946673 -0.381818
v -0.711256 2.946673 -0.160640
v -0.709533 2.944782 -0.161746
v 0.443808 2.944782 -0.332413
v 0.442085 2.946673 -0.333518
v 0.491489 2.944782 -0.114064
v 0.490384 2.946673 -0.112341
v 0.709839 2.944782 -0.161746
v 0.711562 2.946673 -0.160640
v 0.663262 2.946673 -0.381818
v 0.662157 2.944782 -0.380095
v -0.709806 2.944782 0.318994
v -0.711533 2.946673 0.320093
v -0.323823 2.944782 0.706230
v -0.324933 2.946673 0.707950
v 0.272603 2.944782 -0.740662
v 0.273041 2.946673 -0.742662
v -0.323823 2.944782 -0.719222
v -0.324933 2.946673 -0.720943
v 0.731219 2.944782 0.267804
v 0.733219 2.946673 0.268240
v 0.272603 2.944782 0.727670
v 0.273041 2.946673 0.729669
v -0.730914 2.944782 -0.280796
v -0.732914 2.946673 -0.281232
v 0.731219 2.944782 -0.280796
v 0.733219 2.946673 -0.281232
v -0.441502 2.946673 0.148081
v -0.443229 2.944782 0.149181
v -0.491611 2.944782 0.367376
v -0.490512 2.946673 0.369103
v -0.661424 2.944782 0.100799
v -0.662524 2.946673 0.099072
v -0.152280 2.946673 0.440183
v -0.153390 2.944782 0.441903
v -0.106443 2.944782 0.659283
v -0.104723 2.946673 0.660393
v -0.372490 2.946673 0.487740
v -0.370770 2.944782 0.488850
v 0.204783 2.946673 -0.431456
v 0.205221 2.944782 -0.433455
v 0.085308 2.944782 -0.620749
v 0.083309 2.946673 -0.621188
v 0.392516 2.944782 -0.553368
v 0.394515 2.946673 -0.552930
v -0.152280 2.946673 -0.453175
v -0.153390 2.944782 -0.454895
v -0.370770 2.944782 -0.501842
v -0.372490 2.946673 -0.500733
v -0.104723 2.946673 -0.673385
v -0.106443 2.944782 -0.672276
v 0.420427 2.946673 0.199934
v 0.422427 2.944782 0.200371
v 0.610539 2.944782 0.079691
v 0.610976 2.946673 0.077691
v 0.543107 2.944782 0.388483
v 0.542670 2.946673 0.390483
v 0.204783 2.946673 0.418463
v 0.205221 2.944782 0.420463
v 0.394515 2.946673 0.539937
v 0.392516 2.944782 0.540376
v 0.083309 2.946673 0.608196
v 0.085308 2.944782 0.607757
v -0.420121 2.946673 -0.212927
v -0.422121 2.944782 -0.213363
v -0.610670 2.946673 -0.090683
v -0.610234 2.944782 -0.092683
v -0.542365 2.946673 -0.403476
v -0.542801 2.944782 -0.401476
v 0.420427 2.946673 -0.212927
v 0.422427 2.944782 -0.213363
v 0.542670 2.946673 -0.403476
v 0.543107 2.944782 -0.401476
v 0.610976 2.946673 -0.090683
v 0.610539 2.944782 -0.092683
v -0.322046 2.948564 -0.006496
v -0.324083 2.946673 -0.006496
v -0.228248 2.946673 0.225947
v -0.226813 2.948564 0.224486
v 0.000153 2.946673 0.320993
v 0.000153 2.948564 0.318936
v 0.228553 2.946673 0.225947
v 0.227119 2.948564 0.224486
v 0.324389 2.946673 -0.006496
v 0.322352 2.948564 -0.006496
v 0.228553 2.946673 -0.238939
v 0.227119 2.948564 -0.237479
v 0.000153 2.946673 -0.333986
v 0.000153 2.948564 -0.331929
v -0.226813 2.948564 -0.237479
v -0.228248 2.946673 -0.238939
v -0.320009 3.866772 -0.006496
v -0.322046 3.864881 -0.006496
v -0.226813 3.864881 0.224486
v -0.225378 3.866772 0.223026
v 0.000153 3.864881 0.318936
v 0.000153 3.866772 0.316880
v 0.227119 3.864881 0.224486
v 0.225684 3.866772 0.223026
v 0.322352 3.864881 -0.006496
v 0.320315 3.866772 -0.006496
v 0.227119 3.864881 -0.237479
v 0.225684 3.866772 -0.236019
v 0.000153 3.864881 -0.331929
v 0.000153 3.866772 -0.329872
v -0.225378 3.866772 -0.236019
v -0.226813 3.864881 -0.237479
v -0.273906 3.864881 -0.006496
v -0.275943 3.866772 -0.006496
v -0.194337 3.866772 0.191435
v -0.192902 3.864881 0.189975
v 0.000153 3.866772 0.272370
v 0.000153 3.864881 0.270313
v 0.194642 3.866772 0.191435
v 0.193207 3.864881 0.189975
v 0.276249 3.866772 -0.006496
v 0.274212 3.864881 -0.006496
v 0.194642 3.866772 -0.204428
v 0.193207 3.864881 -0.202967
v 0.000153 3.866772 -0.285362
v 0.000153 3.864881 -0.283305
v -0.192902 3.864881 -0.202967
v -0.194337 3.866772 -0.204428
v -0.271908 3.822105 -0.006215
v -0.273906 3.823996 -0.006496
v -0.192902 3.823996 0.189975
v -0.191527 3.822105 0.188575
v 0.000153 3.823996 0.270313
v 0.000420 3.822105 0.268389
v 0.193207 3.823996 0.189975
v 0.191900 3.822105 0.188645
v 0.274212 3.823996 -0.006496
v 0.272192 3.822105 -0.006212
v 0.193207 3.823996 -0.202967
v 0.191674 3.822105 -0.201407
v 0.000153 3.823996 -0.283305
v -0.000142 3.822105 -0.281179
v -0.191460 3.822105 -0.201500
v -0.192902 3.823996 -0.202967
v 0.038900 3.924461 -0.030140
v 0.036868 3.926352 -0.029898
v 0.011543 3.926352 -0.015694
v 0.010277 3.924461 -0.014085
v 0.008916 3.926352 -0.037761
v 0.007308 3.924461 -0.039027
v 0.030984 3.926352 -0.040388
v 0.032250 3.924461 -0.041997
v 0.033611 3.926352 -0.018321
v 0.035219 3.924461 -0.017054
v 0.003627 3.924461 0.012949
v 0.005659 3.926352 0.013191
v 0.023121 3.926352 -0.000556
v 0.023363 3.924461 -0.002588
v 0.036868 3.926352 0.016906
v 0.038900 3.924461 0.017148
v 0.019164 3.924461 0.032685
v 0.019406 3.926352 0.030653
v 0.011543 3.926352 0.002701
v 0.010277 3.924461 0.001093
v 0.035219 3.924461 0.004062
v 0.033611 3.926352 0.005328
v 0.030984 3.926352 0.027396
v 0.032250 3.924461 0.029004
v 0.008916 3.926352 0.024769
v 0.007308 3.924461 0.026035
v -0.023057 3.924461 -0.002588
v -0.022815 3.926352 -0.000556
v -0.005354 3.926352 0.013191
v -0.003321 3.924461 0.012949
v -0.019100 3.926352 0.030653
v -0.018858 3.924461 0.032685
v -0.038595 3.924461 0.017148
v -0.036562 3.926352 0.016906
v -0.011238 3.926352 0.002701
v -0.009971 3.924461 0.001093
v -0.007002 3.924461 0.026035
v -0.008611 3.926352 0.024769
v -0.030678 3.926352 0.027396
v -0.031944 3.924461 0.029004
v -0.033305 3.926352 0.005328
v -0.034914 3.924461 0.004062
v -0.034660 3.822106 0.001400
v -0.034914 3.823997 0.004062
v -0.033471 3.822106 0.030395
v -0.031944 3.823997 0.029004
v -0.004910 3.822106 0.026582
v -0.007002 3.823997 0.026035
v -0.008297 3.822106 -0.000162
v -0.009971 3.823997 0.001093
v -0.039731 3.822106 0.019226
v -0.038595 3.823997 0.017148
v -0.018963 3.822106 0.034482
v -0.018858 3.823997 0.032685
v -0.001041 3.822106 0.012788
v -0.003321 3.823997 0.012949
v -0.023057 3.823997 -0.002588
v -0.023973 3.822106 -0.004581
v 0.005216 3.822106 0.026582
v 0.007308 3.823997 0.026035
v 0.033777 3.822106 0.030395
v 0.032250 3.823997 0.029004
v 0.034966 3.822106 0.001400
v 0.035219 3.823997 0.004062
v 0.008602 3.822106 -0.000162
v 0.010277 3.823997 0.001093
v 0.019268 3.822106 0.034482
v 0.019164 3.823997 0.032685
v 0.040037 3.822106 0.019226
v 0.038900 3.823997 0.017148
v 0.024278 3.822106 -0.004581
v 0.023363 3.823997 -0.002588
v 0.003627 3.823997 0.012949
v 0.001346 3.822106 0.012788
v 0.034966 3.822106 -0.014392
v 0.035219 3.823997 -0.017054
v 0.033777 3.822106 -0.043388
v 0.032250 3.823997 -0.041997
v 0.005216 3.822106 -0.039575
v 0.007308 3.823997 -0.039027
v 0.008602 3.822106 -0.012830
v 0.010277 3.823997 -0.014085
v 0.040037 3.822106 -0.032218
v 0.038900 3.823997 -0.030140
v 0.019268 3.822106 -0.047474
v 0.019164 3.823997 -0.045678
v 0.001346 3.822106 -0.025780
v 0.003627 3.823997 -0.025941
v 0.023363 3.823997 -0.010404
v 0.024278 3.822106 -0.008411
v -0.008297 3.822106 -0.012830
v -0.009971 3.823997 -0.014085
v -0.004910 3.822106 -0.039575
v -0.007002 3.823997 -0.039027
v -0.033471 3.822106 -0.043388
v -0.031944 3.823997 -0.041997
v -0.034660 3.822106 -0.014392
v -0.034914 3.823997 -0.017054
v -0.001041 3.822106 -0.025780
v -0.003321 3.823997 -0.025941
v -0.018963 3.822106 -0.047474
v -0.018858 3.823997 -0.045678
v -0.039731 3.822106 -0.032218
v -0.038595 3.823997 -0.030140
v -0.023057 3.823997 -0.010404
v -0.023973 3.822106 -0.008411
v -0.147885 3.822105 -0.008370
v -0.149949 3.823996 -0.008503
v -0.168663 3.822105 -0.026192
v -0.169608 3.823996 -0.024147
v -0.187318 3.822105 -0.004679
v -0.185251 3.823996 -0.004489
v -0.164772 3.822105 0.013091
v -0.165593 3.823996 0.011155
v -0.155681 3.822105 -0.022453
v -0.156538 3.823996 -0.020397
v -0.183488 3.822105 -0.018003
v -0.181501 3.823996 -0.017558
v -0.179876 3.822105 0.008767
v -0.178662 3.823996 0.007405
v -0.153700 3.823996 0.004566
v -0.152019 3.822105 0.006017
v -0.076216 3.822106 0.013085
v -0.077067 3.823997 0.011156
v -0.059356 3.822106 -0.008352
v -0.061421 3.823997 -0.008502
v -0.079992 3.822106 -0.026175
v -0.081079 3.823997 -0.024148
v -0.098791 3.822106 -0.004677
v -0.096725 3.823997 -0.004490
v -0.063489 3.822106 0.006026
v -0.065173 3.823997 0.004567
v -0.067177 3.822106 -0.022482
v -0.068010 3.823997 -0.020396
v -0.094991 3.822106 -0.017895
v -0.092973 3.823997 -0.017559
v -0.090136 3.823997 0.007404
v -0.091362 3.822106 0.008748
v -0.095482 3.822106 0.062803
v -0.094754 3.823997 0.064961
v -0.093304 3.822106 0.091301
v -0.091785 3.823997 0.089904
v -0.064890 3.822106 0.087715
v -0.066842 3.823997 0.086934
v -0.068164 3.822106 0.060711
v -0.069812 3.823997 0.061992
v -0.100108 3.822106 0.079161
v -0.098435 3.823997 0.078047
v -0.078632 3.822106 0.095434
v -0.078699 3.823997 0.093585
v -0.060932 3.822106 0.073617
v -0.063161 3.823997 0.073848
v -0.082898 3.823997 0.058311
v -0.083846 3.822106 0.056291
v -0.001741 3.822105 -0.156219
v -0.001874 3.823996 -0.158283
v 0.019729 3.822105 -0.173070
v 0.017795 3.823996 -0.173898
v 0.001991 3.822105 -0.195634
v 0.002179 3.823996 -0.193567
v -0.019534 3.822105 -0.176996
v -0.017489 3.823996 -0.177951
v 0.012645 3.822105 -0.160335
v 0.011194 3.823996 -0.162017
v 0.015422 3.822105 -0.188180
v 0.014061 3.823996 -0.186966
v -0.011322 3.822105 -0.191824
v -0.010889 3.823996 -0.189833
v -0.013755 3.823996 -0.164883
v -0.015815 3.822105 -0.164030
v -0.019416 3.822106 -0.083657
v -0.017489 3.823997 -0.084517
v 0.002031 3.822106 -0.066838
v 0.002181 3.823997 -0.068903
v 0.019820 3.822106 -0.087468
v 0.017794 3.823997 -0.088573
v -0.001689 3.822106 -0.106253
v -0.001875 3.823997 -0.104186
v -0.012347 3.822106 -0.070951
v -0.010888 3.823997 -0.072636
v 0.016152 3.822106 -0.074677
v 0.014061 3.823997 -0.075504
v 0.011510 3.822106 -0.102476
v 0.011193 3.823997 -0.100453
v -0.013756 3.823997 -0.097585
v -0.015098 3.822106 -0.098810
v -0.064890 3.822106 -0.100707
v -0.066842 3.823997 -0.099927
v -0.093304 3.822106 -0.104294
v -0.091785 3.823997 -0.102896
v -0.095482 3.822106 -0.075795
v -0.094754 3.823997 -0.077954
v -0.068164 3.822106 -0.073704
v -0.069812 3.823997 -0.074984
v -0.078632 3.822106 -0.108426
v -0.078699 3.823997 -0.106577
v -0.100108 3.822106 -0.092154
v -0.098435 3.823997 -0.091040
v -0.083846 3.822106 -0.069284
v -0.082898 3.823997 -0.071303
v -0.060932 3.822106 -0.086610
v -0.063161 3.823997 -0.086841
v 0.148191 3.822105 -0.008370
v 0.150255 3.823996 -0.008503
v 0.165078 3.822105 0.013091
v 0.165898 3.823996 0.011155
v 0.187624 3.822105 -0.004679
v 0.185557 3.823996 -0.004489
v 0.168969 3.822105 -0.026192
v 0.169913 3.823996 -0.024147
v 0.152324 3.822105 0.006017
v 0.154005 3.823996 0.004566
v 0.180182 3.822105 0.008767
v 0.178968 3.823996 0.007405
v 0.183794 3.822105 -0.018003
v 0.181806 3.823996 -0.017558
v 0.156844 3.823996 -0.020397
v 0.155987 3.822105 -0.022453
v 0.080297 3.822106 -0.026175
v 0.081385 3.823997 -0.024148
v 0.059662 3.822106 -0.008352
v 0.061727 3.823997 -0.008502
v 0.076522 3.822106 0.013085
v 0.077373 3.823997 0.011156
v 0.099097 3.822106 -0.004677
v 0.097030 3.823997 -0.004490
v 0.067482 3.822106 -0.022482
v 0.068315 3.823997 -0.020396
v 0.063795 3.822106 0.006026
v 0.065478 3.823997 0.004567
v 0.091668 3.822106 0.008748
v 0.090442 3.823997 0.007404
v 0.093279 3.823997 -0.017559
v 0.095297 3.822106 -0.017895
v 0.095788 3.822106 -0.075795
v 0.095059 3.823997 -0.077954
v 0.093609 3.822106 -0.104294
v 0.092090 3.823997 -0.102896
v 0.065195 3.822106 -0.100707
v 0.067148 3.823997 -0.099927
v 0.068469 3.822106 -0.073704
v 0.070117 3.823997 -0.074984
v 0.100413 3.822106 -0.092154
v 0.098741 3.823997 -0.091040
v 0.078937 3.822106 -0.108426
v 0.079004 3.823997 -0.106577
v 0.061238 3.822106 -0.086610
v 0.063467 3.823997 -0.086841
v 0.083203 3.823997 -0.071303
v 0.084152 3.822106 -0.069284
v -0.001741 3.822105 0.143226
v -0.001874 3.823996 0.145291
v -0.019534 3.822105 0.164004
v -0.017489 3.823996 0.164959
v 0.001991 3.822105 0.182641
v 0.002179 3.823996 0.180574
v 0.019729 3.822105 0.160078
v 0.017795 3.823996 0.160906
v -0.015815 3.822105 0.151038
v -0.013755 3.823996 0.151891
v -0.011322 3.822105 0.178831
v -0.010889 3.823996 0.176840
v 0.015422 3.822105 0.175188
v 0.014060 3.823996 0.173974
v 0.012645 3.822105 0.147342
v 0.011194 3.823996 0.149025
v 0.019820 3.822106 0.074476
v 0.017794 3.823997 0.075580
v 0.002031 3.822106 0.053846
v 0.002181 3.823997 0.055911
v -0.019416 3.822106 0.070664
v -0.017489 3.823997 0.071524
v -0.001689 3.822106 0.093260
v -0.001875 3.823997 0.091194
v 0.016152 3.822106 0.061685
v 0.014061 3.823997 0.062512
v -0.012347 3.822106 0.057958
v -0.010888 3.823997 0.059644
v -0.015098 3.822106 0.085818
v -0.013756 3.823997 0.084593
v 0.011193 3.823997 0.087461
v 0.011510 3.822106 0.089484
v 0.065195 3.822106 0.087715
v 0.067148 3.823997 0.086934
v 0.093609 3.822106 0.091301
v 0.092090 3.823997 0.089904
v 0.095788 3.822106 0.062803
v 0.095059 3.823997 0.064961
v 0.068469 3.822106 0.060711
v 0.070117 3.823997 0.061992
v 0.078937 3.822106 0.095434
v 0.079004 3.823997 0.093585
v 0.100413 3.822106 0.079161
v 0.098741 3.823997 0.078047
v 0.084152 3.822106 0.056291
v 0.083203 3.823997 0.058311
v 0.063467 3.823997 0.073848
v 0.061238 3.822106 0.073617
v -0.243064 3.822105 -0.026196
v -0.243975 3.823996 -0.024147
v -0.261690 3.822105 -0.004780
v -0.259620 3.823996 -0.004489
v -0.239147 3.822105 0.013093
v -0.239961 3.823996 0.011155
v -0.222249 3.822105 -0.008262
v -0.224317 3.823996 -0.008503
v -0.257886 3.822105 -0.018007
v -0.255869 3.823996 -0.017558
v -0.254182 3.822105 0.008788
v -0.253031 3.823996 0.007405
v -0.226346 3.822105 0.005992
v -0.228068 3.823996 0.004566
v -0.230906 3.823996 -0.020397
v -0.230108 3.822105 -0.022464
v -0.127052 3.822105 0.150982
v -0.128997 3.823996 0.150189
v -0.130314 3.822105 0.123970
v -0.131966 3.823996 0.125247
v -0.157695 3.822105 0.126104
v -0.156908 3.823996 0.128216
v -0.155501 3.822105 0.154518
v -0.153939 3.823996 0.153158
v -0.123089 3.822105 0.136865
v -0.125316 3.823996 0.137103
v -0.145988 3.822105 0.119552
v -0.145052 3.823996 0.121565
v -0.162298 3.822105 0.142388
v -0.160590 3.823996 0.141302
v -0.140748 3.822105 0.158674
v -0.140853 3.823996 0.156839
v 0.001893 3.822105 0.257769
v 0.002180 3.823996 0.255699
v 0.019730 3.822105 0.235210
v 0.017795 3.823996 0.236030
v -0.001636 3.822105 0.218347
v -0.001874 3.823996 0.220415
v -0.019537 3.822105 0.239162
v -0.017489 3.823996 0.240084
v 0.015443 3.822105 0.250251
v 0.014061 3.823996 0.249099
v 0.012620 3.822105 0.222426
v 0.011194 3.823996 0.224149
v -0.015826 3.822105 0.226221
v -0.013755 3.823996 0.227016
v -0.010889 3.823996 0.251965
v -0.011327 3.822105 0.253985
v 0.158000 3.822105 0.126104
v 0.157214 3.823996 0.128216
v 0.130620 3.822105 0.123970
v 0.132271 3.823996 0.125247
v 0.127358 3.822105 0.150982
v 0.129303 3.823996 0.150189
v 0.155806 3.822105 0.154518
v 0.154245 3.823996 0.153158
v 0.146293 3.822105 0.119552
v 0.145358 3.823996 0.121565
v 0.123394 3.822105 0.136865
v 0.125621 3.823996 0.137103
v 0.141053 3.822105 0.158674
v 0.141159 3.823996 0.156839
v 0.160895 3.823996 0.141302
v 0.162604 3.822105 0.142388
v 0.261995 3.822105 -0.004780
v 0.259925 3.823996 -0.004489
v 0.243369 3.822105 -0.026196
v 0.244281 3.823996 -0.024147
v 0.222554 3.822105 -0.008262
v 0.224623 3.823996 -0.008503
v 0.239453 3.822105 0.013093
v 0.240267 3.823996 0.011155
v 0.258192 3.822105 -0.018007
v 0.256175 3.823996 -0.017558
v 0.230414 3.822105 -0.022464
v 0.231212 3.823996 -0.020397
v 0.226652 3.822105 0.005992
v 0.228373 3.823996 0.004566
v 0.253336 3.823996 0.007405
v 0.254488 3.822105 0.008788
v 0.127358 3.822105 -0.163974
v 0.129303 3.823996 -0.163181
v 0.130620 3.822105 -0.136962
v 0.132271 3.823996 -0.138239
v 0.158000 3.822105 -0.139096
v 0.157214 3.823996 -0.141208
v 0.155806 3.822105 -0.167510
v 0.154245 3.823996 -0.166150
v 0.123394 3.822105 -0.149857
v 0.125621 3.823996 -0.150095
v 0.146293 3.822105 -0.132544
v 0.145358 3.823996 -0.134558
v 0.162604 3.822105 -0.155381
v 0.160895 3.823996 -0.154294
v 0.141053 3.822105 -0.171667
v 0.141159 3.823996 -0.169832
v -0.001587 3.822105 -0.270762
v -0.001874 3.823996 -0.268691
v -0.019425 3.822105 -0.248202
v -0.017489 3.823996 -0.249023
v 0.001941 3.822105 -0.231339
v 0.002180 3.823996 -0.233408
v 0.019843 3.822105 -0.252155
v 0.017795 3.823996 -0.253076
v -0.015137 3.822105 -0.263243
v -0.013755 3.823996 -0.262091
v -0.012315 3.822105 -0.235419
v -0.010889 3.823996 -0.237142
v 0.016132 3.822105 -0.239214
v 0.014061 3.823996 -0.240008
v 0.011194 3.823996 -0.264957
v 0.011632 3.822105 -0.266977
v -0.155501 3.822105 -0.167510
v -0.153939 3.823996 -0.166150
v -0.157695 3.822105 -0.139096
v -0.156908 3.823996 -0.141208
v -0.130314 3.822105 -0.136962
v -0.131966 3.823996 -0.138239
v -0.127052 3.822105 -0.163974
v -0.128997 3.823996 -0.163181
v -0.162298 3.822105 -0.155381
v -0.160589 3.823996 -0.154294
v -0.145988 3.822105 -0.132544
v -0.145052 3.823996 -0.134558
v -0.123089 3.822105 -0.149857
v -0.125316 3.823996 -0.150095
v -0.140853 3.823996 -0.169832
v -0.140748 3.822105 -0.171667
v 0.019406 3.926352 -0.043645
v 0.019164 3.924461 -0.045678
v 0.005659 3.926352 -0.026183
v 0.003627 3.924461 -0.025941
v 0.023363 3.924461 -0.010404
v 0.023121 3.926352 -0.012437
v -0.011238 3.926352 -0.015694
v -0.009971 3.924461 -0.014085
v -0.008611 3.926352 -0.037761
v -0.007002 3.924461 -0.039027
v -0.031944 3.924461 -0.041997
v -0.030678 3.926352 -0.040388
v -0.033305 3.926352 -0.018321
v -0.034914 3.924461 -0.017054
v -0.003321 3.924461 -0.025941
v -0.005354 3.926352 -0.026183
v -0.019100 3.926352 -0.043645
v -0.018858 3.924461 -0.045678
v -0.036562 3.926352 -0.029898
v -0.038595 3.924461 -0.030140
v -0.023057 3.924461 -0.010404
v -0.022815 3.926352 -0.012437
v -0.151983 3.926352 -0.008272
v -0.149949 3.924461 -0.008503
v -0.169376 3.926352 -0.022113
v -0.169608 3.924461 -0.024147
v -0.185251 3.924461 -0.004489
v -0.183218 3.926352 -0.004720
v -0.165824 3.926352 0.009121
v -0.165593 3.924461 0.011155
v -0.156538 3.924461 -0.020397
v -0.157813 3.926352 -0.018795
v -0.179899 3.926352 -0.016283
v -0.181501 3.924461 -0.017558
v -0.177387 3.926352 0.005803
v -0.178662 3.924461 0.007405
v -0.153700 3.924461 0.004566
v -0.155301 3.926352 0.003291
v -0.077298 3.926352 0.009122
v -0.077067 3.924461 0.011156
v -0.063455 3.926352 -0.008271
v -0.061421 3.924461 -0.008502
v -0.081079 3.924461 -0.024148
v -0.080848 3.926352 -0.022114
v -0.094691 3.926352 -0.004721
v -0.096725 3.924461 -0.004490
v -0.065173 3.924461 0.004567
v -0.066774 3.926352 0.003292
v -0.069285 3.926352 -0.018795
v -0.068010 3.924461 -0.020396
v -0.091372 3.926352 -0.016285
v -0.092973 3.924461 -0.017559
v -0.090136 3.924461 0.007404
v -0.088862 3.926352 0.005802
v -0.093146 3.926352 0.066227
v -0.094754 3.924461 0.064961
v -0.090519 3.926352 0.088295
v -0.091785 3.924461 0.089904
v -0.066842 3.924461 0.086934
v -0.068451 3.926352 0.085668
v -0.071078 3.926352 0.063600
v -0.069812 3.924461 0.061992
v -0.098435 3.924461 0.078047
v -0.096402 3.926352 0.077805
v -0.078941 3.926352 0.091552
v -0.078699 3.924461 0.093585
v -0.065194 3.926352 0.074090
v -0.063161 3.924461 0.073848
v -0.082898 3.924461 0.058311
v -0.082656 3.926352 0.060344
v -0.001640 3.926352 -0.160316
v -0.001874 3.924461 -0.158283
v 0.015761 3.926352 -0.174132
v 0.017795 3.924461 -0.173898
v 0.002179 3.924461 -0.193567
v 0.001946 3.926352 -0.191533
v -0.015456 3.926352 -0.177718
v -0.017489 3.924461 -0.177951
v 0.011194 3.924461 -0.162017
v 0.009922 3.926352 -0.163620
v 0.012457 3.926352 -0.185694
v 0.014061 3.924461 -0.186966
v -0.009616 3.926352 -0.188229
v -0.010889 3.924461 -0.189833
v -0.013755 3.924461 -0.164883
v -0.012152 3.926352 -0.166156
v -0.015455 3.926352 -0.084750
v -0.017489 3.924461 -0.084517
v 0.001947 3.926352 -0.070937
v 0.002181 3.924461 -0.068903
v 0.015760 3.926352 -0.088339
v 0.017794 3.924461 -0.088573
v -0.001641 3.926352 -0.102152
v -0.001875 3.924461 -0.104186
v -0.009615 3.926352 -0.074240
v -0.010888 3.924461 -0.072636
v 0.012458 3.926352 -0.076777
v 0.014061 3.924461 -0.075504
v 0.009920 3.926352 -0.098850
v 0.011193 3.924461 -0.100453
v -0.012152 3.926352 -0.096312
v -0.013756 3.924461 -0.097585
v -0.068451 3.926352 -0.098661
v -0.066842 3.924461 -0.099927
v -0.091785 3.924461 -0.102896
v -0.090519 3.926352 -0.101287
v -0.094754 3.924461 -0.077954
v -0.093146 3.926352 -0.079220
v -0.069812 3.924461 -0.074984
v -0.071078 3.926352 -0.076593
v -0.078941 3.926352 -0.104544
v -0.078699 3.924461 -0.106577
v -0.098435 3.924461 -0.091040
v -0.096402 3.926352 -0.090798
v -0.082898 3.924461 -0.071303
v -0.082656 3.926352 -0.073336
v -0.065194 3.926352 -0.087083
v -0.063161 3.924461 -0.086841
v 0.150255 3.924461 -0.008503
v 0.152288 3.926352 -0.008272
v 0.165898 3.924461 0.011155
v 0.166130 3.926352 0.009121
v 0.185557 3.924461 -0.004489
v 0.183523 3.926352 -0.004720
v 0.169913 3.924461 -0.024147
v 0.169682 3.926352 -0.022113
v 0.154005 3.924461 0.004566
v 0.155607 3.926352 0.003291
v 0.178968 3.924461 0.007405
v 0.177693 3.926352 0.005803
v 0.181806 3.924461 -0.017558
v 0.180205 3.926352 -0.016283
v 0.158119 3.926352 -0.018795
v 0.156844 3.924461 -0.020397
v 0.081385 3.924461 -0.024148
v 0.081153 3.926352 -0.022114
v 0.063761 3.926352 -0.008271
v 0.061727 3.924461 -0.008502
v 0.077604 3.926352 0.009122
v 0.077373 3.924461 0.011156
v 0.094996 3.926352 -0.004721
v 0.097030 3.924461 -0.004490
v 0.068315 3.924461 -0.020396
v 0.069590 3.926352 -0.018795
v 0.067080 3.926352 0.003292
v 0.065478 3.924461 0.004567
v 0.089167 3.926352 0.005802
v 0.090442 3.924461 0.007404
v 0.091677 3.926352 -0.016285
v 0.093279 3.924461 -0.017559
v 0.093451 3.926352 -0.079220
v 0.095059 3.924461 -0.077954
v 0.090824 3.926352 -0.101287
v 0.092090 3.924461 -0.102896
v 0.068756 3.926352 -0.098661
v 0.067148 3.924461 -0.099927
v 0.071383 3.926352 -0.076593
v 0.070117 3.924461 -0.074984
v 0.096708 3.926352 -0.090798
v 0.098741 3.924461 -0.091040
v 0.079246 3.926352 -0.104544
v 0.079004 3.924461 -0.106577
v 0.065499 3.926352 -0.087083
v 0.063467 3.924461 -0.086841
v 0.082961 3.926352 -0.073336
v 0.083203 3.924461 -0.071303
v -0.001640 3.926352 0.147324
v -0.001874 3.924461 0.145291
v -0.015456 3.926352 0.164725
v -0.017489 3.924461 0.164959
v 0.002179 3.924461 0.180574
v 0.001946 3.926352 0.178541
v 0.017795 3.924461 0.160906
v 0.015761 3.926352 0.161139
v -0.012152 3.926352 0.153164
v -0.013755 3.924461 0.151891
v -0.009616 3.926352 0.175237
v -0.010889 3.924461 0.176840
v 0.014060 3.924461 0.173974
v 0.012457 3.926352 0.172701
v 0.009922 3.926352 0.150628
v 0.011194 3.924461 0.149025
v 0.017794 3.924461 0.075580
v 0.015760 3.926352 0.075346
v 0.002181 3.924461 0.055911
v 0.001947 3.926352 0.057945
v -0.017489 3.924461 0.071524
v -0.015455 3.926352 0.071758
v -0.001875 3.924461 0.091194
v -0.001641 3.926352 0.089160
v 0.014061 3.924461 0.062512
v 0.012458 3.926352 0.063785
v -0.010888 3.924461 0.059644
v -0.009615 3.926352 0.061247
v -0.013756 3.924461 0.084593
v -0.012152 3.926352 0.083320
v 0.009920 3.926352 0.085857
v 0.011193 3.924461 0.087461
v 0.067148 3.924461 0.086934
v 0.068756 3.926352 0.085668
v 0.092090 3.924461 0.089904
v 0.090824 3.926352 0.088295
v 0.095059 3.924461 0.064961
v 0.093451 3.926352 0.066227
v 0.071383 3.926352 0.063600
v 0.070117 3.924461 0.061992
v 0.079004 3.924461 0.093585
v 0.079246 3.926352 0.091552
v 0.098741 3.924461 0.078047
v 0.096708 3.926352 0.077805
v 0.082961 3.926352 0.060344
v 0.083203 3.924461 0.058311
v 0.065499 3.926352 0.074090
v 0.063467 3.924461 0.073848
v -0.243744 3.926352 -0.022113
v -0.243975 3.924461 -0.024147
v -0.257586 3.926352 -0.004720
v -0.259620 3.924461 -0.004489
v -0.240193 3.926352 0.009121
v -0.239961 3.924461 0.011155
v -0.226351 3.926352 -0.008272
v -0.224317 3.924461 -0.008503
v -0.254267 3.926352 -0.016284
v -0.255869 3.924461 -0.017558
v -0.251756 3.926352 0.005803
v -0.253031 3.924461 0.007405
v -0.229669 3.926352 0.003291
v -0.228068 3.924461 0.004566
v -0.232181 3.926352 -0.018795
v -0.230906 3.924461 -0.020397
v -0.130605 3.926352 0.148923
v -0.128997 3.924461 0.150189
v -0.133232 3.926352 0.126855
v -0.131966 3.924461 0.125247
v -0.155300 3.926352 0.129482
v -0.156908 3.924461 0.128216
v -0.153939 3.924461 0.153158
v -0.152673 3.926352 0.151550
v -0.127348 3.926352 0.137345
v -0.125316 3.924461 0.137103
v -0.144810 3.926352 0.123598
v -0.145052 3.924461 0.121565
v -0.158557 3.926352 0.141060
v -0.160590 3.924461 0.141302
v -0.141095 3.926352 0.154807
v -0.140853 3.924461 0.156839
v 0.002180 3.924461 0.255699
v 0.001946 3.926352 0.253665
v 0.017795 3.924461 0.236030
v 0.015761 3.926352 0.236264
v -0.001874 3.924461 0.220415
v -0.001641 3.926352 0.222449
v -0.017489 3.924461 0.240084
v -0.015455 3.926352 0.239851
v 0.014061 3.924461 0.249099
v 0.012457 3.926352 0.247826
v 0.011194 3.924461 0.224149
v 0.009921 3.926352 0.225753
v -0.013755 3.924461 0.227016
v -0.012152 3.926352 0.228289
v -0.009616 3.926352 0.250362
v -0.010889 3.924461 0.251965
v 0.157214 3.924461 0.128216
v 0.155605 3.926352 0.129482
v 0.132271 3.924461 0.125247
v 0.133538 3.926352 0.126855
v 0.129303 3.924461 0.150189
v 0.130911 3.926352 0.148923
v 0.154245 3.924461 0.153158
v 0.152979 3.926352 0.151550
v 0.145358 3.924461 0.121565
v 0.145116 3.926352 0.123598
v 0.125621 3.924461 0.137103
v 0.127654 3.926352 0.137345
v 0.141159 3.924461 0.156839
v 0.141401 3.926352 0.154807
v 0.158862 3.926352 0.141060
v 0.160895 3.924461 0.141302
v 0.257891 3.926352 -0.004720
v 0.259925 3.924461 -0.004489
v 0.244050 3.926352 -0.022113
v 0.244281 3.924461 -0.024147
v 0.226656 3.926352 -0.008272
v 0.224623 3.924461 -0.008503
v 0.240498 3.926352 0.009121
v 0.240267 3.924461 0.011155
v 0.254573 3.926352 -0.016284
v 0.256175 3.924461 -0.017558
v 0.232486 3.926352 -0.018795
v 0.231212 3.924461 -0.020397
v 0.229975 3.926352 0.003291
v 0.228373 3.924461 0.004566
v 0.252061 3.926352 0.005803
v 0.253336 3.924461 0.007405
v 0.130911 3.926352 -0.161915
v 0.129303 3.924461 -0.163181
v 0.133538 3.926352 -0.139847
v 0.132271 3.924461 -0.138239
v 0.155605 3.926352 -0.142474
v 0.157214 3.924461 -0.141208
v 0.152979 3.926352 -0.164542
v 0.154245 3.924461 -0.166150
v 0.127654 3.926352 -0.150337
v 0.125621 3.924461 -0.150095
v 0.145116 3.926352 -0.136590
v 0.145358 3.924461 -0.134558
v 0.158862 3.926352 -0.154052
v 0.160895 3.924461 -0.154294
v 0.141401 3.926352 -0.167799
v 0.141159 3.924461 -0.169832
v -0.001641 3.926352 -0.266658
v -0.001874 3.924461 -0.268691
v -0.017489 3.924461 -0.249023
v -0.015455 3.926352 -0.249256
v 0.002180 3.924461 -0.233408
v 0.001946 3.926352 -0.235441
v 0.017795 3.924461 -0.253076
v 0.015761 3.926352 -0.252843
v -0.013755 3.924461 -0.262091
v -0.012152 3.926352 -0.260818
v -0.010889 3.924461 -0.237142
v -0.009616 3.926352 -0.238745
v 0.014061 3.924461 -0.240008
v 0.012457 3.926352 -0.241281
v 0.009921 3.926352 -0.263354
v 0.011194 3.924461 -0.264957
v -0.153939 3.924461 -0.166150
v -0.152673 3.926352 -0.164542
v -0.156908 3.924461 -0.141208
v -0.155300 3.926352 -0.142474
v -0.131966 3.924461 -0.138239
v -0.133232 3.926352 -0.139847
v -0.128997 3.924461 -0.163181
v -0.130605 3.926352 -0.161915
v -0.160589 3.924461 -0.154294
v -0.158557 3.926352 -0.154052
v -0.145052 3.924461 -0.134558
v -0.144810 3.926352 -0.136590
v -0.125316 3.924461 -0.150095
v -0.127348 3.926352 -0.150337
v -0.141095 3.926352 -0.167799
v -0.140853 3.924461 -0.169832
v -0.424293 2.846360 0.267792
v -0.422230 2.848252 0.268299
v -0.542306 2.848252 0.079800
v -0.542808 2.846360 0.081284
v -0.730805 2.848252 0.199876
v -0.729367 2.846360 0.199695
v -0.610729 2.848252 0.388375
v -0.610874 2.846360 0.386356
v -0.085211 2.846360 0.541207
v -0.084895 2.848252 0.540870
v -0.271468 2.846360 0.420654
v -0.271803 2.848252 0.420355
v -0.392017 2.846360 0.606919
v -0.392318 2.848252 0.607263
v -0.205410 2.848252 0.727778
v -0.205755 2.846360 0.727459
v 0.107246 2.846360 -0.502552
v 0.106475 2.848252 -0.502268
v 0.323703 2.848252 -0.454622
v 0.323359 2.846360 -0.455649
v 0.371349 2.848252 -0.671850
v 0.370387 2.846360 -0.671835
v 0.154121 2.848252 -0.719496
v 0.154143 2.846360 -0.718775
v -0.271998 2.846360 -0.433942
v -0.271803 2.848252 -0.433348
v -0.085484 2.846360 -0.553689
v -0.084895 2.848252 -0.553862
v -0.205215 2.846360 -0.740176
v -0.205410 2.848252 -0.740770
v -0.392318 2.848252 -0.620255
v -0.391729 2.846360 -0.620428
v 0.492212 2.846360 0.102687
v 0.491489 2.848252 0.101072
v 0.443808 2.848252 0.319421
v 0.445056 2.846360 0.318208
v 0.662157 2.848252 0.367103
v 0.660658 2.846360 0.365419
v 0.709839 2.848252 0.148754
v 0.707812 2.846360 0.149796
v 0.322116 2.840484 0.443429
v 0.323703 2.842085 0.441630
v 0.107142 2.840511 0.490530
v 0.106475 2.842085 0.489275
v 0.153940 2.840492 0.705452
v 0.154121 2.842085 0.706503
v 0.371349 2.842085 0.658858
v 0.369146 2.840463 0.658512
v -0.492143 2.846360 -0.114902
v -0.491184 2.848252 -0.114064
v -0.444356 2.846360 -0.331480
v -0.443502 2.848252 -0.332413
v -0.660892 2.846360 -0.379257
v -0.661851 2.848252 -0.380095
v -0.709533 2.848252 -0.161746
v -0.708679 2.846360 -0.162679
v 0.444275 2.846360 -0.332480
v 0.443807 2.848252 -0.332413
v 0.491511 2.846360 -0.114599
v 0.491489 2.848252 -0.114064
v 0.709371 2.846360 -0.161759
v 0.709839 2.848252 -0.161746
v 0.662157 2.848252 -0.380095
v 0.662196 2.846360 -0.379683
v -0.708798 2.846360 0.317573
v -0.709806 2.848252 0.318994
v -0.323849 2.846360 0.705765
v -0.323823 2.848252 0.706230
v 0.272028 2.846360 -0.740101
v 0.272603 2.848252 -0.740662
v -0.323276 2.846360 -0.718926
v -0.323823 2.848252 -0.719222
v 0.728905 2.846360 0.267374
v 0.731219 2.848252 0.267804
v 0.271247 2.840467 0.726587
v 0.272603 2.842085 0.727670
v -0.729641 2.846360 -0.280861
v -0.730914 2.848252 -0.280796
v 0.730928 2.846360 -0.280473
v 0.731219 2.848252 -0.280796
v -0.443229 2.848252 0.149181
v -0.444946 2.846360 0.149983
v -0.493012 2.846360 0.365721
v -0.491611 2.848252 0.367376
v -0.660578 2.846360 0.101852
v -0.661424 2.848252 0.100799
v -0.153390 2.848252 0.441903
v -0.153370 2.846360 0.442356
v -0.106911 2.846360 0.659297
v -0.106443 2.848252 0.659283
v -0.370770 2.848252 0.488849
v -0.370321 2.846360 0.488820
v 0.205221 2.848252 -0.433455
v 0.205575 2.846360 -0.434371
v 0.085887 2.846360 -0.620306
v 0.085308 2.848252 -0.620749
v 0.391645 2.846360 -0.554000
v 0.392515 2.848252 -0.553368
v -0.153390 2.848252 -0.454895
v -0.153937 2.846360 -0.455191
v -0.370490 2.846360 -0.502391
v -0.370770 2.848252 -0.501842
v -0.106443 2.848252 -0.672276
v -0.106723 2.846360 -0.671727
v 0.422427 2.848252 0.200371
v 0.424016 2.846360 0.200680
v 0.609755 2.846360 0.081587
v 0.610539 2.848252 0.079691
v 0.543067 2.846360 0.386469
v 0.543107 2.848252 0.388483
v 0.205221 2.842085 0.420463
v 0.204882 2.840496 0.422465
v 0.392516 2.842085 0.540376
v 0.390187 2.840472 0.541187
v 0.085308 2.842085 0.607757
v 0.086080 2.840527 0.607672
v -0.422121 2.848252 -0.213363
v -0.423394 2.846360 -0.213298
v -0.610234 2.848252 -0.092683
v -0.610309 2.846360 -0.093944
v -0.542801 2.848252 -0.401476
v -0.542726 2.846360 -0.400215
v 0.422427 2.848252 -0.213363
v 0.422771 2.846360 -0.213758
v 0.543107 2.848252 -0.401476
v 0.543444 2.846360 -0.401220
v 0.610539 2.848252 -0.092683
v 0.610213 2.846360 -0.093072
v 0.492493 2.846360 -0.339373
v 0.492602 2.848205 -0.338953
v 0.494604 2.846360 -0.340123
v 0.456766 2.846360 -0.252697
v 0.456928 2.848202 -0.252670
v 0.493496 2.846360 -0.164504
v 0.493083 2.848146 -0.165211
v 0.582197 2.846360 -0.126421
v 0.579872 2.848134 -0.127823
v 0.666528 2.848166 -0.162472
v 0.673501 2.846360 -0.162794
v 0.667764 2.846360 -0.164728
v 0.973096 2.954764 -0.371681
v 0.971056 2.953729 -0.369919
v 0.940982 2.950854 -0.449916
v 0.938338 2.949745 -0.449622
v 0.940101 3.002593 -0.516920
v 0.937442 3.002457 -0.517881
v 0.970969 3.079674 -0.533444
v 0.968889 3.080980 -0.534711
v 1.015504 3.136944 -0.489807
v 1.014256 3.139319 -0.490257
v 1.047618 3.140854 -0.411573
v 1.046971 3.143302 -0.410560
v 1.048499 3.089114 -0.344568
v 1.047870 3.090597 -0.342302
v 1.017632 3.012033 -0.328045
v 1.016426 3.012074 -0.325466
v 0.104607 2.846360 -0.605979
v 0.105630 2.848250 -0.605249
v 0.132368 2.846360 -0.511819
v 0.132911 2.848217 -0.512392
v 0.218096 2.846360 -0.466764
v 0.217744 2.848196 -0.467647
v 0.309132 2.848210 -0.495570
v 0.310170 2.846360 -0.495047
v 0.310839 2.846360 -0.497443
v 0.254501 2.846360 -0.722979
v 0.250122 2.848277 -0.718773
v 0.251983 2.846360 -0.717975
v 0.154820 2.848273 -0.692032
v 0.154879 2.846360 -0.694802
v 0.459488 2.502039 -1.060971
v 0.458190 2.502995 -1.062674
v 0.544241 2.499996 -1.072721
v 0.544565 2.501460 -1.074908
v 0.610563 2.513460 -1.022773
v 0.612145 2.515066 -1.023974
v 0.620558 2.538179 -0.941254
v 0.622205 2.539627 -0.940773
v 0.574479 2.577879 -0.878741
v 0.576635 2.579205 -0.878892
v 0.413226 2.536873 -1.002443
v 0.414071 2.536211 -1.000164
v -0.124580 2.846360 -0.636658
v -0.125000 2.848202 -0.636722
v -0.124781 2.846360 -0.634334
v -0.192716 2.846360 -0.702071
v -0.192693 2.848192 -0.701875
v -0.288437 2.846360 -0.700082
v -0.287384 2.848153 -0.700106
v -0.356018 2.846360 -0.630939
v -0.353586 2.848195 -0.632343
v -0.352570 2.848200 -0.538402
v -0.354968 2.846360 -0.532874
v -0.351049 2.846360 -0.536582
v -0.391288 2.567512 -1.156085
v -0.392812 2.569325 -1.157414
v -0.312489 2.573989 -1.186352
v -0.312546 2.575923 -1.188244
v -0.235326 2.578854 -1.151863
v -0.233945 2.580879 -1.153113
v -0.204999 2.579257 -1.072822
v -0.203053 2.581290 -1.072601
v -0.239275 2.574962 -0.995530
v -0.237966 2.576914 -0.993868
v -0.318074 2.568485 -0.965264
v -0.318235 2.570316 -0.963037
v -0.395237 2.563619 -0.999752
v -0.396836 2.565360 -0.998169
v -0.425563 2.563216 -1.078793
v -0.427727 2.564950 -1.078683
v -0.635219 2.846360 -0.356833
v -0.634472 2.848251 -0.356128
v -0.695329 2.846360 -0.282629
v -0.694315 2.848251 -0.282656
v -0.685854 2.846360 -0.187600
v -0.685178 2.848251 -0.188333
v -0.612321 2.846360 -0.127405
v -0.612409 2.848251 -0.128407
v -0.517816 2.846360 -0.137326
v -0.518628 2.848251 -0.137986
v -0.457706 2.846360 -0.211530
v -0.458775 2.848251 -0.211460
v -0.467181 2.846360 -0.306559
v -0.467916 2.848251 -0.305789
v -0.540694 2.848251 -0.365712
v -0.540714 2.846360 -0.366754
v -1.016658 2.828289 -0.488227
v -1.016507 2.830757 -0.490339
v -1.073950 2.794904 -0.346087
v -1.072310 2.793553 -0.348474
v -1.159619 2.793000 -0.346459
v -1.160163 2.794358 -0.344100
v -1.220897 2.807043 -0.403161
v -1.222580 2.808663 -0.401859
v -1.222922 2.827439 -0.485302
v -1.224642 2.829438 -0.485531
v -1.164508 2.842240 -0.544766
v -1.165141 2.844516 -0.546104
v -1.079872 2.842775 -0.546720
v -1.078929 2.845062 -0.548096
v -0.646255 2.846360 0.119687
v -0.645767 2.848248 0.120670
v -0.703997 2.846360 0.196505
v -0.702774 2.848250 0.196419
v -0.690485 2.846360 0.291765
v -0.689533 2.848252 0.290333
v -0.613509 2.846360 0.349636
v -0.613854 2.848248 0.347443
v -0.518057 2.846360 0.336135
v -0.519975 2.848247 0.334257
v -0.462909 2.848247 0.258493
v -0.460002 2.846360 0.259025
v -0.462901 2.846360 0.256505
v -0.551264 2.846360 0.106283
v -0.551869 2.848248 0.107460
v -0.550107 2.846360 0.108468
v -1.232793 2.802165 0.351639
v -1.234713 2.804456 0.350871
v -1.124436 2.786755 0.526606
v -1.124551 2.784791 0.524138
v -1.196576 2.800617 0.570928
v -1.195573 2.802385 0.572806
v -1.277650 2.816553 0.552475
v -1.278162 2.818619 0.554006
v -1.322485 2.823750 0.481024
v -1.323833 2.825949 0.481221
v -1.304818 2.817990 0.398428
v -1.305838 2.820083 0.397083
v -0.326288 2.846360 0.661544
v -0.326329 2.848250 0.661223
v -0.238074 2.846360 0.697588
v -0.238587 2.848250 0.697218
v -0.149766 2.846360 0.660560
v -0.151077 2.848250 0.660686
v -0.113012 2.846360 0.570800
v -0.115055 2.848249 0.573003
v -0.151634 2.848249 0.485535
v -0.151857 2.846360 0.477974
v -0.153292 2.846360 0.484651
v -0.239440 2.846360 0.449248
v -0.239390 2.848249 0.449532
v -0.237569 2.846360 0.450074
v -0.327102 2.846360 0.485940
v -0.326909 2.848249 0.486088
v -0.362918 2.848249 0.573778
v -0.363091 2.846360 0.573875
v -0.391616 2.588537 1.038573
v -0.392204 2.590106 1.036214
v -0.317689 2.595937 1.049455
v -0.316713 2.597664 1.047326
v -0.273665 2.606911 1.109286
v -0.271757 2.608870 1.108423
v -0.285331 2.615029 1.183017
v -0.283673 2.617160 1.183713
v -0.345855 2.615537 1.227458
v -0.345475 2.617678 1.229090
v -0.419781 2.608136 1.216575
v -0.420962 2.610121 1.217978
v -0.463805 2.597162 1.156745
v -0.465917 2.598915 1.156884
v -0.452139 2.589044 1.083014
v -0.454006 2.590625 1.081595
v 0.243274 2.846116 0.704247
v 0.242304 2.848226 0.703537
v 0.240208 2.846360 0.702904
v 0.323068 2.846100 0.651281
v 0.321190 2.848219 0.651244
v 0.341040 2.848219 0.558707
v 0.343155 2.846078 0.557571
v 0.339761 2.846360 0.556807
v 0.565066 2.822435 1.267906
v 0.565599 2.824987 1.268646
v 0.487511 2.803061 1.295784
v 0.486597 2.805252 1.297043
v 0.419107 2.766486 1.261865
v 0.416917 2.767995 1.262492
v 0.399925 2.734133 1.186019
v 0.397375 2.735038 1.185229
v 0.442505 2.724666 1.110357
v 0.439421 2.725687 1.110512
v 0.518428 2.745422 1.082111
v 0.516595 2.743174 1.083725
v 0.587160 2.780905 1.118715
v 0.588110 2.782683 1.116667
v 0.606342 2.813257 1.194562
v 0.607648 2.815640 1.193932
v 0.463843 2.846360 0.299963
v 0.465639 2.848194 0.299263
v 0.464609 2.846360 0.297044
v 0.542454 2.846360 0.355463
v 0.543159 2.848191 0.353994
v 0.637317 2.846360 0.339199
v 0.636744 2.848158 0.338079
v 0.692859 2.846360 0.260681
v 0.691495 2.848113 0.260866
v 0.676528 2.846360 0.165883
v 0.675319 2.848151 0.167376
v 0.597794 2.848154 0.112576
v 0.597861 2.846360 0.110326
v 0.595241 2.846360 0.112471
v 1.154794 2.979926 0.514737
v 1.153845 2.981813 0.516443
v 1.097145 2.918050 0.518644
v 1.095122 2.918784 0.520426
v 1.056755 2.870178 0.461686
v 1.053977 2.870018 0.462407
v 1.057283 2.864352 0.377229
v 1.054515 2.864083 0.376371
v 1.098421 2.903986 0.314745
v 1.096422 2.904457 0.312720
v 1.156070 2.965862 0.310838
v 1.155146 2.967488 0.308742
v 1.196460 3.013734 0.367795
v 1.196288 3.016252 0.366763
v 1.195932 3.019560 0.452253
v 1.195749 3.022185 0.452795
v 0.023226 2.898260 -1.005450
v 0.023656 2.896816 -1.006221
v 0.722800 2.898271 -0.696554
v 0.723683 2.896816 -0.696789
v 0.999058 2.898278 0.016594
v 0.999876 2.896816 0.017006
v 0.690151 2.898267 0.716198
v 0.690445 2.896816 0.717034
v -0.022921 2.898260 0.992455
v -0.023350 2.896816 0.993227
v -0.722494 2.898271 0.683560
v -0.723378 2.896816 0.683795
v -0.998753 2.898278 -0.029588
v -0.999571 2.896816 -0.030000
v -0.690139 2.896816 -0.730028
v -0.689845 2.898267 -0.729192
v 0.023925 -2.973680 -1.005361
v 0.023656 -2.973498 -1.006221
v -0.689309 -2.973685 -0.729624
v -0.690139 -2.973498 -0.730028
v -0.998668 -2.973698 -0.030262
v -0.999571 -2.973498 -0.030000
v -0.722911 -2.973694 0.683004
v -0.723378 -2.973498 0.683795
v -0.023620 -2.973681 0.992366
v -0.023350 -2.973498 0.993227
v 0.689613 -2.973685 0.716629
v 0.690445 -2.973498 0.717034
v 0.998973 -2.973698 0.017268
v 0.999876 -2.973498 0.017006
v 0.723683 -2.973498 -0.696789
v 0.723217 -2.973694 -0.695998
v 0.390009 -2.875899 0.291165
v 0.387944 -2.874008 0.291176
v 0.532368 -2.873976 0.084827
v 0.534646 -2.875868 0.086061
v 0.741431 -2.873997 0.229176
v 0.739751 -2.875889 0.230698
v 0.595466 -2.874029 0.437819
v 0.595113 -2.875920 0.435802
v 0.040698 -2.875937 0.539307
v 0.039703 -2.874046 0.536898
v 0.256713 -2.875918 0.413988
v 0.256893 -2.874026 0.411929
v 0.382033 -2.875950 0.630003
v 0.384006 -2.874058 0.630547
v 0.164351 -2.874078 0.756861
v 0.166017 -2.875969 0.755323
v -0.066979 -2.875783 -0.495527
v -0.065527 -2.873892 -0.494055
v -0.312390 -2.873900 -0.451058
v -0.313160 -2.875790 -0.453546
v -0.357406 -2.873863 -0.699844
v -0.355142 -2.875754 -0.699727
v -0.107790 -2.873856 -0.743388
v -0.108960 -2.875747 -0.741709
v 0.295056 -2.875796 -0.401016
v 0.295041 -2.873905 -0.398949
v 0.091759 -2.875775 -0.546062
v 0.090542 -2.873885 -0.543757
v 0.236805 -2.875745 -0.749358
v 0.235291 -2.873853 -0.751046
v 0.442117 -2.873874 -0.604668
v 0.440102 -2.875766 -0.604312
v -0.484448 -2.875868 0.062030
v -0.482994 -2.873976 0.060563
v -0.439998 -2.874013 0.308733
v -0.442485 -2.875905 0.309471
v -0.690043 -2.874021 0.353698
v -0.689925 -2.875912 0.351434
v -0.733561 -2.873984 0.102813
v -0.731888 -2.875875 0.103993
v -0.353748 -2.875919 0.409185
v -0.352747 -2.874027 0.406780
v -0.112595 -2.875928 0.474093
v -0.111011 -2.874037 0.472764
v -0.177503 -2.875964 0.715245
v -0.176496 -2.874073 0.717028
v -0.420921 -2.874064 0.650241
v -0.418656 -2.875955 0.650337
v 0.484753 -2.875844 -0.075002
v 0.483299 -2.873953 -0.073535
v 0.442790 -2.875807 -0.322443
v 0.440303 -2.873916 -0.321705
v 0.690230 -2.875800 -0.364406
v 0.690349 -2.873909 -0.366670
v 0.733866 -2.873946 -0.115784
v 0.732193 -2.875837 -0.116965
v -0.410867 -2.875804 -0.362604
v -0.408460 -2.873914 -0.361635
v -0.475875 -2.875841 -0.120195
v -0.474566 -2.873950 -0.118598
v -0.718283 -2.875832 -0.185203
v -0.720059 -2.873941 -0.184185
v -0.653180 -2.873904 -0.429877
v -0.653275 -2.875795 -0.427611
v 0.709910 -2.875909 0.363205
v 0.710909 -2.874018 0.364813
v 0.299980 -2.875966 0.737401
v 0.301501 -2.874075 0.738536
v -0.240746 -2.875743 -0.771704
v -0.240305 -2.873851 -0.773549
v 0.368493 -2.875749 -0.718939
v 0.370115 -2.873857 -0.719926
v -0.762153 -2.875895 0.236404
v -0.763995 -2.874004 0.235966
v -0.311522 -2.875967 0.732736
v -0.311257 -2.874076 0.734615
v 0.762459 -2.875817 -0.249376
v 0.764300 -2.873926 -0.248937
v -0.735983 -2.875812 -0.319871
v -0.737858 -2.873921 -0.319607
v 0.418147 -2.873988 0.157076
v 0.419849 -2.875879 0.158657
v 0.462606 -2.875916 0.405962
v 0.461611 -2.874025 0.407675
v 0.667154 -2.875872 0.115901
v 0.669651 -2.873981 0.115696
v 0.121340 -2.874030 0.430068
v 0.122751 -2.875921 0.431909
v 0.058619 -2.875957 0.673269
v 0.058233 -2.874066 0.675770
v 0.365900 -2.874038 0.495204
v 0.364111 -2.875930 0.496041
v -0.181280 -2.873904 -0.421231
v -0.181375 -2.875795 -0.423551
v -0.036984 -2.875764 -0.627313
v -0.035075 -2.873872 -0.627819
v -0.385137 -2.875774 -0.567942
v -0.387035 -2.873882 -0.569607
v 0.161789 -2.873901 -0.429734
v 0.163367 -2.875792 -0.431435
v 0.409683 -2.875785 -0.472624
v 0.411385 -2.873894 -0.471623
v 0.122029 -2.873864 -0.680275
v 0.122178 -2.875756 -0.677750
v -0.409899 -2.873994 0.176983
v -0.412220 -2.875885 0.177060
v -0.616859 -2.875864 0.031765
v -0.617356 -2.873973 0.029847
v -0.557514 -2.875916 0.381699
v -0.559149 -2.874025 0.383603
v -0.219416 -2.874025 0.389394
v -0.219729 -2.875916 0.391694
v -0.438192 -2.874045 0.517798
v -0.436146 -2.875935 0.516318
v -0.093252 -2.874057 0.608796
v -0.095105 -2.875948 0.608112
v 0.410204 -2.873936 -0.189955
v 0.412524 -2.875827 -0.190032
v 0.617661 -2.873957 -0.042818
v 0.617164 -2.875848 -0.044737
v 0.559454 -2.873905 -0.396575
v 0.557819 -2.875796 -0.394671
v -0.390863 -2.873934 -0.227641
v -0.393166 -2.875824 -0.227936
v -0.520056 -2.873901 -0.447361
v -0.518607 -2.875792 -0.445312
v -0.611217 -2.873953 -0.100631
v -0.610542 -2.875844 -0.102495
v 0.361566 -2.875857 0.010517
v 0.363609 -2.873966 0.010613
v 0.243933 -2.874004 0.266098
v 0.242553 -2.875895 0.264587
v -0.017117 -2.874019 0.360601
v -0.017021 -2.875910 0.358555
v -0.268143 -2.874002 0.242008
v -0.266627 -2.875893 0.240632
v -0.363305 -2.873963 -0.023585
v -0.361261 -2.875854 -0.023489
v -0.243629 -2.873924 -0.279070
v -0.242248 -2.875816 -0.277559
v 0.017422 -2.873910 -0.373573
v 0.017326 -2.875801 -0.371527
v 0.266932 -2.875818 -0.253604
v 0.268448 -2.873926 -0.254979
v 0.392026 -2.946441 0.290806
v 0.390009 -2.944550 0.291155
v 0.534647 -2.944519 0.086050
v 0.534995 -2.946410 0.088067
v 0.739751 -2.944540 0.230688
v 0.737734 -2.946431 0.231036
v 0.595114 -2.944571 0.435792
v 0.594765 -2.946462 0.433775
v 0.042676 -2.946479 0.539822
v 0.040698 -2.944588 0.539297
v 0.256188 -2.946460 0.415955
v 0.256714 -2.944569 0.413977
v 0.380055 -2.946492 0.629467
v 0.382033 -2.944601 0.629993
v 0.166017 -2.944620 0.755312
v 0.166543 -2.946511 0.753334
v -0.068649 -2.946325 -0.496721
v -0.066979 -2.944434 -0.495538
v -0.313160 -2.944442 -0.453556
v -0.311977 -2.946332 -0.455227
v -0.355141 -2.944405 -0.699738
v -0.353471 -2.946296 -0.698555
v -0.108960 -2.944398 -0.741719
v -0.110144 -2.946289 -0.740049
v 0.294718 -2.946338 -0.403046
v 0.295056 -2.944448 -0.401026
v 0.093779 -2.946318 -0.546410
v 0.091760 -2.944427 -0.546072
v 0.237143 -2.946287 -0.747350
v 0.236806 -2.944396 -0.749368
v 0.440102 -2.944417 -0.604322
v 0.438083 -2.946308 -0.603985
v -0.485632 -2.946410 0.063689
v -0.484447 -2.944519 0.062020
v -0.442485 -2.944556 0.309461
v -0.444154 -2.946446 0.308275
v -0.689925 -2.944563 0.351423
v -0.688740 -2.946454 0.349754
v -0.731888 -2.944526 0.103983
v -0.730219 -2.946417 0.105168
v -0.352726 -2.946461 0.410948
v -0.353748 -2.944570 0.409174
v -0.114369 -2.946470 0.475104
v -0.112595 -2.944579 0.474082
v -0.178524 -2.946506 0.713461
v -0.177503 -2.944615 0.715235
v -0.418656 -2.944607 0.650327
v -0.416882 -2.946497 0.649305
v 0.485938 -2.946386 -0.076682
v 0.484753 -2.944495 -0.075012
v 0.444459 -2.946350 -0.321268
v 0.442790 -2.944458 -0.322453
v 0.689046 -2.946343 -0.362747
v 0.690231 -2.944452 -0.364416
v 0.732193 -2.944488 -0.116975
v 0.730524 -2.946379 -0.118160
v -0.412639 -2.946347 -0.361591
v -0.410867 -2.944456 -0.362614
v -0.476897 -2.946383 -0.121979
v -0.475874 -2.944492 -0.120205
v -0.716510 -2.946374 -0.186237
v -0.718283 -2.944483 -0.185213
v -0.653275 -2.944447 -0.427622
v -0.652252 -2.946338 -0.425849
v 0.708238 -2.946450 0.362015
v 0.709911 -2.944560 0.363195
v 0.298953 -2.946508 0.735620
v 0.299980 -2.944617 0.737391
v -0.240401 -2.946285 -0.769697
v -0.240745 -2.944394 -0.771714
v 0.367305 -2.946291 -0.717283
v 0.368494 -2.944400 -0.718949
v -0.760135 -2.946437 0.236051
v -0.762153 -2.944546 0.236394
v -0.310990 -2.946509 0.730748
v -0.311522 -2.944618 0.732725
v 0.760441 -2.946359 -0.249044
v 0.762459 -2.944468 -0.249386
v -0.734006 -2.946354 -0.319351
v -0.735983 -2.944463 -0.319881
v 0.419849 -2.944530 0.158647
v 0.421522 -2.946421 0.159827
v 0.463786 -2.946458 0.404279
v 0.462606 -2.944567 0.405952
v 0.665974 -2.946414 0.117563
v 0.667154 -2.944523 0.115890
v 0.122751 -2.944572 0.431899
v 0.123779 -2.946463 0.433669
v 0.060390 -2.946499 0.672232
v 0.058619 -2.944608 0.673259
v 0.364112 -2.944581 0.496031
v 0.362341 -2.946472 0.497058
v -0.181375 -2.944446 -0.423561
v -0.181719 -2.946337 -0.425579
v -0.039001 -2.946306 -0.626979
v -0.036984 -2.944415 -0.627323
v -0.383119 -2.946316 -0.568297
v -0.385137 -2.944425 -0.567952
v 0.163368 -2.944443 -0.431445
v 0.164557 -2.946334 -0.433112
v 0.408017 -2.946327 -0.473824
v 0.409683 -2.944436 -0.472634
v 0.122179 -2.944407 -0.677760
v 0.123845 -2.946298 -0.676572
v -0.412219 -2.944536 0.177050
v -0.414238 -2.946427 0.177391
v -0.616516 -2.946406 0.033773
v -0.616858 -2.944515 0.031755
v -0.557856 -2.946458 0.379670
v -0.557514 -2.944567 0.381689
v -0.219728 -2.944567 0.391684
v -0.220260 -2.946459 0.393660
v -0.436146 -2.944587 0.516308
v -0.434169 -2.946478 0.516840
v -0.095105 -2.944599 0.608102
v -0.097081 -2.946490 0.607569
v 0.412525 -2.944478 -0.190042
v 0.414543 -2.946369 -0.190385
v 0.617164 -2.944499 -0.044747
v 0.616822 -2.946390 -0.046766
v 0.557820 -2.944448 -0.394681
v 0.558162 -2.946339 -0.392663
v -0.393166 -2.944476 -0.227946
v -0.395143 -2.946367 -0.228477
v -0.518607 -2.944443 -0.445322
v -0.519137 -2.946335 -0.443345
v -0.610542 -2.944495 -0.102505
v -0.610012 -2.946386 -0.104482
v 0.359532 -2.946399 0.010411
v 0.361566 -2.944508 0.010507
v 0.242553 -2.944546 0.264576
v 0.241189 -2.946437 0.263050
v -0.017021 -2.944561 0.358545
v -0.016924 -2.946452 0.356490
v -0.266626 -2.944544 0.240622
v -0.265125 -2.946435 0.239230
v -0.361261 -2.944505 -0.023499
v -0.359226 -2.946396 -0.023404
v -0.242248 -2.944467 -0.277569
v -0.240883 -2.946358 -0.276043
v 0.017326 -2.944452 -0.371537
v 0.017230 -2.946343 -0.369483
v 0.265430 -2.946360 -0.252224
v 0.266932 -2.944469 -0.253615
v 0.409156 -2.944550 0.287844
v 0.407139 -2.946441 0.288193
v 0.537608 -2.946413 0.103179
v 0.537957 -2.944522 0.105197
v 0.722622 -2.946432 0.233649
v 0.720605 -2.944541 0.233998
v 0.592152 -2.946459 0.418662
v 0.591803 -2.944568 0.416645
v 0.059384 -2.944589 0.544262
v 0.057406 -2.946480 0.543736
v 0.251749 -2.944571 0.432664
v 0.252274 -2.946462 0.430685
v 0.363347 -2.944600 0.625028
v 0.365325 -2.946491 0.625553
v 0.170457 -2.946509 0.738604
v 0.170983 -2.944618 0.736626
v -0.082754 -2.944433 -0.506716
v -0.081084 -2.946324 -0.505533
v -0.303165 -2.946331 -0.467662
v -0.301981 -2.944439 -0.469332
v -0.341036 -2.946297 -0.689743
v -0.339366 -2.944407 -0.688559
v -0.118955 -2.946291 -0.727614
v -0.120139 -2.944400 -0.725944
v 0.291867 -2.944444 -0.420096
v 0.292205 -2.946336 -0.418077
v 0.110829 -2.944426 -0.549261
v 0.108811 -2.946317 -0.548924
v 0.239994 -2.944398 -0.730299
v 0.239657 -2.946289 -0.732318
v 0.423051 -2.946308 -0.601471
v 0.421032 -2.944417 -0.601134
v -0.495696 -2.944521 0.077863
v -0.494511 -2.946412 0.076194
v -0.456659 -2.946445 0.299397
v -0.458328 -2.944554 0.298212
v -0.679861 -2.946452 0.337249
v -0.678676 -2.944561 0.335580
v -0.717714 -2.946419 0.114046
v -0.716045 -2.944528 0.115232
v -0.344099 -2.944573 0.425929
v -0.345121 -2.946464 0.424155
v -0.129350 -2.944581 0.483731
v -0.127576 -2.946471 0.482709
v -0.187151 -2.944613 0.698480
v -0.186130 -2.946504 0.700253
v -0.403674 -2.946496 0.641700
v -0.401901 -2.944605 0.640679
v 0.496001 -2.944493 -0.090856
v 0.494816 -2.946384 -0.089187
v 0.458633 -2.944460 -0.311204
v 0.456964 -2.946351 -0.312390
v 0.678982 -2.944454 -0.348573
v 0.680167 -2.946345 -0.350242
v 0.718019 -2.946378 -0.127039
v 0.716350 -2.944487 -0.128224
v -0.427696 -2.944457 -0.352902
v -0.425923 -2.946348 -0.353925
v -0.485586 -2.944489 -0.137035
v -0.484563 -2.946381 -0.135262
v -0.701453 -2.944482 -0.194925
v -0.703226 -2.946373 -0.193902
v -0.644586 -2.946340 -0.412565
v -0.643563 -2.944449 -0.410792
v 0.694031 -2.944558 0.351997
v 0.695704 -2.946449 0.353177
v 0.290278 -2.944615 0.720667
v 0.291305 -2.946506 0.722437
v -0.237495 -2.944396 -0.752655
v -0.237839 -2.946287 -0.754673
v 0.357264 -2.944402 -0.703210
v 0.358453 -2.946293 -0.704877
v -0.742996 -2.944546 0.233145
v -0.745014 -2.946437 0.233487
v -0.306497 -2.944616 0.714055
v -0.307029 -2.946507 0.716032
v 0.743302 -2.944469 -0.246137
v 0.745320 -2.946360 -0.246480
v -0.717216 -2.944464 -0.314848
v -0.719193 -2.946355 -0.315379
v 0.434056 -2.946423 0.168665
v 0.435729 -2.944532 0.169845
v 0.473804 -2.944565 0.390072
v 0.472624 -2.946456 0.391745
v 0.655956 -2.944526 0.131770
v 0.657136 -2.946416 0.130097
v 0.131426 -2.946465 0.446852
v 0.132454 -2.944575 0.448623
v 0.075343 -2.944607 0.663557
v 0.073573 -2.946498 0.664584
v 0.349158 -2.946473 0.504705
v 0.347388 -2.944582 0.505733
v -0.184281 -2.946334 -0.440603
v -0.184625 -2.944443 -0.442621
v -0.056043 -2.944415 -0.624073
v -0.054025 -2.946306 -0.624417
v -0.366077 -2.944424 -0.571203
v -0.368095 -2.946315 -0.570859
v 0.173408 -2.946332 -0.445518
v 0.174597 -2.944441 -0.447185
v 0.393944 -2.944435 -0.483864
v 0.395610 -2.946326 -0.482675
v 0.136252 -2.946299 -0.667720
v 0.137918 -2.944408 -0.666531
v -0.429358 -2.946428 0.179956
v -0.431376 -2.944536 0.180298
v -0.613610 -2.944518 0.050912
v -0.613952 -2.946409 0.048893
v -0.560763 -2.944564 0.362532
v -0.560421 -2.946455 0.364550
v -0.224221 -2.946461 0.408377
v -0.224753 -2.944570 0.410354
v -0.419452 -2.946479 0.520801
v -0.417476 -2.944587 0.521333
v -0.111798 -2.946489 0.603608
v -0.113775 -2.944598 0.603076
v 0.429663 -2.946369 -0.192949
v 0.431682 -2.944478 -0.193291
v 0.614257 -2.946388 -0.061886
v 0.613915 -2.944497 -0.063904
v 0.560726 -2.946341 -0.377543
v 0.561069 -2.944450 -0.375524
v -0.409956 -2.946366 -0.232449
v -0.411933 -2.944475 -0.232979
v -0.523110 -2.946337 -0.428532
v -0.523640 -2.944447 -0.426555
v -0.606039 -2.946383 -0.119295
v -0.605509 -2.944492 -0.121272
v 0.321996 -2.948290 0.008644
v 0.324030 -2.946399 0.008741
v 0.217378 -2.946433 0.236423
v 0.216013 -2.948324 0.234896
v -0.015237 -2.946446 0.320631
v -0.015140 -2.948337 0.318576
v -0.238919 -2.946431 0.214956
v -0.237417 -2.948322 0.213565
v -0.323725 -2.946397 -0.021733
v -0.321690 -2.948288 -0.021638
v -0.217072 -2.946362 -0.249416
v -0.215708 -2.948254 -0.247890
v 0.015543 -2.946349 -0.333624
v 0.015446 -2.948241 -0.331570
v 0.237723 -2.948255 -0.226558
v 0.239224 -2.946364 -0.227949
v 0.319964 -3.866499 0.008412
v 0.321999 -3.864608 0.008508
v 0.216017 -3.864642 0.234760
v 0.214652 -3.866533 0.233234
v -0.015137 -3.864655 0.318440
v -0.015041 -3.866545 0.316385
v -0.237414 -3.864640 0.213428
v -0.235912 -3.866531 0.212037
v -0.321687 -3.864606 -0.021775
v -0.319652 -3.866497 -0.021679
v -0.215705 -3.864571 -0.248027
v -0.214340 -3.866463 -0.246501
v 0.015449 -3.864558 -0.331706
v 0.015353 -3.866449 -0.329652
v 0.236224 -3.866464 -0.225304
v 0.237726 -3.864573 -0.226695
v 0.273912 -3.864608 0.006246
v 0.275947 -3.866499 0.006341
v 0.185129 -3.866528 0.200219
v 0.183765 -3.864637 0.198693
v -0.012949 -3.866539 0.271924
v -0.012852 -3.864648 0.269870
v -0.203420 -3.866526 0.181939
v -0.201918 -3.864635 0.180548
v -0.275635 -3.866497 -0.019608
v -0.273600 -3.864606 -0.019512
v -0.184817 -3.866467 -0.213486
v -0.183453 -3.864577 -0.211960
v 0.013261 -3.866455 -0.285192
v 0.013164 -3.864565 -0.283137
v 0.202230 -3.864578 -0.193815
v 0.203732 -3.866469 -0.195207
v 0.271903 -3.821831 0.006438
v 0.273912 -3.823722 0.006252
v 0.183764 -3.823751 0.198699
v 0.182456 -3.821860 0.197236
v -0.012852 -3.823762 0.269876
v -0.013029 -3.821871 0.267942
v -0.201918 -3.823750 0.180554
v -0.200550 -3.821859 0.179287
v -0.273600 -3.823720 -0.019506
v -0.271597 -3.821829 -0.019128
v -0.183453 -3.823691 -0.211954
v -0.181995 -3.821800 -0.210323
v 0.013164 -3.823680 -0.283131
v 0.013359 -3.821790 -0.280993
v 0.200720 -3.821802 -0.192411
v 0.202230 -3.823693 -0.193809
v -0.037437 -3.924183 -0.032081
v -0.035418 -3.926074 -0.031744
v -0.010789 -3.926075 -0.016365
v -0.009600 -3.924185 -0.014699
v -0.007128 -3.926072 -0.038285
v -0.005462 -3.924181 -0.039474
v -0.029048 -3.926073 -0.041946
v -0.030237 -3.924181 -0.043612
v -0.032709 -3.926076 -0.020026
v -0.034375 -3.924185 -0.018837
v -0.004228 -3.924189 0.012618
v -0.006269 -3.926080 0.012764
v -0.023066 -3.926078 -0.001788
v -0.023212 -3.924186 -0.003830
v -0.037618 -3.926080 0.015008
v -0.039660 -3.924189 0.015155
v -0.020675 -3.924192 0.031603
v -0.020821 -3.926082 0.029560
v -0.011654 -3.926078 0.002009
v -0.010313 -3.924187 0.000463
v -0.035368 -3.924187 0.002256
v -0.033821 -3.926079 0.003596
v -0.032234 -3.926082 0.025763
v -0.033574 -3.924191 0.027310
v -0.010067 -3.926082 0.024176
v -0.008520 -3.924191 0.025517
v 0.023157 -3.924186 -0.001648
v 0.022820 -3.926078 0.000371
v 0.004731 -3.926080 0.013282
v 0.002712 -3.924189 0.012945
v 0.017642 -3.926083 0.031370
v 0.017305 -3.924192 0.033389
v 0.037750 -3.924190 0.018797
v 0.035731 -3.926081 0.018459
v 0.011102 -3.926079 0.003080
v 0.009912 -3.924187 0.001414
v 0.005775 -3.924191 0.026189
v 0.007441 -3.926082 0.025000
v 0.029360 -3.926082 0.028661
v 0.030550 -3.924192 0.030327
v 0.033022 -3.926079 0.006741
v 0.034688 -3.924188 0.005552
v 0.034559 -3.821831 0.002896
v 0.034687 -3.823723 0.005567
v 0.032009 -3.821836 0.031804
v 0.030549 -3.823727 0.030342
v 0.003659 -3.821836 0.026653
v 0.005774 -3.823727 0.026204
v 0.008298 -3.821831 0.000097
v 0.009912 -3.823723 0.001429
v 0.038787 -3.821834 0.020941
v 0.037749 -3.823725 0.018812
v 0.017325 -3.821837 0.035204
v 0.017305 -3.823728 0.033404
v 0.000442 -3.821832 0.012692
v 0.002712 -3.823724 0.012960
v 0.023157 -3.823722 -0.001633
v 0.024165 -3.821831 -0.003581
v -0.006456 -3.821836 0.026177
v -0.008520 -3.823727 0.025532
v -0.035165 -3.821836 0.028643
v -0.033574 -3.823727 0.027325
v -0.034990 -3.821831 -0.000376
v -0.035368 -3.823723 0.002271
v -0.008582 -3.821831 -0.000698
v -0.010314 -3.823722 0.000477
v -0.020864 -3.821837 0.033407
v -0.020676 -3.823728 0.031617
v -0.040893 -3.821834 0.017192
v -0.039660 -3.823725 0.015170
v -0.024033 -3.821831 -0.005848
v -0.023212 -3.823722 -0.003815
v -0.004228 -3.823724 0.012633
v -0.001942 -3.821832 0.012580
v -0.034248 -3.821829 -0.016150
v -0.034376 -3.823720 -0.018822
v -0.031697 -3.821825 -0.045058
v -0.030238 -3.823716 -0.043597
v -0.003347 -3.821826 -0.039907
v -0.005462 -3.823717 -0.039459
v -0.007987 -3.821829 -0.013351
v -0.009600 -3.823720 -0.014684
v -0.038475 -3.821826 -0.034195
v -0.037438 -3.823718 -0.032066
v -0.017013 -3.821825 -0.048458
v -0.016993 -3.823716 -0.046659
v -0.000130 -3.821827 -0.025946
v -0.002400 -3.823719 -0.026214
v -0.022845 -3.823721 -0.011622
v -0.023853 -3.821831 -0.009674
v 0.008894 -3.821829 -0.012557
v 0.010625 -3.823720 -0.013732
v 0.006768 -3.821826 -0.039431
v 0.008832 -3.823717 -0.038787
v 0.035476 -3.821826 -0.041898
v 0.033886 -3.823717 -0.040580
v 0.035301 -3.821830 -0.012878
v 0.035680 -3.823720 -0.015526
v 0.002254 -3.821827 -0.025834
v 0.004540 -3.823719 -0.025888
v 0.021176 -3.821824 -0.046662
v 0.020987 -3.823716 -0.044872
v 0.041204 -3.821827 -0.030446
v 0.039972 -3.823719 -0.028425
v 0.023524 -3.823721 -0.009440
v 0.024345 -3.821831 -0.007406
v 0.148118 -3.821830 -0.001542
v 0.150186 -3.823721 -0.001579
v 0.169711 -3.821828 -0.018368
v 0.170558 -3.823720 -0.016281
v 0.187334 -3.821831 0.003998
v 0.185261 -3.823722 0.004091
v 0.163978 -3.821834 0.020689
v 0.164889 -3.823725 0.018793
v 0.156567 -3.821828 -0.015243
v 0.157327 -3.823720 -0.013149
v 0.184135 -3.821829 -0.009491
v 0.182129 -3.823720 -0.009140
v 0.179269 -3.821833 0.017080
v 0.178120 -3.823724 0.015661
v 0.153318 -3.823724 0.011652
v 0.151571 -3.821833 0.013023
v 0.075520 -3.821833 0.016522
v 0.076461 -3.823724 0.014634
v 0.059686 -3.821830 -0.005684
v 0.061756 -3.823721 -0.005738
v 0.081136 -3.821828 -0.022518
v 0.082127 -3.823720 -0.020442
v 0.098905 -3.821831 -0.000161
v 0.096832 -3.823722 -0.000071
v 0.063139 -3.821832 0.008872
v 0.064889 -3.823723 0.007494
v 0.068162 -3.821828 -0.019432
v 0.068896 -3.823720 -0.017309
v 0.095730 -3.821829 -0.013542
v 0.093699 -3.823720 -0.013302
v 0.089692 -3.823724 0.011500
v 0.090853 -3.821833 0.012901
v 0.092428 -3.821841 0.067089
v 0.091600 -3.823732 0.069211
v 0.088913 -3.821845 0.095454
v 0.087462 -3.823736 0.093986
v 0.060699 -3.821845 0.090536
v 0.062686 -3.823736 0.089848
v 0.065239 -3.821841 0.063716
v 0.066824 -3.823732 0.065073
v 0.096280 -3.821844 0.083647
v 0.094662 -3.823735 0.082456
v 0.074063 -3.821846 0.098893
v 0.074217 -3.823737 0.097048
v 0.057409 -3.821843 0.076269
v 0.059624 -3.823734 0.076604
v 0.080069 -3.823731 0.062011
v 0.081111 -3.821840 0.060038
v 0.009084 -3.821808 -0.156095
v 0.009313 -3.823699 -0.158151
v -0.011571 -3.821805 -0.173937
v -0.009600 -3.823697 -0.174673
v 0.007208 -3.821801 -0.195642
v 0.006923 -3.823693 -0.193586
v 0.027833 -3.821805 -0.176014
v 0.025836 -3.823696 -0.177064
v -0.005093 -3.821808 -0.160883
v -0.003565 -3.823699 -0.162495
v -0.006558 -3.821804 -0.188828
v -0.005256 -3.823695 -0.187552
v 0.020327 -3.821802 -0.191210
v 0.019801 -3.823694 -0.189242
v 0.021491 -3.823698 -0.164186
v 0.023509 -3.821806 -0.163237
v 0.023329 -3.821819 -0.082783
v 0.021444 -3.823710 -0.083733
v 0.001115 -3.821821 -0.066991
v 0.001063 -3.823712 -0.069061
v -0.015684 -3.821818 -0.088434
v -0.013609 -3.823709 -0.089442
v 0.006683 -3.821815 -0.106187
v 0.006772 -3.823707 -0.104114
v 0.015670 -3.821820 -0.070423
v 0.014292 -3.823711 -0.072176
v -0.012621 -3.821820 -0.075484
v -0.010494 -3.823711 -0.076213
v -0.006678 -3.821816 -0.103035
v -0.006457 -3.823708 -0.100999
v 0.018329 -3.823708 -0.096962
v 0.019728 -3.821816 -0.098122
v 0.069554 -3.821816 -0.097677
v 0.071468 -3.823708 -0.096806
v 0.098105 -3.821816 -0.099925
v 0.096522 -3.823708 -0.098600
v 0.098941 -3.821820 -0.071355
v 0.098316 -3.823711 -0.073546
v 0.071555 -3.821820 -0.070550
v 0.073261 -3.823711 -0.071752
v 0.083643 -3.821815 -0.104742
v 0.083623 -3.823707 -0.102892
v 0.104331 -3.821818 -0.087478
v 0.102608 -3.823709 -0.086445
v 0.087013 -3.821821 -0.065398
v 0.086160 -3.823712 -0.067460
v 0.064938 -3.821818 -0.083782
v 0.067176 -3.823709 -0.083908
v -0.147630 -3.821829 -0.015456
v -0.149686 -3.823720 -0.015686
v -0.165507 -3.821832 0.005188
v -0.166236 -3.823723 0.003215
v -0.187193 -3.821830 -0.013622
v -0.185138 -3.823721 -0.013335
v -0.167548 -3.821827 -0.034235
v -0.168588 -3.823719 -0.032237
v -0.152436 -3.821831 -0.001279
v -0.154046 -3.823722 -0.002808
v -0.180392 -3.821832 0.000159
v -0.179115 -3.823723 -0.001145
v -0.182742 -3.821828 -0.026751
v -0.180777 -3.823720 -0.026213
v -0.155709 -3.823719 -0.027876
v -0.154756 -3.821827 -0.029890
v -0.078975 -3.821827 -0.030051
v -0.080157 -3.823719 -0.028077
v -0.059200 -3.821830 -0.011277
v -0.061256 -3.823721 -0.011525
v -0.077049 -3.821833 0.009344
v -0.077808 -3.823724 0.007376
v -0.098764 -3.821830 -0.009460
v -0.096709 -3.823721 -0.009176
v -0.066348 -3.821828 -0.025760
v -0.067278 -3.823720 -0.023715
v -0.064004 -3.821832 0.002891
v -0.065617 -3.823723 0.001354
v -0.091974 -3.821832 0.004300
v -0.090687 -3.823723 0.003014
v -0.092347 -3.823720 -0.022055
v -0.094348 -3.821828 -0.022484
v -0.092117 -3.821820 -0.080344
v -0.091288 -3.823710 -0.082466
v -0.088602 -3.821815 -0.108708
v -0.087150 -3.823707 -0.107241
v -0.060388 -3.821816 -0.103790
v -0.062375 -3.823708 -0.103103
v -0.064927 -3.821820 -0.076971
v -0.066513 -3.823711 -0.078328
v -0.095969 -3.821817 -0.096902
v -0.094350 -3.823709 -0.095710
v -0.073752 -3.821815 -0.112147
v -0.073905 -3.823707 -0.110303
v -0.057097 -3.821818 -0.089523
v -0.059313 -3.823709 -0.089858
v -0.079757 -3.823711 -0.075266
v -0.080800 -3.821820 -0.073293
v -0.004988 -3.821852 0.143019
v -0.004953 -3.823744 0.145087
v 0.011808 -3.821856 0.164610
v 0.009721 -3.823747 0.165467
v -0.010569 -3.821859 0.182215
v -0.010660 -3.823749 0.180141
v -0.027227 -3.821856 0.158843
v -0.025333 -3.823747 0.159761
v 0.008703 -3.821854 0.151483
v 0.006605 -3.823745 0.152238
v 0.002909 -3.821857 0.179035
v 0.002570 -3.823749 0.177025
v -0.023634 -3.821857 0.174139
v -0.022217 -3.823749 0.172990
v -0.019552 -3.821854 0.146454
v -0.018182 -3.823745 0.148203
v -0.023295 -3.821843 0.073331
v -0.021323 -3.823734 0.074529
v -0.004556 -3.821840 0.053560
v -0.004803 -3.823731 0.055616
v 0.016077 -3.821842 0.071368
v 0.014111 -3.823733 0.072136
v -0.002692 -3.821845 0.093106
v -0.002409 -3.823736 0.091050
v -0.019029 -3.821841 0.060726
v -0.016980 -3.823732 0.061651
v 0.009612 -3.821840 0.058344
v 0.008076 -3.823731 0.059959
v 0.011051 -3.821844 0.086301
v 0.009768 -3.823735 0.085014
v -0.015288 -3.823736 0.086707
v -0.015699 -3.821845 0.088713
v -0.069242 -3.821844 0.084423
v -0.071156 -3.823735 0.083552
v -0.097793 -3.821845 0.086670
v -0.096210 -3.823736 0.085345
v -0.098630 -3.821841 0.058101
v -0.098004 -3.823732 0.060291
v -0.071244 -3.821840 0.057296
v -0.072950 -3.823731 0.058497
v -0.083332 -3.821845 0.091488
v -0.083312 -3.823736 0.089637
v -0.104019 -3.821843 0.074224
v -0.102296 -3.823734 0.073190
v -0.086701 -3.821840 0.052144
v -0.085848 -3.823731 0.054205
v -0.066864 -3.823733 0.070653
v -0.064627 -3.821842 0.070527
v 0.244029 -3.821828 -0.014875
v 0.244844 -3.823720 -0.012787
v 0.261628 -3.821831 0.007392
v 0.259547 -3.823722 0.007585
v 0.238271 -3.821834 0.024186
v 0.239175 -3.823725 0.022288
v 0.222394 -3.821831 0.002060
v 0.224472 -3.823722 0.001916
v 0.258451 -3.821829 -0.005999
v 0.256414 -3.823720 -0.005646
v 0.253492 -3.821833 0.020593
v 0.252406 -3.823724 0.019156
v 0.225817 -3.821833 0.016491
v 0.227604 -3.823724 0.015147
v 0.231613 -3.823720 -0.009654
v 0.230913 -3.821829 -0.011757
v 0.119820 -3.821854 0.156655
v 0.121800 -3.823745 0.155954
v 0.124348 -3.821850 0.129826
v 0.125938 -3.823741 0.131179
v 0.151598 -3.821851 0.133244
v 0.150713 -3.823742 0.135316
v 0.148071 -3.821855 0.161524
v 0.146575 -3.823746 0.160092
v 0.116524 -3.821852 0.142367
v 0.118738 -3.823743 0.142709
v 0.140211 -3.821850 0.126149
v 0.139182 -3.823741 0.128116
v 0.155431 -3.821853 0.149727
v 0.153775 -3.823744 0.148561
v 0.133139 -3.821855 0.164982
v 0.133330 -3.823746 0.163154
v -0.014001 -3.821870 0.257265
v -0.014190 -3.823760 0.255183
v -0.030759 -3.821867 0.233891
v -0.028864 -3.823758 0.234802
v -0.008624 -3.821863 0.218051
v -0.008483 -3.823755 0.220129
v 0.008280 -3.821867 0.239685
v 0.006190 -3.823758 0.240509
v -0.027183 -3.821868 0.249118
v -0.025748 -3.823759 0.248031
v -0.023056 -3.821865 0.221457
v -0.021712 -3.823756 0.223244
v 0.005181 -3.821866 0.226584
v 0.003075 -3.823757 0.227280
v -0.000961 -3.823760 0.252067
v -0.000618 -3.821869 0.254106
v -0.163749 -3.821850 0.118409
v -0.163062 -3.823741 0.120555
v -0.136298 -3.821849 0.117563
v -0.138008 -3.823740 0.118761
v -0.134309 -3.821853 0.144699
v -0.136214 -3.823744 0.143815
v -0.162892 -3.821854 0.146894
v -0.161269 -3.823745 0.145609
v -0.151746 -3.821849 0.112414
v -0.150907 -3.823740 0.114469
v -0.129687 -3.821851 0.130784
v -0.131922 -3.823742 0.130917
v -0.148351 -3.821854 0.151740
v -0.148370 -3.823745 0.149901
v -0.167354 -3.823743 0.133453
v -0.169112 -3.821852 0.134459
v -0.261478 -3.821829 -0.017217
v -0.259424 -3.823720 -0.016830
v -0.241866 -3.821826 -0.037734
v -0.242873 -3.823718 -0.035731
v -0.221917 -3.821829 -0.018843
v -0.223972 -3.823720 -0.019181
v -0.239801 -3.821832 0.001695
v -0.240522 -3.823723 -0.000279
v -0.257057 -3.821827 -0.030252
v -0.255063 -3.823719 -0.029709
v -0.229100 -3.821827 -0.033398
v -0.229995 -3.823719 -0.031371
v -0.226680 -3.821831 -0.004796
v -0.228332 -3.823722 -0.006302
v -0.253401 -3.823722 -0.004640
v -0.254617 -3.821831 -0.003312
v -0.119508 -3.821806 -0.169909
v -0.121488 -3.823698 -0.169209
v -0.124036 -3.821810 -0.143080
v -0.125626 -3.823701 -0.144433
v -0.151286 -3.821810 -0.146499
v -0.150401 -3.823700 -0.148571
v -0.147759 -3.821805 -0.174778
v -0.146263 -3.823697 -0.173346
v -0.116213 -3.821808 -0.155621
v -0.118426 -3.823699 -0.155964
v -0.139900 -3.821811 -0.139404
v -0.138870 -3.823702 -0.141371
v -0.155119 -3.821807 -0.162981
v -0.153463 -3.823699 -0.161816
v -0.132827 -3.821805 -0.178237
v -0.133019 -3.823697 -0.176409
v 0.014312 -3.821791 -0.270519
v 0.014502 -3.823682 -0.268438
v 0.031070 -3.821794 -0.247146
v 0.029175 -3.823685 -0.248057
v 0.008935 -3.821797 -0.231306
v 0.008795 -3.823688 -0.233384
v -0.007968 -3.821794 -0.252940
v -0.005879 -3.823685 -0.253764
v 0.027494 -3.821792 -0.262372
v 0.026060 -3.823683 -0.261286
v 0.023367 -3.821796 -0.234711
v 0.022024 -3.823687 -0.236499
v -0.004869 -3.821796 -0.239838
v -0.002763 -3.823687 -0.240535
v 0.001273 -3.823683 -0.265322
v 0.000930 -3.821792 -0.267360
v 0.163204 -3.821807 -0.160149
v 0.161580 -3.823699 -0.158864
v 0.164060 -3.821811 -0.131663
v 0.163374 -3.823702 -0.133810
v 0.136610 -3.821811 -0.130818
v 0.138320 -3.823702 -0.132016
v 0.134621 -3.821807 -0.157953
v 0.136526 -3.823699 -0.157070
v 0.169424 -3.821809 -0.147713
v 0.167666 -3.823700 -0.146708
v 0.152058 -3.821812 -0.125668
v 0.151218 -3.823703 -0.127724
v 0.129998 -3.821809 -0.144038
v 0.132234 -3.823700 -0.144172
v 0.148682 -3.823698 -0.163156
v 0.148663 -3.821806 -0.164994
v -0.017330 -3.926072 -0.044655
v -0.016993 -3.924180 -0.046674
v -0.004419 -3.926074 -0.026567
v -0.002400 -3.924183 -0.026229
v -0.022845 -3.924186 -0.011637
v -0.022508 -3.926076 -0.013656
v 0.011966 -3.926076 -0.015295
v 0.010626 -3.924185 -0.013747
v 0.010379 -3.926073 -0.037461
v 0.008832 -3.924181 -0.038802
v 0.033886 -3.924181 -0.040595
v 0.032546 -3.926072 -0.039048
v 0.034133 -3.926075 -0.016882
v 0.035680 -3.924185 -0.015541
v 0.004540 -3.924184 -0.025903
v 0.006582 -3.926075 -0.026049
v 0.021134 -3.926072 -0.042846
v 0.020988 -3.924180 -0.044887
v 0.037930 -3.926074 -0.028294
v 0.039972 -3.924183 -0.028440
v 0.023524 -3.924186 -0.009455
v 0.023378 -3.926076 -0.011497
v 0.152207 -3.926077 -0.001267
v 0.150186 -3.924186 -0.001594
v 0.170232 -3.926075 -0.014276
v 0.170558 -3.924184 -0.016296
v 0.185261 -3.924187 0.004076
v 0.183240 -3.926078 0.003749
v 0.165216 -3.926080 0.016757
v 0.164889 -3.924189 0.018778
v 0.157327 -3.924185 -0.013164
v 0.158525 -3.926076 -0.011505
v 0.180469 -3.926076 -0.007958
v 0.182129 -3.924185 -0.009155
v 0.176922 -3.926080 0.013986
v 0.178120 -3.924189 0.015646
v 0.153319 -3.924188 0.011637
v 0.154978 -3.926079 0.010439
v 0.076788 -3.926080 0.012598
v 0.076461 -3.924189 0.014619
v 0.063777 -3.926077 -0.005426
v 0.061756 -3.924186 -0.005753
v 0.082128 -3.924184 -0.020457
v 0.081801 -3.926075 -0.018437
v 0.094812 -3.926077 -0.000413
v 0.096832 -3.924186 -0.000086
v 0.064890 -3.924188 0.007479
v 0.066549 -3.926079 0.006280
v 0.070095 -3.926076 -0.015665
v 0.068897 -3.924185 -0.017324
v 0.092039 -3.926076 -0.012119
v 0.093699 -3.924185 -0.013317
v 0.089692 -3.924188 0.011485
v 0.088494 -3.926079 0.009825
v 0.089934 -3.926088 0.070385
v 0.091600 -3.924197 0.069196
v 0.086273 -3.926092 0.092305
v 0.087462 -3.924201 0.093971
v 0.062687 -3.924200 0.089833
v 0.064353 -3.926091 0.088644
v 0.068014 -3.926088 0.066724
v 0.066825 -3.924196 0.065058
v 0.094662 -3.924199 0.082441
v 0.092643 -3.926090 0.082103
v 0.074555 -3.926092 0.095014
v 0.074217 -3.924201 0.097033
v 0.061644 -3.926089 0.076926
v 0.059625 -3.924198 0.076589
v 0.080069 -3.924196 0.061996
v 0.079732 -3.926087 0.064015
v 0.009176 -3.926054 -0.160209
v 0.009314 -3.924164 -0.158166
v -0.007557 -3.926052 -0.174827
v -0.009599 -3.924161 -0.174688
v 0.006923 -3.924158 -0.193601
v 0.007061 -3.926050 -0.191559
v 0.023794 -3.926052 -0.176942
v 0.025836 -3.924161 -0.177079
v -0.003565 -3.924163 -0.162510
v -0.002218 -3.926054 -0.164052
v -0.003714 -3.926051 -0.186220
v -0.005255 -3.924159 -0.187567
v 0.018455 -3.926050 -0.187716
v 0.019801 -3.924159 -0.189257
v 0.021492 -3.924163 -0.164201
v 0.019950 -3.926053 -0.165548
v 0.019424 -3.926066 -0.084077
v 0.021444 -3.924175 -0.083748
v 0.001392 -3.926068 -0.071097
v 0.001063 -3.924176 -0.069076
v -0.011588 -3.926065 -0.089128
v -0.013609 -3.924174 -0.089457
v 0.006444 -3.926063 -0.102109
v 0.006773 -3.924172 -0.104129
v 0.013097 -3.926067 -0.073852
v 0.014292 -3.924176 -0.072191
v -0.008832 -3.926067 -0.077424
v -0.010494 -3.924176 -0.076228
v -0.005261 -3.926063 -0.099353
v -0.006457 -3.924172 -0.101014
v 0.016668 -3.926064 -0.095781
v 0.018330 -3.924173 -0.096977
v 0.073015 -3.926064 -0.095481
v 0.071468 -3.924173 -0.096821
v 0.096522 -3.924172 -0.098615
v 0.095182 -3.926063 -0.097068
v 0.098316 -3.924176 -0.073561
v 0.096769 -3.926066 -0.074902
v 0.073262 -3.924176 -0.071767
v 0.074602 -3.926067 -0.073315
v 0.083770 -3.926063 -0.100866
v 0.083624 -3.924172 -0.102907
v 0.102608 -3.924174 -0.086460
v 0.100566 -3.926065 -0.086314
v 0.086160 -3.924176 -0.067475
v 0.086014 -3.926068 -0.069517
v 0.069218 -3.926066 -0.084069
v 0.067176 -3.924175 -0.083923
v -0.149685 -3.924186 -0.015701
v -0.151728 -3.926077 -0.015566
v -0.166236 -3.924188 0.003200
v -0.166371 -3.926079 0.001158
v -0.185137 -3.924186 -0.013350
v -0.183095 -3.926077 -0.013486
v -0.168587 -3.924183 -0.032252
v -0.168452 -3.926074 -0.030209
v -0.154046 -3.924187 -0.002823
v -0.155586 -3.926078 -0.004171
v -0.179114 -3.924187 -0.001160
v -0.177766 -3.926078 -0.002700
v -0.180777 -3.924184 -0.026228
v -0.179237 -3.926075 -0.024880
v -0.157057 -3.926075 -0.026351
v -0.155709 -3.924184 -0.027891
v -0.080156 -3.924183 -0.028092
v -0.080021 -3.926074 -0.026050
v -0.063298 -3.926077 -0.011405
v -0.061256 -3.924186 -0.011540
v -0.077943 -3.926079 0.005318
v -0.077808 -3.924188 0.007361
v -0.094666 -3.926077 -0.009327
v -0.096709 -3.924186 -0.009191
v -0.067278 -3.924184 -0.023730
v -0.068626 -3.926075 -0.022191
v -0.067157 -3.926078 -0.000010
v -0.065617 -3.924187 0.001339
v -0.089338 -3.926079 0.001459
v -0.090686 -3.924188 0.003000
v -0.090807 -3.926076 -0.020721
v -0.092347 -3.924185 -0.022070
v -0.089621 -3.926067 -0.083670
v -0.091288 -3.924176 -0.082481
v -0.085960 -3.926063 -0.105590
v -0.087150 -3.924172 -0.107256
v -0.064040 -3.926063 -0.101929
v -0.062374 -3.924172 -0.103118
v -0.067702 -3.926066 -0.080009
v -0.066512 -3.924176 -0.078343
v -0.092331 -3.926064 -0.095389
v -0.094350 -3.924173 -0.095725
v -0.074242 -3.926063 -0.108299
v -0.073905 -3.924171 -0.110318
v -0.061331 -3.926065 -0.090211
v -0.059312 -3.924174 -0.089873
v -0.079420 -3.926067 -0.077300
v -0.079757 -3.924176 -0.075281
v -0.005281 -3.926100 0.147092
v -0.004952 -3.924208 0.145072
v 0.007701 -3.926103 0.165123
v 0.009721 -3.924212 0.165452
v -0.010659 -3.924214 0.180126
v -0.010330 -3.926105 0.178106
v -0.025333 -3.924211 0.159746
v -0.023313 -3.926102 0.160074
v 0.004944 -3.926101 0.153419
v 0.006605 -3.924210 0.152223
v 0.001374 -3.926104 0.175349
v 0.002570 -3.924214 0.177010
v -0.022217 -3.924213 0.172975
v -0.020556 -3.926104 0.171779
v -0.016986 -3.926101 0.149849
v -0.018182 -3.924209 0.148188
v -0.021323 -3.924198 0.074514
v -0.019280 -3.926089 0.074376
v -0.004802 -3.924196 0.055601
v -0.004664 -3.926087 0.057643
v 0.014112 -3.924198 0.072121
v 0.012069 -3.926089 0.072259
v -0.002409 -3.924201 0.091035
v -0.002547 -3.926092 0.088992
v -0.016980 -3.924196 0.061636
v -0.015438 -3.926088 0.062982
v 0.008076 -3.924196 0.059944
v 0.006730 -3.926087 0.061485
v 0.009769 -3.924200 0.084999
v 0.008227 -3.926091 0.083652
v -0.013941 -3.926091 0.085150
v -0.015287 -3.924200 0.086692
v -0.071156 -3.924200 0.083537
v -0.072703 -3.926091 0.082196
v -0.096210 -3.924200 0.085330
v -0.094869 -3.926091 0.083783
v -0.098004 -3.924196 0.060276
v -0.096457 -3.926088 0.061616
v -0.074290 -3.926087 0.060029
v -0.072949 -3.924196 0.058482
v -0.083311 -3.924201 0.089622
v -0.083457 -3.926092 0.087580
v -0.102296 -3.924198 0.073175
v -0.100254 -3.926089 0.073028
v -0.085702 -3.926087 0.056232
v -0.085848 -3.924196 0.054190
v -0.068905 -3.926089 0.070784
v -0.066864 -3.924198 0.070638
v 0.244518 -3.926076 -0.010781
v 0.244844 -3.924185 -0.012802
v 0.257527 -3.926078 0.007243
v 0.259547 -3.924187 0.007570
v 0.239502 -3.926080 0.020252
v 0.239175 -3.924189 0.022273
v 0.226493 -3.926077 0.002228
v 0.224472 -3.924186 0.001901
v 0.254755 -3.926077 -0.004463
v 0.256415 -3.924186 -0.005661
v 0.251208 -3.926080 0.017481
v 0.252406 -3.924189 0.019141
v 0.229265 -3.926079 0.013934
v 0.227605 -3.924188 0.015133
v 0.232811 -3.926076 -0.008010
v 0.231613 -3.924185 -0.009669
v 0.123466 -3.926101 0.154749
v 0.121800 -3.924210 0.155939
v 0.127127 -3.926098 0.132829
v 0.125938 -3.924206 0.131164
v 0.149047 -3.926097 0.136490
v 0.150713 -3.924206 0.135301
v 0.146575 -3.924210 0.160077
v 0.145386 -3.926101 0.158410
v 0.120757 -3.926099 0.143031
v 0.118738 -3.924208 0.142694
v 0.138845 -3.926097 0.130120
v 0.139182 -3.924206 0.128101
v 0.151756 -3.926099 0.148209
v 0.153775 -3.924208 0.148546
v 0.133668 -3.926102 0.161120
v 0.133331 -3.924211 0.163139
v -0.014190 -3.924226 0.255168
v -0.013861 -3.926116 0.253147
v -0.028863 -3.924222 0.234787
v -0.026843 -3.926113 0.235116
v -0.008482 -3.924220 0.220114
v -0.008811 -3.926111 0.222134
v 0.006191 -3.924223 0.240495
v 0.004170 -3.926114 0.240165
v -0.025748 -3.924224 0.248016
v -0.024086 -3.926115 0.246820
v -0.021712 -3.924220 0.223229
v -0.020516 -3.926111 0.224890
v 0.003075 -3.924221 0.227265
v 0.001414 -3.926112 0.228461
v -0.002157 -3.926115 0.250391
v -0.000961 -3.924225 0.252052
v -0.163062 -3.924206 0.120540
v -0.161515 -3.926097 0.121880
v -0.138008 -3.924206 0.118746
v -0.139348 -3.926097 0.120293
v -0.136214 -3.924209 0.143800
v -0.137761 -3.926100 0.142460
v -0.161268 -3.924209 0.145594
v -0.159928 -3.926100 0.144047
v -0.150906 -3.924205 0.114454
v -0.150760 -3.926096 0.116496
v -0.131922 -3.924207 0.130902
v -0.133964 -3.926098 0.131048
v -0.148370 -3.924210 0.149886
v -0.148516 -3.926101 0.147844
v -0.165312 -3.926098 0.133292
v -0.167354 -3.924207 0.133438
v -0.257381 -3.926077 -0.016981
v -0.259424 -3.924186 -0.016845
v -0.242737 -3.926074 -0.033704
v -0.242873 -3.924183 -0.035746
v -0.226014 -3.926076 -0.019061
v -0.223971 -3.924185 -0.019196
v -0.240658 -3.926079 -0.002337
v -0.240522 -3.924188 -0.000294
v -0.253523 -3.926075 -0.028375
v -0.255063 -3.924184 -0.029723
v -0.231343 -3.926074 -0.029846
v -0.229994 -3.924183 -0.031386
v -0.229872 -3.926078 -0.007666
v -0.228332 -3.924187 -0.006317
v -0.252052 -3.926078 -0.006195
v -0.253401 -3.924187 -0.004655
v -0.123154 -3.926053 -0.168035
v -0.121488 -3.924162 -0.169224
v -0.126815 -3.926057 -0.146115
v -0.125626 -3.924165 -0.144448
v -0.148735 -3.926057 -0.149776
v -0.150401 -3.924165 -0.148586
v -0.145074 -3.926053 -0.171696
v -0.146263 -3.924162 -0.173361
v -0.120444 -3.926055 -0.156317
v -0.118425 -3.924165 -0.155979
v -0.138533 -3.926057 -0.143405
v -0.138870 -3.924166 -0.141386
v -0.151444 -3.926055 -0.161494
v -0.153463 -3.924164 -0.161831
v -0.133356 -3.926053 -0.174405
v -0.133018 -3.924161 -0.176424
v 0.014173 -3.926039 -0.266433
v 0.014502 -3.924147 -0.268453
v 0.029176 -3.924150 -0.248072
v 0.027155 -3.926041 -0.248401
v 0.008795 -3.924152 -0.233399
v 0.009124 -3.926043 -0.235419
v -0.005878 -3.924149 -0.253779
v -0.003858 -3.926040 -0.253451
v 0.026060 -3.924148 -0.261301
v 0.024399 -3.926039 -0.260105
v 0.022024 -3.924152 -0.236514
v 0.020828 -3.926043 -0.238176
v -0.002763 -3.924151 -0.240550
v -0.001102 -3.926042 -0.241746
v 0.002469 -3.926039 -0.263676
v 0.001273 -3.924147 -0.265337
v 0.161581 -3.924163 -0.158879
v 0.160240 -3.926054 -0.157332
v 0.163374 -3.924166 -0.133825
v 0.161827 -3.926057 -0.135165
v 0.138320 -3.924166 -0.132031
v 0.139660 -3.926058 -0.133578
v 0.136526 -3.924163 -0.157085
v 0.138073 -3.926054 -0.155745
v 0.167666 -3.924165 -0.146723
v 0.165625 -3.926056 -0.146577
v 0.151219 -3.924167 -0.127739
v 0.151072 -3.926058 -0.129781
v 0.132234 -3.924165 -0.144187
v 0.134276 -3.926056 -0.144333
v 0.148828 -3.926053 -0.161129
v 0.148682 -3.924162 -0.163171
v 0.411240 -2.846128 0.287450
v 0.409155 -2.848019 0.287859
v 0.537956 -2.847992 0.105211
v 0.538388 -2.846101 0.106717
v 0.720604 -2.848010 0.234012
v 0.719177 -2.846119 0.233764
v 0.591803 -2.848037 0.416660
v 0.592042 -2.846146 0.414651
v 0.059684 -2.846167 0.544628
v 0.059384 -2.848058 0.544276
v 0.251399 -2.846150 0.432961
v 0.251748 -2.848041 0.432678
v 0.363062 -2.846178 0.624685
v 0.363346 -2.848069 0.625042
v 0.170982 -2.848087 0.736641
v 0.171342 -2.846196 0.736339
v -0.083511 -2.846011 -0.507022
v -0.082754 -2.847903 -0.506702
v -0.301982 -2.847909 -0.469317
v -0.301590 -2.846018 -0.470327
v -0.339366 -2.847876 -0.688544
v -0.338407 -2.845985 -0.688484
v -0.120139 -2.847870 -0.725929
v -0.120195 -2.845979 -0.725210
v 0.292089 -2.846023 -0.420666
v 0.291867 -2.847914 -0.420082
v 0.111409 -2.846004 -0.549046
v 0.110829 -2.847895 -0.549247
v 0.239772 -2.845977 -0.729700
v 0.239994 -2.847868 -0.730284
v 0.421032 -2.847887 -0.601119
v 0.420452 -2.845996 -0.601319
v -0.496494 -2.846100 0.079457
v -0.495696 -2.847991 0.077878
v -0.458328 -2.848024 0.298226
v -0.459519 -2.846133 0.296956
v -0.678677 -2.848030 0.335595
v -0.677100 -2.846139 0.333983
v -0.716045 -2.847997 0.115246
v -0.714070 -2.846107 0.116382
v -0.342598 -2.840275 0.427817
v -0.344100 -2.841875 0.425945
v -0.130076 -2.840310 0.484969
v -0.129350 -2.841883 0.483746
v -0.186921 -2.840322 0.697454
v -0.187152 -2.841915 0.698495
v -0.401901 -2.841908 0.640694
v -0.399684 -2.840286 0.640452
v 0.496998 -2.846071 -0.091633
v 0.496001 -2.847963 -0.090841
v 0.459442 -2.846039 -0.310218
v 0.458633 -2.847930 -0.311190
v 0.677984 -2.846032 -0.347766
v 0.678982 -2.847924 -0.348558
v 0.716350 -2.847956 -0.128209
v 0.715540 -2.846065 -0.129181
v -0.428160 -2.846035 -0.352976
v -0.427696 -2.847927 -0.352888
v -0.485582 -2.846068 -0.137555
v -0.485586 -2.847959 -0.137020
v -0.700986 -2.846060 -0.194902
v -0.701454 -2.847951 -0.194911
v -0.643564 -2.847919 -0.410778
v -0.643622 -2.846028 -0.410367
v 0.693091 -2.846136 0.350545
v 0.694031 -2.848027 0.352012
v 0.290325 -2.846193 0.720219
v 0.290277 -2.848084 0.720681
v -0.236948 -2.845975 -0.752052
v -0.237495 -2.847866 -0.752640
v 0.356703 -2.845981 -0.702925
v 0.357264 -2.847872 -0.703196
v -0.740665 -2.846124 0.232839
v -0.742996 -2.848015 0.233159
v -0.305092 -2.840301 0.713053
v -0.306497 -2.841918 0.714070
v 0.742033 -2.846047 -0.246248
v 0.743302 -2.847939 -0.246123
v -0.716940 -2.846042 -0.314497
v -0.717216 -2.847934 -0.314834
v 0.435728 -2.848002 0.169859
v 0.437406 -2.846111 0.170742
v 0.475281 -2.846143 0.388500
v 0.473804 -2.848034 0.390087
v 0.655062 -2.846104 0.132797
v 0.655956 -2.847995 0.131784
v 0.132453 -2.848044 0.448637
v 0.132413 -2.846153 0.449090
v 0.075810 -2.846185 0.663607
v 0.075343 -2.848076 0.663571
v 0.347387 -2.848052 0.505747
v 0.346940 -2.846161 0.505696
v -0.184625 -2.847913 -0.442606
v -0.184936 -2.846021 -0.443537
v -0.056643 -2.845994 -0.623642
v -0.056043 -2.847885 -0.624058
v -0.365179 -2.846003 -0.571778
v -0.366077 -2.847894 -0.571188
v 0.174597 -2.847910 -0.447170
v 0.175158 -2.846019 -0.447440
v 0.393690 -2.846013 -0.484411
v 0.393943 -2.847904 -0.483849
v 0.137918 -2.847878 -0.666516
v 0.138171 -2.845987 -0.665955
v -0.431377 -2.848006 0.180313
v -0.432978 -2.846115 0.180547
v -0.612915 -2.846097 0.052857
v -0.613610 -2.847987 0.050926
v -0.560629 -2.846143 0.360535
v -0.560763 -2.848034 0.362546
v -0.224754 -2.841872 0.410369
v -0.224509 -2.840284 0.412385
v -0.417476 -2.841890 0.521348
v -0.415189 -2.840276 0.522268
v -0.113775 -2.841901 0.603092
v -0.114542 -2.840344 0.602971
v 0.431681 -2.847948 -0.193276
v 0.432950 -2.846056 -0.193151
v 0.613915 -2.847966 -0.063890
v 0.614050 -2.846075 -0.065146
v 0.561068 -2.847920 -0.375510
v 0.560933 -2.846029 -0.374253
v -0.411934 -2.847944 -0.232965
v -0.412259 -2.846053 -0.233374
v -0.523640 -2.847916 -0.426540
v -0.523989 -2.846025 -0.426300
v -0.605509 -2.847962 -0.121258
v -0.605165 -2.846071 -0.121631
v -0.476001 -2.846034 -0.362127
v -0.476129 -2.847879 -0.361714
v -0.478075 -2.846034 -0.362976
v -0.444386 -2.846047 -0.273869
v -0.444550 -2.847889 -0.273849
v -0.485221 -2.846060 -0.187499
v -0.484775 -2.847846 -0.188185
v -0.575613 -2.846066 -0.153627
v -0.573225 -2.847839 -0.154917
v -0.658157 -2.847865 -0.193601
v -0.665107 -2.846060 -0.194250
v -0.659285 -2.846060 -0.195912
v -0.954554 -2.954432 -0.417001
v -0.952599 -2.953396 -0.415145
v -0.918799 -2.950510 -0.493640
v -0.916172 -2.949401 -0.493222
v -0.914770 -3.002239 -0.560536
v -0.912069 -3.002102 -0.561371
v -0.944827 -3.079317 -0.578504
v -0.942690 -3.080623 -0.579672
v -0.991364 -3.136593 -0.537017
v -0.990096 -3.138968 -0.537408
v -1.027119 -3.140515 -0.460378
v -1.026520 -3.142964 -0.459337
v -1.031148 -3.088785 -0.393482
v -1.030626 -3.090269 -0.391188
v -1.001091 -3.011707 -0.375514
v -1.000008 -3.011748 -0.372882
v -0.076015 -2.845996 -0.610210
v -0.077071 -2.847886 -0.609530
v -0.108170 -2.846010 -0.517459
v -0.108685 -2.847866 -0.518058
v -0.195920 -2.846016 -0.476483
v -0.195528 -2.847852 -0.477349
v -0.285502 -2.847861 -0.509536
v -0.286563 -2.846012 -0.509062
v -0.287119 -2.846011 -0.511486
v -0.220244 -2.845978 -0.734126
v -0.216068 -2.847895 -0.729719
v -0.217965 -2.845979 -0.729008
v -0.122128 -2.847895 -0.698528
v -0.122057 -2.845982 -0.701298
v -0.409123 -2.501606 -1.081326
v -0.407747 -2.502561 -1.082966
v -0.493231 -2.499560 -1.097045
v -0.493452 -2.501024 -1.099246
v -0.561826 -2.513032 -1.050272
v -0.563350 -2.514637 -1.051545
v -0.575641 -2.537763 -0.969316
v -0.577309 -2.539211 -0.968913
v -0.532550 -2.577472 -0.904712
v -0.534697 -2.578798 -0.904965
v -0.365663 -2.536448 -1.020693
v -0.366614 -2.535786 -1.018457
v 0.154361 -2.845992 -0.630086
v 0.154783 -2.847834 -0.630130
v 0.154452 -2.845993 -0.627754
v 0.225495 -2.845983 -0.692225
v 0.225463 -2.847814 -0.692030
v 0.321018 -2.845983 -0.685740
v 0.319967 -2.847776 -0.685813
v 0.385275 -2.845994 -0.613497
v 0.382911 -2.847828 -0.615014
v 0.377481 -2.847848 -0.521225
v 0.379617 -2.846009 -0.515589
v 0.375876 -2.846008 -0.519478
v 0.445183 -2.567067 -1.136364
v 0.446768 -2.568880 -1.137619
v 0.367893 -2.573539 -1.170301
v 0.368039 -2.575473 -1.172188
v 0.289194 -2.578409 -1.139477
v 0.287874 -2.580434 -1.140792
v 0.255187 -2.578824 -1.061949
v 0.253232 -2.580857 -1.061820
v 0.285792 -2.574540 -0.983131
v 0.284407 -2.576493 -0.981532
v 0.363082 -2.568068 -0.949194
v 0.363138 -2.569899 -0.946962
v 0.441781 -2.563198 -0.980017
v 0.443304 -2.564939 -0.978361
v 0.475788 -2.562783 -1.057546
v 0.477944 -2.564516 -1.057334
v 0.651286 -2.846035 -0.326573
v 0.650506 -2.847926 -0.325904
v 0.707842 -2.846047 -0.249626
v 0.706830 -2.847938 -0.249701
v 0.693911 -2.846061 -0.155147
v 0.693271 -2.847952 -0.155912
v 0.617631 -2.846070 -0.098474
v 0.617766 -2.847960 -0.099472
v 0.523697 -2.846068 -0.112826
v 0.524539 -2.847959 -0.113447
v 0.467140 -2.846056 -0.189773
v 0.468205 -2.847947 -0.189653
v 0.481071 -2.846043 -0.284251
v 0.481768 -2.847934 -0.283448
v 0.557283 -2.847924 -0.339885
v 0.557351 -2.846034 -0.340925
v 1.038477 -2.827945 -0.439894
v 1.038426 -2.830414 -0.442011
v 1.089026 -2.794582 -0.295214
v 1.087500 -2.793230 -0.297675
v 1.174618 -2.792678 -0.291559
v 1.175051 -2.794037 -0.289177
v 1.238494 -2.806713 -0.345321
v 1.240113 -2.808333 -0.343942
v 1.244377 -2.827096 -0.427280
v 1.246105 -2.829096 -0.427427
v 1.188821 -2.841888 -0.489425
v 1.189516 -2.844164 -0.490732
v 1.104370 -2.842424 -0.495354
v 1.103493 -2.844710 -0.496774
v 0.639916 -2.846107 0.149939
v 0.639382 -2.847995 0.150898
v 0.693985 -2.846118 0.229385
v 0.692766 -2.848007 0.229242
v 0.676010 -2.846133 0.323905
v 0.675127 -2.848024 0.322430
v 0.596400 -2.846141 0.378095
v 0.596848 -2.848027 0.375920
v 0.501688 -2.846138 0.360123
v 0.503692 -2.848025 0.358337
v 0.450250 -2.848013 0.279975
v 0.447321 -2.846127 0.280370
v 0.450336 -2.846127 0.277989
v 0.545660 -2.846104 0.132086
v 0.546209 -2.847992 0.133290
v 0.544402 -2.846105 0.134214
v 1.214905 -2.801948 0.409205
v 1.216860 -2.804239 0.408527
v 1.098446 -2.786563 0.578888
v 1.098677 -2.784599 0.576429
v 1.168424 -2.800432 0.626549
v 1.167333 -2.802201 0.628378
v 1.250275 -2.816366 0.611925
v 1.250715 -2.818431 0.613478
v 1.298418 -2.823552 0.542658
v 1.299756 -2.825752 0.542918
v 1.284652 -2.817781 0.459324
v 1.285734 -2.819873 0.458028
v 0.294839 -2.846186 0.676161
v 0.294895 -2.848076 0.675842
v 0.205029 -2.846191 0.708020
v 0.205558 -2.848081 0.707674
v 0.118558 -2.846185 0.666882
v 0.119861 -2.848075 0.667070
v 0.086063 -2.846172 0.575494
v 0.088000 -2.848062 0.577791
v 0.128649 -2.848048 0.492138
v 0.129227 -2.846159 0.484597
v 0.130347 -2.846160 0.491334
v 0.218063 -2.846154 0.460018
v 0.218000 -2.848043 0.460299
v 0.216155 -2.846154 0.460755
v 0.303904 -2.846160 0.500789
v 0.303705 -2.848049 0.500928
v 0.335553 -2.848062 0.590213
v 0.335722 -2.846173 0.590318
v 0.342376 -2.588419 1.055882
v 0.343074 -2.589988 1.053552
v 0.268020 -2.595821 1.063277
v 0.267144 -2.597547 1.061104
v 0.221232 -2.606803 1.120971
v 0.219367 -2.608762 1.120019
v 0.229421 -2.614933 1.195168
v 0.227731 -2.617063 1.195784
v 0.287789 -2.615447 1.242403
v 0.287333 -2.617588 1.244016
v 0.362145 -2.608045 1.235008
v 0.363259 -2.610030 1.236464
v 0.408932 -2.597062 1.177314
v 0.411035 -2.598815 1.177553
v 0.400743 -2.588933 1.103117
v 0.402675 -2.590514 1.101788
v -0.276100 -2.845946 0.692051
v -0.275098 -2.848056 0.691387
v -0.272975 -2.846190 0.690854
v -0.353317 -2.845922 0.635394
v -0.351439 -2.848041 0.635444
v -0.366919 -2.848027 0.542077
v -0.368978 -2.845886 0.540843
v -0.365552 -2.846169 0.540240
v -0.624025 -2.822348 1.239969
v -0.624593 -2.824901 1.240682
v -0.547866 -2.802979 1.271464
v -0.547012 -2.805170 1.272764
v -0.477944 -2.766398 1.240802
v -0.475786 -2.767908 1.241531
v -0.455219 -2.734035 1.165946
v -0.452634 -2.734939 1.165277
v -0.494196 -2.724556 1.088368
v -0.491123 -2.725577 1.088667
v -0.568708 -2.745308 1.056582
v -0.566953 -2.743060 1.058281
v -0.639084 -2.780796 1.089911
v -0.639937 -2.782573 1.087819
v -0.661809 -2.813159 1.164767
v -0.663083 -2.815542 1.164077
v -0.477427 -2.846130 0.277849
v -0.479188 -2.847963 0.277065
v -0.478055 -2.846129 0.274896
v -0.558559 -2.846138 0.329593
v -0.559195 -2.847968 0.328092
v -0.652554 -2.846135 0.308889
v -0.651929 -2.847932 0.307797
v -0.704344 -2.846123 0.227848
v -0.702990 -2.847876 0.228096
v -0.683576 -2.846109 0.133922
v -0.682438 -2.847900 0.135469
v -0.602424 -2.847895 0.084373
v -0.602385 -2.846101 0.082123
v -0.599869 -2.846101 0.084389
v -1.177707 -2.979725 0.459895
v -1.176840 -2.981612 0.461644
v -1.120306 -2.917850 0.466516
v -1.118368 -2.918584 0.468391
v -1.077284 -2.869969 0.411527
v -1.074543 -2.869809 0.412377
v -1.073843 -2.864131 0.327138
v -1.071038 -2.863861 0.326412
v -1.111998 -2.903755 0.262785
v -1.109906 -2.904226 0.260856
v -1.169399 -2.965630 0.256163
v -1.168379 -2.967256 0.254113
v -1.212422 -3.013511 0.311153
v -1.212201 -3.016028 0.310129
v -1.215863 -3.019349 0.395541
v -1.215706 -3.021974 0.396090
vn 0.2276 0.9529 0.2005
vn 0.0262 0.9494 0.3129
vn -0.1956 0.9515 0.2374
vn -0.0262 0.9494 -0.3129
vn 0.1956 0.9515 -0.2374
vn 0.2957 0.9550 -0.0227
vn -0.2957 0.9550 0.0227
vn -0.2276 0.9529 -0.2005
vn -0.0000 1.0000 -0.0000
vn 0.5237 0.8517 -0.0203
vn 0.3628 0.8589 -0.3615
vn 0.0183 0.8556 -0.5174
vn 0.9981 0.0571 0.0248
vn 0.7039 0.0949 -0.7040
vn -0.0194 0.1113 -0.9936
vn -0.7328 0.0696 -0.6769
vn -0.9983 -0.0490 0.0327
vn -0.7033 -0.1515 0.6946
vn -0.0461 -0.1640 0.9854
vn 0.6650 -0.0571 0.7446
vn 0.9879 -0.1544 0.0141
vn 0.6902 -0.1383 -0.7103
vn -0.0254 -0.0282 -0.9993
vn -0.7131 0.1151 -0.6915
vn -0.9786 0.2058 0.0084
vn -0.6898 0.1910 0.6983
vn -0.0097 0.0791 0.9968
vn 0.6871 -0.0654 0.7237
vn 0.9433 -0.3306 0.0306
vn 0.6394 -0.3342 -0.6924
vn -0.0496 -0.1241 -0.9910
vn -0.6926 0.1744 -0.6999
vn -0.9234 0.3835 -0.0140
vn -0.6303 0.3863 0.6734
vn 0.0226 0.1821 0.9830
vn 0.6764 -0.1155 0.7274
vn 0.8631 -0.5007 0.0664
vn 0.5513 -0.5188 -0.6533
vn -0.0893 -0.2112 -0.9734
vn -0.6581 0.2324 -0.7161
vn -0.8338 0.5493 -0.0560
vn -0.5344 0.5652 0.6285
vn 0.0729 0.2724 0.9594
vn 0.6542 -0.1690 0.7372
vn 0.7508 -0.6497 0.1190
vn 0.4316 -0.6766 -0.5966
vn -0.1409 -0.2833 -0.9486
vn -0.6108 0.2834 -0.7393
vn -0.7151 0.6897 -0.1140
vn -0.4096 0.7138 0.5681
vn 0.1357 0.3433 0.9294
vn 0.6193 -0.2207 0.7535
vn 0.6158 -0.7664 0.1830
vn 0.2915 -0.7969 -0.5291
vn -0.1988 -0.3372 -0.9202
vn -0.5538 0.3230 -0.7674
vn -0.5770 0.7962 -0.1817
vn -0.2671 0.8244 0.4991
vn 0.2039 0.3924 0.8969
vn 0.5730 -0.2655 0.7754
vn 0.4694 -0.8463 0.2518
vn 0.1436 -0.8772 -0.4581
vn -0.2576 -0.3730 -0.8914
vn -0.4910 0.3492 -0.7981
vn -0.4304 0.8665 -0.2529
vn -0.1185 0.8959 0.4282
vn 0.2710 0.4212 0.8655
vn 0.5182 -0.2995 0.8011
vn 0.3216 -0.8911 0.3201
vn -0.0020 -0.9211 -0.3894
vn -0.3133 -0.3932 -0.8644
vn -0.4264 0.3620 -0.8290
vn -0.2843 0.9029 -0.3224
vn 0.0266 0.9324 0.3605
vn 0.3327 0.4335 0.8375
vn 0.4585 -0.3212 0.8286
vn 0.1798 -0.9057 0.3838
vn -0.1389 -0.9349 -0.3265
vn -0.3635 -0.4014 -0.8407
vn -0.3628 0.3626 -0.8584
vn -0.1452 0.9108 -0.3865
vn 0.1621 0.9403 0.2993
vn 0.3868 0.4338 0.8138
vn 0.3974 -0.3306 0.8560
vn 0.0481 -0.8963 0.4409
vn -0.2634 -0.9258 -0.2712
vn -0.4072 -0.4009 -0.8206
vn -0.3023 0.3532 -0.8854
vn -0.0168 0.8961 -0.4435
vn 0.2849 0.9265 0.2460
vn 0.4327 0.4260 0.7946
vn 0.3376 -0.3290 0.8820
vn -0.0711 -0.8686 0.4904
vn -0.3740 -0.8999 -0.2241
vn -0.4446 -0.3947 -0.8041
vn -0.2463 0.3356 -0.9092
vn 0.0990 0.8646 -0.4927
vn 0.3937 0.8970 0.2010
vn 0.4707 0.4133 0.7795
vn 0.2808 -0.3181 0.9055
vn 0.4751 0.8780 0.0573
vn 0.3996 0.8757 -0.2711
vn -0.9711 -0.1619 -0.1753
vn -0.8266 -0.0429 0.5611
vn -0.2081 0.0794 0.9749
vn 0.5198 0.1727 0.8366
vn 0.9459 0.2256 0.2330
vn 0.8492 0.1614 -0.5028
vn 0.2187 -0.0251 -0.9755
vn -0.5527 -0.1670 -0.8165
vn -0.9771 0.0893 -0.1934
vn -0.8071 0.3537 0.4728
vn -0.2035 0.4455 0.8718
vn 0.5098 0.3030 0.8052
vn 0.9559 -0.0102 0.2935
vn 0.8313 -0.3350 -0.4435
vn 0.0800 -0.4639 -0.8823
vn -0.6161 -0.2431 -0.7492
vn -0.8563 0.4352 -0.2779
vn -0.5135 0.8187 0.2571
vn 0.0532 0.8033 0.5932
vn 0.6523 0.3866 0.6519
vn 0.8972 -0.3076 0.3168
vn 0.5239 -0.8258 -0.2088
vn -0.1300 -0.7776 -0.6152
vn -0.6787 -0.2507 -0.6903
vn -0.7114 0.5960 -0.3723
vn -0.2230 0.9744 -0.0287
vn 0.3125 0.8999 0.3041
vn 0.7791 0.3245 0.5363
vn 0.7753 -0.4940 0.3936
vn 0.2902 -0.9569 -0.0083
vn -0.2890 -0.8696 -0.4004
vn -0.7568 -0.2630 -0.5985
vn -0.6243 0.5958 -0.5052
vn -0.0590 0.9577 -0.2818
vn 0.5058 0.8582 0.0881
vn 0.8407 0.2521 0.4792
vn 0.6808 -0.5403 0.4946
vn 0.1533 -0.9757 0.1565
vn -0.4080 -0.8845 -0.2262
vn -0.8191 -0.2682 -0.5070
vn -0.5712 0.4934 -0.6560
vn 0.0508 0.8210 -0.5686
vn 0.6552 0.7380 -0.1612
vn 0.8866 0.2318 0.4002
vn 0.6146 -0.4907 0.6177
vn 0.0353 -0.9368 0.3481
vn -0.5217 -0.8517 -0.0503
vn -0.8602 -0.2587 -0.4395
vn -0.5519 0.3115 -0.7736
vn 0.1306 0.5981 -0.7907
vn 0.7559 0.5600 -0.3391
vn 0.9164 0.2292 0.3283
vn 0.5841 -0.3289 0.7421
vn -0.0573 -0.8264 0.5601
vn -0.6132 -0.7816 0.1147
vn -0.8849 -0.2784 -0.3734
vn -0.5484 0.1372 -0.8249
vn 0.1745 0.3774 -0.9095
vn 0.8072 0.4024 -0.4319
vn 0.9337 0.2323 0.2724
vn 0.5814 -0.1399 0.8015
vn -0.1225 -0.6429 0.7561
vn -0.6739 -0.6845 0.2780
vn -0.9061 -0.3068 -0.2912
vn -0.5508 0.0079 -0.8346
vn 0.2023 0.2045 -0.9577
vn 0.8300 0.2824 -0.4810
vn 0.9481 0.2187 0.2306
vn 0.5816 -0.0449 0.8122
vn -0.1437 -0.4340 0.8894
vn -0.7314 -0.5303 0.4288
vn -0.9304 -0.2886 -0.2261
vn -0.5493 -0.0723 -0.8325
vn 0.2275 0.0692 -0.9713
vn 0.8429 0.1736 -0.5093
vn 0.9616 0.1922 0.1959
vn 0.5668 0.0047 0.8238
vn -0.2005 -0.3029 0.9317
vn -0.7879 -0.3755 0.4882
vn -0.9491 -0.2536 -0.1867
vn -0.5365 -0.1257 -0.8345
vn 0.2444 -0.0466 -0.9685
vn 0.8534 0.0691 -0.5166
vn 0.9728 0.1420 0.1829
vn 0.5557 0.0728 0.8282
vn -0.2533 -0.1526 0.9553
vn -0.8162 -0.2250 0.5321
vn -0.9715 -0.1762 -0.1585
vn -0.2272 -0.4372 0.8702
vn -0.6350 -0.5256 0.5662
vn -0.1750 0.8554 0.4875
vn 0.1970 0.8651 0.4612
vn 0.4815 0.8500 0.2137
vn -0.3695 0.2909 0.8826
vn 0.3691 0.3606 0.8566
vn 0.9046 0.2395 0.3526
vn 0.9288 -0.0234 -0.3700
vn 0.3887 -0.3016 -0.8706
vn -0.3714 -0.3999 -0.8379
vn -0.9165 -0.2414 -0.3189
vn -0.9128 0.0544 0.4047
vn -0.3998 0.4852 0.7776
vn 0.3333 0.5911 0.7345
vn 0.8834 0.3753 0.2806
vn 0.9364 -0.0491 -0.3474
vn 0.4272 -0.4366 -0.7917
vn -0.3528 -0.5501 -0.7569
vn -0.9124 -0.3199 -0.2553
vn -0.9177 0.1129 0.3810
vn -0.4436 0.6729 0.5919
vn 0.2783 0.8079 0.5195
vn 0.8491 0.5047 0.1559
vn 0.9461 -0.0823 -0.3133
vn 0.4730 -0.6185 -0.6275
vn -0.3058 -0.7680 -0.5628
vn -0.8888 -0.4344 -0.1462
vn -0.9290 0.1682 0.3295
vn -0.5035 0.8000 0.3262
vn 0.2076 0.9546 0.2137
vn 0.8066 0.5906 -0.0238
vn 0.9581 -0.1107 -0.2642
vn 0.5349 -0.7575 -0.3741
vn -0.2381 -0.9356 -0.2607
vn -0.8543 -0.5196 0.0126
vn -0.9463 0.2040 0.2510
vn -0.5667 0.8233 0.0324
vn 0.1365 0.9829 -0.1236
vn 0.7662 0.6035 -0.2207
vn 0.9708 -0.1261 -0.2042
vn 0.5960 -0.7994 -0.0757
vn -0.1614 -0.9825 0.0931
vn -0.8141 -0.5479 0.1926
vn -0.9651 0.2046 0.1635
vn -0.6190 0.7523 -0.2255
vn 0.0801 0.9042 -0.4196
vn 0.7363 0.5532 -0.3897
vn 0.9820 -0.1227 -0.1439
vn 0.6435 -0.7419 0.1884
vn -0.0997 -0.9111 0.3999
vn -0.7793 -0.5182 0.3523
vn -0.9805 0.1753 0.0892
vn -0.6548 0.6291 -0.4188
vn 0.0428 0.7660 -0.6414
vn 0.7181 0.4709 -0.5123
vn 0.9904 -0.1030 -0.0927
vn 0.6750 -0.6290 0.3857
vn -0.0591 -0.7780 0.6255
vn -0.7551 -0.4541 0.4729
vn -0.9906 0.1322 0.0359
vn -0.6761 0.4881 -0.5519
vn 0.0214 0.6076 -0.7940
vn 0.7087 0.3804 -0.5941
vn 0.9959 -0.0736 -0.0534
vn 0.6935 -0.4948 0.5237
vn -0.0351 -0.6228 0.7816
vn -0.7402 -0.3765 0.5571
vn -0.9963 0.0861 0.0005
vn -0.6868 0.3458 -0.6393
vn 0.0115 0.4481 -0.8939
vn 0.7051 0.2919 -0.6462
vn 0.9989 -0.0395 -0.0252
vn 0.7023 -0.3564 0.6163
vn -0.0230 -0.4646 0.8852
vn -0.7322 -0.2963 0.6133
vn -0.9989 0.0411 -0.0220
vn -0.6898 0.2091 -0.6931
vn 0.0096 0.2951 -0.9554
vn 0.7055 0.2089 -0.6773
vn 1.0000 -0.0038 -0.0062
vn 0.7041 -0.2214 0.6747
vn -0.0194 -0.3115 0.9501
vn -0.7289 -0.2184 0.6488
vn -0.9994 -0.0017 -0.0354
vn -0.6874 0.0804 -0.7218
vn 0.0135 0.1516 -0.9883
vn 0.7086 0.1322 -0.6931
vn 0.9995 0.0316 0.0055
vn 0.7008 -0.0932 0.7073
vn -0.0219 -0.1671 0.9857
vn -0.7292 -0.1450 0.6688
vn -0.9983 -0.0417 -0.0417
vn -0.4390 -0.0732 -0.8955
vn -0.9447 -0.1433 -0.2949
vn -0.8621 -0.1190 0.4925
vn -0.2554 -0.0146 0.9667
vn 0.4845 0.1070 0.8682
vn 0.9421 0.1750 0.2862
vn 0.8785 0.1520 -0.4529
vn 0.3199 0.0499 -0.9461
vn -0.3856 -0.2490 -0.8884
vn -0.8561 -0.4336 -0.2813
vn -0.7940 -0.3408 0.5034
vn -0.2525 -0.0333 0.9670
vn 0.4196 0.2952 0.8584
vn 0.8446 0.4610 0.2724
vn 0.8014 0.3788 -0.4629
vn 0.3048 0.0901 -0.9482
vn -0.2830 -0.4066 -0.8687
vn -0.6873 -0.6819 -0.2501
vn -0.6692 -0.5265 0.5244
vn -0.2503 -0.0469 0.9670
vn 0.3000 0.4554 0.8382
vn 0.6703 0.7015 0.2422
vn 0.6653 0.5652 -0.4877
vn 0.2804 0.1148 -0.9530
vn -0.1471 -0.5232 -0.8395
vn -0.4746 -0.8557 -0.2063
vn -0.5154 -0.6542 0.5535
vn -0.2509 -0.0551 0.9664
vn 0.1480 0.5683 0.8094
vn 0.4530 0.8689 0.1996
vn 0.5004 0.6909 -0.5218
vn 0.2585 0.1238 -0.9580
vn 0.0063 -0.5948 -0.8039
vn -0.2473 -0.9565 -0.1547
vn -0.3557 -0.7264 0.5881
vn -0.2565 -0.0588 0.9647
vn -0.0179 0.6333 0.7737
vn 0.2213 0.9638 0.1489
vn 0.3306 0.7593 -0.5605
vn 0.2458 0.1232 -0.9615
vn 0.1701 -0.6241 -0.7626
vn -0.0163 -0.9952 -0.0963
vn -0.1995 -0.7531 0.6269
vn -0.2693 -0.0608 0.9611
vn -0.1907 0.6551 0.7310
vn -0.0128 0.9958 0.0912
vn 0.1656 0.7813 -0.6017
vn 0.2439 0.1196 -0.9624
vn 0.3420 -0.6107 -0.7142
vn 0.2161 -0.9759 -0.0296
vn -0.0491 -0.7404 0.6704
vn -0.2902 -0.0652 0.9547
vn -0.3685 0.6338 0.6801
vn -0.2463 0.9689 0.0254
vn 0.0071 0.7631 -0.6462
vn 0.2518 0.1182 -0.9605
vn 0.5169 -0.5485 -0.6572
vn 0.4448 -0.8944 0.0471
vn 0.0924 -0.6892 0.7187
vn -0.3182 -0.0775 0.9449
vn -0.5460 0.5634 0.6200
vn -0.4724 0.8800 -0.0496
vn -0.1416 0.7050 -0.6949
vn 0.2675 0.1225 -0.9557
vn 0.6800 -0.4327 -0.5920
vn 0.6526 -0.7461 0.1321
vn 0.2163 -0.6004 0.7699
vn -0.3483 -0.1023 0.9318
vn -0.7076 0.4398 0.5530
vn -0.6737 0.7272 -0.1319
vn -0.2700 0.6075 -0.7470
vn 0.2880 0.1353 -0.9480
vn 0.8081 -0.2704 -0.5234
vn 0.8118 -0.5419 0.2177
vn 0.3098 -0.4826 0.8192
vn -0.3724 -0.1403 0.9174
vn -0.8311 0.2712 0.4854
vn -0.8250 0.5228 -0.2145
vn -0.3632 0.4796 -0.7988
vn 0.3093 0.1572 -0.9379
vn 0.8838 -0.0863 -0.4599
vn 0.9031 -0.3141 0.2930
vn 0.3650 -0.3536 0.8612
vn -0.3843 -0.1855 0.9044
vn -0.9011 0.0822 0.4257
vn -0.9104 0.2968 -0.2882
vn -0.4127 0.3414 -0.8445
vn 0.3266 0.1865 -0.9266
vn 0.6891 -0.7177 0.1000
vn 0.4627 0.8445 -0.2697
vn -0.4591 -0.0123 -0.8883
vn -0.9244 -0.2303 -0.3041
vn -0.8153 -0.2956 0.4980
vn -0.1801 -0.1704 0.9688
vn 0.5341 0.0740 0.8422
vn 0.9244 0.2903 0.2473
vn 0.8058 0.3538 -0.4748
vn 0.2490 0.2301 -0.9408
vn -0.4499 -0.0573 -0.8912
vn -0.7770 -0.5199 -0.3549
vn -0.6265 -0.6587 0.4166
vn -0.0890 -0.3718 0.9240
vn 0.4863 0.1358 0.8631
vn 0.7679 0.5583 0.3140
vn 0.6202 0.6756 -0.3987
vn 0.1281 0.4298 -0.8938
vn -0.4281 -0.0944 -0.8988
vn -0.5919 -0.6870 -0.4215
vn -0.3978 -0.8588 0.3229
vn 0.0319 -0.4929 0.8695
vn 0.4335 0.1646 0.8860
vn 0.5758 0.7161 0.3946
vn 0.3906 0.8673 -0.3085
vn -0.0181 0.5421 -0.8401
vn -0.4022 -0.1177 -0.9079
vn -0.4249 -0.7656 -0.4830
vn -0.1952 -0.9504 0.2422
vn 0.1447 -0.5521 0.8211
vn 0.3894 0.1725 0.9048
vn 0.4014 0.7880 0.4669
vn 0.1811 0.9568 -0.2276
vn -0.1483 0.5906 -0.7933
vn -0.3766 -0.1297 -0.9172
vn -0.2839 -0.7955 -0.5353
vn -0.0254 -0.9841 0.1757
vn 0.2408 -0.5756 0.7815
vn 0.3551 0.1717 0.9189
vn 0.2568 0.8112 0.5253
vn 0.0074 0.9869 -0.1611
vn -0.2533 0.6046 -0.7552
vn -0.3524 -0.1337 -0.9262
vn -0.1613 -0.7977 -0.5811
vn 0.1218 -0.9854 0.1190
vn 0.3243 -0.5785 0.7485
vn 0.3260 0.1676 0.9304
vn 0.1325 0.8081 0.5740
vn -0.1413 0.9844 -0.1046
vn -0.3415 0.6010 -0.7227
vn -0.3289 -0.1315 -0.9351
vn -0.0467 -0.7798 -0.6242
vn 0.2590 -0.9635 0.0673
vn 0.4017 -0.5669 0.7192
vn 0.2981 0.1608 0.9409
vn 0.0162 0.7861 0.6179
vn -0.2792 0.9588 -0.0526
vn -0.4223 0.5852 -0.6923
vn -0.3051 -0.1234 -0.9443
vn 0.0688 -0.7411 -0.6679
vn 0.3973 -0.9176 0.0165
vn 0.4790 -0.5408 0.6914
vn 0.2683 0.1504 0.9515
vn -0.1023 0.7434 0.6609
vn -0.4183 0.9083 -0.0007
vn -0.5033 0.5562 -0.6613
vn -0.2803 -0.1077 -0.9538
vn 0.1917 -0.6733 -0.7141
vn 0.5446 -0.8379 -0.0360
vn 0.5602 -0.4953 0.6639
vn 0.2343 0.1330 0.9630
vn -0.2299 0.6707 0.7052
vn -0.5665 0.8224 0.0535
vn -0.5897 0.5075 -0.6282
vn -0.2550 -0.0821 -0.9635
vn 0.3225 -0.5612 -0.7623
vn 0.7021 -0.7065 -0.0894
vn 0.6454 -0.4211 0.6373
vn 0.1960 0.1032 0.9752
vn -0.3660 0.5513 0.7497
vn -0.7231 0.6821 0.1087
vn -0.6817 0.4277 -0.5937
vn -0.2315 -0.0442 -0.9718
vn 0.4486 -0.3856 -0.8063
vn 0.8552 -0.4999 -0.1368
vn 0.7259 -0.3077 0.6151
vn 0.1586 0.0544 0.9858
vn -0.4936 0.3686 0.7877
vn -0.8692 0.4691 0.1560
vn -0.7679 0.3046 -0.5635
vn 0.2566 -0.7674 -0.5875
vn 0.5565 -0.8249 -0.0991
vn -0.7097 -0.1637 0.6852
vn 0.0229 -0.1638 0.9862
vn 0.7344 -0.0518 0.6767
vn 0.9932 0.1141 -0.0231
vn 0.6825 0.2333 -0.6927
vn -0.0044 0.2349 -0.9720
vn -0.6935 0.1177 -0.7107
vn -0.9982 -0.0495 -0.0328
vn -0.6798 -0.4201 0.6011
vn 0.0566 -0.4336 0.8993
vn 0.7492 -0.1658 0.6412
vn 0.9747 0.2226 0.0218
vn 0.6396 0.4988 -0.5848
vn -0.0464 0.5125 -0.8574
vn -0.7138 0.2567 -0.6516
vn -0.9897 -0.1313 -0.0578
vn -0.6207 -0.6568 0.4282
vn 0.1224 -0.6873 0.7160
vn 0.7779 -0.2784 0.5633
vn 0.9461 0.3075 0.1014
vn 0.5698 0.7239 -0.3890
vn -0.1193 0.7510 -0.6494
vn -0.7511 0.3759 -0.5427
vn -0.9726 -0.2064 -0.1073
vn -0.5378 -0.8226 0.1847
vn 0.2106 -0.8675 0.4507
vn 0.8164 -0.3648 0.4477
vn 0.9137 0.3533 0.2007
vn 0.4848 0.8643 -0.1342
vn -0.2115 0.9018 -0.3768
vn -0.8000 0.4485 -0.3986
vn -0.9491 -0.2624 -0.1744
vn -0.4517 -0.8888 -0.0770
vn 0.3017 -0.9397 0.1608
vn 0.8580 -0.4066 0.3137
vn 0.8851 0.3594 0.2957
vn 0.4021 0.9065 0.1287
vn -0.3036 0.9484 -0.0921
vn -0.8495 0.4658 -0.2477
vn -0.9243 -0.2912 -0.2467
vn -0.3778 -0.8706 -0.3151
vn 0.3812 -0.9184 -0.1064
vn 0.8967 -0.4035 0.1822
vn 0.8637 0.3389 0.3731
vn 0.3331 0.8701 0.3633
vn -0.3823 0.9090 0.1660
vn -0.8920 0.4382 -0.1107
vn -0.9026 -0.2954 -0.3130
vn -0.3204 -0.7953 -0.5146
vn 0.4437 -0.8320 -0.3330
vn 0.9287 -0.3651 0.0650
vn 0.8493 0.3049 0.4309
vn 0.2809 0.7819 0.5565
vn -0.4431 0.8111 0.3819
vn -0.9250 0.3800 0.0046
vn -0.8857 -0.2826 -0.3683
vn -0.2794 -0.6845 -0.6733
vn 0.4887 -0.7039 -0.5155
vn 0.9528 -0.3018 -0.0332
vn 0.8408 0.2655 0.4718
vn 0.2450 0.6628 0.7076
vn -0.4859 0.6765 0.5534
vn -0.9484 0.3020 0.0969
vn -0.8736 -0.2596 -0.4117
vn -0.2532 -0.5540 -0.7931
vn 0.5172 -0.5515 -0.6545
vn 0.9686 -0.2227 -0.1105
vn 0.8368 0.2250 0.4991
vn 0.2236 0.5277 0.8195
vn -0.5123 0.5217 0.6822
vn -0.9628 0.2127 0.1666
vn -0.8654 -0.2315 -0.4443
vn -0.2399 -0.4160 -0.8772
vn 0.5309 -0.3890 -0.7529
vn 0.9766 -0.1355 -0.1671
vn 0.8363 0.1865 0.5156
vn 0.2147 0.3878 0.8964
vn -0.5245 0.3595 0.7718
vn -0.9694 0.1189 0.2148
vn -0.8606 -0.2017 -0.4676
vn -0.2370 -0.2801 -0.9303
vn 0.5323 -0.2281 -0.8153
vn 0.9777 -0.0471 -0.2046
vn 0.8383 0.1515 0.5238
vn 0.2159 0.2519 0.9434
vn -0.5249 0.2004 0.8272
vn -0.9694 0.0268 0.2440
vn -0.8583 -0.1723 -0.4833
vn -0.1441 0.7848 -0.6028
vn -0.5779 0.7357 -0.3531
vn -0.7437 0.6529 0.1438
vn -0.5165 0.6007 0.6102
vn 0.3302 0.7750 -0.5388
vn -0.1515 0.3298 -0.9318
vn -0.7762 0.3238 -0.5410
vn -0.9775 0.1441 0.1539
vn -0.6116 -0.1121 0.7832
vn 0.1425 -0.3020 0.9426
vn 0.8032 -0.3059 0.5112
vn 0.9684 -0.1119 -0.2227
vn 0.5633 0.1539 -0.8118
vn -0.0680 0.6088 -0.7904
vn -0.7102 0.5613 -0.4249
vn -0.9606 0.2054 0.1872
vn -0.6500 -0.2672 0.7114
vn 0.0713 -0.5723 0.8169
vn 0.7508 -0.5162 0.4122
vn 0.9629 -0.1371 -0.2323
vn 0.6148 0.3263 -0.7180
vn 0.0252 0.8228 -0.5677
vn -0.6331 0.7348 -0.2436
vn -0.9439 0.2407 0.2262
vn -0.7077 -0.3987 0.5833
vn -0.0252 -0.8001 0.5994
vn 0.6790 -0.6931 0.2420
vn 0.9552 -0.1578 -0.2502
vn 0.6738 0.4637 -0.5753
vn 0.1277 0.9465 -0.2963
vn -0.5491 0.8356 -0.0160
vn -0.9237 0.2582 0.2830
vn -0.7650 -0.4803 0.4290
vn -0.1321 -0.9374 0.3221
vn 0.5905 -0.8067 0.0227
vn 0.9427 -0.1816 -0.2799
vn 0.7388 0.5374 -0.4066
vn 0.2194 0.9747 -0.0419
vn -0.4739 0.8568 0.2033
vn -0.9041 0.2551 0.3429
vn -0.8124 -0.5061 0.2896
vn -0.2247 -0.9722 0.0655
vn 0.5077 -0.8403 -0.1901
vn 0.9262 -0.1978 -0.3210
vn 0.7953 0.5490 -0.2570
vn 0.2923 0.9426 0.1614
vn -0.4126 0.8257 0.3847
vn -0.8860 0.2382 0.3977
vn -0.8476 -0.4976 0.1842
vn -0.2971 -0.9450 -0.1369
vn 0.4400 -0.8193 -0.3676
vn 0.9081 -0.2002 -0.3678
vn 0.8373 0.5266 -0.1468
vn 0.3490 0.8825 0.3152
vn -0.3623 0.7679 0.5283
vn -0.8687 0.2128 0.4474
vn -0.8731 -0.4749 0.1103
vn -0.3538 -0.8890 -0.2906
vn 0.3846 -0.7692 -0.5103
vn 0.8897 -0.1891 -0.4155
vn 0.8669 0.4933 -0.0719
vn 0.3951 0.8103 0.4328
vn -0.3182 0.6953 0.6444
vn -0.8506 0.1799 0.4941
vn -0.8918 -0.4485 0.0600
vn -0.4007 -0.8199 -0.4089
vn 0.3368 -0.7020 -0.6275
vn 0.8709 -0.1658 -0.4627
vn 0.8879 0.4595 -0.0216
vn 0.4356 0.7303 0.5262
vn -0.2763 0.6105 0.7423
vn -0.8306 0.1381 0.5395
vn -0.9059 -0.4227 0.0263
vn -0.4423 -0.7426 -0.5029
vn 0.2922 -0.6212 -0.7272
vn 0.8508 -0.1306 -0.5090
vn 0.9035 0.4285 0.0124
vn 0.4739 0.6420 0.6027
vn -0.2334 0.5115 0.8270
vn -0.8073 0.0848 0.5840
vn -0.9168 -0.3992 0.0044
vn -0.4822 -0.6568 -0.5797
vn 0.2476 -0.5253 -0.8141
vn 0.8284 -0.0822 -0.5541
vn 0.9155 0.4008 0.0356
vn 0.5127 0.5429 0.6651
vn -0.1870 0.3944 0.8997
vn -0.7797 0.0168 0.6259
vn -0.9254 -0.3789 -0.0088
vn -0.5229 -0.5604 -0.6422
vn 0.1998 -0.4106 -0.8896
vn 0.8024 -0.0180 -0.5965
vn 0.9251 0.3763 0.0510
vn -0.2538 0.8921 -0.3739
vn -0.4292 0.8968 -0.1073
vn -0.8046 0.2645 0.5316
vn -0.2674 -0.1197 0.9561
vn 0.4121 -0.4715 0.7797
vn 0.8368 -0.5241 0.1587
vn 0.7915 -0.2362 -0.5637
vn 0.2324 0.1643 -0.9586
vn -0.4530 0.4348 -0.7783
vn -0.8631 0.4714 -0.1811
vn -0.7263 0.3757 0.5756
vn -0.3016 -0.1510 0.9414
vn 0.3046 -0.6036 0.7368
vn 0.7276 -0.6796 0.0931
vn 0.7216 -0.3277 -0.6098
vn 0.2636 0.2124 -0.9409
vn -0.3315 0.6128 -0.7174
vn -0.7284 0.6773 -0.1030
vn -0.6183 0.4529 0.6423
vn -0.3044 -0.1743 0.9365
vn 0.2020 -0.6987 0.6863
vn 0.5994 -0.8000 0.0254
vn 0.6410 -0.4127 -0.6472
vn 0.3086 0.2236 -0.9245
vn -0.1901 0.7299 -0.6566
vn -0.5690 0.8222 -0.0125
vn -0.5253 0.5065 0.6838
vn -0.3056 -0.1752 0.9359
vn 0.1078 -0.7570 0.6445
vn 0.4696 -0.8822 -0.0345
vn 0.5529 -0.4681 -0.6894
vn 0.3140 0.2267 -0.9219
vn -0.0938 0.7863 -0.6107
vn -0.4364 0.8984 0.0487
vn -0.4058 0.5481 0.7313
vn -0.3014 -0.1738 0.9375
vn -0.0067 -0.8008 0.5990
vn 0.3057 -0.9466 -0.1023
vn 0.4384 -0.5123 -0.7385
vn 0.3162 0.2275 -0.9210
vn 0.0233 0.8274 -0.5611
vn -0.2712 0.9554 0.1166
vn -0.2619 0.5661 0.7816
vn -0.2921 -0.1733 0.9405
vn -0.1404 -0.8219 0.5520
vn 0.1085 -0.9788 -0.1737
vn 0.2981 -0.5346 -0.7908
vn 0.3153 0.2265 -0.9216
vn 0.1595 0.8445 -0.5113
vn -0.0763 0.9795 0.1863
vn -0.1059 0.5503 0.8282
vn -0.2794 -0.1769 0.9437
vn -0.2831 -0.8132 0.5084
vn -0.1065 -0.9650 -0.2395
vn 0.1429 -0.5252 -0.8389
vn 0.3111 0.2244 -0.9235
vn 0.3039 0.8300 -0.4677
vn 0.1327 0.9593 0.2493
vn 0.0433 0.5007 0.8645
vn -0.2664 -0.1852 0.9459
vn -0.4183 -0.7750 0.4737
vn -0.3122 -0.9046 -0.2903
vn -0.0081 -0.4828 -0.8757
vn 0.3036 0.2223 -0.9265
vn 0.4397 0.7851 -0.4361
vn 0.3315 0.8954 0.2972
vn 0.1694 0.4282 0.8877
vn -0.2559 -0.1966 0.9465
vn -0.5321 -0.7169 0.4504
vn -0.4854 -0.8129 -0.3220
vn -0.1377 -0.4174 -0.8982
vn 0.2941 0.2218 -0.9297
vn 0.5530 0.7206 -0.4182
vn 0.4997 0.8022 0.3268
vn 0.0235 -0.0000 -0.9997
vn -0.0235 -0.0000 0.9997
vn -0.7235 -0.0000 0.6903
vn -0.9997 -0.0000 -0.0235
vn -0.6903 -0.0000 -0.7235
vn 0.6903 -0.0000 0.7235
vn 0.9997 -0.0000 0.0235
vn 0.7235 -0.0000 -0.6903
vn -0.4772 -0.7779 0.4089
vn -0.0525 -0.7730 0.6322
vn 0.4047 -0.7768 0.4825
vn 0.0525 -0.7731 -0.6321
vn -0.4045 -0.7769 -0.4825
vn -0.6215 -0.7818 -0.0509
vn 0.6215 -0.7818 0.0508
vn 0.4771 -0.7780 -0.4089
vn -0.0000 -1.0000 -0.0001
vn -0.0000 -1.0000 -0.0002
vn -0.5221 -0.8517 -0.0451
vn -0.3454 -0.8588 -0.3783
vn 0.0061 -0.8555 -0.5178
vn -0.9981 -0.0571 -0.0221
vn -0.6700 -0.0948 -0.7363
vn 0.0660 -0.1111 -0.9916
vn 0.7638 -0.0695 -0.6417
vn 0.9956 0.0490 0.0796
vn 0.6699 0.1514 0.7269
vn -0.0003 0.1639 0.9865
vn -0.6993 0.0570 0.7126
vn -0.9875 0.1544 -0.0323
vn -0.6560 0.1384 -0.7419
vn 0.0724 0.0283 -0.9970
vn 0.7448 -0.1150 -0.6573
vn 0.9771 -0.2058 0.0544
vn 0.6563 -0.1911 0.7299
vn -0.0371 -0.0792 0.9962
vn -0.7203 0.0653 0.6906
vn -0.9437 0.3306 -0.0137
vn -0.6062 0.3343 -0.7217
vn 0.0961 0.1242 -0.9876
vn 0.7247 -0.1743 -0.6666
vn 0.9231 -0.3835 0.0293
vn 0.5979 -0.3864 0.7023
vn -0.0688 -0.1823 0.9808
vn -0.7098 0.1154 0.6948
vn -0.8653 0.5007 0.0258
vn -0.5200 0.5189 -0.6785
vn 0.1350 0.2113 -0.9680
vn 0.6911 -0.2323 -0.6844
vn 0.8355 -0.5493 -0.0169
vn 0.5043 -0.5653 0.6528
vn -0.1179 -0.2725 0.9549
vn -0.6881 0.1689 0.7057
vn -0.7556 0.6497 0.0836
vn -0.4031 0.6766 -0.6162
vn 0.1853 0.2835 -0.9409
vn 0.6449 -0.2833 -0.7098
vn 0.7196 -0.6897 -0.0803
vn 0.3824 -0.7139 0.5866
vn -0.1792 -0.3434 0.9219
vn -0.6540 0.2206 0.7236
vn -0.6237 0.7664 0.1539
vn -0.2664 0.7970 -0.5421
vn 0.2419 0.3373 -0.9098
vn 0.5893 -0.3229 -0.7406
vn 0.5849 -0.7962 -0.1545
vn 0.2433 -0.8244 0.5110
vn -0.2458 -0.3925 0.8863
vn -0.6088 0.2654 0.7476
vn -0.4807 0.8463 0.2296
vn -0.1219 0.8773 -0.4642
vn 0.2992 0.3731 -0.8782
vn 0.5280 -0.3491 -0.7742
vn 0.4418 -0.8664 -0.2326
vn 0.0983 -0.8960 0.4331
vn -0.3114 -0.4213 0.8518
vn -0.5553 0.2994 0.7759
vn -0.3363 0.8911 0.3047
vn 0.0203 0.9211 -0.3887
vn 0.3535 0.3933 -0.8487
vn 0.4649 -0.3619 -0.8081
vn 0.2992 -0.9029 -0.3088
vn -0.0435 -0.9324 0.3587
vn -0.3717 -0.4336 0.8209
vn -0.4970 0.3211 0.8062
vn -0.1976 0.9057 0.3751
vn 0.1541 0.9350 -0.3195
vn 0.4026 0.4015 -0.8226
vn 0.4027 -0.3625 -0.8405
vn 0.1632 -0.9107 -0.3794
vn -0.1760 -0.9403 0.2912
vn -0.4246 -0.4339 0.7946
vn -0.4372 0.3305 0.8364
vn -0.0688 0.8962 0.4383
vn 0.2758 0.9258 -0.2584
vn 0.4454 0.4011 -0.8005
vn 0.3436 -0.3530 -0.8702
vn 0.0376 -0.8960 -0.4424
vn -0.2961 -0.9265 0.2322
vn -0.4695 -0.4261 0.7733
vn -0.3786 0.3288 0.8652
vn 0.0479 0.8685 0.4933
vn 0.3842 0.9000 -0.2061
vn 0.4819 0.3948 -0.7822
vn 0.2888 -0.3355 -0.8967
vn -0.0757 -0.8645 -0.4969
vn -0.4027 -0.8971 0.1821
vn -0.5069 -0.4134 0.7564
vn -0.3230 0.3180 0.8914
vn -0.4773 -0.8781 0.0347
vn -0.3864 -0.8756 -0.2897
vn 0.9783 0.1619 -0.1295
vn 0.7993 0.0428 0.5994
vn 0.1620 -0.0795 0.9836
vn -0.5586 -0.1729 0.8112
vn -0.9558 -0.2257 0.1883
vn -0.8246 -0.1613 -0.5422
vn -0.1727 0.0253 -0.9847
vn 0.5905 0.1671 -0.7896
vn 0.9851 -0.0892 -0.1473
vn 0.7839 -0.3538 0.5101
vn 0.1623 -0.4456 0.8804
vn -0.5470 -0.3032 0.7803
vn -0.9686 0.0101 0.2483
vn -0.8095 0.3351 -0.4820
vn -0.0384 0.4640 -0.8850
vn 0.6506 0.2432 -0.7194
vn 0.8685 -0.4352 -0.2375
vn 0.5009 -0.8187 0.2808
vn -0.0810 -0.8034 0.5899
vn -0.6823 -0.3866 0.6205
vn -0.9111 0.3076 0.2743
vn -0.5135 0.8258 -0.2331
vn 0.1588 0.7777 -0.6083
vn 0.7104 0.2508 -0.6576
vn 0.7282 -0.5959 -0.3386
vn 0.2241 -0.9744 -0.0183
vn -0.3264 -0.9000 0.2889
vn -0.8035 -0.3246 0.4991
vn -0.7929 0.4939 0.3568
vn -0.2895 0.9569 -0.0218
vn 0.3075 0.8696 -0.3862
vn 0.7840 0.2631 -0.5622
vn 0.6474 -0.5957 -0.4754
vn 0.0722 -0.9576 -0.2789
vn -0.5094 -0.8582 0.0641
vn -0.8623 -0.2522 0.4391
vn -0.7033 0.5402 0.4622
vn -0.1605 0.9757 0.1492
vn 0.4182 0.8846 -0.2066
vn 0.8420 0.2683 -0.4679
vn 0.6014 -0.4933 -0.6285
vn -0.0240 -0.8209 -0.5705
vn -0.6469 -0.7380 -0.1919
vn -0.9044 -0.2318 0.3581
vn -0.6429 0.4906 0.5882
vn -0.0517 0.9367 0.3462
vn 0.5234 0.8517 -0.0256
vn 0.8799 0.2588 -0.3985
vn 0.5876 -0.3114 -0.7468
vn -0.0933 -0.5980 -0.7960
vn -0.7391 -0.5599 -0.3743
vn -0.9308 -0.2292 0.2848
vn -0.6183 0.3288 0.7138
vn 0.0309 0.8263 0.5623
vn 0.6071 0.7815 0.1435
vn 0.9015 0.2785 -0.3314
vn 0.5866 -0.1371 -0.7982
vn -0.1316 -0.3773 -0.9167
vn -0.7860 -0.4024 -0.4694
vn -0.9455 -0.2324 0.2281
vn -0.6184 0.1398 0.7733
vn 0.0868 0.6428 0.7611
vn 0.6601 0.6845 0.3095
vn 0.9188 0.3069 -0.2483
vn 0.5895 -0.0078 -0.8078
vn -0.1571 -0.2044 -0.9662
vn -0.8065 -0.2823 -0.5196
vn -0.9579 -0.2187 0.1858
vn -0.6192 0.0448 0.7840
vn 0.1018 0.4339 0.8952
vn 0.7104 0.5302 0.4628
vn 0.9400 0.2886 -0.1821
vn 0.5878 0.0724 -0.8057
vn -0.1816 -0.0691 -0.9809
vn -0.8180 -0.1735 -0.5484
vn -0.9697 -0.1923 0.1504
vn -0.6049 -0.0048 0.7963
vn 0.1565 0.3027 0.9401
vn 0.7640 0.3754 0.5247
vn 0.9569 0.2536 -0.1418
vn 0.5751 0.1258 -0.8083
vn -0.1986 0.0468 -0.9790
vn -0.8282 -0.0690 -0.5562
vn -0.9803 -0.1420 0.1370
vn -0.5940 -0.0729 0.8012
vn 0.2081 0.1525 0.9662
vn 0.7903 0.2249 0.5699
vn 0.9779 0.1762 -0.1127
vn 0.1861 0.4371 0.8800
vn 0.6077 0.5255 0.5955
vn 0.1519 -0.8555 0.4950
vn -0.2184 -0.8652 0.4513
vn -0.4910 -0.8500 0.1907
vn 0.3276 -0.2910 0.8989
vn -0.4089 -0.3608 0.8382
vn -0.9202 -0.2396 0.3097
vn -0.9103 0.0235 -0.4132
vn -0.3474 0.3017 -0.8879
vn 0.4103 0.4001 -0.8195
vn 0.9305 0.2415 -0.2754
vn 0.8928 -0.0545 0.4472
vn 0.3628 -0.4854 0.7955
vn -0.3674 -0.5912 0.7180
vn -0.8956 -0.3753 0.2387
vn -0.9191 0.0491 -0.3910
vn -0.3895 0.4367 -0.8109
vn 0.3880 0.5502 -0.7394
vn 0.9234 0.3200 -0.2121
vn 0.8988 -0.1130 0.4236
vn 0.4153 -0.6730 0.6120
vn -0.3024 -0.8080 0.5057
vn -0.8555 -0.5048 0.1158
vn -0.9303 0.0824 -0.3574
vn -0.4430 0.6186 -0.6490
vn 0.3319 0.7681 -0.5477
vn 0.8947 0.4344 -0.1042
vn 0.9125 -0.1683 0.3728
vn 0.4876 -0.8001 0.3494
vn -0.2174 -0.9546 0.2035
vn -0.8046 -0.5906 -0.0618
vn -0.9446 0.1107 -0.3089
vn -0.5168 0.7576 -0.3987
vn 0.2501 0.9356 -0.2491
vn 0.8528 0.5196 0.0528
vn 0.9334 -0.2040 0.2951
vn 0.5646 -0.8233 0.0589
vn -0.1305 -0.9829 -0.1300
vn -0.7550 -0.6035 -0.2566
vn -0.9601 0.1261 -0.2496
vn -0.5918 0.7994 -0.1035
vn 0.1569 0.9825 0.1007
vn 0.8041 0.5479 0.2307
vn 0.9563 -0.2046 0.2087
vn 0.6289 -0.7523 -0.1963
vn -0.0603 -0.9041 -0.4230
vn -0.7172 -0.5531 -0.4239
vn -0.9741 0.1227 -0.1899
vn -0.6516 0.7419 0.1580
vn 0.0808 0.9111 0.4043
vn 0.7619 0.5182 0.3887
vn 0.9752 -0.1754 0.1351
vn 0.6738 -0.6291 -0.3877
vn -0.0126 -0.7659 -0.6428
vn -0.6933 -0.4709 -0.5456
vn -0.9849 0.1030 -0.1391
vn -0.6924 0.6289 0.3536
vn 0.0297 0.7779 0.6277
vn 0.7321 0.4540 0.5079
vn 0.9878 -0.1322 0.0824
vn 0.7013 -0.4880 -0.5196
vn 0.0159 -0.6075 -0.7942
vn -0.6800 -0.3803 -0.6268
vn -0.9922 0.0736 -0.1002
vn -0.7173 0.4947 0.4906
vn -0.0017 0.6227 0.7825
vn 0.7132 0.3764 0.5913
vn 0.9952 -0.0861 0.0473
vn 0.7161 -0.3457 -0.6064
vn 0.0305 -0.4480 -0.8935
vn -0.6740 -0.2918 -0.6787
vn -0.9966 0.0395 -0.0721
vn -0.7305 0.3563 0.5826
vn -0.0186 0.4644 0.8854
vn 0.7025 0.2962 0.6471
vn 0.9988 -0.0411 0.0249
vn 0.7216 -0.2090 -0.6600
vn 0.0353 -0.2950 -0.9549
vn -0.6729 -0.2088 -0.7097
vn -0.9986 0.0038 -0.0532
vn -0.7350 0.2213 0.6409
vn -0.0253 0.3113 0.9500
vn 0.6976 0.2183 0.6824
vn 0.9999 0.0017 0.0116
vn 0.7206 -0.0803 -0.6887
vn 0.0330 -0.1515 -0.9879
vn -0.6752 -0.1321 -0.7257
vn -0.9986 -0.0316 -0.0415
vn -0.7332 0.0931 0.6736
vn -0.0244 0.1670 0.9857
vn 0.6969 0.1449 0.7023
vn 0.9991 0.0417 0.0052
vn 0.4806 0.0733 -0.8739
vn 0.9575 0.1433 -0.2502
vn 0.8380 0.1190 0.5325
vn 0.2097 0.0144 0.9777
vn -0.5248 -0.1072 0.8444
vn -0.9545 -0.1751 0.2416
vn -0.8562 -0.1519 -0.4937
vn -0.2751 -0.0497 -0.9601
vn 0.4270 0.2491 -0.8693
vn 0.8684 0.4336 -0.2407
vn 0.7695 0.3407 0.5402
vn 0.2067 0.0332 0.9778
vn -0.4594 -0.2953 0.8377
vn -0.8564 -0.4610 0.2323
vn -0.7787 -0.3787 -0.5001
vn -0.2599 -0.0899 -0.9614
vn 0.3235 0.4067 -0.8544
vn 0.6983 0.6820 -0.2174
vn 0.6438 0.5264 0.5553
vn 0.2046 0.0468 0.9777
vn -0.3391 -0.4555 0.8231
vn -0.6809 -0.7015 0.2103
vn -0.6417 -0.5652 -0.5185
vn -0.2354 -0.1146 -0.9651
vn 0.1864 0.5233 -0.8315
vn 0.4838 0.8557 -0.1836
vn 0.4889 0.6541 0.5772
vn 0.2052 0.0550 0.9772
vn -0.1859 -0.5684 0.8015
vn -0.4619 -0.8689 0.1780
vn -0.4753 -0.6908 -0.5449
vn -0.2132 -0.1236 -0.9692
vn 0.0315 0.5949 -0.8032
vn 0.2543 0.9565 -0.1428
vn 0.3277 0.7263 0.6042
vn 0.2109 0.0587 0.9757
vn -0.0184 -0.6334 0.7736
vn -0.2281 -0.9638 0.1382
vn -0.3039 -0.7592 -0.5755
vn -0.2004 -0.1230 -0.9720
vn -0.1341 0.6242 -0.7696
vn 0.0208 0.9952 -0.0953
vn 0.1698 0.7530 0.6357
vn 0.2238 0.0607 0.9727
vn 0.1561 -0.6553 0.7391
vn 0.0085 -0.9958 0.0915
vn -0.1371 -0.7813 -0.6090
vn -0.1984 -0.1195 -0.9728
vn -0.3081 0.6108 -0.7294
vn -0.2145 0.9759 -0.0396
vn 0.0175 0.7403 0.6720
vn 0.2450 0.0651 0.9673
vn 0.3361 -0.6339 0.6966
vn 0.2448 -0.9689 0.0368
vn 0.0233 -0.7630 -0.6459
vn -0.2064 -0.1180 -0.9713
vn -0.4855 0.5486 -0.6807
vn -0.4466 0.8944 0.0263
vn -0.1261 0.6891 0.7136
vn 0.2734 0.0774 0.9588
vn 0.5162 -0.5635 0.6449
vn 0.4742 -0.8800 -0.0275
vn 0.1741 -0.7049 -0.6876
vn -0.2223 -0.1224 -0.9673
vn -0.6514 0.4328 -0.6232
vn -0.6581 0.7461 0.1014
vn -0.2522 0.6003 0.7590
vn 0.3041 0.1022 0.9471
vn 0.6809 -0.4399 0.5856
vn 0.6791 -0.7272 -0.1002
vn 0.3048 -0.6074 -0.7336
vn -0.2432 -0.1351 -0.9605
vn -0.7826 0.2705 -0.5607
vn -0.8211 0.5419 0.1793
vn -0.3480 0.4824 0.8038
vn 0.3289 0.1402 0.9339
vn 0.8074 -0.2713 0.5239
vn 0.8342 -0.5228 -0.1756
vn 0.4004 -0.4795 -0.7809
vn -0.2649 -0.1571 -0.9514
vn -0.8612 0.0864 -0.5009
vn -0.9158 0.3141 0.2502
vn -0.4051 0.3535 0.8432
vn 0.3414 0.1854 0.9215
vn 0.8801 -0.0823 0.4675
vn 0.9230 -0.2968 -0.2451
vn 0.4520 -0.3412 -0.8242
vn -0.2827 -0.1864 -0.9409
vn -0.6931 0.7177 0.0676
vn -0.4496 -0.8444 -0.2913
vn 0.5004 0.0124 -0.8657
vn 0.9376 0.2304 -0.2603
vn 0.7910 0.2955 0.5358
vn 0.1344 0.1702 0.9762
vn -0.5730 -0.0742 0.8162
vn -0.9350 -0.2903 0.2035
vn -0.7826 -0.3537 -0.5122
vn -0.2045 -0.2299 -0.9515
vn 0.4913 0.0575 -0.8691
vn 0.7928 0.5200 -0.3179
vn 0.6062 0.6586 0.4457
vn 0.0455 0.3717 0.9273
vn -0.5264 -0.1359 0.8393
vn -0.7818 -0.5584 0.2775
vn -0.6008 -0.6755 -0.4275
vn -0.0860 -0.4296 -0.8989
vn 0.4698 0.0945 -0.8777
vn 0.6110 0.6871 -0.3931
vn 0.3822 0.8587 0.3413
vn -0.0727 0.4927 0.8671
vn -0.4747 -0.1647 0.8646
vn -0.5937 -0.7161 0.3670
vn -0.3757 -0.8673 -0.3267
vn 0.0576 -0.5420 -0.8384
vn 0.4444 0.1179 -0.8880
vn 0.4471 0.7657 -0.4624
vn 0.1836 0.9504 0.2512
vn -0.1831 0.5520 0.8135
vn -0.4315 -0.1726 0.8854
vn -0.4229 -0.7881 0.4474
vn -0.1702 -0.9567 -0.2360
vn 0.1854 -0.5904 -0.7855
vn 0.4193 0.1298 -0.8985
vn 0.3087 0.7956 -0.5212
vn 0.0171 0.9841 0.1768
vn -0.2772 0.5754 0.7694
vn -0.3979 -0.1719 0.9012
vn -0.2812 -0.8113 0.5125
vn 0.0002 -0.9869 -0.1614
vn 0.2885 -0.6045 -0.7425
vn 0.3956 0.1338 -0.9086
vn 0.1884 0.7978 -0.5728
vn -0.1273 0.9854 0.1133
vn -0.3591 0.5784 0.7325
vn -0.3693 -0.1677 0.9140
vn -0.1594 -0.8082 0.5670
vn 0.1460 -0.9844 -0.0980
vn 0.3750 -0.6009 -0.7059
vn 0.3725 0.1317 -0.9186
vn 0.0760 0.7799 -0.6212
vn -0.2619 0.9635 0.0552
vn -0.4351 0.5668 0.6996
vn -0.3419 -0.1610 0.9258
vn -0.0452 -0.7862 0.6163
vn 0.2814 -0.9588 -0.0395
vn 0.4543 -0.5851 -0.6718
vn 0.3492 0.1235 -0.9289
vn -0.0373 0.7412 -0.6703
vn -0.3976 0.9176 -0.0021
vn -0.5110 0.5407 0.6682
vn -0.3127 -0.1505 0.9379
vn 0.0711 -0.7435 0.6649
vn 0.4178 -0.9083 0.0189
vn 0.5338 -0.5561 -0.6370
vn 0.3248 0.1079 -0.9396
vn -0.1579 0.6734 -0.7222
vn -0.5423 0.8380 -0.0614
vn -0.5908 0.4952 0.6370
vn -0.2793 -0.1331 0.9509
vn 0.1965 -0.6708 0.7151
vn 0.5633 -0.8224 0.0800
vn 0.6186 -0.5074 -0.5999
vn 0.3000 0.0823 -0.9504
vn -0.2864 0.5613 -0.7765
vn -0.6971 0.7065 -0.1222
vn -0.6746 0.4210 0.6063
vn -0.2416 -0.1033 0.9649
vn 0.3303 -0.5514 0.7660
vn 0.7172 -0.6821 0.1425
vn 0.7088 -0.4276 -0.5610
vn 0.2769 0.0443 -0.9599
vn -0.4102 0.3858 -0.8264
vn -0.8479 0.4999 -0.1767
vn -0.7540 0.3077 0.5803
vn -0.2048 -0.0546 0.9773
vn 0.4560 -0.3687 0.8100
vn 0.8610 -0.4692 0.1966
vn 0.7935 -0.3046 -0.5268
vn -0.2287 0.7675 -0.5988
vn -0.5512 0.8249 -0.1250
vn 0.6767 0.1636 0.7178
vn -0.0692 0.1636 0.9841
vn -0.7654 0.0517 0.6414
vn -0.9910 -0.1141 -0.0698
vn -0.6492 -0.2332 -0.7240
vn 0.0500 -0.2348 -0.9708
vn 0.7262 -0.1176 -0.6774
vn 0.9987 0.0495 0.0141
vn 0.6508 0.4200 0.6325
vn -0.0988 0.4335 0.8957
vn -0.7785 0.1657 0.6053
vn -0.9746 -0.2226 -0.0240
vn -0.6114 -0.4988 -0.6143
vn 0.0867 -0.5124 -0.8544
vn 0.7436 -0.2566 -0.6174
vn 0.9913 0.1313 -0.0112
vn 0.5999 0.6567 0.4570
vn -0.1560 0.6872 0.7095
vn -0.8035 0.2784 0.5261
vn -0.9498 -0.3075 0.0568
vn -0.5509 -0.7238 -0.4154
vn 0.1497 -0.7509 -0.6432
vn 0.7758 -0.3758 -0.5068
vn 0.9765 0.2064 -0.0614
vn 0.5285 0.8226 0.2099
vn -0.2315 0.8674 0.4404
vn -0.8365 0.3647 0.4089
vn -0.9221 -0.3533 0.1574
vn -0.4779 -0.8643 -0.1570
vn 0.2289 -0.9018 -0.3666
vn 0.8179 -0.4484 -0.3606
vn 0.9562 0.2624 -0.1295
vn 0.4548 0.8889 -0.0555
vn -0.3090 0.9397 0.1466
vn -0.8718 0.4066 0.2731
vn -0.8980 -0.3594 0.2538
vn -0.4077 -0.9065 0.1095
vn 0.3076 -0.9483 -0.0779
vn 0.8602 -0.4658 -0.2076
vn 0.9349 0.2913 -0.2029
vn 0.3921 0.8707 -0.2969
vn -0.3758 0.9184 -0.1240
vn -0.9042 0.4034 0.1399
vn -0.8803 -0.3389 0.3321
vn -0.3498 -0.8701 0.3471
vn 0.3741 -0.9090 0.1836
vn 0.8962 -0.4382 -0.0688
vn 0.9163 0.2954 -0.2702
vn 0.3442 0.7954 -0.4988
vn -0.4276 0.8320 -0.3534
vn -0.9307 0.3651 0.0213
vn -0.8686 -0.3050 0.3904
vn -0.3068 -0.7820 0.5426
vn 0.4246 -0.8111 0.4022
vn 0.9238 -0.3800 0.0480
vn 0.9021 0.2826 -0.3262
vn 0.3107 0.6846 -0.6593
vn -0.4640 0.7039 -0.5378
vn -0.9502 0.3018 -0.0779
vn -0.8620 -0.2655 0.4317
vn -0.2780 -0.6629 0.6952
vn 0.4594 -0.6766 0.5755
vn 0.9428 -0.3020 0.1413
vn 0.8919 0.2597 -0.3702
vn 0.2902 0.5541 -0.7802
vn -0.4859 0.5516 -0.6780
vn -0.9624 0.2227 -0.1559
vn -0.8593 -0.2251 0.4592
vn -0.2619 -0.5278 0.8080
vn 0.4797 -0.5218 0.7054
vn 0.9539 -0.2127 0.2116
vn 0.8854 0.2316 -0.4031
vn 0.2808 0.4161 -0.8649
vn -0.4949 0.3891 -0.7769
vn -0.9676 0.1356 -0.2128
vn -0.8596 -0.1865 0.4757
vn -0.2566 -0.3879 0.8853
vn 0.4876 -0.3596 0.7956
vn 0.9582 -0.1190 0.2601
vn 0.8816 0.2017 -0.4266
vn 0.2804 0.2803 -0.9180
vn -0.4934 0.2283 -0.8393
vn -0.9670 0.0472 -0.2503
vn -0.8619 -0.1515 0.4838
vn -0.2600 -0.2521 0.9321
vn 0.4855 -0.2005 0.8509
vn 0.9569 -0.0268 0.2893
vn 0.8801 0.1724 -0.4424
vn 0.1723 -0.7847 -0.5955
vn 0.5939 -0.7357 -0.3256
vn 0.7361 -0.6529 0.1785
vn 0.4872 -0.6008 0.6338
vn -0.3045 -0.7749 -0.5538
vn 0.1951 -0.3297 -0.9237
vn 0.8007 -0.3238 -0.5040
vn 0.9692 -0.1441 0.1996
vn 0.5741 0.1120 0.8111
vn -0.1866 0.3019 0.9349
vn -0.8263 0.3058 0.4730
vn -0.9569 0.1120 -0.2679
vn -0.5245 -0.1538 -0.8374
vn 0.1051 -0.6086 -0.7865
vn 0.7294 -0.5613 -0.3911
vn 0.9507 -0.2055 0.2321
vn 0.6159 0.2671 0.7412
vn -0.1096 0.5722 0.8128
vn -0.7693 0.5161 0.3766
vn -0.9509 0.1372 -0.2773
vn -0.5804 -0.3262 -0.7462
vn 0.0015 -0.8228 -0.5684
vn 0.6438 -0.7347 -0.2137
vn 0.9322 -0.2407 0.2702
vn 0.6795 0.3987 0.6160
vn -0.0030 0.8000 0.6000
vn -0.6896 0.6931 0.2099
vn -0.9424 0.1578 -0.2948
vn -0.6460 -0.4636 -0.6064
vn -0.1136 -0.9465 -0.3021
vn 0.5493 -0.8356 0.0097
vn 0.9094 -0.2582 0.3261
vn 0.7440 0.4802 0.4645
vn 0.1168 0.9374 0.3281
vn -0.5909 0.8067 -0.0049
vn -0.9285 0.1816 -0.3238
vn -0.7189 -0.5373 -0.4409
vn -0.2172 -0.9747 -0.0523
vn 0.4638 -0.8568 0.2252
vn 0.8870 -0.2551 0.3850
vn 0.7979 0.5060 0.3276
vn 0.2214 0.9722 0.0761
vn -0.4982 0.8403 -0.2137
vn -0.9101 0.1979 -0.3642
vn -0.7824 -0.5489 -0.2942
vn -0.2995 -0.9426 0.1474
vn 0.3941 -0.8257 0.4036
vn 0.8664 -0.2382 0.4389
vn 0.8380 0.4976 0.2239
vn 0.3032 0.9450 -0.1226
vn -0.4223 0.8194 -0.3877
vn -0.8898 0.2003 -0.4100
vn -0.8295 -0.5266 -0.1861
vn -0.3634 -0.8826 0.2983
vn 0.3370 -0.7680 0.5446
vn 0.8467 -0.2128 0.4877
vn 0.8669 0.4749 0.1513
vn 0.3671 0.8891 -0.2735
vn -0.3602 0.7692 -0.5277
vn -0.8692 0.1891 -0.4569
vn -0.8626 -0.4933 -0.1126
vn -0.4150 -0.8103 0.4136
vn 0.2875 -0.6954 0.6586
vn 0.8264 -0.1799 0.5335
vn 0.8880 0.4484 0.1019
vn 0.4194 0.8200 -0.3895
vn -0.3069 0.7021 -0.6425
vn -0.8482 0.1659 -0.5031
vn -0.8859 -0.4595 -0.0634
vn -0.4598 -0.7304 0.5051
vn 0.2411 -0.6106 0.7543
vn 0.8043 -0.1382 0.5780
vn 0.9037 0.4227 0.0689
vn 0.4654 0.7427 -0.4815
vn -0.2578 0.6213 -0.7400
vn -0.8259 0.1307 -0.5484
vn -0.9030 -0.4285 -0.0301
vn -0.5017 -0.6421 0.5796
vn 0.1943 -0.5116 0.8370
vn 0.7790 -0.0849 0.6213
vn 0.9156 0.3992 0.0476
vn 0.5089 0.6569 -0.5563
vn -0.2090 0.5254 -0.8248
vn -0.8014 0.0823 -0.5924
vn -0.9161 -0.4008 -0.0076
vn -0.5434 -0.5430 0.6402
vn 0.1445 -0.3946 0.9074
vn 0.7494 -0.0169 0.6619
vn 0.9248 0.3789 0.0347
vn 0.5525 0.5605 -0.6169
vn -0.1577 0.4108 -0.8980
vn -0.7735 0.0181 -0.6336
vn -0.9265 -0.3763 0.0075
vn 0.2711 -0.8920 -0.3617
vn 0.4337 -0.8968 -0.0872
vn 0.7787 -0.2646 0.5688
vn 0.2222 0.1195 0.9677
vn -0.4483 0.4714 0.7595
vn -0.8433 0.5240 0.1193
vn -0.7642 0.2363 -0.6002
vn -0.1871 -0.1641 -0.9685
vn 0.4891 -0.4347 -0.7562
vn 0.8707 -0.4714 -0.1404
vn 0.6984 -0.3758 0.6091
vn 0.2570 0.1509 0.9546
vn -0.3389 0.6034 0.7218
vn -0.7312 0.6796 0.0590
vn -0.6922 0.3278 -0.6430
vn -0.2191 -0.2123 -0.9523
vn 0.3648 -0.6127 -0.7011
vn 0.7325 -0.6773 -0.0687
vn 0.5874 -0.4530 0.6706
vn 0.2600 0.1741 0.9498
vn -0.2340 0.6986 0.6762
vn -0.6000 0.8000 -0.0026
vn -0.6098 0.4128 -0.6765
vn -0.2648 -0.2235 -0.9380
vn 0.2207 -0.7298 -0.6470
vn 0.5690 -0.8222 0.0141
vn 0.4926 -0.5066 0.7076
vn 0.2612 0.1750 0.9493
vn -0.1379 0.7569 0.6388
vn -0.4674 0.8822 -0.0563
vn -0.5199 0.4682 -0.7145
vn -0.2704 -0.2266 -0.9357
vn 0.1224 -0.7862 -0.6058
vn 0.4336 -0.8984 0.0690
vn 0.3710 -0.5482 0.7495
vn 0.2571 0.1736 0.9507
vn -0.0214 0.8007 0.5987
vn -0.3006 0.9466 -0.1164
vn -0.4032 0.5124 -0.7582
vn -0.2726 -0.2273 -0.9349
vn 0.0031 -0.8274 -0.5617
vn 0.2654 -0.9555 0.1290
vn 0.2249 -0.5662 0.7930
vn 0.2476 0.1732 0.9533
vn 0.1143 0.8219 0.5581
vn -0.1002 0.9788 -0.1784
vn -0.2606 0.5347 -0.8038
vn -0.2716 -0.2263 -0.9354
vn -0.1353 -0.8444 -0.5183
vn 0.0674 -0.9796 0.1896
vn 0.0668 -0.5505 0.8322
vn 0.2347 0.1768 0.9559
vn 0.2589 0.8132 0.5213
vn 0.1177 0.9651 -0.2341
vn -0.1034 0.5253 -0.8446
vn -0.2673 -0.2242 -0.9372
vn -0.2816 -0.8299 -0.4816
vn -0.1443 -0.9593 0.2426
vn -0.0839 -0.5009 0.8615
vn 0.2216 0.1851 0.9574
vn 0.3955 0.7750 0.4929
vn 0.3254 0.9046 -0.2751
vn 0.0492 0.4830 -0.8743
vn -0.2598 -0.2222 -0.9398
vn -0.4188 -0.7850 -0.4564
vn -0.3451 -0.8955 0.2812
vn -0.2109 -0.4283 0.8787
vn 0.2111 0.1965 0.9575
vn 0.5104 0.7168 0.4750
vn 0.5000 0.8129 -0.2987
vn 0.1797 0.4175 -0.8907
vn -0.2501 -0.2217 -0.9425
vn -0.5327 -0.7205 -0.4439
vn -0.5145 -0.8023 0.3028
vn 0.8736 0.4388 0.2106
vn 0.2756 0.9597 0.0542
vn 0.1039 0.9544 -0.2798
vn 0.1096 0.2950 -0.9492
vn -0.2715 0.9587 -0.0845
vn -0.9062 0.3987 -0.1410
vn -0.0608 0.9598 0.2740
vn -0.1940 0.4420 0.8758
vn 0.9523 0.2872 -0.1030
vn 0.2814 0.9540 -0.1035
vn -0.2064 0.4385 -0.8747
vn -0.0524 0.9597 -0.2760
vn -0.8770 0.4419 0.1885
vn -0.2743 0.9598 0.0596
vn 0.0830 0.9587 0.2719
vn 0.1359 0.3985 0.9071
vn -0.7662 0.4384 0.4699
vn -0.2326 0.9597 0.1574
vn 0.1249 0.9541 0.2723
vn 0.5977 0.2885 0.7480
vn 0.2514 0.9587 -0.1328
vn 0.7392 0.3986 -0.5429
vn -0.1510 0.9598 -0.2365
vn -0.4844 0.4419 -0.7550
vn -0.2064 0.4385 0.8747
vn -0.0525 0.9597 0.2760
vn 0.9523 0.2872 0.1030
vn 0.2813 0.9540 0.1035
vn 0.1359 0.3985 -0.9070
vn 0.0830 0.9587 -0.2719
vn -0.2743 0.9598 -0.0596
vn -0.8770 0.4419 -0.1885
vn -0.4715 0.4389 -0.7649
vn -0.1572 0.9597 -0.2328
vn -0.2711 0.9544 0.1252
vn -0.7469 0.2938 0.5965
vn 0.1330 0.9587 0.2513
vn 0.5436 0.3985 0.7387
vn 0.2363 0.9598 -0.1514
vn 0.7549 0.4419 -0.4846
vn 0.5977 0.2885 -0.7480
vn 0.1249 0.9541 -0.2723
vn -0.7662 0.4384 -0.4699
vn -0.2326 0.9597 -0.1574
vn -0.4844 0.4419 0.7550
vn -0.1510 0.9598 0.2365
vn 0.2514 0.9587 0.1328
vn 0.7392 0.3986 0.5428
vn 0.4715 0.4389 0.7649
vn 0.1572 0.9597 0.2328
vn 0.7469 0.2938 -0.5965
vn 0.2711 0.9544 -0.1252
vn -0.5436 0.3985 -0.7387
vn -0.1330 0.9587 -0.2513
vn -0.2363 0.9598 0.1514
vn -0.7549 0.4420 0.4846
vn -0.7469 0.2938 -0.5965
vn -0.2711 0.9544 -0.1252
vn -0.4715 0.4389 0.7649
vn -0.1572 0.9597 0.2328
vn 0.7549 0.4419 0.4846
vn 0.2363 0.9598 0.1514
vn 0.1330 0.9587 -0.2513
vn 0.5436 0.3985 -0.7387
vn -0.7987 0.3855 0.4620
vn -0.3325 0.9126 0.2381
vn -0.4660 0.3856 0.7963
vn -0.2399 0.9128 0.3307
vn 0.2363 0.3856 -0.8919
vn 0.0655 0.9127 -0.4032
vn -0.4660 0.3856 -0.7963
vn -0.2399 0.9128 -0.3306
vn 0.8922 0.3854 0.2353
vn 0.4037 0.9126 0.0654
vn 0.2363 0.3857 0.8919
vn 0.0655 0.9127 0.4032
vn -0.8922 0.3854 -0.2353
vn -0.4037 0.9126 -0.0654
vn 0.8922 0.3854 -0.2353
vn 0.4037 0.9126 -0.0654
vn 0.2856 0.9393 -0.1900
vn 0.7505 0.4729 -0.4617
vn 0.4921 0.4312 0.7562
vn 0.2015 0.9240 0.3250
vn -0.4299 0.2962 -0.8529
vn -0.2569 0.9164 -0.3070
vn 0.1914 0.9392 -0.2849
vn 0.4664 0.4728 -0.7476
vn 0.8535 0.2887 0.4339
vn 0.3056 0.9159 0.2601
vn -0.3245 0.9237 -0.2037
vn -0.7539 0.4304 -0.4965
vn -0.0672 0.9393 0.3364
vn -0.2015 0.4731 0.8577
vn -0.8837 0.4302 -0.1846
vn -0.3733 0.9236 -0.0868
vn 0.9091 0.2899 0.2992
vn 0.3998 0.9160 0.0336
vn 0.1914 0.9392 0.2849
vn 0.4664 0.4728 0.7476
vn -0.7539 0.4303 0.4965
vn -0.3246 0.9237 0.2037
vn 0.3056 0.9159 -0.2601
vn 0.8535 0.2887 -0.4339
vn -0.3367 0.9393 -0.0666
vn -0.8579 0.4727 -0.2015
vn 0.1842 0.4314 -0.8832
vn 0.0860 0.9240 -0.3725
vn -0.2967 0.2950 0.9083
vn -0.0340 0.9163 0.3990
vn -0.0672 0.9393 -0.3364
vn -0.2015 0.4731 -0.8577
vn 0.3998 0.9160 -0.0336
vn 0.9091 0.2899 -0.2992
vn -0.3733 0.9236 0.0868
vn -0.8837 0.4302 0.1846
vn 0.3367 0.9393 0.0666
vn 0.8579 0.4727 0.2015
vn -0.0860 0.9240 0.3725
vn -0.1841 0.4314 0.8832
vn 0.0340 0.9163 -0.3990
vn 0.2967 0.2950 -0.9083
vn -0.3367 0.9393 0.0666
vn -0.8579 0.4727 0.2015
vn -0.0340 0.9163 -0.3990
vn -0.2967 0.2950 -0.9083
vn 0.0860 0.9240 0.3725
vn 0.1842 0.4314 0.8832
vn -0.8972 0.4416 -0.0000
vn -0.2812 0.9597 -0.0000
vn -0.1988 0.9598 0.1981
vn -0.6353 0.4419 0.6333
vn -0.0000 0.9600 0.2801
vn -0.0000 0.4423 0.8969
vn 0.1988 0.9598 0.1981
vn 0.6353 0.4419 0.6333
vn 0.2812 0.9597 -0.0000
vn 0.8972 0.4416 -0.0000
vn 0.1988 0.9598 -0.1981
vn 0.6353 0.4419 -0.6333
vn -0.0000 0.9600 -0.2802
vn -0.0000 0.4423 -0.8969
vn -0.6353 0.4419 -0.6333
vn -0.1988 0.9598 -0.1981
vn 0.4273 0.8991 0.0948
vn 0.9075 0.3688 0.2012
vn 0.2012 0.3689 -0.9074
vn 0.0947 0.8991 -0.4273
vn -0.9074 0.3689 -0.2012
vn -0.4273 0.8991 -0.0948
vn -0.2012 0.3689 0.9074
vn -0.0948 0.8991 0.4273
vn 0.4278 0.8991 -0.0924
vn 0.9085 0.3689 -0.1962
vn -0.0924 0.8991 -0.4278
vn -0.1962 0.3689 -0.9085
vn -0.4278 0.8991 0.0924
vn -0.9085 0.3689 0.1962
vn 0.1962 0.3689 0.9085
vn 0.0924 0.8991 0.4278
vn -0.3686 0.8991 0.2360
vn -0.7828 0.3689 0.5012
vn 0.5012 0.3689 0.7828
vn 0.2360 0.8991 0.3686
vn 0.7828 0.3689 -0.5012
vn 0.3686 0.8991 -0.2360
vn -0.5012 0.3689 -0.7828
vn -0.2360 0.8991 -0.3686
vn -0.0924 0.8991 0.4278
vn -0.1962 0.3689 0.9085
vn 0.4278 0.8991 0.0924
vn 0.9085 0.3688 0.1962
vn 0.0924 0.8991 -0.4278
vn 0.1962 0.3689 -0.9085
vn -0.9085 0.3689 -0.1962
vn -0.4278 0.8991 -0.0924
vn -0.2363 0.8991 -0.3684
vn -0.5019 0.3689 -0.7823
vn -0.7823 0.3689 0.5019
vn -0.3684 0.8991 0.2363
vn 0.5019 0.3689 0.7823
vn 0.2363 0.8991 0.3684
vn 0.7823 0.3689 -0.5019
vn 0.3684 0.8991 -0.2363
vn 0.2360 0.8991 -0.3686
vn 0.5012 0.3689 -0.7828
vn -0.3686 0.8991 -0.2360
vn -0.7828 0.3689 -0.5012
vn -0.2360 0.8991 0.3686
vn -0.5012 0.3689 0.7828
vn 0.7828 0.3689 0.5012
vn 0.3686 0.8991 0.2360
vn -0.3684 0.8991 -0.2363
vn -0.7823 0.3689 -0.5019
vn -0.2363 0.8991 0.3684
vn -0.5019 0.3689 0.7823
vn 0.3684 0.8991 0.2363
vn 0.7823 0.3689 0.5019
vn 0.5019 0.3689 -0.7823
vn 0.2363 0.8991 -0.3684
vn -0.3692 0.8991 0.2352
vn -0.7839 0.3689 0.4994
vn -0.2372 0.8991 0.3679
vn -0.5037 0.3689 0.7812
vn 0.0938 0.8991 -0.4275
vn 0.1991 0.3689 -0.9079
vn -0.2372 0.8991 -0.3679
vn -0.5037 0.3689 -0.7812
vn 0.4276 0.8991 0.0934
vn 0.9081 0.3689 0.1983
vn 0.0938 0.8991 0.4275
vn 0.1991 0.3689 0.9079
vn -0.4276 0.8991 -0.0934
vn -0.9081 0.3689 -0.1983
vn 0.4276 0.8991 -0.0934
vn 0.9081 0.3689 -0.1983
vn 0.7839 0.3688 -0.4994
vn 0.3692 0.8991 -0.2352
vn 0.2352 0.8991 0.3692
vn 0.4994 0.3689 0.7839
vn -0.2352 0.8991 -0.3692
vn -0.4994 0.3689 -0.7839
vn 0.5037 0.3688 -0.7812
vn 0.2372 0.8991 -0.3679
vn 0.3679 0.8991 0.2372
vn 0.7812 0.3689 0.5037
vn -0.7812 0.3689 -0.5037
vn -0.3679 0.8991 -0.2372
vn -0.1991 0.3689 0.9079
vn -0.0938 0.8991 0.4275
vn -0.4275 0.8991 -0.0938
vn -0.9079 0.3689 -0.1991
vn 0.4275 0.8991 0.0938
vn 0.9079 0.3689 0.1991
vn 0.5037 0.3689 0.7812
vn 0.2372 0.8991 0.3679
vn -0.3678 0.8991 0.2372
vn -0.7812 0.3689 0.5037
vn 0.7812 0.3688 -0.5037
vn 0.3679 0.8991 -0.2372
vn 0.0934 0.8991 -0.4276
vn 0.1983 0.3689 -0.9081
vn -0.0934 0.8991 0.4276
vn -0.1983 0.3689 0.9081
vn -0.1991 0.3689 -0.9079
vn -0.0938 0.8991 -0.4275
vn 0.9079 0.3689 -0.1991
vn 0.4275 0.8991 -0.0938
vn -0.9079 0.3689 0.1991
vn -0.4275 0.8991 0.0938
vn -0.9081 0.3689 0.1983
vn -0.4276 0.8991 0.0934
vn -0.1983 0.3689 -0.9081
vn -0.0934 0.8991 -0.4276
vn 0.1983 0.3689 0.9081
vn 0.0934 0.8991 0.4276
vn -0.4387 0.8987 -0.0000
vn -0.9298 0.3680 -0.0000
vn -0.6580 0.3689 0.6565
vn -0.3108 0.8991 0.3082
vn -0.0000 0.3697 0.9291
vn -0.0000 0.8996 0.4367
vn 0.6580 0.3689 0.6565
vn 0.3108 0.8991 0.3082
vn 0.9298 0.3680 -0.0000
vn 0.4387 0.8987 -0.0000
vn 0.6579 0.3689 -0.6565
vn 0.3108 0.8991 -0.3082
vn -0.0000 0.3697 -0.9292
vn -0.0000 0.8996 -0.4367
vn -0.3108 0.8991 -0.3082
vn -0.6579 0.3689 -0.6565
vn -0.8758 0.4420 -0.1942
vn -0.2740 0.9598 -0.0608
vn -0.1942 0.4419 0.8758
vn 0.2740 0.9598 0.0608
vn 0.8758 0.4420 0.1942
vn 0.0608 0.9598 -0.2740
vn 0.1942 0.4419 -0.8758
vn -0.8768 0.4419 0.1894
vn -0.2743 0.9598 0.0592
vn 0.1894 0.4419 0.8768
vn 0.0593 0.9598 0.2743
vn 0.8768 0.4419 -0.1894
vn 0.2743 0.9598 -0.0592
vn -0.0592 0.9598 -0.2743
vn -0.1894 0.4419 -0.8768
vn 0.7555 0.4420 -0.4837
vn 0.2364 0.9598 -0.1513
vn -0.1513 0.9598 -0.2364
vn -0.4837 0.4419 -0.7555
vn -0.2364 0.9598 0.1513
vn -0.7555 0.4419 0.4837
vn 0.1513 0.9598 0.2364
vn 0.4837 0.4419 0.7555
vn 0.1894 0.4419 -0.8768
vn 0.0592 0.9598 -0.2743
vn -0.8768 0.4419 -0.1894
vn -0.2743 0.9598 -0.0592
vn -0.1894 0.4420 0.8768
vn -0.0592 0.9598 0.2743
vn 0.2743 0.9598 0.0592
vn 0.8768 0.4419 0.1894
vn 0.4844 0.4419 0.7550
vn 0.1515 0.9598 0.2362
vn 0.2362 0.9598 -0.1515
vn 0.7550 0.4419 -0.4844
vn -0.1515 0.9598 -0.2362
vn -0.4844 0.4420 -0.7550
vn -0.2362 0.9598 0.1515
vn -0.7550 0.4419 0.4844
vn -0.4837 0.4419 0.7555
vn -0.1513 0.9598 0.2364
vn 0.7555 0.4419 0.4837
vn 0.2364 0.9598 0.1513
vn 0.4837 0.4419 -0.7555
vn 0.1513 0.9598 -0.2364
vn -0.2364 0.9598 -0.1513
vn -0.7555 0.4419 -0.4837
vn 0.7550 0.4419 0.4844
vn 0.2362 0.9598 0.1515
vn 0.4844 0.4419 -0.7550
vn 0.1515 0.9598 -0.2362
vn -0.7550 0.4419 -0.4844
vn -0.2362 0.9598 -0.1515
vn -0.1515 0.9598 0.2362
vn -0.4844 0.4420 0.7550
vn 0.7566 0.4420 -0.4820
vn 0.2367 0.9598 -0.1508
vn 0.4861 0.4419 -0.7539
vn 0.1521 0.9598 -0.2359
vn -0.1922 0.4419 0.8762
vn -0.0601 0.9598 0.2741
vn 0.4861 0.4419 0.7539
vn 0.1521 0.9598 0.2359
vn -0.8764 0.4419 -0.1914
vn -0.2742 0.9598 -0.0599
vn -0.1922 0.4419 -0.8762
vn -0.0601 0.9598 -0.2741
vn 0.8764 0.4419 0.1914
vn 0.2742 0.9598 0.0599
vn -0.8764 0.4419 0.1914
vn -0.2742 0.9598 0.0599
vn -0.2367 0.9598 0.1508
vn -0.7566 0.4420 0.4820
vn -0.4820 0.4419 -0.7566
vn -0.1508 0.9598 -0.2367
vn 0.4819 0.4420 0.7566
vn 0.1508 0.9598 0.2367
vn -0.1521 0.9598 0.2359
vn -0.4861 0.4420 0.7539
vn -0.7539 0.4419 -0.4861
vn -0.2359 0.9598 -0.1521
vn 0.2359 0.9598 0.1521
vn 0.7539 0.4419 0.4861
vn 0.0601 0.9598 -0.2741
vn 0.1922 0.4419 -0.8762
vn 0.8762 0.4419 0.1922
vn 0.2741 0.9598 0.0601
vn -0.8762 0.4419 -0.1922
vn -0.2741 0.9598 -0.0601
vn -0.1521 0.9598 -0.2359
vn -0.4861 0.4419 -0.7539
vn 0.7539 0.4419 -0.4861
vn 0.2359 0.9598 -0.1521
vn -0.2359 0.9598 0.1521
vn -0.7539 0.4419 0.4861
vn -0.1914 0.4419 0.8764
vn -0.0599 0.9598 0.2742
vn 0.1914 0.4419 -0.8764
vn 0.0599 0.9598 -0.2742
vn 0.0601 0.9598 0.2741
vn 0.1922 0.4419 0.8762
vn -0.2741 0.9598 0.0601
vn -0.8762 0.4419 0.1922
vn 0.2741 0.9598 -0.0601
vn 0.8762 0.4419 -0.1922
vn 0.2742 0.9598 -0.0599
vn 0.8764 0.4419 -0.1914
vn 0.0599 0.9598 0.2742
vn 0.1914 0.4419 0.8764
vn -0.0599 0.9598 -0.2742
vn -0.1914 0.4419 -0.8764
vn -0.8978 0.4404 -0.0000
vn -0.2819 0.9594 -0.0000
vn -0.1985 0.9598 0.1984
vn -0.6361 0.4419 0.6325
vn -0.0000 0.9602 0.2794
vn -0.0000 0.4435 0.8963
vn 0.1985 0.9598 0.1984
vn 0.6361 0.4419 0.6325
vn 0.2819 0.9594 -0.0000
vn 0.8978 0.4404 -0.0000
vn 0.1985 0.9598 -0.1984
vn 0.6361 0.4419 -0.6325
vn -0.0000 0.9602 -0.2794
vn -0.0000 0.4435 -0.8963
vn -0.6361 0.4419 -0.6325
vn -0.1985 0.9598 -0.1984
vn -0.4387 0.8986 -0.0000
vn 0.4387 0.8986 -0.0000
vn 0.6580 0.3689 -0.6565
vn -0.6580 0.3689 -0.6565
vn 0.4442 0.8958 -0.0134
vn 0.9311 0.3648 0.0079
vn 0.6611 0.3603 -0.6581
vn 0.3197 0.8936 -0.3151
vn 0.0078 0.3569 -0.9341
vn -0.0135 0.8906 -0.4546
vn -0.6625 0.3499 -0.6623
vn -0.3272 0.8868 -0.3262
vn -0.9304 0.3666 0.0061
vn -0.4426 0.8966 -0.0158
vn -0.6547 0.3820 0.6522
vn -0.2991 0.9074 0.2952
vn -0.0076 0.3770 0.9262
vn 0.0137 0.9034 0.4285
vn 0.3088 0.8998 0.3082
vn 0.6569 0.3699 0.6570
vn 0.9230 0.3689 -0.1099
vn 0.4346 0.8991 -0.0517
vn -0.2707 0.8991 0.3439
vn -0.5749 0.3689 0.7303
vn -0.3439 0.8991 -0.2707
vn -0.7303 0.3688 -0.5749
vn 0.2707 0.8991 -0.3439
vn 0.5749 0.3689 -0.7303
vn 0.3439 0.8991 0.2707
vn 0.7303 0.3688 0.5749
vn -0.9230 0.3689 -0.1099
vn -0.4346 0.8991 -0.0517
vn 0.0517 0.8991 -0.4346
vn 0.1099 0.3689 -0.9230
vn 0.4346 0.8991 0.0517
vn 0.9230 0.3689 0.1099
vn -0.1099 0.3689 0.9230
vn -0.0518 0.8991 0.4346
vn -0.2707 0.8991 -0.3439
vn -0.5749 0.3689 -0.7303
vn 0.7303 0.3688 -0.5749
vn 0.3439 0.8991 -0.2707
vn 0.2707 0.8991 0.3439
vn 0.5749 0.3689 0.7303
vn -0.3439 0.8991 0.2707
vn -0.7303 0.3688 0.5749
vn -0.1099 0.3689 -0.9230
vn -0.0518 0.8991 -0.4346
vn 0.0517 0.8991 0.4346
vn 0.1099 0.3689 0.9230
vn -0.9230 0.3689 0.1099
vn -0.4346 0.8991 0.0517
vn -0.7303 0.3689 -0.5749
vn -0.2105 0.9512 -0.2255
vn -0.8241 0.2442 -0.5112
vn -0.1789 0.9597 0.2165
vn -0.5429 0.4388 0.7160
vn 0.2319 0.9593 0.1609
vn 0.6863 0.4209 0.5932
vn 0.1822 0.9596 -0.2142
vn 0.5367 0.4339 -0.7237
vn -0.4180 0.9018 0.1095
vn -0.9699 0.2430 0.0141
vn 0.0388 0.9125 0.4073
vn 0.1253 0.3995 0.9081
vn 0.3435 0.9384 -0.0385
vn 0.8749 0.4719 -0.1091
vn -0.0741 0.4399 -0.8950
vn -0.0592 0.9310 -0.3601
vn -0.2319 0.9593 0.1609
vn -0.6863 0.4209 0.5932
vn 0.1789 0.9597 0.2165
vn 0.5429 0.4388 0.7160
vn 0.2105 0.9512 -0.2255
vn 0.8240 0.2442 -0.5112
vn -0.1822 0.9596 -0.2142
vn -0.5367 0.4339 -0.7237
vn -0.0388 0.9125 0.4073
vn -0.1253 0.3995 0.9081
vn 0.4180 0.9018 0.1095
vn 0.9699 0.2430 0.0141
vn 0.0592 0.9310 -0.3601
vn 0.0741 0.4399 -0.8950
vn -0.8749 0.4718 -0.1091
vn -0.3435 0.9384 -0.0385
vn 0.2105 0.9512 0.2255
vn 0.8241 0.2442 0.5112
vn 0.1789 0.9597 -0.2165
vn 0.5429 0.4388 -0.7160
vn -0.2319 0.9593 -0.1609
vn -0.6863 0.4209 -0.5932
vn -0.1822 0.9596 0.2142
vn -0.5367 0.4339 0.7237
vn 0.4180 0.9018 -0.1095
vn 0.9699 0.2430 -0.0141
vn -0.0388 0.9125 -0.4073
vn -0.1253 0.3995 -0.9081
vn -0.3435 0.9384 0.0385
vn -0.8749 0.4718 0.1091
vn 0.0741 0.4399 0.8950
vn 0.0592 0.9310 0.3601
vn 0.1822 0.9596 0.2142
vn 0.5367 0.4339 0.7237
vn 0.2319 0.9593 -0.1609
vn 0.6863 0.4209 -0.5932
vn -0.1789 0.9597 -0.2165
vn -0.5429 0.4388 -0.7160
vn -0.2105 0.9512 0.2255
vn -0.8241 0.2442 0.5112
vn 0.3435 0.9384 0.0385
vn 0.8749 0.4718 0.1091
vn 0.0388 0.9125 -0.4073
vn 0.1253 0.3995 -0.9081
vn -0.4180 0.9018 -0.1095
vn -0.9699 0.2430 -0.0141
vn -0.0741 0.4399 0.8950
vn -0.0592 0.9310 0.3601
vn 0.2798 0.9597 -0.0245
vn 0.8909 0.4383 -0.1190
vn -0.0092 0.9588 -0.2838
vn -0.1591 0.4019 -0.9017
vn -0.2800 0.9597 0.0235
vn -0.8912 0.4371 0.1218
vn 0.0434 0.9596 0.2780
vn 0.0733 0.4321 0.8988
vn 0.2122 0.9333 -0.2896
vn 0.5786 0.4487 -0.6811
vn -0.3234 0.9189 -0.2257
vn -0.6892 0.3955 -0.6072
vn -0.2532 0.9153 0.3134
vn -0.5639 0.4092 0.7173
vn 0.6957 0.4641 0.5484
vn 0.2748 0.9357 0.2213
vn 0.0440 0.9596 0.2780
vn 0.0719 0.4310 0.8995
vn 0.2799 0.9597 -0.0242
vn 0.8910 0.4379 -0.1198
vn -0.0066 0.9585 -0.2851
vn -0.1662 0.3908 -0.9053
vn -0.8912 0.4371 0.1216
vn 0.2741 0.9360 0.2209
vn 0.6954 0.4649 0.5480
vn 0.2109 0.9338 -0.2891
vn 0.5798 0.4490 -0.6799
vn -0.3286 0.9171 -0.2256
vn -0.6890 0.3842 -0.6146
vn -0.5634 0.4081 0.7184
vn -0.2543 0.9148 0.3137
vn -0.2077 0.9586 -0.1946
vn -0.7570 0.3961 -0.5197
vn -0.1788 0.9597 0.2166
vn -0.5433 0.4390 0.7156
vn 0.2281 0.9596 0.1647
vn 0.6905 0.4322 0.5800
vn 0.1816 0.9597 -0.2146
vn 0.5378 0.4350 -0.7222
vn -0.3927 0.9168 0.0728
vn -0.9195 0.3883 0.0616
vn 0.0428 0.9166 0.3974
vn 0.1157 0.4124 0.9037
vn 0.3481 0.9366 -0.0407
vn 0.8779 0.4669 -0.1061
vn -0.0729 0.4434 -0.8934
vn -0.0591 0.9325 -0.3563
vn -0.0248 0.9597 0.2798
vn -0.1201 0.4383 0.8908
vn 0.2779 0.9596 0.0439
vn 0.8989 0.4319 0.0741
vn 0.0238 0.9597 -0.2800
vn 0.1228 0.4370 -0.8910
vn -0.2839 0.9588 -0.0093
vn -0.9019 0.4010 -0.1608
vn 0.2210 0.9357 0.2750
vn 0.5475 0.4642 0.6963
vn 0.3137 0.9152 -0.2530
vn 0.7181 0.4090 -0.5630
vn -0.2254 0.9188 -0.3241
vn -0.6070 0.3945 -0.6898
vn -0.6816 0.4488 0.5779
vn -0.2898 0.9334 0.2118
vn -0.2779 0.9596 0.0445
vn -0.8995 0.4308 0.0727
vn 0.0245 0.9597 0.2799
vn 0.1210 0.4379 0.8908
vn 0.2852 0.9584 -0.0066
vn 0.9056 0.3892 -0.1684
vn -0.0238 0.9597 -0.2800
vn -0.1228 0.4371 -0.8910
vn -0.2205 0.9360 0.2743
vn -0.5470 0.4651 0.6961
vn 0.2893 0.9339 0.2103
vn 0.6805 0.4491 0.5790
vn 0.2251 0.9169 -0.3296
vn 0.6147 0.3826 -0.6897
vn -0.7193 0.4077 -0.5624
vn -0.3142 0.9147 -0.2541
vn 0.2281 0.9596 -0.1647
vn 0.6905 0.4322 -0.5800
vn -0.1788 0.9597 -0.2166
vn -0.5433 0.4390 -0.7156
vn -0.2077 0.9586 0.1946
vn -0.7570 0.3961 0.5197
vn 0.1816 0.9597 0.2146
vn 0.5378 0.4350 0.7222
vn 0.0428 0.9166 -0.3974
vn 0.1157 0.4123 -0.9037
vn -0.3927 0.9168 -0.0728
vn -0.9195 0.3883 -0.0616
vn -0.0591 0.9325 0.3563
vn -0.0729 0.4434 0.8934
vn 0.3481 0.9366 0.0407
vn 0.8779 0.4669 0.1061
vn -0.2798 0.9597 -0.0245
vn -0.8909 0.4383 -0.1190
vn -0.0435 0.9596 0.2780
vn -0.0734 0.4321 0.8988
vn 0.2800 0.9597 0.0234
vn 0.8912 0.4371 0.1218
vn 0.0092 0.9588 -0.2838
vn 0.1591 0.4020 -0.9017
vn -0.2749 0.9357 0.2213
vn -0.6957 0.4641 0.5484
vn 0.2532 0.9153 0.3134
vn 0.5639 0.4092 0.7173
vn 0.3234 0.9189 -0.2257
vn 0.6892 0.3955 -0.6072
vn -0.5786 0.4487 -0.6811
vn -0.2122 0.9333 -0.2896
vn 0.0066 0.9585 -0.2851
vn 0.1662 0.3908 -0.9053
vn -0.2799 0.9597 -0.0242
vn -0.8910 0.4380 -0.1198
vn -0.0440 0.9596 0.2780
vn -0.0719 0.4310 0.8995
vn 0.2800 0.9597 0.0235
vn 0.8911 0.4371 0.1216
vn -0.2108 0.9338 -0.2891
vn -0.5798 0.4490 -0.6799
vn -0.2741 0.9360 0.2209
vn -0.6954 0.4650 0.5480
vn 0.2543 0.9148 0.3137
vn 0.5634 0.4081 0.7184
vn 0.6890 0.3842 -0.6146
vn 0.3286 0.9171 -0.2256
vn 0.2077 0.9586 0.1946
vn 0.7570 0.3961 0.5197
vn 0.1788 0.9597 -0.2166
vn 0.5433 0.4390 -0.7156
vn -0.2281 0.9596 -0.1647
vn -0.6905 0.4322 -0.5800
vn -0.1816 0.9597 0.2146
vn -0.5378 0.4350 0.7222
vn 0.3927 0.9168 -0.0728
vn 0.9195 0.3883 -0.0616
vn -0.0428 0.9166 -0.3974
vn -0.1157 0.4123 -0.9037
vn -0.3481 0.9366 0.0407
vn -0.8779 0.4669 0.1061
vn 0.0729 0.4434 0.8934
vn 0.0592 0.9325 0.3563
vn -0.0248 0.9597 -0.2798
vn -0.1201 0.4383 -0.8908
vn -0.2839 0.9588 0.0093
vn -0.9019 0.4010 0.1608
vn 0.0237 0.9597 0.2800
vn 0.1228 0.4370 0.8910
vn 0.2779 0.9596 -0.0439
vn 0.8989 0.4319 -0.0741
vn -0.2898 0.9334 -0.2118
vn -0.6816 0.4488 -0.5779
vn -0.2254 0.9188 0.3241
vn -0.6070 0.3945 0.6898
vn 0.3137 0.9152 0.2530
vn 0.7181 0.4090 0.5630
vn 0.2210 0.9357 -0.2750
vn 0.5475 0.4642 -0.6963
vn 0.2852 0.9584 0.0066
vn 0.9056 0.3892 0.1684
vn 0.0245 0.9597 -0.2799
vn 0.1210 0.4379 -0.8908
vn -0.2779 0.9596 -0.0445
vn -0.8995 0.4308 -0.0727
vn -0.0238 0.9597 0.2800
vn -0.1228 0.4371 0.8910
vn 0.2893 0.9339 -0.2103
vn 0.6805 0.4491 -0.5790
vn -0.2205 0.9360 -0.2743
vn -0.5470 0.4651 -0.6961
vn -0.3142 0.9147 0.2541
vn -0.7193 0.4077 0.5624
vn 0.6147 0.3826 0.6897
vn 0.2251 0.9169 0.3296
vn -0.2281 0.9596 0.1647
vn -0.6905 0.4322 0.5800
vn 0.1788 0.9597 0.2166
vn 0.5433 0.4390 0.7156
vn 0.2077 0.9586 -0.1946
vn 0.7570 0.3961 -0.5197
vn -0.1816 0.9597 -0.2146
vn -0.5378 0.4350 -0.7222
vn -0.0428 0.9166 0.3974
vn -0.1157 0.4123 0.9037
vn 0.3927 0.9168 0.0728
vn 0.9195 0.3883 0.0616
vn 0.0591 0.9325 -0.3563
vn 0.0729 0.4434 -0.8934
vn -0.8779 0.4669 -0.1061
vn -0.3481 0.9366 -0.0407
vn -0.0098 0.9589 -0.2836
vn -0.1575 0.4043 -0.9010
vn -0.2804 0.9597 0.0215
vn -0.8918 0.4344 0.1267
vn 0.0433 0.9596 0.2780
vn 0.0737 0.4323 0.8987
vn 0.2802 0.9597 -0.0225
vn 0.8914 0.4358 -0.1242
vn -0.3205 0.9205 -0.2235
vn -0.6877 0.3992 -0.6065
vn -0.2538 0.9138 0.3170
vn -0.5674 0.4060 0.7164
vn 0.2740 0.9364 0.2194
vn 0.6935 0.4662 0.5493
vn 0.5822 0.4439 -0.6812
vn 0.2128 0.9322 -0.2927
vn 0.2279 0.9596 0.1649
vn 0.6908 0.4326 0.5793
vn 0.1817 0.9597 -0.2146
vn 0.5376 0.4348 -0.7224
vn -0.2082 0.9588 -0.1932
vn -0.7530 0.4017 -0.5211
vn -0.1797 0.9597 0.2159
vn -0.5415 0.4379 0.7177
vn 0.3482 0.9365 -0.0408
vn 0.8781 0.4667 -0.1058
vn -0.0591 0.9321 -0.3573
vn -0.0734 0.4426 -0.8937
vn -0.3891 0.9185 0.0710
vn -0.9166 0.3947 0.0633
vn 0.0441 0.9160 0.3987
vn 0.1136 0.4111 0.9045
vn 0.0219 0.9597 0.2803
vn 0.1277 0.4344 0.8916
vn 0.2779 0.9596 -0.0437
vn 0.8987 0.4322 -0.0745
vn -0.0228 0.9597 -0.2802
vn -0.1253 0.4358 -0.8913
vn -0.2837 0.9589 0.0099
vn -0.9011 0.4034 0.1591
vn 0.3173 0.9138 0.2536
vn 0.7172 0.4058 0.5664
vn 0.2190 0.9364 -0.2742
vn 0.5484 0.4663 -0.6941
vn -0.2928 0.9323 -0.2123
vn -0.6817 0.4440 -0.5815
vn -0.6062 0.3983 0.6884
vn -0.2231 0.9203 0.3212
vn 0.2082 0.9588 -0.1932
vn 0.7530 0.4017 -0.5211
vn -0.1817 0.9597 -0.2146
vn -0.5376 0.4348 -0.7224
vn -0.2279 0.9596 0.1649
vn -0.6908 0.4326 0.5793
vn 0.1797 0.9597 0.2159
vn 0.5415 0.4379 0.7177
vn 0.0591 0.9321 -0.3573
vn 0.0734 0.4426 -0.8937
vn -0.3482 0.9365 -0.0408
vn -0.8781 0.4667 -0.1058
vn -0.0441 0.9160 0.3987
vn -0.1136 0.4111 0.9045
vn 0.9166 0.3947 0.0633
vn 0.3891 0.9184 0.0710
vn 0.2804 0.9597 0.0215
vn 0.8918 0.4344 0.1267
vn 0.0098 0.9589 -0.2836
vn 0.1574 0.4043 -0.9010
vn -0.2802 0.9597 -0.0225
vn -0.8914 0.4358 -0.1243
vn -0.0433 0.9596 0.2780
vn -0.0737 0.4323 0.8987
vn 0.3205 0.9205 -0.2235
vn 0.6876 0.3992 -0.6065
vn -0.2128 0.9322 -0.2927
vn -0.5822 0.4439 -0.6812
vn -0.2741 0.9364 0.2194
vn -0.6935 0.4662 0.5493
vn 0.5674 0.4060 0.7164
vn 0.2538 0.9138 0.3170
vn -0.2279 0.9596 -0.1649
vn -0.6908 0.4326 -0.5793
vn -0.1817 0.9597 0.2146
vn -0.5376 0.4348 0.7224
vn 0.2082 0.9588 0.1932
vn 0.7530 0.4017 0.5211
vn 0.1797 0.9597 -0.2159
vn 0.5415 0.4379 -0.7177
vn -0.3482 0.9365 0.0408
vn -0.8781 0.4667 0.1058
vn 0.0591 0.9321 0.3573
vn 0.0734 0.4426 0.8937
vn 0.3891 0.9185 -0.0710
vn 0.9166 0.3947 -0.0633
vn -0.0441 0.9160 -0.3987
vn -0.1136 0.4111 -0.9045
vn -0.0218 0.9597 -0.2803
vn -0.1277 0.4344 -0.8916
vn -0.2780 0.9596 0.0437
vn -0.8987 0.4322 0.0745
vn 0.0228 0.9597 0.2802
vn 0.1253 0.4358 0.8913
vn 0.2837 0.9589 -0.0099
vn 0.9011 0.4034 -0.1591
vn -0.3173 0.9138 -0.2536
vn -0.7172 0.4058 -0.5664
vn -0.2190 0.9364 0.2742
vn -0.5484 0.4663 0.6941
vn 0.2928 0.9323 0.2123
vn 0.6817 0.4440 0.5815
vn 0.6062 0.3982 -0.6884
vn 0.2232 0.9203 -0.3212
vn -0.1797 0.9597 -0.2159
vn -0.5415 0.4379 -0.7177
vn -0.2082 0.9588 0.1932
vn -0.7530 0.4017 0.5211
vn 0.1817 0.9597 0.2146
vn 0.5376 0.4348 0.7224
vn 0.2279 0.9596 -0.1649
vn 0.6908 0.4326 -0.5793
vn -0.3891 0.9185 -0.0710
vn -0.9166 0.3947 -0.0633
vn -0.0591 0.9321 0.3573
vn -0.0734 0.4426 0.8937
vn 0.3482 0.9365 0.0408
vn 0.8781 0.4667 0.1058
vn 0.1136 0.4111 -0.9045
vn 0.0441 0.9160 -0.3987
vn -0.0517 0.8991 -0.4346
vn -0.4347 0.8991 0.0517
vn -0.9230 0.3688 0.1099
vn -0.7303 0.3689 0.5750
vn 0.9230 0.3688 0.1099
vn -0.4347 0.8991 -0.0517
vn -0.9230 0.3688 -0.1099
vn -0.0517 0.8991 0.4346
vn 0.4349 0.8991 -0.0495
vn 0.9235 0.3689 -0.1050
vn -0.0495 0.8991 -0.4349
vn -0.1050 0.3689 -0.9235
vn -0.9235 0.3689 0.1050
vn -0.4349 0.8991 0.0495
vn 0.0494 0.8991 0.4349
vn 0.1050 0.3689 0.9235
vn 0.5788 0.3689 -0.7273
vn 0.2725 0.8991 -0.3425
vn -0.3425 0.8991 -0.2725
vn -0.7273 0.3689 -0.5788
vn -0.2726 0.8991 0.3425
vn -0.5788 0.3688 0.7273
vn 0.7273 0.3689 0.5788
vn 0.3424 0.8991 0.2726
vn 0.4349 0.8991 -0.0494
vn 0.9235 0.3689 -0.1049
vn -0.0494 0.8991 -0.4349
vn -0.4349 0.8991 0.0494
vn 0.7272 0.3689 0.5788
vn 0.2726 0.8991 -0.3425
vn -0.3425 0.8991 -0.2726
vn -0.7272 0.3689 -0.5788
vn -0.5788 0.3689 0.7273
vn -0.2725 0.8991 0.3425
vn -0.7303 0.3689 -0.5750
vn -0.2708 0.8991 0.3439
vn 0.7303 0.3689 0.5750
vn -0.0500 0.8991 0.4348
vn -0.1061 0.3689 0.9234
vn 0.4348 0.8991 0.0499
vn 0.9234 0.3688 0.1061
vn 0.1061 0.3689 -0.9234
vn 0.0500 0.8991 -0.4348
vn -0.4349 0.8991 -0.0499
vn -0.9234 0.3688 -0.1061
vn 0.5780 0.3688 0.7280
vn 0.2722 0.8991 0.3428
vn 0.3428 0.8991 -0.2722
vn 0.7280 0.3689 -0.5779
vn -0.2722 0.8991 -0.3428
vn -0.5780 0.3688 -0.7280
vn -0.7280 0.3689 0.5779
vn -0.3428 0.8991 0.2722
vn -0.4349 0.8991 0.0500
vn -0.9234 0.3688 0.1062
vn 0.0500 0.8991 0.4348
vn 0.1061 0.3689 0.9234
vn 0.4349 0.8991 -0.0500
vn 0.9234 0.3688 -0.1062
vn -0.0500 0.8991 -0.4348
vn -0.1061 0.3689 -0.9234
vn -0.2721 0.8991 0.3428
vn -0.5779 0.3689 0.7280
vn 0.3428 0.8991 0.2721
vn 0.7280 0.3688 0.5779
vn 0.2721 0.8991 -0.3428
vn 0.5779 0.3689 -0.7280
vn -0.3428 0.8991 -0.2721
vn -0.7280 0.3688 -0.5779
vn 0.7303 0.3689 -0.5750
vn -0.5750 0.3688 -0.7303
vn -0.2708 0.8991 -0.3439
vn 0.5750 0.3688 0.7303
vn 0.2708 0.8991 0.3439
vn -0.9235 0.3689 -0.1050
vn -0.4349 0.8991 -0.0495
vn -0.1050 0.3689 0.9235
vn -0.0494 0.8991 0.4349
vn 0.9235 0.3689 0.1050
vn 0.4349 0.8991 0.0495
vn 0.1050 0.3689 -0.9235
vn 0.0494 0.8991 -0.4349
vn -0.7273 0.3689 0.5788
vn -0.3425 0.8991 0.2725
vn 0.5788 0.3689 0.7273
vn 0.2725 0.8991 0.3425
vn 0.7273 0.3689 -0.5788
vn 0.3425 0.8991 -0.2726
vn -0.2725 0.8991 -0.3425
vn -0.5788 0.3689 -0.7273
vn 0.1049 0.3689 -0.9235
vn -0.4349 0.8991 -0.0494
vn -0.9235 0.3689 -0.1049
vn 0.4349 0.8991 0.0494
vn -0.2726 0.8991 -0.3425
vn -0.3424 0.8991 0.2726
vn -0.7272 0.3689 0.5788
vn 0.2726 0.8991 0.3425
vn 0.3424 0.8991 -0.2726
vn 0.7272 0.3689 -0.5788
vn 0.7303 0.3689 0.5749
vn 0.2708 0.8991 -0.3439
vn 0.5750 0.3688 -0.7303
vn -0.5750 0.3688 0.7303
vn -0.4349 0.8991 0.0499
vn -0.9234 0.3688 0.1061
vn 0.0499 0.8991 0.4348
vn 0.9234 0.3688 -0.1061
vn 0.4348 0.8991 -0.0499
vn -0.3428 0.8991 -0.2722
vn -0.7279 0.3689 -0.5780
vn -0.2722 0.8991 0.3428
vn -0.5780 0.3688 0.7280
vn 0.7279 0.3689 0.5780
vn 0.3428 0.8991 0.2722
vn 0.2722 0.8991 -0.3428
vn 0.5780 0.3688 -0.7280
vn 0.9234 0.3689 0.1062
vn 0.4348 0.8991 0.0500
vn -0.9234 0.3689 -0.1062
vn -0.4348 0.8991 -0.0500
vn 0.3428 0.8991 -0.2721
vn -0.5779 0.3689 -0.7280
vn -0.2721 0.8991 -0.3428
vn -0.3428 0.8991 0.2721
vn 0.2721 0.8991 0.3428
vn 0.5779 0.3689 0.7280
vn -0.9235 0.3688 0.1050
vn 0.0495 0.8991 0.4349
vn 0.3425 0.8991 0.2725
vn 0.7273 0.3688 0.5788
vn 0.4347 0.8991 -0.0517
vn 0.9230 0.3688 -0.1099
vn 0.9234 0.3689 -0.1061
vn 0.4348 0.8991 -0.0500
vn -0.9234 0.3689 0.1061
vn -0.4348 0.8991 0.0500
vn 0.7280 0.3689 0.5779
vn -0.7280 0.3689 -0.5779
vn -0.5779 0.3688 0.7280
vn -0.5750 0.3689 -0.7303
vn 0.5750 0.3689 0.7303
vn -0.9235 0.3688 -0.1050
vn -0.5788 0.3688 -0.7273
vn -0.3425 0.8991 0.2726
vn 0.5788 0.3688 0.7273
vn -0.5750 0.3689 0.7303
vn 0.5750 0.3689 -0.7303
vn -0.0499 0.8991 -0.4348
vn 0.5779 0.3688 -0.7280
vn -0.4192 0.9036 -0.0880
vn -0.9048 0.3761 -0.1998
vn -0.2078 0.3121 0.9270
vn -0.0957 0.8602 0.5008
vn 0.9386 0.2897 0.1872
vn 0.5180 0.8431 0.1446
vn 0.1853 0.3611 -0.9139
vn 0.1253 0.8910 -0.4364
vn -0.6998 0.7028 0.1277
vn -0.9693 0.0964 0.2260
vn 0.1279 0.7000 0.7026
vn 0.2263 0.0927 0.9696
vn 0.7022 0.7005 -0.1269
vn 0.9695 0.0937 -0.2266
vn -0.2264 0.0975 -0.9691
vn -0.1268 0.7035 -0.6993
vn 0.5298 0.7724 -0.3503
vn 0.8341 0.1868 -0.5191
vn -0.5117 0.2355 -0.8262
vn -0.3320 0.8069 -0.4886
vn -0.8394 0.1974 0.5065
vn -0.5112 0.7741 0.3735
vn 0.5141 0.1540 0.8438
vn 0.3830 0.7461 0.5447
vn 0.1692 0.7311 -0.6610
vn 0.1905 0.1343 -0.9724
vn -0.6617 0.7309 -0.1672
vn -0.9723 0.1335 -0.1916
vn -0.1692 0.7311 0.6610
vn -0.1905 0.1343 0.9724
vn 0.9723 0.1335 0.1916
vn 0.6617 0.7309 0.1672
vn 0.2729 0.8772 0.3951
vn 0.5025 0.3373 0.7961
vn 0.7876 0.3330 -0.5185
vn 0.4192 0.8740 -0.2459
vn -0.5051 0.3864 -0.7717
vn -0.2117 0.9091 -0.3589
vn -0.7776 0.3894 0.4937
vn -0.3405 0.9115 0.2309
vn -0.1545 0.9491 0.2745
vn -0.4928 0.4285 0.7573
vn 0.4227 0.8869 0.1862
vn 0.7880 0.3077 0.5333
vn 0.3556 0.8560 -0.3753
vn 0.4919 0.2281 -0.8402
vn -0.7816 0.4042 -0.4750
vn -0.2780 0.9313 -0.2355
vn -0.2850 0.8286 -0.4818
vn -0.5354 0.2661 -0.8016
vn -0.4807 0.8286 0.2870
vn -0.8023 0.2656 0.5345
vn 0.2850 0.8286 0.4818
vn 0.5354 0.2661 0.8016
vn 0.8023 0.2656 -0.5345
vn 0.4807 0.8286 -0.2870
vn 0.5865 0.6989 0.4094
vn 0.8481 0.0926 0.5217
vn 0.3960 0.7163 -0.5745
vn 0.5224 0.1149 -0.8449
vn -0.5841 0.7068 -0.3991
vn -0.8456 0.1009 -0.5243
vn -0.5245 0.0842 0.8473
vn -0.4078 0.6940 0.5934
vn 0.4413 0.8653 -0.2377
vn 0.7851 0.3257 -0.5268
vn 0.4059 0.7021 -0.5850
vn 0.5251 0.0958 -0.8456
vn -0.1065 0.7532 0.6491
vn -0.2353 0.1666 0.9575
vn 0.3486 0.7319 0.5855
vn 0.5521 0.1351 0.8227
vn -0.3911 0.9161 -0.0881
vn -0.8974 0.3963 -0.1939
vn -0.0115 0.8844 -0.4666
vn -0.2391 0.3326 -0.9123
vn 0.5415 0.8294 0.1375
vn 0.9450 0.2669 0.1889
vn -0.7029 0.6991 0.1308
vn -0.9694 0.0907 0.2281
vn -0.7918 0.3514 0.4995
vn -0.3811 0.8865 0.2626
vn -0.2182 0.9052 -0.3646
vn -0.5044 0.3793 -0.7757
vn 0.2860 0.8410 0.4593
vn 0.5230 0.2823 0.8042
vn -0.5257 0.0943 0.8454
vn -0.4054 0.7013 0.5863
vn -0.5842 0.7038 -0.4043
vn -0.8452 0.0977 -0.5254
vn 0.8458 0.0924 0.5255
vn 0.5872 0.6997 0.4069
vn 0.2194 0.2191 -0.9507
vn 0.1232 0.7958 -0.5930
vn 0.6475 0.7527 0.1191
vn 0.9597 0.1610 0.2302
vn -0.5947 0.7978 -0.0993
vn -0.9465 0.2268 -0.2295
vn -0.5521 0.1351 -0.8227
vn -0.3486 0.7319 -0.5855
vn 0.5877 0.7300 -0.3488
vn 0.8227 0.1327 -0.5528
vn -0.8227 0.1327 0.5528
vn -0.5877 0.7300 0.3488
vn 0.9258 0.3206 0.2001
vn 0.4862 0.8672 0.1074
vn -0.0757 0.8962 0.4371
vn -0.2067 0.3670 0.9069
vn 0.1193 0.8923 -0.4355
vn 0.1864 0.3620 -0.9134
vn 0.1794 0.3901 0.9031
vn 0.1272 0.9272 0.3523
vn -0.8792 0.4329 0.1990
vn -0.3046 0.9509 0.0542
vn 0.9555 0.2086 -0.2087
vn 0.4725 0.8735 -0.1168
vn -0.9450 0.2669 -0.1889
vn -0.5415 0.8294 -0.1375
vn 0.1887 0.2648 -0.9457
vn 0.1386 0.8278 -0.5436
vn -0.1887 0.2648 0.9457
vn -0.1386 0.8278 0.5436
vn 0.9672 0.1067 -0.2304
vn 0.6940 0.7093 -0.1234
vn 0.2292 0.0838 0.9698
vn 0.1294 0.6931 0.7092
vn -0.2265 0.1114 -0.9676
vn -0.1300 0.7145 -0.6875
vn -0.3424 0.8596 -0.3793
vn -0.6833 0.1276 -0.7189
vn -0.2370 0.7629 -0.6015
vn -0.5669 0.8238 -0.0008
vn -0.9978 -0.0511 -0.0411
vn -0.3456 0.8421 0.4140
vn -0.7478 -0.1626 0.6437
vn 0.0436 0.9549 0.2936
vn -0.0888 0.0694 0.9936
vn 0.6375 0.5339 0.5555
vn 0.0286 0.9996 -0.0005
vn 0.6322 0.7748 0.0050
vn 0.6917 -0.7186 -0.0722
vn 0.1793 -0.9190 0.3511
vn 0.5672 -0.7341 -0.3735
vn -0.0900 -0.9509 -0.2962
vn 0.5577 -0.5347 -0.6349
vn -0.1203 -0.5147 -0.8489
vn 0.6724 -0.2290 -0.7039
vn 0.1100 0.1432 -0.9836
vn 0.8468 0.0032 -0.5319
vn 0.4690 0.6365 -0.6123
vn 0.9756 0.0180 -0.2190
vn 0.7429 0.6676 0.0479
vn 0.9803 -0.1929 0.0435
vn 0.7681 0.2189 0.6017
vn 0.8614 -0.4979 0.1009
vn 0.5332 -0.4384 0.7236
vn -0.3815 0.9221 -0.0650
vn -0.9808 0.1758 -0.0843
vn -0.3381 0.8968 0.2854
vn -0.7728 0.1265 0.6219
vn -0.0187 0.9030 0.4293
vn -0.1034 0.2111 0.9720
vn 0.6089 0.3361 0.7185
vn 0.2618 0.9364 0.2337
vn 0.5391 0.7922 0.2860
vn 0.0304 0.9992 -0.0277
vn 0.2205 0.5886 -0.7777
vn 0.5383 0.7725 -0.3367
vn -0.6131 0.3663 -0.6999
vn -0.1373 0.9666 -0.2165
vn -0.2683 -0.9633 -0.0111
vn -0.5106 -0.5761 -0.6383
vn 0.0928 -0.9862 -0.1373
vn 0.2568 -0.5033 -0.8251
vn 0.3615 -0.9286 0.0840
vn 0.8317 -0.3987 -0.3863
vn 0.3251 -0.8414 0.4318
vn 0.8820 -0.3225 0.3435
vn 0.0914 -0.5552 0.8266
vn 0.5157 -0.1584 0.8420
vn -0.9123 -0.3981 -0.0965
vn -0.6565 -0.6726 0.3415
vn 0.4761 0.8639 -0.1643
vn 0.9274 0.0740 -0.3668
vn 0.6741 0.7387 0.0024
vn 0.1978 0.8272 -0.5260
vn 0.4046 -0.0839 -0.9106
vn -0.2415 0.8726 -0.4245
vn -0.3413 -0.0984 -0.9348
vn -0.2691 0.9608 -0.0661
vn -0.8813 0.2115 -0.4225
vn -0.7347 0.5493 0.3980
vn -0.0153 0.9992 0.0358
vn -0.2476 0.7672 0.5917
vn -0.2413 -0.9054 -0.3494
vn -0.6203 -0.3664 -0.6936
vn 0.0749 -0.8785 -0.4718
vn 0.0464 -0.3071 -0.9505
vn 0.3824 -0.8630 -0.3301
vn 0.6984 -0.2865 -0.6559
vn 0.4966 -0.8679 -0.0153
vn 0.9486 -0.3164 0.0093
vn 0.3586 -0.8894 0.2834
vn 0.6592 -0.3783 0.6499
vn 0.0542 -0.9151 0.3995
vn 0.0055 -0.4363 0.8998
vn -0.2470 -0.9308 0.2695
vn -0.6394 -0.4572 0.6182
vn -0.3729 -0.9271 -0.0389
vn -0.9026 -0.4286 -0.0400
vn -0.2118 0.9106 -0.3549
vn -0.4437 0.2577 -0.8583
vn -0.4038 0.9090 -0.1033
vn -0.9223 0.2487 -0.2958
vn -0.3610 0.9078 0.2135
vn -0.8647 0.2401 0.4412
vn -0.1012 0.9081 0.4064
vn -0.2981 0.2395 0.9240
vn 0.2151 0.9101 0.3543
vn 0.4435 0.2527 0.8599
vn 0.3976 0.9121 0.0995
vn 0.9171 0.2688 0.2943
vn 0.3513 0.9129 -0.2078
vn 0.8563 0.2739 -0.4378
vn 0.2948 0.2674 -0.9174
vn 0.1013 0.9121 -0.3972
vn 0.6563 -0.6926 -0.2994
vn 0.8214 -0.2472 -0.5140
vn 0.3109 -0.5463 0.7777
vn 0.4046 -0.8472 0.3444
vn -0.1682 -0.9694 0.1786
vn -0.3461 -0.5592 0.7533
vn -0.4206 -0.9063 -0.0405
vn -0.8700 -0.3977 0.2914
vn -0.4312 -0.8213 -0.3735
vn -0.8892 -0.2128 -0.4050
vn -0.1904 -0.7680 -0.6115
vn -0.3894 -0.1169 -0.9136
vn 0.1464 -0.7778 -0.6112
vn 0.3222 -0.1663 -0.9320
vn -0.1987 0.9188 -0.3410
vn -0.4815 0.2800 -0.8305
vn -0.3751 0.9234 -0.0813
vn -0.9276 0.2606 -0.2676
vn -0.2744 0.9432 0.1871
vn -0.8362 0.3187 0.4463
vn -0.0511 0.9612 0.2711
vn -0.2592 0.4117 0.8737
vn 0.1273 0.9723 0.1960
vn 0.4258 0.5161 0.7432
vn 0.8665 0.4933 0.0763
vn 0.1523 0.9883 -0.0057
vn 0.6256 0.7515 -0.2095
vn 0.1361 0.9539 -0.2674
vn 0.2983 0.3089 -0.9031
vn 0.4554 0.7478 -0.4831
vn -0.1202 -0.7485 -0.6522
vn -0.3092 -0.2879 -0.9064
vn 0.6314 -0.4816 0.6077
vn 0.4449 -0.8541 0.2693
vn -0.1161 -0.8794 0.4617
vn 0.0768 -0.3530 0.9325
vn -0.4444 -0.8018 0.3996
vn -0.5987 -0.1534 0.7861
vn -0.6303 -0.7688 0.1076
vn -0.9815 -0.0770 0.1751
vn -0.5514 -0.8026 -0.2277
vn -0.8329 -0.1710 -0.5263
vn -0.3779 0.8317 0.4067
vn -0.7162 0.0320 0.6972
vn 0.0339 0.8551 0.5173
vn -0.0269 0.0765 0.9967
vn 0.3275 0.9068 0.2655
vn 0.6555 0.1964 0.7292
vn 0.2543 0.9665 -0.0347
vn 0.9120 0.4020 0.0816
vn 0.5254 0.5826 -0.6201
vn -0.0018 0.9997 -0.0236
vn -0.0961 0.7571 -0.6462
vn 0.0015 0.8442 -0.5361
vn 0.0078 0.1125 -0.9936
vn 0.2587 0.7409 -0.6198
vn -0.3906 0.8365 -0.3842
vn -0.6996 0.0847 -0.7095
vn -0.9991 0.0419 -0.0086
vn -0.5596 0.8287 0.0094
vn -0.0280 -0.9559 -0.2925
vn -0.1827 -0.5382 -0.8228
vn 0.2918 -0.9249 -0.2438
vn 0.5069 -0.4762 -0.7186
vn 0.4859 -0.8739 0.0132
vn 0.9205 -0.3540 -0.1652
vn 0.4411 -0.8311 0.3387
vn 0.8160 -0.2411 0.5253
vn 0.1730 -0.8222 0.5423
vn 0.2427 -0.2045 0.9483
vn -0.1616 -0.8541 0.4944
vn -0.4632 -0.2675 0.8449
vn -0.3565 -0.9074 0.2226
vn -0.8776 -0.3924 0.2754
vn -0.2968 -0.9493 -0.1037
vn -0.7567 -0.5042 -0.4160
vn 0.0724 0.8340 0.5471
vn 0.0820 0.0452 0.9956
vn -0.1985 0.5432 0.8158
vn 0.3593 0.9047 0.2288
vn 0.7773 0.2265 0.5870
vn 0.9081 0.3119 -0.2794
vn 0.2449 0.9640 -0.1038
vn 0.5632 0.6528 -0.5066
vn 0.5439 -0.6008 0.5859
vn 0.6345 0.1169 0.7640
vn 0.2314 -0.6762 0.6994
vn -0.0260 -0.0372 0.9990
vn -0.0401 -0.8270 0.5608
vn -0.5966 -0.3654 0.7145
vn -0.1066 -0.9598 0.2596
vn -0.7371 -0.6703 0.0864
vn -0.0071 -0.9396 -0.3421
vn -0.4602 -0.7297 -0.5058
vn 0.3113 -0.5505 -0.7747
vn 0.1899 -0.8909 -0.4127
vn 0.6246 -0.7809 0.0006
vn 0.8326 -0.3022 -0.4642
vn 0.7047 -0.6463 0.2927
vn 0.9881 0.0049 0.1538
vn -0.2218 0.9716 0.0819
vn -0.7795 0.4857 0.3955
vn -0.5842 0.8103 0.0452
vn -0.0800 0.9460 0.3142
vn -0.2367 0.3420 0.9094
vn 0.1910 0.9323 0.3071
vn 0.5026 0.1209 0.8560
vn 0.3410 0.9381 0.0613
vn 0.9694 0.1064 0.2212
vn 0.2395 0.9564 -0.1672
vn 0.7838 0.3394 -0.5200
vn 0.0900 0.4950 -0.8642
vn -0.0048 0.9801 -0.1987
vn -0.1616 0.7950 -0.5847
vn 0.7721 -0.4483 0.4504
vn 0.4889 0.0990 0.8667
vn 0.5473 -0.6997 0.4591
vn 0.0295 -0.4468 0.8942
vn 0.3978 -0.8879 0.2311
vn -0.2763 -0.8672 0.4143
vn 0.4042 -0.9098 -0.0942
vn -0.2564 -0.9237 -0.2846
vn 0.5597 -0.7574 -0.3363
vn 0.0736 -0.5892 -0.8046
vn 0.7801 -0.5124 -0.3589
vn 0.5285 -0.0506 -0.8474
vn 0.9392 -0.3141 -0.1386
vn 0.8445 0.3812 -0.3761
vn 0.9371 -0.2857 0.2006
vn 0.8293 0.4450 0.3381
vn -0.0671 0.9046 -0.4210
vn 0.0523 0.2326 -0.9712
vn 0.2526 0.9029 -0.3478
vn 0.7234 0.2372 -0.6484
vn 0.4238 0.9039 -0.0582
vn 0.9694 0.2403 0.0502
vn 0.3382 0.9053 0.2570
vn 0.6513 0.2358 0.7212
vn 0.0671 0.9046 0.4210
vn -0.0523 0.2325 0.9712
vn -0.2527 0.9029 0.3478
vn -0.7234 0.2372 0.6484
vn -0.4238 0.9039 0.0582
vn -0.9694 0.2403 -0.0502
vn -0.6513 0.2358 -0.7212
vn -0.3381 0.9053 -0.2570
vn 0.0248 -0.9478 0.3180
vn 0.0062 -0.5618 -0.8273
vn 0.2398 -0.9495 0.2022
vn -0.5817 -0.5620 -0.5881
vn 0.3064 -0.9516 -0.0226
vn -0.8276 -0.5613 -0.0064
vn 0.2056 -0.9500 -0.2349
vn -0.5910 -0.5610 0.5797
vn -0.0248 -0.9480 -0.3174
vn -0.0061 -0.5616 0.8274
vn -0.2395 -0.9497 -0.2018
vn 0.5817 -0.5618 0.5882
vn -0.3063 -0.9517 0.0227
vn 0.8276 -0.5612 0.0064
vn 0.5910 -0.5611 -0.5796
vn -0.2058 -0.9499 0.2352
vn -0.8825 -0.4388 0.1692
vn -0.2778 -0.9597 0.0411
vn -0.0906 -0.9544 -0.2845
vn -0.0649 -0.2948 -0.9533
vn 0.2751 -0.9587 -0.0717
vn 0.9118 -0.3986 -0.0983
vn 0.0479 -0.9599 0.2764
vn 0.1526 -0.4421 0.8839
vn -0.9464 -0.2872 -0.1477
vn -0.2762 -0.9540 -0.1168
vn 0.2473 -0.4384 -0.8641
vn 0.0654 -0.9597 -0.2733
vn 0.8672 -0.4420 0.2294
vn 0.2711 -0.9598 0.0723
vn -0.0957 -0.9588 0.2676
vn -0.1784 -0.3986 0.8996
vn 0.7433 -0.4384 0.5053
vn 0.2250 -0.9598 0.1680
vn -0.1375 -0.9541 0.2660
vn -0.6322 -0.2886 0.7191
vn -0.2448 -0.9587 -0.1446
vn -0.7129 -0.3985 -0.5770
vn 0.1620 -0.9598 -0.2293
vn 0.5193 -0.4418 -0.7315
vn 0.1651 -0.4386 0.8834
vn 0.0394 -0.9598 0.2780
vn -0.9561 -0.2872 0.0581
vn -0.2859 -0.9540 0.0901
vn -0.0931 -0.3984 -0.9125
vn -0.0701 -0.9587 -0.2757
vn 0.2768 -0.9598 -0.0468
vn 0.8849 -0.4419 -0.1471
vn 0.5069 -0.4387 -0.7420
vn 0.1680 -0.9597 -0.2253
vn 0.2649 -0.9544 0.1377
vn 0.7180 -0.2938 0.6309
vn -0.1447 -0.9588 0.2446
vn -0.5777 -0.3986 0.7123
vn -0.2289 -0.9598 -0.1625
vn -0.7313 -0.4419 -0.5196
vn -0.5619 -0.2884 -0.7753
vn -0.1119 -0.9540 -0.2780
vn 0.7874 -0.4383 -0.4334
vn 0.2398 -0.9597 -0.1464
vn 0.4483 -0.4421 0.7769
vn 0.1398 -0.9598 0.2432
vn -0.2573 -0.9588 0.1207
vn -0.7639 -0.3987 0.5075
vn -0.5069 -0.4390 0.7418
vn -0.1680 -0.9598 0.2250
vn -0.7180 -0.2937 -0.6310
vn -0.2649 -0.9544 -0.1380
vn 0.5777 -0.3984 -0.7124
vn 0.1447 -0.9587 -0.2449
vn 0.2289 -0.9598 0.1622
vn 0.7313 -0.4420 0.5195
vn 0.7741 -0.2937 -0.5608
vn 0.2767 -0.9544 -0.1125
vn 0.4350 -0.4390 0.7862
vn 0.1461 -0.9598 0.2398
vn -0.7768 -0.4420 0.4485
vn -0.2431 -0.9598 0.1400
vn -0.1211 -0.9587 -0.2574
vn -0.5083 -0.3984 -0.7635
vn 0.7761 -0.3855 0.4990
vn 0.3209 -0.9126 0.2534
vn 0.4281 -0.3857 0.8173
vn 0.2241 -0.9128 0.3414
vn -0.1941 -0.3855 -0.9020
vn -0.0465 -0.9127 -0.4060
vn 0.5029 -0.3855 -0.7736
vn 0.2552 -0.9127 -0.3192
vn -0.9023 -0.3854 0.1931
vn -0.4063 -0.9126 0.0462
vn -0.2780 -0.3858 0.8797
vn -0.0844 -0.9128 0.3996
vn 0.9023 -0.3854 -0.1932
vn 0.4063 -0.9126 -0.0465
vn -0.8802 -0.3853 -0.2771
vn -0.4002 -0.9126 -0.0844
vn -0.2764 -0.9393 -0.2033
vn -0.7280 -0.4728 -0.4965
vn -0.5271 -0.4313 0.7322
vn -0.2165 -0.9240 0.3150
vn 0.4694 -0.2961 -0.8318
vn 0.2710 -0.9163 -0.2947
vn -0.1778 -0.9392 -0.2938
vn -0.4307 -0.4727 -0.7688
vn -0.8729 -0.2887 0.3933
vn -0.3176 -0.9159 0.2454
vn 0.3338 -0.9236 -0.1884
vn 0.7764 -0.4303 -0.4606
vn 0.0514 -0.9394 0.3391
vn 0.1610 -0.4732 0.8661
vn 0.8914 -0.4302 -0.1430
vn 0.3770 -0.9236 -0.0693
vn -0.9222 -0.2899 0.2561
vn -0.4009 -0.9160 0.0147
vn -0.2046 -0.9393 0.2755
vn -0.5010 -0.4730 0.7248
vn 0.7297 -0.4304 0.5313
vn 0.3146 -0.9237 0.2186
vn -0.2931 -0.9159 -0.2744
vn -0.8321 -0.2886 -0.4736
vn 0.3395 -0.9392 -0.0508
vn 0.8664 -0.4727 -0.1611
vn -0.1424 -0.4312 -0.8909
vn -0.0684 -0.9240 -0.3763
vn 0.2536 -0.2951 0.9212
vn 0.0152 -0.9164 0.4001
vn 0.0830 -0.9393 -0.3330
vn 0.2416 -0.4729 -0.8473
vn -0.3978 -0.9160 -0.0525
vn -0.8940 -0.2898 -0.3416
vn 0.3688 -0.9237 0.1041
vn 0.8740 -0.4302 0.2259
vn -0.3394 -0.9393 0.0505
vn -0.8664 -0.4727 0.1609
vn 0.0684 -0.9241 0.3760
vn 0.1424 -0.4315 0.8908
vn -0.0152 -0.9162 -0.4003
vn -0.2536 -0.2949 -0.9213
vn 0.3332 -0.9393 0.0822
vn 0.8475 -0.4727 0.2416
vn 0.0527 -0.9163 -0.3971
vn 0.3390 -0.2949 -0.8934
vn -0.1034 -0.9241 0.3679
vn -0.2254 -0.4315 0.8735
vn 0.8962 -0.4416 0.0421
vn 0.2808 -0.9597 0.0131
vn 0.1892 -0.9598 0.2071
vn 0.6049 -0.4421 0.6624
vn -0.0132 -0.9600 0.2797
vn -0.0421 -0.4424 0.8958
vn -0.2079 -0.9598 0.1884
vn -0.6644 -0.4420 0.6026
vn -0.2808 -0.9597 -0.0134
vn -0.8962 -0.4416 -0.0422
vn -0.1892 -0.9598 -0.2074
vn -0.6049 -0.4419 -0.6625
vn 0.0132 -0.9599 -0.2800
vn 0.0421 -0.4422 -0.8959
vn 0.6644 -0.4418 -0.6028
vn 0.2079 -0.9598 -0.1887
vn -0.4313 -0.8991 0.0744
vn -0.9159 -0.3689 0.1583
vn -0.1584 -0.3687 -0.9160
vn -0.0746 -0.8991 -0.4314
vn 0.9159 -0.3688 -0.1584
vn 0.4313 -0.8991 -0.0747
vn 0.1583 -0.3690 0.9158
vn 0.0746 -0.8992 0.4312
vn -0.4230 -0.8991 -0.1125
vn -0.8983 -0.3688 -0.2387
vn 0.1124 -0.8991 -0.4232
vn 0.2387 -0.3687 -0.8984
vn 0.4230 -0.8991 0.1123
vn 0.8983 -0.3689 0.2386
vn -0.2387 -0.3690 0.8983
vn -0.1124 -0.8992 0.4229
vn 0.3571 -0.8991 0.2529
vn 0.7584 -0.3689 0.5373
vn -0.5374 -0.3690 0.7583
vn -0.2531 -0.8992 0.3570
vn -0.7584 -0.3688 -0.5375
vn -0.3571 -0.8991 -0.2532
vn 0.5374 -0.3688 -0.7584
vn 0.2531 -0.8991 -0.3572
vn 0.0722 -0.8992 0.4316
vn 0.1533 -0.3690 0.9167
vn -0.4317 -0.8991 0.0721
vn -0.9168 -0.3689 0.1532
vn -0.0722 -0.8991 -0.4318
vn -0.1533 -0.3687 -0.9168
vn 0.9168 -0.3688 -0.1534
vn 0.4317 -0.8991 -0.0723
vn 0.2534 -0.8991 -0.3570
vn 0.5381 -0.3687 -0.7579
vn 0.7579 -0.3689 0.5380
vn 0.3569 -0.8992 0.2533
vn -0.5381 -0.3690 0.7578
vn -0.2534 -0.8992 0.3568
vn -0.7579 -0.3688 -0.5382
vn -0.3569 -0.8991 -0.2535
vn -0.2184 -0.8991 -0.3794
vn -0.4638 -0.3687 -0.8055
vn 0.3793 -0.8991 -0.2186
vn 0.8055 -0.3688 -0.4639
vn 0.2184 -0.8992 0.3792
vn 0.4638 -0.3690 0.8054
vn -0.8055 -0.3689 0.4638
vn -0.3793 -0.8991 0.2183
vn 0.3791 -0.8991 -0.2189
vn 0.8051 -0.3688 -0.4646
vn 0.2188 -0.8992 0.3790
vn 0.4646 -0.3690 0.8050
vn -0.3791 -0.8992 0.2186
vn -0.8050 -0.3690 0.4645
vn -0.4646 -0.3687 -0.8051
vn -0.2188 -0.8991 -0.3792
vn 0.3577 -0.8992 0.2521
vn 0.7596 -0.3689 0.5356
vn 0.2196 -0.8992 0.3785
vn 0.4664 -0.3690 0.8039
vn -0.0736 -0.8991 -0.4316
vn -0.1562 -0.3687 -0.9163
vn 0.2542 -0.8991 -0.3564
vn 0.5398 -0.3687 -0.7567
vn -0.4316 -0.8991 0.0731
vn -0.9164 -0.3689 0.1554
vn -0.1138 -0.8992 0.4225
vn -0.2416 -0.3690 0.8975
vn 0.4315 -0.8991 -0.0733
vn 0.9164 -0.3688 -0.1555
vn -0.4228 -0.8991 -0.1135
vn -0.8978 -0.3688 -0.2408
vn -0.7596 -0.3688 -0.5357
vn -0.3577 -0.8991 -0.2524
vn -0.2523 -0.8992 0.3576
vn -0.5357 -0.3690 0.7596
vn 0.2522 -0.8991 -0.3578
vn 0.5357 -0.3688 -0.7597
vn -0.4664 -0.3687 -0.8040
vn -0.2196 -0.8991 -0.3787
vn -0.3786 -0.8992 0.2195
vn -0.8040 -0.3689 0.4664
vn 0.8040 -0.3688 -0.4665
vn 0.3786 -0.8991 -0.2198
vn 0.1563 -0.3690 0.9162
vn 0.0736 -0.8992 0.4313
vn 0.4315 -0.8991 -0.0737
vn 0.9163 -0.3688 -0.1563
vn -0.4315 -0.8991 0.0734
vn -0.9163 -0.3689 0.1562
vn -0.5398 -0.3690 0.7566
vn -0.2542 -0.8992 0.3562
vn 0.3563 -0.8992 0.2541
vn 0.7567 -0.3689 0.5398
vn -0.7566 -0.3688 -0.5399
vn -0.3563 -0.8991 -0.2543
vn 0.4316 -0.8991 -0.0733
vn -0.0732 -0.8991 -0.4317
vn -0.1554 -0.3687 -0.9165
vn 0.0732 -0.8992 0.4314
vn 0.1554 -0.3690 0.9163
vn 0.2416 -0.3687 -0.8976
vn 0.1138 -0.8991 -0.4228
vn -0.8975 -0.3688 -0.2416
vn -0.4227 -0.8991 -0.1139
vn 0.8976 -0.3689 0.2415
vn 0.4227 -0.8991 0.1136
vn -0.4315 -0.8991 0.0730
vn 0.8978 -0.3689 0.2407
vn 0.4228 -0.8991 0.1132
vn 0.2408 -0.3687 -0.8978
vn 0.1134 -0.8991 -0.4229
vn -0.2407 -0.3690 0.8977
vn -0.1134 -0.8992 0.4226
vn 0.4382 -0.8986 0.0205
vn 0.9288 -0.3680 0.0436
vn 0.6264 -0.3690 0.6867
vn 0.2960 -0.8992 0.3224
vn -0.0437 -0.3698 0.9281
vn -0.0205 -0.8997 0.4361
vn -0.6881 -0.3689 0.6248
vn -0.3250 -0.8992 0.2931
vn -0.9288 -0.3680 -0.0437
vn -0.4382 -0.8986 -0.0207
vn -0.6264 -0.3687 -0.6868
vn -0.2960 -0.8991 -0.3226
vn 0.0437 -0.3696 -0.9282
vn 0.0205 -0.8995 -0.4364
vn 0.3250 -0.8991 -0.2934
vn 0.6881 -0.3688 -0.6249
vn 0.8839 -0.4419 -0.1529
vn 0.2765 -0.9598 -0.0480
vn 0.0478 -0.9599 0.2764
vn 0.1528 -0.4421 0.8839
vn -0.2765 -0.9598 0.0477
vn -0.8839 -0.4420 0.1528
vn -0.0478 -0.9598 -0.2767
vn -0.1528 -0.4418 -0.8840
vn 0.8670 -0.4420 0.2303
vn 0.2713 -0.9598 0.0719
vn -0.2304 -0.4421 0.8669
vn -0.0721 -0.9599 0.2711
vn -0.8670 -0.4419 -0.2304
vn -0.2712 -0.9598 -0.0722
vn 0.0721 -0.9598 -0.2714
vn 0.2304 -0.4418 -0.8670
vn -0.7319 -0.4419 -0.5187
vn -0.2290 -0.9598 -0.1624
vn 0.1623 -0.9598 -0.2291
vn 0.5186 -0.4418 -0.7320
vn 0.2290 -0.9598 0.1621
vn 0.7319 -0.4420 0.5186
vn -0.1623 -0.9598 0.2288
vn -0.5187 -0.4420 0.7318
vn -0.1479 -0.4418 -0.8848
vn -0.0463 -0.9598 -0.2770
vn 0.8848 -0.4419 -0.1480
vn 0.2768 -0.9598 -0.0464
vn 0.1479 -0.4421 0.8847
vn 0.0463 -0.9599 0.2767
vn -0.2768 -0.9598 0.0461
vn -0.8848 -0.4420 0.1479
vn -0.5193 -0.4421 0.7314
vn -0.1625 -0.9598 0.2287
vn -0.2288 -0.9598 -0.1626
vn -0.7314 -0.4419 -0.5194
vn 0.1625 -0.9598 -0.2290
vn 0.2288 -0.9598 0.1623
vn 0.7314 -0.4420 0.5193
vn 0.4476 -0.4421 0.7773
vn 0.1400 -0.9599 0.2431
vn -0.7774 -0.4420 0.4476
vn -0.2432 -0.9598 0.1399
vn -0.4477 -0.4418 -0.7774
vn -0.1401 -0.9598 -0.2433
vn 0.2432 -0.9598 -0.1402
vn 0.7774 -0.4419 -0.4477
vn -0.7769 -0.4420 0.4483
vn -0.2431 -0.9598 0.1401
vn -0.4484 -0.4418 -0.7770
vn -0.1403 -0.9598 -0.2432
vn 0.7770 -0.4419 -0.4484
vn 0.2431 -0.9598 -0.1404
vn 0.1403 -0.9599 0.2429
vn 0.4484 -0.4421 0.7769
vn -0.7331 -0.4419 -0.5170
vn -0.2294 -0.9598 -0.1619
vn -0.4502 -0.4418 -0.7760
vn -0.1408 -0.9598 -0.2429
vn 0.1508 -0.4421 0.8842
vn 0.0472 -0.9599 0.2765
vn -0.5210 -0.4421 0.7302
vn -0.1630 -0.9598 0.2283
vn 0.8844 -0.4419 -0.1500
vn 0.2767 -0.9598 -0.0471
vn 0.2331 -0.4418 -0.8663
vn 0.0729 -0.9598 -0.2711
vn -0.8844 -0.4420 0.1499
vn -0.2767 -0.9598 0.0468
vn 0.8664 -0.4420 0.2323
vn 0.2710 -0.9598 0.0725
vn 0.2294 -0.9598 0.1616
vn 0.7331 -0.4420 0.5169
vn 0.5170 -0.4419 -0.7332
vn 0.1617 -0.9598 -0.2295
vn -0.5170 -0.4420 0.7330
vn -0.1617 -0.9598 0.2292
vn 0.1408 -0.9598 0.2426
vn 0.4502 -0.4420 0.7759
vn 0.7759 -0.4419 -0.4502
vn 0.2428 -0.9598 -0.1410
vn -0.2427 -0.9598 0.1407
vn -0.7759 -0.4420 0.4501
vn -0.0472 -0.9598 -0.2768
vn -0.1508 -0.4418 -0.8843
vn -0.8843 -0.4420 0.1507
vn -0.2767 -0.9598 0.0470
vn 0.8843 -0.4419 -0.1509
vn 0.2767 -0.9598 -0.0473
vn 0.1630 -0.9598 -0.2286
vn 0.5210 -0.4418 -0.7303
vn -0.7302 -0.4419 -0.5211
vn -0.2285 -0.9598 -0.1631
vn 0.2285 -0.9598 0.1629
vn 0.7302 -0.4420 0.5209
vn 0.1500 -0.4421 0.8844
vn 0.0469 -0.9599 0.2766
vn -0.1500 -0.4418 -0.8845
vn -0.0469 -0.9598 -0.2768
vn -0.0729 -0.9599 0.2709
vn -0.2331 -0.4421 0.8661
vn 0.2710 -0.9598 0.0728
vn 0.8662 -0.4420 0.2331
vn -0.2710 -0.9598 -0.0731
vn -0.8662 -0.4419 -0.2332
vn 0.8844 -0.4419 -0.1501
vn -0.2711 -0.9598 -0.0728
vn -0.8664 -0.4419 -0.2324
vn -0.0727 -0.9599 0.2709
vn -0.2323 -0.4421 0.8664
vn 0.0727 -0.9598 -0.2712
vn 0.2324 -0.4418 -0.8665
vn 0.8968 -0.4404 0.0421
vn 0.2816 -0.9594 0.0131
vn 0.1890 -0.9598 0.2074
vn 0.6057 -0.4420 0.6617
vn -0.0131 -0.9602 0.2789
vn -0.0421 -0.4436 0.8952
vn -0.2076 -0.9598 0.1887
vn -0.6651 -0.4420 0.6019
vn -0.2816 -0.9594 -0.0134
vn -0.8968 -0.4404 -0.0422
vn -0.1889 -0.9598 -0.2077
vn -0.6056 -0.4418 -0.6618
vn 0.0131 -0.9601 -0.2792
vn 0.0421 -0.4433 -0.8954
vn 0.6651 -0.4418 -0.6020
vn 0.2076 -0.9598 -0.1890
vn 0.2959 -0.8992 0.3223
vn -0.0437 -0.3699 0.9281
vn -0.3249 -0.8992 0.2931
vn -0.9288 -0.3680 -0.0438
vn -0.4382 -0.8986 -0.0208
vn -0.6264 -0.3688 -0.6868
vn -0.2959 -0.8991 -0.3226
vn -0.8968 -0.4404 -0.0423
vn 0.1889 -0.9598 0.2074
vn 0.6056 -0.4421 0.6617
vn -0.4431 -0.8958 -0.0344
vn -0.9304 -0.3648 -0.0359
vn -0.6295 -0.3602 -0.6885
vn -0.3045 -0.8935 -0.3299
vn 0.0361 -0.3568 -0.9335
vn 0.0348 -0.8905 -0.4536
vn 0.6929 -0.3498 -0.6305
vn 0.3422 -0.8868 -0.3106
vn 0.9290 -0.3666 0.0497
vn 0.4429 -0.8966 0.0049
vn 0.6233 -0.3821 0.6822
vn 0.2849 -0.9074 0.3088
vn -0.0359 -0.3771 0.9255
vn -0.0338 -0.9035 0.4273
vn -0.3230 -0.8999 0.2932
vn -0.6871 -0.3700 0.6253
vn -0.9168 -0.3689 -0.1532
vn -0.4317 -0.8991 -0.0722
vn 0.2543 -0.8992 0.3561
vn 0.5400 -0.3690 0.7565
vn 0.3563 -0.8991 -0.2544
vn 0.7566 -0.3688 -0.5400
vn -0.2542 -0.8991 -0.3564
vn -0.5400 -0.3688 -0.7566
vn -0.3562 -0.8992 0.2542
vn -0.7565 -0.3689 0.5399
vn 0.9271 -0.3689 -0.0664
vn 0.4366 -0.8991 -0.0314
vn -0.0313 -0.8991 -0.4367
vn -0.0664 -0.3687 -0.9272
vn -0.4366 -0.8991 0.0311
vn -0.9271 -0.3689 0.0663
vn 0.0664 -0.3690 0.9271
vn 0.0313 -0.8992 0.4364
vn 0.2866 -0.8991 -0.3309
vn 0.6086 -0.3688 -0.7026
vn -0.7025 -0.3688 -0.6087
vn -0.3308 -0.8991 -0.2868
vn -0.2866 -0.8992 0.3307
vn -0.6086 -0.3690 0.7025
vn 0.3308 -0.8992 0.2865
vn 0.7025 -0.3689 0.6086
vn 0.1531 -0.3687 -0.9169
vn 0.0721 -0.8990 -0.4319
vn -0.4317 -0.8991 -0.0723
vn -0.9168 -0.3688 -0.1532
vn -0.0721 -0.8992 0.4316
vn -0.1531 -0.3690 0.9167
vn 0.9168 -0.3689 0.1531
vn 0.4317 -0.8991 0.0720
vn -0.3563 -0.8991 0.2542
vn 0.3562 -0.8991 -0.2544
vn 0.7565 -0.3688 -0.5401
vn 0.2209 -0.9512 -0.2155
vn 0.8472 -0.2441 -0.4719
vn 0.1686 -0.9598 0.2245
vn 0.5087 -0.4389 0.7407
vn -0.2392 -0.9594 0.1497
vn -0.7135 -0.4209 0.5602
vn -0.1719 -0.9596 -0.2227
vn -0.5021 -0.4338 -0.7482
vn 0.4124 -0.9019 0.1289
vn 0.9682 -0.2430 0.0597
vn -0.0579 -0.9125 0.4049
vn -0.1678 -0.3996 0.9012
vn -0.3414 -0.9383 -0.0547
vn -0.8688 -0.4718 -0.1502
vn 0.1161 -0.4397 -0.8906
vn 0.0761 -0.9310 -0.3571
vn 0.2241 -0.9594 0.1715
vn 0.6577 -0.4209 0.6247
vn -0.1890 -0.9598 0.2077
vn -0.5760 -0.4389 0.6896
vn -0.1997 -0.9512 -0.2353
vn -0.7991 -0.2441 -0.5494
vn 0.1921 -0.9596 -0.2056
vn 0.5701 -0.4338 -0.6977
vn 0.0196 -0.9125 0.4086
vn 0.0825 -0.3996 0.9130
vn -0.4227 -0.9018 0.0896
vn -0.9695 -0.2430 -0.0315
vn -0.0422 -0.9310 -0.3626
vn -0.0320 -0.4398 -0.8975
vn 0.8791 -0.4718 -0.0680
vn 0.3449 -0.9384 -0.0224
vn -0.2209 -0.9513 0.2152
vn -0.8472 -0.2443 0.4718
vn -0.1686 -0.9597 -0.2248
vn -0.5087 -0.4387 -0.7408
vn 0.2392 -0.9593 -0.1500
vn 0.7135 -0.4208 -0.5603
vn 0.1719 -0.9597 0.2224
vn 0.5021 -0.4340 0.7480
vn -0.4124 -0.9018 -0.1291
vn -0.9682 -0.2430 -0.0597
vn 0.0579 -0.9124 -0.4052
vn 0.1679 -0.3994 -0.9013
vn 0.3413 -0.9384 0.0544
vn 0.8688 -0.4719 0.1500
vn -0.1161 -0.4400 0.8904
vn -0.0761 -0.9311 0.3568
vn -0.1921 -0.9597 0.2053
vn -0.5701 -0.4340 0.6976
vn -0.2241 -0.9593 -0.1718
vn -0.6577 -0.4207 -0.6248
vn 0.1889 -0.9597 -0.2080
vn 0.5760 -0.4387 -0.6898
vn 0.1997 -0.9513 0.2350
vn 0.7992 -0.2442 0.5493
vn -0.3449 -0.9384 0.0222
vn -0.8791 -0.4719 0.0678
vn -0.0196 -0.9124 -0.4088
vn -0.0825 -0.3993 -0.9131
vn 0.4226 -0.9018 -0.0898
vn 0.9695 -0.2430 0.0314
vn 0.0320 -0.4400 0.8974
vn 0.0422 -0.9311 0.3624
vn -0.2784 -0.9597 -0.0378
vn -0.8843 -0.4383 -0.1608
vn 0.0226 -0.9588 -0.2833
vn 0.2013 -0.4018 -0.8933
vn 0.2786 -0.9597 0.0364
vn 0.8845 -0.4371 0.1634
vn -0.0565 -0.9596 0.2755
vn -0.1155 -0.4322 0.8943
vn -0.1984 -0.9333 -0.2994
vn -0.5459 -0.4486 -0.7076
vn 0.3337 -0.9189 -0.2104
vn 0.7170 -0.3954 -0.5742
vn 0.2382 -0.9153 0.3248
vn 0.5296 -0.4093 0.7430
vn -0.7207 -0.4642 0.5150
vn -0.2850 -0.9357 0.2080
vn -0.0570 -0.9596 0.2754
vn -0.1140 -0.4312 0.8950
vn -0.2784 -0.9597 -0.0375
vn -0.8844 -0.4379 -0.1616
vn 0.0200 -0.9584 -0.2846
vn 0.2086 -0.3907 -0.8966
vn 0.2786 -0.9597 0.0365
vn 0.8845 -0.4371 0.1632
vn -0.2842 -0.9360 0.2076
vn -0.7203 -0.4651 0.5146
vn -0.1971 -0.9337 -0.2988
vn -0.5472 -0.4489 -0.7064
vn 0.3389 -0.9171 -0.2101
vn 0.7171 -0.3841 -0.5816
vn 0.5291 -0.4082 0.7440
vn 0.2393 -0.9149 0.3251
vn 0.2166 -0.9586 -0.1847
vn 0.7806 -0.3960 -0.4836
vn 0.1684 -0.9598 0.2246
vn 0.5090 -0.4391 0.7403
vn -0.2356 -0.9596 0.1536
vn -0.7170 -0.4322 0.5468
vn -0.1713 -0.9596 -0.2231
vn -0.5033 -0.4349 -0.7467
vn 0.3888 -0.9168 0.0910
vn 0.9156 -0.3883 0.1047
vn -0.0615 -0.9167 0.3948
vn -0.1580 -0.4125 0.8972
vn -0.3458 -0.9366 -0.0571
vn -0.8720 -0.4668 -0.1473
vn 0.1148 -0.4432 -0.8890
vn 0.0758 -0.9325 -0.3532
vn 0.0117 -0.9598 0.2805
vn 0.0781 -0.4384 0.8954
vn -0.2797 -0.9596 0.0306
vn -0.9014 -0.4319 0.0318
vn -0.0105 -0.9597 -0.2809
vn -0.0808 -0.4369 -0.8959
vn 0.2841 -0.9588 0.0039
vn 0.9084 -0.4010 -0.1183
vn -0.2337 -0.9357 0.2642
vn -0.5796 -0.4643 0.6697
vn -0.3015 -0.9151 -0.2676
vn -0.6908 -0.4089 -0.5962
vn 0.2403 -0.9187 -0.3133
vn 0.6388 -0.3944 -0.6606
vn 0.6537 -0.4489 0.6092
vn 0.2795 -0.9334 0.2250
vn 0.2755 -0.9596 0.0574
vn 0.8951 -0.4308 0.1149
vn -0.0376 -0.9598 0.2783
vn -0.1627 -0.4380 0.8841
vn -0.2846 -0.9584 -0.0201
vn -0.8967 -0.3891 -0.2108
vn 0.0370 -0.9597 -0.2787
vn 0.1645 -0.4369 -0.8843
vn 0.2073 -0.9361 0.2842
vn 0.5137 -0.4652 0.7209
vn -0.2989 -0.9339 0.1964
vn -0.7069 -0.4492 0.5464
vn -0.2094 -0.9168 -0.3400
vn -0.5816 -0.3825 -0.7179
vn 0.7450 -0.4076 -0.5281
vn 0.3258 -0.9147 -0.2393
vn -0.2202 -0.9596 -0.1754
vn -0.6625 -0.4320 -0.6119
vn 0.1888 -0.9597 -0.2081
vn 0.5763 -0.4389 -0.6894
vn 0.1983 -0.9587 0.2039
vn 0.7317 -0.3962 0.5546
vn -0.1915 -0.9597 0.2057
vn -0.5712 -0.4351 0.6960
vn -0.0241 -0.9166 -0.3991
vn -0.0731 -0.4122 -0.9082
vn 0.3957 -0.9168 -0.0544
vn 0.9214 -0.3882 -0.0184
vn 0.0423 -0.9326 0.3585
vn 0.0308 -0.4435 0.8957
vn -0.3496 -0.9366 0.0241
vn -0.8820 -0.4668 0.0646
vn 0.2807 -0.9597 -0.0115
vn 0.8955 -0.4383 -0.0771
vn 0.0303 -0.9596 0.2796
vn 0.0310 -0.4322 0.9012
vn -0.2808 -0.9597 0.0101
vn -0.8959 -0.4370 0.0797
vn 0.0041 -0.9588 -0.2841
vn -0.1166 -0.4018 -0.9083
vn 0.2641 -0.9357 0.2339
vn 0.6691 -0.4641 0.5804
vn -0.2677 -0.9153 0.3010
vn -0.5970 -0.4094 0.6899
vn -0.3125 -0.9189 -0.2408
vn -0.6599 -0.3954 -0.6389
vn 0.6099 -0.4486 -0.6532
vn 0.2256 -0.9333 -0.2795
vn 0.0068 -0.9584 -0.2852
vn -0.1235 -0.3907 -0.9122
vn 0.2807 -0.9597 -0.0112
vn 0.8956 -0.4379 -0.0778
vn 0.0309 -0.9596 0.2796
vn 0.0295 -0.4311 0.9018
vn -0.2808 -0.9597 0.0102
vn -0.8959 -0.4371 0.0795
vn 0.2242 -0.9337 -0.2790
vn 0.6111 -0.4489 -0.6520
vn 0.2635 -0.9360 0.2334
vn 0.6689 -0.4650 0.5800
vn -0.2688 -0.9149 0.3013
vn -0.5966 -0.4082 0.6910
vn -0.6594 -0.3841 -0.6463
vn -0.3177 -0.9171 -0.2410
vn -0.2166 -0.9587 0.1844
vn -0.7806 -0.3962 0.4835
vn -0.1684 -0.9597 -0.2249
vn -0.5090 -0.4389 -0.7405
vn 0.2356 -0.9596 -0.1539
vn 0.7170 -0.4321 -0.5470
vn 0.1713 -0.9597 0.2228
vn 0.5033 -0.4351 0.7466
vn -0.3888 -0.9168 -0.0913
vn -0.9156 -0.3882 -0.1048
vn 0.0615 -0.9166 -0.3951
vn 0.1580 -0.4122 -0.8973
vn 0.3458 -0.9366 0.0568
vn 0.8720 -0.4669 0.1472
vn -0.1148 -0.4435 0.8889
vn -0.0758 -0.9326 0.3530
vn 0.0380 -0.9597 -0.2785
vn 0.1619 -0.4381 -0.8842
vn 0.2832 -0.9588 0.0225
vn 0.8933 -0.4011 0.2030
vn -0.0369 -0.9597 0.2784
vn -0.1645 -0.4372 0.8842
vn -0.2756 -0.9596 -0.0570
vn -0.8944 -0.4319 -0.1164
vn 0.2995 -0.9333 -0.1980
vn 0.7081 -0.4487 -0.5453
vn 0.2099 -0.9188 0.3342
vn 0.5739 -0.3946 0.7175
vn -0.3253 -0.9152 0.2379
vn -0.7438 -0.4091 0.5286
vn -0.2078 -0.9357 -0.2852
vn -0.5142 -0.4641 -0.7213
vn -0.2852 -0.9584 -0.0070
vn -0.9126 -0.3892 0.1256
vn -0.0113 -0.9597 -0.2809
vn -0.0790 -0.4377 -0.8956
vn 0.2797 -0.9596 -0.0316
vn 0.9019 -0.4308 -0.0304
vn 0.0106 -0.9598 0.2806
vn 0.0808 -0.4372 0.8957
vn -0.2791 -0.9338 -0.2238
vn -0.6525 -0.4490 -0.6104
vn 0.2331 -0.9360 -0.2638
vn 0.5791 -0.4650 -0.6697
vn 0.3019 -0.9148 0.2685
vn 0.6921 -0.4078 0.5956
vn -0.6465 -0.3827 0.6600
vn -0.2403 -0.9169 0.3185
vn 0.2201 -0.9596 0.1751
vn 0.6625 -0.4322 0.6118
vn -0.1888 -0.9598 0.2078
vn -0.5763 -0.4391 0.6893
vn -0.1983 -0.9586 -0.2042
vn -0.7317 -0.3960 -0.5548
vn 0.1914 -0.9596 -0.2060
vn 0.5711 -0.4349 -0.6962
vn 0.0242 -0.9167 0.3989
vn 0.0731 -0.4125 0.9080
vn -0.3957 -0.9168 0.0541
vn -0.9214 -0.3883 0.0183
vn -0.0423 -0.9325 -0.3588
vn -0.0308 -0.4433 -0.8959
vn 0.8820 -0.4669 -0.0648
vn 0.3496 -0.9366 -0.0244
vn 0.0231 -0.9589 -0.2830
vn 0.1996 -0.4041 -0.8926
vn 0.2791 -0.9597 0.0345
vn 0.8848 -0.4344 0.1684
vn -0.0563 -0.9596 0.2755
vn -0.1158 -0.4325 0.8942
vn -0.2788 -0.9597 -0.0357
vn -0.8846 -0.4358 -0.1661
vn 0.3307 -0.9205 -0.2083
vn 0.7154 -0.3991 -0.5735
vn 0.2386 -0.9139 0.3284
vn 0.5331 -0.4061 0.7422
vn -0.2841 -0.9364 0.2061
vn -0.7185 -0.4663 0.5160
vn -0.5495 -0.4438 -0.7079
vn -0.1988 -0.9322 -0.3025
vn -0.2354 -0.9596 0.1539
vn -0.7173 -0.4327 0.5462
vn -0.1714 -0.9596 -0.2230
vn -0.5031 -0.4348 -0.7469
vn 0.2171 -0.9588 -0.1833
vn 0.7767 -0.4016 -0.4852
vn 0.1694 -0.9598 0.2240
vn 0.5071 -0.4379 0.7423
vn -0.3459 -0.9365 -0.0573
vn -0.8721 -0.4667 -0.1470
vn 0.0758 -0.9321 -0.3543
vn 0.1153 -0.4425 -0.8893
vn 0.3853 -0.9185 0.0891
vn 0.9126 -0.3947 0.1063
vn -0.0628 -0.9161 0.3960
vn -0.1560 -0.4112 0.8981
vn -0.0350 -0.9597 0.2789
vn -0.1694 -0.4346 0.8846
vn -0.2756 -0.9596 -0.0569
vn -0.8942 -0.4322 -0.1167
vn 0.0359 -0.9596 -0.2789
vn 0.1670 -0.4357 -0.8845
vn 0.2829 -0.9589 0.0231
vn 0.8926 -0.4034 0.2012
vn -0.3289 -0.9138 0.2383
vn -0.7431 -0.4059 0.5321
vn -0.2059 -0.9363 -0.2844
vn -0.5152 -0.4662 -0.7192
vn 0.3024 -0.9323 -0.1985
vn 0.7083 -0.4439 -0.5489
vn 0.5732 -0.3983 0.7161
vn 0.2078 -0.9204 0.3312
vn -0.1989 -0.9588 -0.2029
vn -0.7277 -0.4016 -0.5560
vn 0.1915 -0.9596 -0.2059
vn 0.5710 -0.4348 -0.6964
vn 0.2199 -0.9596 0.1753
vn 0.6628 -0.4327 0.6111
vn -0.1896 -0.9598 0.2071
vn -0.5746 -0.4379 0.6914
vn -0.0422 -0.9321 -0.3598
vn -0.0313 -0.4425 -0.8962
vn 0.3497 -0.9365 -0.0246
vn 0.8821 -0.4667 -0.0644
vn 0.0254 -0.9161 0.4002
vn 0.0710 -0.4112 0.9088
vn -0.9186 -0.3947 0.0201
vn -0.3920 -0.9185 0.0525
vn -0.2811 -0.9597 0.0082
vn -0.8967 -0.4344 0.0846
vn 0.0035 -0.9588 -0.2839
vn -0.1150 -0.4041 -0.9075
vn 0.2809 -0.9597 -0.0094
vn 0.8963 -0.4358 -0.0823
vn 0.0302 -0.9596 0.2796
vn 0.0314 -0.4324 0.9011
vn -0.3097 -0.9205 -0.2384
vn -0.6584 -0.3991 -0.6382
vn 0.2263 -0.9322 -0.2825
vn 0.6136 -0.4438 -0.6532
vn 0.2635 -0.9364 0.2319
vn 0.6669 -0.4663 0.5812
vn -0.6004 -0.4061 0.6889
vn -0.2684 -0.9139 0.3046
vn 0.2354 -0.9596 -0.1541
vn 0.7173 -0.4326 -0.5463
vn 0.1714 -0.9597 0.2227
vn 0.5031 -0.4349 0.7468
vn -0.2171 -0.9588 0.1830
vn -0.7767 -0.4018 0.4851
vn -0.1693 -0.9597 -0.2243
vn -0.5071 -0.4378 -0.7424
vn 0.3459 -0.9365 0.0570
vn 0.8721 -0.4667 0.1468
vn -0.0758 -0.9322 0.3540
vn -0.1153 -0.4427 0.8892
vn -0.3853 -0.9185 -0.0894
vn -0.9126 -0.3947 -0.1064
vn 0.0628 -0.9160 -0.3963
vn 0.1560 -0.4110 -0.8982
vn 0.0350 -0.9596 -0.2791
vn 0.1695 -0.4343 -0.8847
vn 0.2756 -0.9596 0.0566
vn 0.8942 -0.4322 0.1166
vn -0.0359 -0.9597 0.2786
vn -0.1670 -0.4359 0.8844
vn -0.2829 -0.9589 -0.0234
vn -0.8926 -0.4034 -0.2014
vn 0.3289 -0.9137 -0.2385
vn 0.7431 -0.4057 -0.5322
vn 0.2059 -0.9364 0.2841
vn 0.5152 -0.4664 0.7191
vn -0.3025 -0.9323 0.1982
vn -0.7083 -0.4441 0.5487
vn -0.5732 -0.3982 -0.7162
vn -0.2078 -0.9203 -0.3315
vn 0.1897 -0.9597 -0.2074
vn 0.5746 -0.4378 -0.6915
vn 0.1989 -0.9589 0.2026
vn 0.7277 -0.4018 0.5558
vn -0.5710 -0.4349 0.6963
vn -0.2199 -0.9596 -0.1756
vn -0.6628 -0.4325 -0.6112
vn 0.3920 -0.9184 -0.0528
vn 0.9186 -0.3947 -0.0202
vn 0.0422 -0.9322 0.3595
vn 0.0313 -0.4427 0.8961
vn -0.3498 -0.9365 0.0243
vn -0.8821 -0.4667 0.0643
vn -0.0710 -0.4110 -0.9089
vn -0.0254 -0.9160 -0.4004
vn 0.0721 -0.8991 -0.4319
vn 0.1531 -0.3687 -0.9168
vn 0.4318 -0.8991 0.0720
vn -0.6086 -0.3689 0.7025
vn -0.7025 -0.3687 -0.6087
vn 0.3309 -0.8992 0.2865
vn -0.9271 -0.3688 0.0663
vn -0.0312 -0.8991 -0.4367
vn 0.9271 -0.3688 -0.0664
vn -0.4321 -0.8991 -0.0700
vn -0.9176 -0.3689 -0.1484
vn 0.0699 -0.8990 -0.4322
vn 0.1483 -0.3687 -0.9176
vn 0.9176 -0.3689 0.1482
vn 0.4320 -0.8992 0.0697
vn -0.0698 -0.8992 0.4320
vn -0.1483 -0.3690 0.9175
vn -0.5439 -0.3688 -0.7538
vn -0.2561 -0.8991 -0.3551
vn 0.3549 -0.8991 -0.2563
vn 0.7537 -0.3688 -0.5440
vn 0.2561 -0.8992 0.3548
vn 0.5439 -0.3690 0.7536
vn -0.7537 -0.3689 0.5439
vn -0.3549 -0.8992 0.2560
vn -0.1482 -0.3690 0.9175
vn -0.9176 -0.3688 -0.1483
vn 0.0698 -0.8991 -0.4322
vn 0.4321 -0.8991 0.0697
vn -0.7537 -0.3689 0.5440
vn -0.3549 -0.8992 0.2561
vn -0.5440 -0.3688 -0.7537
vn 0.3550 -0.8991 -0.2563
vn 0.7537 -0.3687 -0.5440
vn 0.5440 -0.3690 0.7536
vn 0.2562 -0.8992 0.3548
vn 0.7565 -0.3688 -0.5400
vn -0.2543 -0.8991 -0.3564
vn -0.5400 -0.3687 -0.7566
vn 0.0721 -0.8991 -0.4318
vn 0.0295 -0.8992 0.4366
vn 0.0626 -0.3690 0.9273
vn -0.4367 -0.8991 0.0293
vn -0.9274 -0.3689 0.0625
vn -0.0626 -0.3687 -0.9274
vn -0.0295 -0.8991 -0.4368
vn 0.4367 -0.8991 -0.0296
vn 0.9274 -0.3689 -0.0626
vn -0.6115 -0.3690 0.6999
vn -0.2880 -0.8992 0.3295
vn -0.3296 -0.8991 -0.2881
vn -0.7000 -0.3688 -0.6116
vn 0.2880 -0.8991 -0.3298
vn 0.6115 -0.3688 -0.7001
vn 0.7000 -0.3690 0.6115
vn 0.3296 -0.8992 0.2878
vn 0.4320 -0.8991 0.0702
vn 0.9174 -0.3689 0.1494
vn -0.0704 -0.8992 0.4319
vn -0.1494 -0.3690 0.9173
vn -0.4320 -0.8991 -0.0705
vn -0.9174 -0.3688 -0.1495
vn 0.0703 -0.8991 -0.4321
vn 0.1494 -0.3687 -0.9174
vn 0.2557 -0.8992 0.3551
vn 0.5430 -0.3690 0.7543
vn -0.3552 -0.8991 0.2556
vn -0.7544 -0.3689 0.5430
vn -0.2557 -0.8991 -0.3554
vn -0.5430 -0.3688 -0.7544
vn 0.3552 -0.8991 -0.2558
vn 0.7544 -0.3688 -0.5431
vn -0.3308 -0.8991 -0.2867
vn 0.6086 -0.3687 -0.7026
vn -0.6086 -0.3690 0.7024
vn 0.0313 -0.8992 0.4365
vn 0.9274 -0.3689 -0.0616
vn 0.4367 -0.8991 -0.0291
vn 0.0615 -0.3690 0.9274
vn 0.0290 -0.8992 0.4366
vn -0.9275 -0.3689 0.0615
vn -0.4367 -0.8991 0.0288
vn -0.0615 -0.3687 -0.9275
vn -0.0290 -0.8991 -0.4369
vn 0.6993 -0.3690 0.6122
vn 0.3293 -0.8992 0.2882
vn -0.6123 -0.3689 0.6992
vn -0.2884 -0.8992 0.3292
vn -0.6993 -0.3688 -0.6124
vn -0.3293 -0.8991 -0.2885
vn 0.2883 -0.8991 -0.3294
vn 0.6123 -0.3688 -0.6994
vn -0.0614 -0.3687 -0.9275
vn -0.0289 -0.8991 -0.4369
vn 0.9275 -0.3688 -0.0615
vn 0.0289 -0.8992 0.4366
vn 0.0614 -0.3690 0.9274
vn -0.9275 -0.3689 0.0614
vn 0.6124 -0.3687 -0.6993
vn 0.2884 -0.8991 -0.3294
vn 0.6992 -0.3689 0.6123
vn -0.2884 -0.8992 0.3291
vn -0.6124 -0.3690 0.6992
vn -0.3292 -0.8991 -0.2885
vn -0.6992 -0.3688 -0.6124
vn -0.3563 -0.8992 0.2541
vn -0.4318 -0.8991 -0.0722
vn 0.0703 -0.8990 -0.4322
vn 0.1493 -0.3687 -0.9175
vn 0.9174 -0.3689 0.1493
vn -0.1493 -0.3690 0.9174
vn -0.0703 -0.8992 0.4319
vn -0.9174 -0.3688 -0.1494
vn 0.3552 -0.8991 -0.2559
vn 0.7543 -0.3688 -0.5432
vn 0.2558 -0.8992 0.3551
vn 0.5431 -0.3690 0.7542
vn -0.7543 -0.3689 0.5430
vn -0.2558 -0.8991 -0.3554
vn -0.5431 -0.3687 -0.7544
vn -0.9274 -0.3689 0.0626
vn -0.4367 -0.8991 0.0294
vn -0.0627 -0.3687 -0.9274
vn 0.9274 -0.3688 -0.0627
vn -0.7000 -0.3688 -0.6115
vn -0.3297 -0.8991 -0.2881
vn 0.6115 -0.3687 -0.7001
vn 0.7000 -0.3690 0.6114
vn -0.2879 -0.8992 0.3295
vn -0.6114 -0.3690 0.7000
vn 0.7025 -0.3690 0.6086
vn -0.6086 -0.3689 0.7024
vn 0.0312 -0.8992 0.4364
vn -0.2562 -0.8991 -0.3550
vn -0.5440 -0.3687 -0.7537
vn -0.7565 -0.3689 0.5400
vn 0.1494 -0.3687 -0.9175
vn -0.3553 -0.8991 0.2556
vn -0.5431 -0.3688 -0.7544
vn 0.7543 -0.3688 -0.5431
vn 0.5431 -0.3690 0.7543
vn 0.6086 -0.3688 -0.7025
vn -0.9274 -0.3689 0.0614
vn 0.6123 -0.3688 -0.6993
vn 0.6993 -0.3690 0.6123
vn -0.2883 -0.8992 0.3292
vn -0.6123 -0.3690 0.6992
vn 0.4317 -0.8992 0.0720
vn -0.1494 -0.3690 0.9174
vn -0.2558 -0.8991 -0.3553
vn 0.4229 -0.9036 -0.0684
vn 0.9132 -0.3760 -0.1571
vn 0.1640 -0.3123 0.9357
vn 0.0720 -0.8603 0.5046
vn -0.9464 -0.2897 0.1428
vn -0.5242 -0.8431 0.1199
vn -0.1422 -0.3609 -0.9217
vn -0.1047 -0.8909 -0.4420
vn 0.6930 -0.7029 0.1603
vn 0.9576 -0.0964 0.2713
vn -0.1607 -0.7001 0.6957
vn -0.2716 -0.0928 0.9579
vn -0.6955 -0.7005 -0.1599
vn -0.9577 -0.0936 -0.2720
vn 0.2717 -0.0974 -0.9575
vn 0.1595 -0.7034 -0.6927
vn -0.5128 -0.7723 -0.3749
vn -0.8088 -0.1867 -0.5577
vn 0.5500 -0.2354 -0.8013
vn 0.3546 -0.8068 -0.4726
vn 0.8146 -0.1975 0.5453
vn 0.4931 -0.7741 0.3970
vn -0.5532 -0.1541 0.8187
vn -0.4081 -0.7462 0.5260
vn -0.1379 -0.7310 -0.6683
vn -0.1446 -0.1342 -0.9803
vn 0.6689 -0.7308 -0.1360
vn 0.9803 -0.1335 -0.1457
vn 0.1380 -0.7312 0.6681
vn 0.1446 -0.1345 0.9803
vn -0.9803 -0.1335 0.1457
vn -0.6689 -0.7309 0.1358
vn -0.2911 -0.8773 0.3817
vn -0.5393 -0.3374 0.7715
vn -0.7624 -0.3329 -0.5550
vn -0.4072 -0.8739 -0.2654
vn 0.5408 -0.3863 -0.7472
vn 0.2283 -0.9090 -0.3487
vn 0.7535 -0.3895 0.5297
vn 0.3292 -0.9115 0.2465
vn 0.1414 -0.9491 0.2813
vn 0.4567 -0.4286 0.7796
vn -0.4310 -0.8870 0.1659
vn -0.8121 -0.3078 0.4956
vn -0.3375 -0.8559 -0.3917
vn -0.4519 -0.2280 -0.8625
vn 0.8031 -0.4042 -0.4378
vn 0.2887 -0.9312 -0.2223
vn 0.3073 -0.8286 -0.4680
vn 0.5724 -0.2660 -0.7756
vn 0.4667 -0.8286 0.3092
vn 0.7763 -0.2657 0.5716
vn -0.3073 -0.8287 0.4678
vn -0.5725 -0.2662 0.7755
vn -0.7763 -0.2655 -0.5717
vn -0.4666 -0.8286 -0.3094
vn -0.6051 -0.6989 0.3812
vn -0.8717 -0.0927 0.4813
vn -0.3686 -0.7162 -0.5926
vn -0.4821 -0.1147 -0.8686
vn 0.6022 -0.7068 -0.3713
vn 0.8693 -0.1008 -0.4840
vn 0.4841 -0.0843 0.8710
vn 0.3795 -0.6940 0.6118
vn -0.4296 -0.8653 -0.2583
vn -0.7595 -0.3256 -0.5632
vn -0.3780 -0.7020 -0.6035
vn -0.4848 -0.0957 -0.8694
vn 0.0759 -0.7533 0.6532
vn 0.1900 -0.1667 0.9675
vn -0.3757 -0.7320 0.5683
vn -0.5902 -0.1353 0.7959
vn 0.3948 -0.9161 -0.0698
vn 0.9056 -0.3962 -0.1516
vn 0.0334 -0.8843 -0.4657
vn 0.2817 -0.3324 -0.9001
vn -0.5474 -0.8294 0.1118
vn -0.9529 -0.2669 0.1443
vn 0.6960 -0.6992 0.1636
vn 0.9576 -0.0908 0.2734
vn 0.7675 -0.3515 0.5361
vn 0.3683 -0.8865 0.2801
vn 0.2351 -0.9052 -0.3541
vn 0.5403 -0.3792 -0.7512
vn -0.3073 -0.8411 0.4452
vn -0.5602 -0.2824 0.7787
vn 0.4854 -0.0945 0.8692
vn 0.3774 -0.7014 0.6046
vn 0.6025 -0.7037 -0.3765
vn 0.8690 -0.0977 -0.4851
vn -0.8695 -0.0924 0.4851
vn -0.6057 -0.6997 0.3788
vn -0.1745 -0.2190 -0.9600
vn -0.0952 -0.7957 -0.5982
vn -0.6524 -0.7527 0.0885
vn -0.9695 -0.1610 0.1848
vn 0.5987 -0.7978 -0.0713
vn 0.9563 -0.2268 -0.1848
vn 0.5902 -0.1350 -0.7959
vn 0.3757 -0.7318 -0.5685
vn -0.5707 -0.7300 -0.3761
vn -0.7958 -0.1326 -0.5909
vn 0.7958 -0.1327 0.5908
vn 0.5707 -0.7301 0.3759
vn -0.9342 -0.3206 0.1563
vn -0.4908 -0.8672 0.0843
vn 0.0551 -0.8963 0.4400
vn 0.1639 -0.3672 0.9156
vn -0.0987 -0.8922 -0.4407
vn -0.1433 -0.3618 -0.9212
vn -0.2216 -0.3903 0.8936
vn -0.1436 -0.9272 0.3458
vn 0.8689 -0.4329 0.2401
vn 0.3017 -0.9510 0.0683
vn -0.9446 -0.2086 -0.2534
vn -0.4665 -0.8735 -0.1390
vn 0.9529 -0.2669 -0.1444
vn 0.5474 -0.8294 -0.1121
vn -0.1440 -0.2647 -0.9535
vn -0.1129 -0.8278 -0.5496
vn 0.1440 -0.2650 0.9534
vn 0.1129 -0.8279 0.5494
vn -0.9553 -0.1066 -0.2756
vn -0.6875 -0.7093 -0.1560
vn -0.2746 -0.0839 0.9579
vn -0.1626 -0.6932 0.7022
vn 0.2718 -0.1112 -0.9559
vn 0.1621 -0.7144 -0.6807
vn 0.3598 -0.8596 -0.3629
vn 0.7164 -0.1275 -0.6860
vn 0.2650 -0.7628 -0.5898
vn 0.5663 -0.8238 0.0257
vn 0.9987 0.0511 0.0059
vn 0.3258 -0.8422 0.4297
vn 0.7167 0.1625 0.6782
vn -0.0573 -0.9550 0.2911
vn 0.0420 -0.0696 0.9967
vn -0.6629 -0.5340 0.5248
vn -0.0285 -0.9996 -0.0020
vn -0.6317 -0.7748 -0.0248
vn -0.6875 0.7186 -0.1046
vn -0.1956 0.9190 0.3424
vn -0.5490 0.7341 -0.3996
vn 0.1037 0.9509 -0.2915
vn -0.5273 0.5348 -0.6603
vn 0.1601 0.5148 -0.8422
vn -0.6385 0.2291 -0.7347
vn -0.0636 -0.1431 -0.9877
vn -0.8209 -0.0031 -0.5711
vn -0.4397 -0.6364 -0.6338
vn -0.9642 -0.0179 -0.2646
vn -0.7444 -0.6676 0.0128
vn -0.9812 0.1929 -0.0025
vn -0.7955 -0.2189 0.5650
vn -0.8652 0.4979 0.0604
vn -0.5666 0.4383 0.6978
vn 0.3842 -0.9221 -0.0471
vn 0.9837 -0.1757 -0.0381
vn 0.3243 -0.8968 0.3008
vn 0.7427 -0.1265 0.6576
vn -0.0015 -0.9031 0.4295
vn 0.0576 -0.2113 0.9757
vn -0.6420 -0.3362 0.6891
vn -0.2725 -0.9364 0.2210
vn -0.5520 -0.7922 0.2603
vn -0.0290 -0.9991 -0.0293
vn -0.1837 -0.5885 -0.7873
vn -0.5219 -0.7725 -0.3618
vn 0.6454 -0.3661 -0.6704
vn 0.1474 -0.9666 -0.2099
vn 0.2685 0.9633 0.0017
vn 0.5400 0.5762 -0.6135
vn -0.0862 0.9862 -0.1413
vn -0.2177 0.5034 -0.8362
vn -0.3651 0.9286 0.0670
vn -0.8126 0.3988 -0.4249
vn -0.3450 0.8413 0.4161
vn -0.8972 0.3225 0.3018
vn -0.1302 0.5551 0.8215
vn -0.5547 0.1583 0.8169
vn 0.9158 0.3981 -0.0535
vn 0.6397 0.6725 0.3721
vn -0.4678 -0.8639 -0.1867
vn -0.9091 -0.0740 -0.4100
vn -0.6734 -0.7387 -0.0293
vn -0.1729 -0.8271 -0.5348
vn -0.3614 0.0840 -0.9286
vn 0.2612 -0.8726 -0.4128
vn 0.3849 0.0986 -0.9177
vn 0.2719 -0.9608 -0.0535
vn 0.9002 -0.2114 -0.3806
vn 0.7152 -0.5494 0.4320
vn 0.0136 -0.9992 0.0363
vn 0.2196 -0.7673 0.6025
vn 0.2574 0.9054 -0.3376
vn 0.6522 0.3665 -0.6636
vn -0.0526 0.8786 -0.4747
vn -0.0017 0.3073 -0.9516
vn -0.3665 0.8631 -0.3476
vn -0.6668 0.2866 -0.6880
vn -0.4953 0.8679 -0.0385
vn -0.9480 0.3164 -0.0352
vn -0.3716 0.8894 0.2664
vn -0.6890 0.3782 0.6182
vn -0.0729 0.9151 0.3966
vn -0.0478 0.4361 0.8986
vn 0.2341 0.9307 0.2809
vn 0.6097 0.4571 0.6476
vn 0.3743 0.9271 -0.0212
vn 0.9035 0.4286 0.0025
vn 0.2283 -0.9105 -0.3447
vn 0.4835 -0.2575 -0.8366
vn 0.4082 -0.9090 -0.0843
vn 0.9352 -0.2487 -0.2521
vn 0.3506 -0.9078 0.2301
vn 0.8430 -0.2401 0.4813
vn 0.0820 -0.9081 0.4106
vn 0.2544 -0.2396 0.9370
vn -0.2315 -0.9101 0.3436
vn -0.4834 -0.2528 0.8381
vn -0.4018 -0.9122 0.0805
vn -0.9300 -0.2688 0.2508
vn -0.3412 -0.9129 -0.2242
vn -0.8348 -0.2739 -0.4776
vn -0.2514 -0.2673 -0.9302
vn -0.0825 -0.9121 -0.4016
vn -0.6415 0.6926 -0.3298
vn -0.7963 0.2473 -0.5520
vn -0.3471 0.5462 0.7623
vn -0.4204 0.8471 0.3251
vn 0.1596 0.9694 0.1865
vn 0.3103 0.5591 0.7688
vn 0.4220 0.9063 -0.0206
vn 0.8554 0.3977 0.3320
vn 0.4482 0.8214 -0.3527
vn 0.9072 0.2129 -0.3627
vn 0.2189 0.7681 -0.6018
vn 0.4319 0.1170 -0.8943
vn -0.1175 0.7779 -0.6173
vn -0.2780 0.1664 -0.9460
vn 0.2145 -0.9188 -0.3315
vn 0.5200 -0.2798 -0.8070
vn 0.3785 -0.9234 -0.0637
vn 0.9392 -0.2605 -0.2237
vn 0.2654 -0.9432 0.1997
vn 0.8143 -0.3188 0.4850
vn 0.0384 -0.9612 0.2730
vn 0.2179 -0.4118 0.8848
vn -0.1364 -0.9723 0.1896
vn -0.4603 -0.5162 0.7223
vn -0.8691 -0.4934 0.0354
vn -0.1519 -0.9883 -0.0130
vn -0.6151 -0.7515 -0.2388
vn -0.1234 -0.9539 -0.2736
vn -0.2555 -0.3088 -0.9162
vn -0.4322 -0.7477 -0.5041
vn 0.1507 0.7485 -0.6457
vn 0.3515 0.2880 -0.8908
vn -0.6593 0.4815 0.5775
vn -0.4570 0.8541 0.2483
vn 0.0943 0.8793 0.4668
vn -0.1205 0.3529 0.9279
vn 0.4251 0.8017 0.4202
vn 0.5611 0.1533 0.8134
vn 0.6246 0.7688 0.1372
vn 0.9722 0.0770 0.2210
vn 0.5615 0.8026 -0.2014
vn 0.8567 0.1710 -0.4866
vn 0.3584 -0.8318 0.4239
vn 0.6826 -0.0321 0.7301
vn -0.0582 -0.8552 0.5150
vn -0.0200 -0.0766 0.9969
vn -0.3397 -0.9068 0.2497
vn -0.6890 -0.1965 0.6976
vn -0.2524 -0.9665 -0.0467
vn -0.9148 -0.4020 0.0386
vn -0.4957 -0.5825 -0.6442
vn 0.0029 -0.9997 -0.0237
vn 0.1263 -0.7570 -0.6411
vn 0.0237 -0.8441 -0.5357
vn 0.0389 -0.1124 -0.9929
vn -0.2293 -0.7408 -0.6313
vn 0.4083 -0.8365 -0.3655
vn 0.7322 -0.0846 -0.6759
vn 0.9984 -0.0419 0.0384
vn 0.5586 -0.8287 0.0356
vn 0.0417 0.9559 -0.2907
vn 0.2211 0.5383 -0.8132
vn -0.2800 0.9249 -0.2571
vn -0.4725 0.4763 -0.7415
vn -0.4860 0.8739 -0.0095
vn -0.9118 0.3540 -0.2083
vn -0.4566 0.8310 0.3177
vn -0.8398 0.2410 0.4864
vn -0.1983 0.8221 0.5337
vn -0.2871 0.2044 0.9359
vn 0.1382 0.8540 0.5016
vn 0.4230 0.2673 0.8658
vn 0.3456 0.9074 0.2392
vn 0.8637 0.3923 0.3164
vn 0.3013 0.9493 -0.0895
vn 0.7754 0.5043 -0.3800
vn -0.0981 -0.8340 0.5429
vn -0.1287 -0.0454 0.9906
vn 0.1599 -0.5434 0.8241
vn -0.3697 -0.9048 0.2115
vn -0.8040 -0.2266 0.5498
vn -0.8940 -0.3118 -0.3218
vn -0.2398 -0.9640 -0.1153
vn -0.5387 -0.6527 -0.5326
vn -0.5708 0.6007 0.5598
vn -0.6697 -0.1170 0.7333
vn -0.2641 0.6761 0.6879
vn -0.0209 0.0370 0.9991
vn 0.0138 0.8269 0.5622
vn 0.5624 0.3653 0.7418
vn 0.0943 0.9598 0.2645
vn 0.7322 0.6702 0.1211
vn 0.0232 0.9397 -0.3412
vn 0.4834 0.7297 -0.4835
vn -0.2745 0.5506 -0.7884
vn -0.1703 0.8909 -0.4210
vn -0.6240 0.7809 -0.0286
vn -0.8099 0.3023 -0.5027
vn -0.7177 0.6462 0.2593
vn -0.9942 -0.0050 0.1072
vn 0.2177 -0.9717 0.0921
vn 0.7601 -0.4858 0.4316
vn 0.5815 -0.8103 0.0725
vn 0.0652 -0.9460 0.3175
vn 0.1937 -0.3421 0.9195
vn -0.2052 -0.9324 0.2976
vn -0.5423 -0.1210 0.8314
vn -0.3434 -0.9381 0.0451
vn -0.9787 -0.1064 0.1754
vn -0.2313 -0.9564 -0.1784
vn -0.7585 -0.3394 -0.5564
vn -0.0492 -0.4949 -0.8676
vn 0.0142 -0.9800 -0.1984
vn 0.1889 -0.7949 -0.5765
vn -0.7924 0.4483 0.4137
vn -0.5291 -0.0992 0.8427
vn -0.5683 0.6997 0.4330
vn -0.0715 0.4467 0.8918
vn -0.4081 0.8879 0.2123
vn 0.2565 0.8671 0.4269
vn -0.3993 0.9098 -0.1129
vn 0.2696 0.9237 -0.2721
vn -0.5434 0.7574 -0.3621
vn -0.0357 0.5893 -0.8071
vn -0.7624 0.5125 -0.3951
vn -0.4881 0.0508 -0.8713
vn -0.9317 0.3141 -0.1826
vn -0.8259 -0.3811 -0.4155
vn -0.9455 0.2857 0.1564
vn -0.8442 -0.4450 0.2987
vt 0.000000 0.000000
vt 0.000000 0.039478
vt 0.000000 0.750000
vt 0.000000 0.627491
vt 0.000000 0.584221
vt 0.000000 0.031907
vt 0.916667 0.125000
vt 0.997430 0.125000
vt 0.997384 0.000000
vt 0.916667 0.000000
vt 0.000000 0.125000
vt 0.083333 0.125000
vt 0.083333 0.000000
vt 0.000000 0.250000
vt 0.083333 0.250000
vt 0.007340 0.500000
vt 0.083333 0.500000
vt 0.083333 0.375000
vt 0.006374 0.375000
vt 0.009033 0.625000
vt 0.083333 0.625000
vt 0.007341 0.500000
vt 0.011019 0.750000
vt 0.083333 0.750000
vt 0.009033 0.625000
vt 0.011121 0.875000
vt 0.083333 0.875000
vt 0.011017 0.750000
vt 0.000000 1.000000
vt 0.083333 1.000000
vt 0.011121 0.875000
vt 0.000000 0.877536
vt 0.166667 1.000000
vt 0.166667 0.875000
vt 0.166667 0.125000
vt 0.166667 0.000000
vt 0.166667 0.250000
vt 0.166667 0.375000
vt 0.166667 0.500000
vt 0.166667 0.625000
vt 0.166667 0.750000
vt 0.250000 1.000000
vt 0.250000 0.875000
vt 0.250000 0.125000
vt 0.250000 0.000000
vt 0.250000 0.250000
vt 0.250000 0.375000
vt 0.250000 0.500000
vt 0.250000 0.625000
vt 0.250000 0.750000
vt 0.333333 1.000000
vt 0.333333 0.875000
vt 0.333333 0.125000
vt 0.333333 0.000000
vt 0.333333 0.250000
vt 0.333333 0.375000
vt 0.333333 0.500000
vt 0.333333 0.625000
vt 0.333333 0.750000
vt 0.416667 1.000000
vt 0.416667 0.875000
vt 0.416667 0.125000
vt 0.416667 0.000000
vt 0.416667 0.250000
vt 0.416667 0.375000
vt 0.416667 0.500000
vt 0.416667 0.625000
vt 0.416667 0.750000
vt 0.500000 1.000000
vt 0.500000 0.875000
vt 0.500000 0.125000
vt 0.500000 0.000000
vt 0.500000 0.250000
vt 0.500000 0.375000
vt 0.500000 0.500000
vt 0.500000 0.625000
vt 0.500000 0.750000
vt 0.583333 1.000000
vt 0.583333 0.875000
vt 0.583333 0.125000
vt 0.583333 0.000000
vt 0.583333 0.250000
vt 0.583333 0.375000
vt 0.583333 0.500000
vt 0.583333 0.625000
vt 0.583333 0.750000
vt 0.666667 1.000000
vt 0.666667 0.875000
vt 0.666667 0.125000
vt 0.666667 0.000000
vt 0.666667 0.250000
vt 0.666667 0.375000
vt 0.666667 0.500000
vt 0.666667 0.625000
vt 0.666667 0.750000
vt 0.750000 1.000000
vt 0.750000 0.875000
vt 0.750000 0.125000
vt 0.750000 0.000000
vt 0.750000 0.250000
vt 0.750000 0.375000
vt 0.750000 0.500000
vt 0.750000 0.625000
vt 0.750000 0.750000
vt 0.833333 1.000000
vt 0.833333 0.875000
vt 0.833333 0.125000
vt 0.833333 0.000000
vt 0.833333 0.250000
vt 0.833333 0.375000
vt 0.833333 0.500000
vt 0.833333 0.625000
vt 0.833333 0.750000
vt 0.916667 1.000000
vt 0.916667 0.875000
vt 0.916667 0.250000
vt 0.916667 0.375000
vt 0.916667 0.500000
vt 0.916667 0.625000
vt 0.916667 0.750000
vt 1.000000 0.858124
vt 1.000000 0.016873
vt 1.000000 0.128675
vt 1.000000 0.251929
vt 1.000000 0.375609
vt 1.000000 0.499391
vt 1.000000 0.623070
vt 1.000000 0.746324
vt 0.997384 1.000000
vt 0.997652 0.875000
vt 0.998044 0.375000
vt 0.997740 0.250000
vt 0.998199 0.500000
vt 0.998044 0.375000
vt 0.998176 0.625000
vt 0.998199 0.500000
vt 0.997979 0.750000
vt 0.998176 0.625000
vt 0.997652 0.875000
vt 0.001697 1.000000
vt 0.083333 0.875000
vt 0.001860 0.875000
vt 0.001589 0.125000
vt 0.083333 0.125000
vt 0.001698 0.000000
vt 0.001626 0.250000
vt 0.083333 0.250000
vt 0.001589 0.125000
vt 0.001814 0.375000
vt 0.083333 0.375000
vt 0.001626 0.250000
vt 0.000000 0.500000
vt 0.083333 0.500000
vt 0.001814 0.375000
vt 0.000000 0.377467
vt 0.000000 0.747519
vt 0.001983 0.750000
vt 0.083333 0.750000
vt 0.083333 0.625000
vt 0.000000 0.625000
vt 0.001859 0.875000
vt 0.001983 0.750000
vt 0.916667 0.125000
vt 0.998908 0.125000
vt 0.998971 0.000000
vt 0.916667 0.000000
vt 0.166667 1.000000
vt 0.166667 0.125000
vt 0.166667 0.250000
vt 0.166667 0.375000
vt 0.166667 0.500000
vt 0.166667 0.625000
vt 0.166667 0.750000
vt 0.250000 0.875000
vt 0.250000 0.125000
vt 0.250000 0.250000
vt 0.250000 0.375000
vt 0.250000 0.500000
vt 0.250000 0.625000
vt 0.250000 0.750000
vt 0.333333 0.875000
vt 0.333333 0.125000
vt 0.333333 0.000000
vt 0.333333 0.500000
vt 0.333333 0.625000
vt 0.333333 0.750000
vt 0.416667 1.000000
vt 0.416667 0.875000
vt 0.416667 0.125000
vt 0.416667 0.000000
vt 0.416667 0.250000
vt 0.416667 0.375000
vt 0.416667 0.500000
vt 0.416667 0.625000
vt 0.416667 0.750000
vt 0.500000 0.875000
vt 0.500000 0.125000
vt 0.500000 0.375000
vt 0.500000 0.500000
vt 0.500000 0.625000
vt 0.500000 0.750000
vt 0.583333 1.000000
vt 0.583333 0.875000
vt 0.583333 0.125000
vt 0.583333 0.000000
vt 0.583333 0.250000
vt 0.583333 0.375000
vt 0.583333 0.500000
vt 0.583333 0.625000
vt 0.583333 0.750000
vt 0.666667 1.000000
vt 0.666667 0.875000
vt 0.666667 0.125000
vt 0.666667 0.000000
vt 0.666667 0.250000
vt 0.666667 0.375000
vt 0.666667 0.500000
vt 0.666667 0.625000
vt 0.750000 0.875000
vt 0.750000 0.125000
vt 0.750000 0.000000
vt 0.750000 0.250000
vt 0.750000 0.375000
vt 0.750000 0.500000
vt 0.750000 0.625000
vt 0.750000 0.750000
vt 0.833333 1.000000
vt 0.833333 0.875000
vt 0.833333 0.125000
vt 0.833333 0.000000
vt 0.833333 0.250000
vt 0.833333 0.375000
vt 0.833333 0.500000
vt 0.833333 0.625000
vt 0.833333 0.750000
vt 0.916667 1.000000
vt 0.916667 0.875000
vt 0.916667 0.250000
vt 0.916667 0.375000
vt 0.916667 0.500000
vt 0.916667 0.750000
vt 1.000000 0.871373
vt 1.000000 0.017343
vt 1.000000 0.128778
vt 1.000000 0.251957
vt 1.000000 0.375858
vt 1.000000 0.504015
vt 1.000000 0.625000
vt 1.000000 0.750000
vt 0.998971 1.000000
vt 0.998997 0.875000
vt 0.998942 0.375000
vt 0.998895 0.250000
vt 0.998953 0.500000
vt 0.998942 0.375000
vt 1.000000 0.504015
vt 0.998953 0.500000
vt 0.998997 0.875000
vt 1.000000 0.871373
vt 0.000000 0.372480
vt 0.002005 0.375000
vt 0.083333 0.375000
vt 0.000000 0.250000
vt 0.916667 0.125000
vt 0.998882 0.125000
vt 0.998870 0.000000
vt 0.916667 0.000000
vt 0.000000 0.125000
vt 0.083333 0.125000
vt 0.083333 0.000000
vt 0.003262 0.500000
vt 0.083333 0.500000
vt 0.002005 0.375000
vt 0.004013 0.625000
vt 0.083333 0.625000
vt 0.003262 0.500000
vt 0.002862 0.750000
vt 0.004013 0.625000
vt 0.001785 0.875000
vt 0.002861 0.750000
vt 0.083333 1.000000
vt 0.001785 0.875000
vt 0.000000 0.877519
vt 0.166667 0.125000
vt 0.166667 0.000000
vt 0.166667 0.250000
vt 0.166667 0.375000
vt 0.166667 0.625000
vt 0.166667 0.750000
vt 0.250000 0.875000
vt 0.250000 0.000000
vt 0.250000 0.375000
vt 0.250000 0.625000
vt 0.333333 1.000000
vt 0.333333 0.875000
vt 0.333333 0.125000
vt 0.333333 0.000000
vt 0.333333 0.375000
vt 0.333333 0.500000
vt 0.333333 0.750000
vt 0.416667 0.875000
vt 0.416667 0.000000
vt 0.416667 0.375000
vt 0.416667 0.500000
vt 0.416667 0.625000
vt 0.416667 0.750000
vt 0.500000 0.125000
vt 0.500000 0.000000
vt 0.500000 0.250000
vt 0.500000 0.375000
vt 0.500000 0.500000
vt 0.583333 0.125000
vt 0.583333 0.250000
vt 0.583333 0.500000
vt 0.583333 0.625000
vt 0.583333 0.750000
vt 0.666667 0.875000
vt 0.666667 0.125000
vt 0.666667 0.000000
vt 0.666667 0.500000
vt 0.666667 0.625000
vt 0.666667 0.750000
vt 0.750000 0.125000
vt 0.750000 0.250000
vt 0.750000 0.500000
vt 0.750000 0.625000
vt 0.833333 0.125000
vt 0.833333 0.000000
vt 0.833333 0.250000
vt 0.833333 0.375000
vt 0.833333 0.625000
vt 0.916667 1.000000
vt 0.916667 0.875000
vt 0.916667 0.250000
vt 0.916667 0.375000
vt 0.916667 0.500000
vt 0.916667 0.750000
vt 1.000000 0.016875
vt 1.000000 0.128676
vt 1.000000 0.251930
vt 1.000000 0.375609
vt 1.000000 0.499391
vt 1.000000 0.623070
vt 1.000000 0.746324
vt 0.998869 1.000000
vt 0.998786 0.875000
vt 0.998705 0.375000
vt 0.998821 0.250000
vt 0.998595 0.500000
vt 0.998574 0.625000
vt 0.998594 0.500000
vt 0.998663 0.750000
vt 0.998574 0.625000
vt 0.998663 0.750000
vt 0.001980 1.000000
vt 0.083333 1.000000
vt 0.083333 0.875000
vt 0.001657 0.875000
vt 0.002228 0.125000
vt 0.083333 0.125000
vt 0.001981 0.000000
vt 0.002136 0.250000
vt 0.083333 0.250000
vt 0.002228 0.125000
vt 0.001813 0.375000
vt 0.083333 0.375000
vt 0.002136 0.250000
vt 0.001538 0.500000
vt 0.083333 0.500000
vt 0.001813 0.375000
vt 0.001416 0.625000
vt 0.083333 0.625000
vt 0.001538 0.500000
vt 0.001455 0.750000
vt 0.001416 0.625000
vt 0.001657 0.875000
vt 0.001455 0.750000
vt 0.916667 0.125000
vt 1.000000 0.125000
vt 1.000000 0.003877
vt 0.998194 0.000000
vt 0.166667 1.000000
vt 0.166667 0.875000
vt 0.166667 0.000000
vt 0.166667 0.250000
vt 0.166667 0.375000
vt 0.166667 0.625000
vt 0.250000 0.875000
vt 0.250000 0.250000
vt 0.250000 0.375000
vt 0.333333 1.000000
vt 0.333333 0.875000
vt 0.333333 0.250000
vt 0.333333 0.375000
vt 0.333333 0.625000
vt 0.416667 0.875000
vt 0.416667 0.125000
vt 0.416667 0.000000
vt 0.416667 0.625000
vt 0.500000 0.875000
vt 0.500000 0.625000
vt 0.500000 0.750000
vt 0.583333 0.125000
vt 0.583333 0.375000
vt 0.583333 0.500000
vt 0.583333 0.750000
vt 0.666667 1.000000
vt 0.666667 0.875000
vt 0.666667 0.125000
vt 0.666667 0.000000
vt 0.666667 0.250000
vt 0.666667 0.500000
vt 0.666667 0.625000
vt 0.750000 0.875000
vt 0.750000 0.125000
vt 0.750000 0.625000
vt 0.833333 0.125000
vt 0.833333 0.250000
vt 0.833333 0.375000
vt 0.833333 0.750000
vt 0.916667 1.000000
vt 0.916667 0.375000
vt 1.000000 0.858125
vt 1.000000 0.003877
vt 1.000000 0.246123
vt 1.000000 0.375609
vt 1.000000 0.499391
vt 1.000000 0.746324
vt 0.998194 1.000000
vt 0.998485 0.875000
vt 0.998787 0.500000
vt 0.998606 0.375000
vt 0.998317 0.250000
vt 1.000000 0.246123
vt 0.998825 0.625000
vt 0.998787 0.500000
vt 0.998723 0.750000
vt 0.998826 0.625000
vt 0.998484 0.875000
vt 0.998723 0.750000
vt 0.002006 1.000000
vt 0.083333 0.875000
vt 0.001415 0.875000
vt 0.003208 0.125000
vt 0.083333 0.125000
vt 0.002006 0.000000
vt 0.003914 0.250000
vt 0.083333 0.250000
vt 0.003209 0.125000
vt 0.002749 0.375000
vt 0.003913 0.250000
vt 0.001748 0.500000
vt 0.083333 0.500000
vt 0.002749 0.375000
vt 0.001318 0.625000
vt 0.083333 0.625000
vt 0.001748 0.500000
vt 0.083333 0.750000
vt 0.001318 0.625000
vt 0.000000 0.627492
vt 0.000000 0.872508
vt 0.001415 0.875000
vt 1.000000 0.125000
vt 1.000000 0.003877
vt 0.997677 0.000000
vt 0.166667 0.875000
vt 0.166667 0.000000
vt 0.166667 0.250000
vt 0.166667 0.625000
vt 0.250000 0.250000
vt 0.250000 0.625000
vt 0.333333 0.875000
vt 0.333333 0.125000
vt 0.333333 0.000000
vt 0.333333 0.250000
vt 0.333333 0.375000
vt 0.333333 0.500000
vt 0.333333 0.625000
vt 0.333333 0.750000
vt 0.416667 0.125000
vt 0.416667 0.375000
vt 0.416667 0.500000
vt 0.500000 0.375000
vt 0.500000 0.750000
vt 0.583333 0.875000
vt 0.583333 0.000000
vt 0.583333 0.375000
vt 0.583333 0.500000
vt 0.666667 0.875000
vt 0.666667 0.375000
vt 0.666667 0.500000
vt 0.666667 0.625000
vt 0.750000 0.250000
vt 0.750000 0.500000
vt 0.750000 0.750000
vt 0.833333 0.875000
vt 0.833333 0.125000
vt 0.833333 0.250000
vt 0.833333 0.375000
vt 0.916667 1.000000
vt 0.916667 0.875000
vt 0.916667 0.250000
vt 0.916667 0.375000
vt 0.916667 0.500000
vt 0.916667 0.625000
vt 0.916667 0.750000
vt 1.000000 0.858123
vt 1.000000 0.003877
vt 1.000000 0.250000
vt 1.000000 0.371123
vt 1.000000 0.499391
vt 1.000000 0.623070
vt 1.000000 0.746324
vt 0.997676 1.000000
vt 0.998315 0.875000
vt 0.998475 0.625000
vt 0.998071 0.500000
vt 0.997188 0.375000
vt 0.998545 0.750000
vt 0.998475 0.625000
vt 0.998315 0.875000
vt 0.002099 1.000000
vt 0.083333 0.875000
vt 0.001734 0.875000
vt 0.002103 0.125000
vt 0.083333 0.125000
vt 0.083333 0.000000
vt 0.002099 0.000000
vt 0.001741 0.250000
vt 0.083333 0.250000
vt 0.002103 0.125000
vt 0.001399 0.375000
vt 0.001741 0.250000
vt 0.001227 0.500000
vt 0.083333 0.500000
vt 0.001399 0.375000
vt 0.000000 0.622508
vt 0.001226 0.625000
vt 0.001227 0.500000
vt 0.000000 0.502492
vt 0.001395 0.750000
vt 0.001226 0.625000
vt 0.001734 0.875000
vt 0.001394 0.750000
vt 0.916667 0.125000
vt 0.998722 0.125000
vt 0.998747 0.000000
vt 0.166667 0.875000
vt 0.166667 0.250000
vt 0.166667 0.375000
vt 0.166667 0.625000
vt 0.166667 0.750000
vt 0.250000 1.000000
vt 0.250000 0.875000
vt 0.250000 0.375000
vt 0.250000 0.500000
vt 0.333333 1.000000
vt 0.333333 0.625000
vt 0.333333 0.750000
vt 0.416667 0.125000
vt 0.416667 0.250000
vt 0.416667 0.375000
vt 0.416667 0.625000
vt 0.416667 0.750000
vt 0.500000 0.875000
vt 0.500000 0.125000
vt 0.500000 0.625000
vt 0.500000 0.750000
vt 0.583333 0.375000
vt 0.583333 0.500000
vt 0.583333 0.625000
vt 0.666667 0.875000
vt 0.666667 0.125000
vt 0.666667 0.500000
vt 0.666667 0.750000
vt 0.750000 0.250000
vt 0.833333 0.125000
vt 0.833333 0.250000
vt 0.833333 0.500000
vt 0.833333 0.750000
vt 0.916667 0.250000
vt 0.916667 0.375000
vt 0.916667 0.500000
vt 0.916667 0.750000
vt 1.000000 0.856044
vt 1.000000 0.018957
vt 1.000000 0.129143
vt 1.000000 0.252174
vt 1.000000 0.375686
vt 1.000000 0.499314
vt 1.000000 0.622827
vt 1.000000 0.745858
vt 0.998747 1.000000
vt 0.998841 0.875000
vt 0.998890 0.375000
vt 0.998788 0.250000
vt 0.998964 0.500000
vt 0.998980 0.625000
vt 0.998964 0.500000
vt 0.998934 0.750000
vt 0.998981 0.625000
vt 0.998841 0.875000
vt 0.998934 0.750000
vt 0.000000 0.497473
vt 0.001836 0.500000
vt 0.000000 0.375000
vt 0.083333 0.875000
vt 0.000000 0.875000
vt 0.083333 0.125000
vt 0.001830 0.625000
vt 0.001835 0.500000
vt 0.001409 0.750000
vt 0.001830 0.625000
vt 0.001409 0.750000
vt 0.000000 0.752527
vt 0.998556 0.125000
vt 0.998510 0.000000
vt 0.916667 0.000000
vt 0.166667 0.125000
vt 0.166667 0.375000
vt 0.166667 0.500000
vt 0.250000 0.875000
vt 0.250000 0.125000
vt 0.250000 0.750000
vt 0.333333 1.000000
vt 0.333333 0.375000
vt 0.333333 0.500000
vt 0.333333 0.750000
vt 0.416667 0.875000
vt 0.416667 0.125000
vt 0.416667 0.500000
vt 0.416667 0.625000
vt 0.500000 0.875000
vt 0.500000 0.125000
vt 0.500000 0.250000
vt 0.500000 0.500000
vt 0.583333 0.875000
vt 0.583333 0.125000
vt 0.583333 0.250000
vt 0.583333 0.500000
vt 0.583333 0.625000
vt 0.666667 0.875000
vt 0.666667 0.250000
vt 0.666667 0.375000
vt 0.750000 0.125000
vt 0.750000 0.500000
vt 0.750000 0.750000
vt 0.833333 1.000000
vt 0.833333 0.875000
vt 0.833333 0.125000
vt 0.833333 0.000000
vt 0.833333 0.250000
vt 0.833333 0.500000
vt 0.833333 0.750000
vt 0.916667 0.875000
vt 0.916667 0.250000
vt 0.916667 0.625000
vt 1.000000 0.858124
vt 1.000000 0.016875
vt 1.000000 0.128676
vt 1.000000 0.251930
vt 1.000000 0.375609
vt 1.000000 0.503877
vt 1.000000 0.621123
vt 1.000000 0.746324
vt 0.998510 1.000000
vt 0.998324 0.875000
vt 0.998226 0.375000
vt 0.998457 0.250000
vt 0.997955 0.500000
vt 0.998226 0.375000
vt 0.997863 0.625000
vt 1.000000 0.621123
vt 1.000000 0.503877
vt 0.997955 0.500000
vt 0.998048 0.750000
vt 0.997864 0.625000
vt 0.998324 0.875000
vt 0.998048 0.750000
vt 0.000000 0.997506
vt 0.003191 1.000000
vt 0.169485 1.000000
vt 0.169485 0.875000
vt 0.005465 0.125000
vt 0.169485 0.125000
vt 0.169485 0.000000
vt 0.003191 0.000000
vt 0.012309 0.250000
vt 0.169485 0.250000
vt 0.005465 0.125000
vt 0.042116 0.374962
vt 0.178838 0.374987
vt 0.012311 0.250000
vt 0.006665 0.500000
vt 0.169485 0.500000
vt 0.042114 0.374962
vt 0.003528 0.625000
vt 0.169485 0.625000
vt 0.006666 0.500000
vt 0.000000 0.750000
vt 0.169485 0.750000
vt 0.003528 0.625000
vt 0.000000 0.627492
vt 0.998479 0.125000
vt 0.998651 0.000000
vt 0.333333 0.125000
vt 0.333333 0.625000
vt 0.416667 1.000000
vt 0.416667 0.875000
vt 0.416667 0.125000
vt 0.416667 0.500000
vt 0.416667 0.625000
vt 0.416667 0.750000
vt 0.500000 0.875000
vt 0.583333 0.875000
vt 0.583333 0.125000
vt 0.583333 0.000000
vt 0.583333 0.750000
vt 0.666667 1.000000
vt 0.666667 0.875000
vt 0.666667 0.125000
vt 0.666667 0.375000
vt 0.750000 0.125000
vt 0.750000 0.500000
vt 0.833333 1.000000
vt 0.833334 0.875000
vt 0.833333 0.125000
vt 0.833333 0.500000
vt 0.916667 1.000000
vt 0.916667 0.250000
vt 0.916667 0.625000
vt 0.916667 0.750000
vt 1.000000 0.858126
vt 1.000000 0.016876
vt 1.000000 0.128676
vt 1.000000 0.251930
vt 1.000000 0.375609
vt 1.000000 0.499391
vt 1.000000 0.623071
vt 1.000000 0.746324
vt 0.998651 1.000000
vt 0.998704 0.875000
vt 0.998104 0.375000
vt 0.998242 0.250000
vt 0.998206 0.500000
vt 0.998104 0.375000
vt 0.998441 0.625000
vt 0.998206 0.500000
vt 0.998630 0.750000
vt 0.998441 0.625000
vt 0.998704 0.875000
vt 0.998630 0.750000
vt 0.000000 0.009564
vt 0.000000 0.742956
vt 0.000000 0.706293
vt 0.000000 0.008140
vt 0.000000 0.002321
vt 0.000000 0.001182
vt 0.000000 0.372464
vt 0.006374 0.375000
vt 0.000000 0.008140
vt 0.000000 0.706294
vt 0.000000 0.608055
vt 0.000000 0.006448
vt 0.000000 0.003578
vt 0.000000 0.372290
vt 0.000000 0.372464
vt 0.000000 0.002321
vt 0.000000 0.009564
vt 0.000000 0.010203
vt 0.000000 0.877536
vt 0.000000 0.742955
vt 0.000000 0.006448
vt 0.000000 0.492785
vt 0.000000 0.004940
vt 0.000000 0.001182
vt 0.000000 0.036508
vt 0.000000 0.589827
vt 0.000000 0.472539
vt 0.000000 0.028745
vt 0.000000 0.041204
vt 0.000000 0.049014
vt 0.000000 0.052604
vt 0.000000 0.059130
vt 0.000000 0.948519
vt 0.000000 0.997506
vt 0.000000 0.044728
vt 0.000000 0.036508
vt 0.000000 0.007227
vt 0.000000 0.118436
vt 0.000000 0.014282
vt 0.000000 0.236707
vt 0.000000 0.118436
vt 0.000000 0.007227
vt 0.001658 0.021399
vt 0.027476 0.354732
vt 0.000000 0.236707
vt 0.000000 0.014282
vt 0.000000 0.028745
vt 0.027476 0.354732
vt 0.001658 0.021399
vt 0.000000 0.013524
vt 0.000000 0.006440
vt 0.000000 0.041203
vt 0.000000 0.752527
vt 0.000000 0.715677
vt 0.000000 0.033760
vt 0.000000 0.022196
vt 0.000000 0.480158
vt 0.000000 0.497473
vt 0.000000 0.018106
vt 0.000000 0.006440
vt 0.000000 0.027310
vt 0.000000 0.598563
vt 0.000000 0.480159
vt 0.000000 0.022197
vt 0.000000 0.018104
vt 0.000000 0.013524
vt 0.000000 0.033760
vt 0.000000 0.715677
vt 0.000000 0.598563
vt 0.000000 0.027310
vt 0.000000 0.021741
vt 0.000000 0.607752
vt 0.000000 0.486077
vt 0.000000 0.017503
vt 0.000000 0.003943
vt 0.000000 0.350766
vt 0.000000 0.243143
vt 0.000000 0.002626
vt 0.000000 0.008953
vt 0.000000 0.010304
vt 0.000000 0.991281
vt 0.000000 0.869216
vt 0.000000 0.006447
vt 0.000000 0.622665
vt 0.000000 0.414932
vt 0.000000 0.005217
vt 0.000000 0.001302
vt 0.000000 0.123266
vt 0.000000 0.008953
vt 0.000000 0.745940
vt 0.000000 0.007675
vt 0.000000 0.002626
vt 0.000000 0.243143
vt 0.000000 0.001302
vt 0.000000 0.006694
vt 0.000000 0.243594
vt 0.000000 0.120170
vt 0.000000 0.003577
vt 0.000000 0.007676
vt 0.000000 0.622665
vt 0.000000 0.006447
vt 0.000000 0.031907
vt 0.000000 0.584221
vt 0.000000 0.470317
vt 0.000000 0.024919
vt 0.000000 0.047147
vt 0.000000 0.053316
vt 0.000000 0.956325
vt 0.000000 0.841740
vt 0.000000 0.006382
vt 0.000000 0.119018
vt 0.000000 0.012377
vt 0.000000 0.237175
vt 0.000000 0.006382
vt 0.000000 0.018464
vt 0.000000 0.354388
vt 0.000000 0.012377
vt 0.000000 0.024919
vt 0.000000 0.354388
vt 0.000000 0.018464
vt 0.000000 0.005217
vt 0.000000 0.414932
vt 0.000000 0.350766
vt 0.000000 0.003943
vt 0.000000 0.047147
vt 0.000000 0.841740
vt 0.000000 0.039479
vt 0.000000 0.017503
vt 0.000000 0.364463
vt 0.000000 0.013238
vt 0.000000 0.004348
vt 0.000000 0.121550
vt 0.000000 0.026306
vt 0.000000 0.729120
vt 0.000000 0.607752
vt 0.000000 0.021741
vt 0.000000 0.008769
vt 0.000000 0.243040
vt 0.000000 0.121550
vt 0.000000 0.004348
vt 0.000000 0.030888
vt 0.000000 0.035006
vt 0.000000 0.972154
vt 0.000000 0.850414
vt 0.000000 0.013238
vt 0.000000 0.243040
vt 0.000000 0.008769
vt 0.000000 0.004940
vt 0.000000 0.372290
vt 0.000000 0.003578
vt 0.000000 0.030888
vt 0.000000 0.850414
vt 0.000000 0.026306
vt 0.000000 0.009326
vt 0.000000 0.602715
vt 0.000000 0.489531
vt 0.000000 0.007514
vt 0.000000 0.003780
vt 0.000000 0.001865
vt 0.000000 0.011340
vt 0.000000 0.699355
vt 0.000000 0.602715
vt 0.000000 0.009326
vt 0.000000 0.007514
vt 0.000000 0.370491
vt 0.000000 0.005712
vt 0.000000 0.013328
vt 0.000000 0.753185
vt 0.000000 0.011340
vt 0.000000 0.052604
vt 0.000000 0.044728
vt 0.000000 0.005712
vt 0.000000 0.372481
vt 0.000000 0.003780
vt 0.000000 0.013328
vt 0.000000 0.015028
vt 0.000000 0.753185
vt 0.000000 0.003577
vt 0.000000 0.120170
vt 0.000000 0.009356
vt 0.000000 0.368242
vt 0.000000 0.006694
vt 0.000000 0.001865
vt 0.000000 0.022864
vt 0.000000 0.028116
vt 0.000000 0.936979
vt 0.000000 0.783227
vt 0.000000 0.022864
vt 0.000000 0.609992
vt 0.000000 0.019356
vt 0.000000 0.019356
vt 0.000000 0.747519
vt 0.000000 0.015605
vt 0.000000 0.015605
vt 0.000000 0.012052
vt 0.000000 0.012052
vt 0.000000 0.377467
vt 0.000000 0.368242
vt 0.000000 0.009356
vt 0.000000 0.039478
vt 0.000000 0.584221
vt 0.000000 0.031907
vt 0.997430 0.125000
vt 0.997384 0.000000
vt 0.083333 0.125000
vt 0.007341 0.500000
vt 0.083333 0.500000
vt 0.006373 0.375000
vt 0.009033 0.625000
vt 0.007341 0.500000
vt 0.011018 0.750000
vt 0.083333 0.750000
vt 0.009033 0.625000
vt 0.011122 0.875000
vt 0.011018 0.750000
vt 0.011122 0.875000
vt 0.000001 0.877536
vt 0.166667 0.125000
vt 0.166667 0.500000
vt 0.250000 0.375000
vt 0.250000 0.625000
vt 0.333333 0.875000
vt 0.333333 0.250000
vt 0.333333 0.375000
vt 0.333333 0.500000
vt 0.333333 0.625000
vt 0.416667 1.000000
vt 0.416667 0.875000
vt 0.416667 0.125000
vt 0.416667 0.625000
vt 0.500000 1.000000
vt 0.500000 0.500000
vt 0.583333 1.000000
vt 0.583333 0.250000
vt 0.583333 0.500000
vt 0.583333 0.750000
vt 0.666667 0.125000
vt 0.666667 0.500000
vt 0.666667 0.625000
vt 0.750000 0.875000
vt 0.750000 0.125000
vt 0.750000 0.375000
vt 0.833333 1.000000
vt 0.833333 0.125000
vt 0.833333 0.250000
vt 0.833333 0.625000
vt 0.833333 0.750000
vt 0.916667 0.375000
vt 1.000000 0.858124
vt 1.000000 0.016875
vt 1.000000 0.128676
vt 1.000000 0.251929
vt 1.000000 0.375609
vt 1.000000 0.499391
vt 1.000000 0.746324
vt 0.997384 1.000000
vt 0.997652 0.875000
vt 0.998044 0.375000
vt 0.997740 0.250000
vt 0.998044 0.375000
vt 0.998176 0.625000
vt 0.998199 0.500000
vt 0.997979 0.750000
vt 0.998176 0.625000
vt 0.997652 0.875000
vt 0.997979 0.750000
vt 0.001697 1.000000
vt 0.001860 0.875000
vt 0.001589 0.125000
vt 0.001698 0.000000
vt 0.001626 0.250000
vt 0.001589 0.125000
vt 0.001814 0.375000
vt 0.083333 0.375000
vt 0.001626 0.250000
vt 0.000000 0.500000
vt 0.083333 0.500000
vt 0.001814 0.375000
vt 0.000000 0.747519
vt 0.001983 0.750000
vt 0.083333 0.750000
vt 0.083333 0.625000
vt 0.000000 0.625000
vt 0.001860 0.875000
vt 0.001983 0.750000
vt 0.998908 0.125000
vt 0.998971 0.000000
vt 0.166667 1.000000
vt 0.166667 0.875000
vt 0.166667 0.500000
vt 0.250000 1.000000
vt 0.250000 0.125000
vt 0.250000 0.375000
vt 0.250000 0.500000
vt 0.250000 0.625000
vt 0.333333 0.125000
vt 0.333333 0.000000
vt 0.333333 0.375000
vt 0.333333 0.500000
vt 0.416667 1.000000
vt 0.416667 0.875000
vt 0.416667 0.000000
vt 0.416667 0.625000
vt 0.500000 0.500000
vt 0.583333 1.000000
vt 0.583333 0.125000
vt 0.583333 0.000000
vt 0.583333 0.500000
vt 0.666667 0.250000
vt 0.666667 0.750000
vt 0.750000 0.875000
vt 0.750000 0.125000
vt 0.750000 0.625000
vt 0.833333 0.125000
vt 0.833333 0.250000
vt 0.833333 0.750000
vt 0.916667 1.000000
vt 0.916667 0.250000
vt 0.916667 0.375000
vt 0.916667 0.500000
vt 1.000000 0.871373
vt 1.000000 0.017346
vt 1.000000 0.128777
vt 1.000000 0.251956
vt 1.000000 0.375858
vt 1.000000 0.504015
vt 1.000000 0.625000
vt 0.998971 1.000000
vt 0.998997 0.875000
vt 0.998942 0.375000
vt 0.998895 0.250000
vt 0.998953 0.500000
vt 1.000000 0.871373
vt 0.000000 0.372480
vt 0.002005 0.375000
vt 0.000000 0.250000
vt 0.916667 0.125000
vt 0.998882 0.125000
vt 0.998869 0.000000
vt 0.003261 0.500000
vt 0.002005 0.375000
vt 0.004012 0.625000
vt 0.083333 0.625000
vt 0.003261 0.500000
vt 0.002861 0.750000
vt 0.004012 0.625000
vt 0.001785 0.875000
vt 0.083333 0.875000
vt 0.002862 0.750000
vt 0.000000 1.000000
vt 0.083333 1.000000
vt 0.001785 0.875000
vt 0.000000 0.877520
vt 0.166667 0.875000
vt 0.166667 0.250000
vt 0.166667 0.625000
vt 0.250000 0.375000
vt 0.250000 0.625000
vt 0.333333 0.625000
vt 0.416667 1.000000
vt 0.416667 0.875000
vt 0.500000 0.000000
vt 0.500000 0.250000
vt 0.500000 0.750000
vt 0.583333 0.375000
vt 0.583333 0.625000
vt 0.666667 0.250000
vt 0.666667 0.500000
vt 0.666667 0.750000
vt 0.750000 0.000000
vt 0.750000 0.250000
vt 0.750000 0.500000
vt 0.750000 0.750000
vt 0.833333 0.125000
vt 0.833333 0.250000
vt 0.916667 0.500000
vt 0.916667 0.750000
vt 1.000000 0.858125
vt 1.000000 0.016875
vt 1.000000 0.128676
vt 1.000000 0.251930
vt 1.000000 0.375609
vt 1.000000 0.499391
vt 1.000000 0.623070
vt 1.000000 0.746324
vt 0.998870 1.000000
vt 0.998786 0.875000
vt 0.998705 0.375000
vt 0.998821 0.250000
vt 0.998594 0.500000
vt 0.998705 0.375000
vt 0.998595 0.500000
vt 0.998663 0.750000
vt 0.998574 0.625000
vt 0.998786 0.875000
vt 0.001981 1.000000
vt 0.001657 0.875000
vt 0.002228 0.125000
vt 0.001980 0.000000
vt 0.002136 0.250000
vt 0.002228 0.125000
vt 0.001813 0.375000
vt 0.083333 0.375000
vt 0.002136 0.250000
vt 0.001538 0.500000
vt 0.001813 0.375000
vt 0.001416 0.625000
vt 0.001538 0.500000
vt 0.001455 0.750000
vt 0.083333 0.750000
vt 0.001416 0.625000
vt 0.001657 0.875000
vt 0.001455 0.750000
vt 1.000000 0.125000
vt 1.000000 0.003877
vt 0.998193 0.000000
vt 0.166667 0.875000
vt 0.166667 0.250000
vt 0.250000 0.375000
vt 0.333333 0.375000
vt 0.333333 0.625000
vt 0.416667 0.625000
vt 0.416667 0.750000
vt 0.500000 0.875000
vt 0.500000 0.750000
vt 0.583333 0.875000
vt 0.583333 0.375000
vt 0.666667 0.875000
vt 0.666667 0.750000
vt 0.750000 1.000000
vt 0.750000 0.500000
vt 0.833333 0.875000
vt 0.833333 0.000000
vt 0.833333 0.500000
vt 0.833333 0.625000
vt 0.833333 0.750000
vt 1.000000 0.858125
vt 1.000000 0.003877
vt 1.000000 0.246123
vt 1.000000 0.375609
vt 1.000000 0.499391
vt 1.000000 0.746324
vt 0.998193 1.000000
vt 0.998485 0.875000
vt 0.998787 0.500000
vt 0.998607 0.375000
vt 1.000000 0.246123
vt 0.998825 0.625000
vt 0.998787 0.500000
vt 0.998825 0.625000
vt 0.998485 0.875000
vt 0.002006 1.000000
vt 0.001415 0.875000
vt 0.003208 0.125000
vt 0.002006 0.000000
vt 0.003914 0.250000
vt 0.003208 0.125000
vt 0.002749 0.375000
vt 0.083333 0.375000
vt 0.003913 0.250000
vt 0.001748 0.500000
vt 0.002749 0.375000
vt 0.001318 0.625000
vt 0.001748 0.500000
vt 0.001318 0.625000
vt 0.000000 0.872508
vt 0.001415 0.875000
vt 0.916667 0.125000
vt 1.000000 0.003877
vt 0.997676 -0.000000
vt 0.916667 0.000000
vt 0.166667 0.750000
vt 0.250000 0.875000
vt 0.333333 1.000000
vt 0.333333 0.250000
vt 0.416667 0.875000
vt 0.500000 0.625000
vt 0.583333 0.125000
vt 0.583333 0.750000
vt 0.666667 0.500000
vt 0.750000 0.125000
vt 0.750000 0.625000
vt 0.833333 0.875000
vt 0.833333 0.375000
vt 0.833333 0.500000
vt 0.833333 0.625000
vt 0.916667 0.875000
vt 0.916667 0.750000
vt 1.000000 0.858125
vt 1.000000 0.003877
vt 1.000000 0.250000
vt 1.000000 0.371123
vt 1.000000 0.499391
vt 1.000000 0.623070
vt 1.000000 0.746324
vt 0.997677 1.000000
vt 0.998315 0.875000
vt 0.998475 0.625000
vt 0.997187 0.375000
vt 1.000000 0.371123
vt 0.998545 0.750000
vt 0.998475 0.625000
vt 0.998544 0.750000
vt 0.002099 1.000000
vt 0.001734 0.875000
vt 0.002103 0.125000
vt 0.083333 0.000000
vt 0.002099 0.000000
vt 0.001741 0.250000
vt 0.083333 0.250000
vt 0.002103 0.125000
vt 0.001399 0.375000
vt 0.001741 0.250000
vt 0.001227 0.500000
vt 0.001399 0.375000
vt 0.001226 0.625000
vt 0.001227 0.500000
vt 0.001395 0.750000
vt 0.083333 0.750000
vt 0.001226 0.625000
vt 0.001734 0.875000
vt 0.001395 0.750000
vt 0.916667 0.125000
vt 0.998722 0.125000
vt 0.166667 0.875000
vt 0.166667 0.250000
vt 0.166667 0.625000
vt 0.166667 0.750000
vt 0.250000 0.875000
vt 0.250000 0.750000
vt 0.333333 0.125000
vt 0.333333 0.375000
vt 0.333333 0.500000
vt 0.333333 0.625000
vt 0.416667 0.625000
vt 0.416667 0.750000
vt 0.500000 1.000000
vt 0.500000 0.375000
vt 0.583333 1.000000
vt 0.583333 0.250000
vt 0.583333 0.500000
vt 0.666667 0.875000
vt 0.750000 0.875000
vt 0.750000 0.250000
vt 0.833333 0.875000
vt 0.833333 0.375000
vt 0.916667 0.375000
vt 0.916667 0.500000
vt 0.916667 0.625000
vt 1.000000 0.856045
vt 1.000000 0.018956
vt 1.000000 0.129143
vt 1.000000 0.252173
vt 1.000000 0.375686
vt 1.000000 0.499314
vt 1.000000 0.622827
vt 1.000000 0.745857
vt 0.998747 1.000000
vt 0.998840 0.875000
vt 0.998890 0.375000
vt 0.998788 0.250000
vt 0.998964 0.500000
vt 0.998981 0.625000
vt 0.998964 0.500000
vt 0.998934 0.750000
vt 0.998981 0.625000
vt 0.998841 0.875000
vt 0.000000 0.497473
vt 0.001836 0.500000
vt 0.083333 0.875000
vt 0.083333 0.250000
vt 0.001830 0.625000
vt 0.001835 0.500000
vt 0.001409 0.750000
vt 0.001830 0.625000
vt 0.001409 0.750000
vt 0.000000 0.752527
vt 0.998556 0.125000
vt 0.998510 0.000000
vt 0.166667 0.125000
vt 0.250000 0.375000
vt 0.333333 0.125000
vt 0.333333 0.375000
vt 0.416667 0.375000
vt 0.416667 0.500000
vt 0.500000 0.250000
vt 0.583333 0.250000
vt 0.583333 0.375000
vt 0.583333 0.500000
vt 0.666667 0.125000
vt 0.666667 0.000000
vt 0.666667 0.375000
vt 0.666667 0.625000
vt 0.666667 0.750000
vt 0.750000 1.000000
vt 0.750000 0.375000
vt 0.833333 0.875000
vt 0.833333 0.500000
vt 0.916667 0.875000
vt 0.916667 0.250000
vt 0.916667 0.375000
vt 0.916667 0.500000
vt 1.000000 0.858125
vt 1.000000 0.016874
vt 1.000000 0.128676
vt 1.000000 0.251930
vt 1.000000 0.503877
vt 1.000000 0.621123
vt 1.000000 0.746324
vt 0.998510 1.000000
vt 0.998324 0.875000
vt 0.998457 0.250000
vt 0.997956 0.500000
vt 0.998226 0.375000
vt 0.997863 0.625000
vt 1.000000 0.503877
vt 0.997956 0.500000
vt 0.998048 0.750000
vt 0.997863 0.625000
vt 0.998324 0.875000
vt 0.998048 0.750000
vt 0.003191 1.000000
vt 0.169485 1.000000
vt 0.169485 0.875000
vt 0.000000 0.875000
vt 0.005465 0.125000
vt 0.169485 0.125000
vt 0.003191 0.000000
vt 0.012308 0.250000
vt 0.005465 0.125000
vt 0.042114 0.374962
vt 0.012310 0.250000
vt 0.006666 0.500000
vt 0.042113 0.374962
vt 0.003528 0.625000
vt 0.169485 0.625000
vt 0.006666 0.500000
vt 0.169485 0.750000
vt 0.003528 0.625000
vt 0.000000 0.627492
vt 0.998479 0.125000
vt 0.333333 0.250000
vt 0.333333 0.500000
vt 0.333333 0.750000
vt 0.416667 0.250000
vt 0.500000 0.875000
vt 0.500000 0.750000
vt 0.583333 0.125000
vt 0.583333 0.250000
vt 0.666667 0.875000
vt 0.666667 0.375000
vt 0.666667 0.750000
vt 0.750000 0.250000
vt 0.750000 0.625000
vt 0.833333 0.875000
vt 0.833333 0.250000
vt 0.916667 0.875000
vt 0.916667 0.250000
vt 1.000000 0.858123
vt 1.000000 0.016875
vt 1.000000 0.128676
vt 1.000000 0.251930
vt 1.000000 0.375609
vt 1.000000 0.499391
vt 1.000000 0.623071
vt 0.998651 1.000000
vt 0.998704 0.875000
vt 0.998104 0.375000
vt 0.998242 0.250000
vt 0.998206 0.500000
vt 0.998104 0.375000
vt 0.998441 0.625000
vt 0.998207 0.500000
vt 0.998630 0.750000
vt 0.998441 0.625000
vt 0.998704 0.875000
vt 0.998630 0.750000
vt 0.000000 0.009564
vt 0.000000 0.742954
vt 0.000000 0.706293
vt 0.000000 0.008140
vt 0.000000 0.002321
vt 0.000000 0.001182
vt 0.000000 0.372464
vt 0.006374 0.375000
vt 0.000000 0.008140
vt 0.000000 0.608055
vt 0.000000 0.006448
vt 0.000000 0.003578
vt 0.000000 0.372464
vt 0.000000 0.002321
vt 0.000000 0.009564
vt 0.000000 0.010202
vt 0.000000 0.877536
vt 0.000000 0.006448
vt 0.000000 0.492785
vt 0.000000 0.004940
vt 0.000000 0.001182
vt 0.000000 0.036508
vt 0.000000 0.589827
vt 0.000000 0.472540
vt 0.000000 0.028746
vt 0.000000 0.041204
vt 0.000000 0.049017
vt 0.000000 0.052604
vt 0.000000 0.059130
vt 0.000000 0.948520
vt 0.000000 0.044728
vt 0.000000 0.589827
vt 0.000000 0.036508
vt 0.000000 0.007227
vt 0.000000 0.118436
vt 0.000000 0.014282
vt 0.000000 0.236707
vt 0.000000 0.118436
vt 0.000000 0.007227
vt 0.001658 0.021399
vt 0.027476 0.354732
vt 0.000000 0.014282
vt 0.000000 0.028746
vt 0.000000 0.472540
vt 0.027476 0.354732
vt 0.001658 0.021399
vt 0.000000 0.013525
vt 0.000000 0.006440
vt 0.000000 0.041203
vt 0.000000 0.033759
vt 0.000000 0.022196
vt 0.000000 0.480158
vt 0.000000 0.497473
vt 0.000000 0.018106
vt 0.000000 0.006440
vt 0.000000 0.027309
vt 0.000000 0.598563
vt 0.000000 0.480159
vt 0.000000 0.022196
vt 0.000000 0.018105
vt 0.000000 0.013528
vt 0.000000 0.715677
vt 0.000000 0.598562
vt 0.000000 0.027310
vt 0.000000 0.021741
vt 0.000000 0.607752
vt 0.000000 0.486077
vt 0.000000 0.017503
vt 0.000000 0.003943
vt 0.000000 0.350766
vt 0.000000 0.243143
vt 0.000000 0.008953
vt 0.000000 0.010304
vt 0.000000 0.991281
vt 0.000000 0.869215
vt 0.000000 0.006447
vt 0.000000 0.414932
vt 0.000000 0.005217
vt 0.000000 0.001302
vt 0.000000 0.123266
vt 0.000000 0.008953
vt 0.000000 0.745940
vt 0.000000 0.002626
vt 0.000000 0.001302
vt 0.000000 0.006694
vt 0.000000 0.120170
vt 0.000000 0.007676
vt 0.000000 0.745940
vt 0.000000 0.006447
vt 0.000000 0.031907
vt 0.000000 0.470316
vt 0.000000 0.024918
vt 0.000000 0.047147
vt 0.000000 0.053316
vt 0.000000 0.956324
vt 0.000000 0.841740
vt 0.000000 0.006382
vt 0.000000 0.119019
vt 0.000000 0.012377
vt 0.000000 0.237175
vt 0.000000 0.119019
vt 0.000000 0.006382
vt 0.000000 0.018464
vt 0.000000 0.354387
vt 0.000000 0.237175
vt 0.000000 0.012377
vt 0.000000 0.024919
vt 0.000000 0.018463
vt 0.000000 0.005217
vt 0.000000 0.414932
vt 0.000000 0.003943
vt 0.000000 0.047147
vt 0.000000 0.841740
vt 0.000000 0.039478
vt 0.000000 0.017503
vt 0.000000 0.486076
vt 0.000000 0.364463
vt 0.000000 0.013238
vt 0.000000 0.004348
vt 0.000000 0.121550
vt 0.000000 0.026306
vt 0.000000 0.729120
vt 0.000000 0.607752
vt 0.000000 0.021741
vt 0.000000 0.008768
vt 0.000000 0.243040
vt 0.000000 0.121550
vt 0.000000 0.004348
vt 0.000000 0.030888
vt 0.000000 0.035006
vt 0.000000 0.972153
vt 0.000000 0.850414
vt 0.000000 0.013238
vt 0.000000 0.008768
vt 0.000000 0.004940
vt 0.000000 0.492785
vt 0.000000 0.003578
vt 0.000000 0.030888
vt 0.000000 0.850414
vt 0.000000 0.729120
vt 0.000000 0.026306
vt 0.000000 0.009326
vt 0.000000 0.489531
vt 0.000000 0.007514
vt 0.000000 0.003780
vt 0.000000 0.011340
vt 0.000000 0.699355
vt 0.000000 0.009326
vt 0.000000 0.007514
vt 0.000000 0.489531
vt 0.000000 0.370491
vt 0.000000 0.005712
vt 0.000000 0.013327
vt 0.000000 0.753184
vt 0.000000 0.011340
vt 0.000000 0.052604
vt 0.000000 0.044728
vt 0.000000 0.005712
vt 0.000000 0.372480
vt 0.000000 0.003780
vt 0.000000 0.013327
vt 0.000000 0.015028
vt 0.000000 0.877520
vt 0.000000 0.753184
vt 0.000000 0.003577
vt 0.000000 0.120170
vt 0.000000 0.009357
vt 0.000000 0.368243
vt 0.000000 0.243594
vt 0.000000 0.006694
vt 0.000000 0.001865
vt 0.000000 0.022864
vt 0.000000 0.028115
vt 0.000000 0.936979
vt 0.000000 0.783227
vt 0.000000 0.022864
vt 0.000000 0.609992
vt 0.000000 0.019355
vt 0.000000 0.019355
vt 0.000000 0.609992
vt 0.000000 0.747519
vt 0.000000 0.015605
vt 0.000000 0.015605
vt 0.000000 0.012052
vt 0.000000 0.012052
vt 0.000000 0.009357
vt 0.998457 0.250000
vt 0.998556 0.125000
vt 0.998788 0.250000
vt 0.998722 0.125000
vt 0.998071 0.500000
vt 0.997188 0.375000
vt 0.997740 0.250000
vt 0.997430 0.125000
vt 0.998895 0.250000
vt 0.998606 0.375000
vt 0.998317 0.250000
vt 0.997740 0.250000
vt 0.997430 0.125000
vt 0.998895 0.250000
vt 0.998821 0.250000
vt 0.998242 0.250000
vt 0.998478 0.125000
vt 0.998607 0.375000
vt 0.998317 0.250000
vt 0.997187 0.375000
vt 0.998788 0.250000
vt 0.000000 0.375218
vt 0.003029 0.883111
vt -0.000031 0.375059
vt 0.000000 0.753733
vt 0.000000 0.373274
vt -0.000888 0.881544
vt -0.000281 0.626384
vt 0.000000 0.878665
vt -0.000540 0.509230
vt 0.000000 0.627692
vt 0.000000 0.499650
vt -0.000098 0.751741
vt 0.000000 0.001033
vt -0.000163 0.625612
vt 0.000000 0.375217
vt 0.003031 0.883111
vt -0.000031 0.375059
vt 0.000000 0.753724
vt 0.000000 0.373272
vt -0.000888 0.881544
vt -0.000281 0.626384
vt 0.000000 0.878654
vt -0.000541 0.509230
vt 0.000000 0.627687
vt 0.000000 0.499648
vt -0.000098 0.751741
vt -0.000162 0.625612
vt 1.000000 0.998864
vt 1.000000 0.876136
vt 1.000000 0.875000
vt 1.000000 0.007738
vt 1.000000 0.875000
vt 1.000000 0.000968
vt 1.000000 0.873332
vt 1.000000 0.000000
vt 1.000000 0.872122
vt 1.000000 0.000000
vt 1.000000 0.873781
vt 1.000000 0.001280
vt 1.000000 0.874567
vt 1.000000 0.874379
vt 1.000000 0.998677
vt 1.000000 0.998864
vt 1.000000 0.876135
vt 1.000000 1.000000
vt 1.000000 0.876135
vt 1.000000 0.998722
vt 1.000000 0.876277
vt 1.000000 0.998865
vt 1.000000 0.876136
vt 1.000000 0.876136
s 1
f 1599/1/1528 1517/1/1446 1662/1/1591 1744/1/1665
f 1520/1/1449 1601/1/1530 1746/1/1667 1663/1/1592
f 1522/1/1451 1581/1/1510 1726/1/1647 1665/1/1594
f 10/1/9 9/1/9 1519/1/1448 1597/1/1526 1518/1/1447
f 1605/1/1534 1525/1/1454 1670/1/1599 1750/1/1671
f 1604/1/1533 1527/1/1456 1672/1/1601 1747/1/1668
f 1529/1/1458 1583/1/1512 1728/1/1649 1674/1/1603
f 11/1/9 10/1/9 1528/1/1457 1603/1/1532 1526/1/1455
f 1611/1/1540 1533/1/1462 1678/1/1607 1756/1/1677
f 1536/1/1465 1613/1/1542 1758/1/1679 1679/1/1608
f 1538/1/1467 1585/1/1514 1730/1/1651 1681/1/1610
f 13/1/9 12/1/9 1535/1/1464 1609/1/1538 1534/1/1463
f 1617/1/1546 1541/1/1470 1686/1/1615 1762/1/1683
f 1616/1/1545 1543/1/1472 1688/1/1617 1759/1/1680
f 1545/1/1474 1587/1/1516 1732/1/1653 1690/1/1619
f 14/1/9 13/1/9 1544/1/1473 1615/1/1544 1542/1/1471
f 1623/1/1552 1549/1/1478 1694/1/1623 1768/1/1687
f 1552/1/1481 1625/1/1554 1770/1/1689 1695/1/1624
f 1554/1/1483 1589/1/1518 1734/1/1655 1697/1/1626
f 16/1/9 15/1/9 1551/1/1480 1621/1/1550 1550/1/1479
f 8/1/8 15/1/9 1558/1/1487 1629/1/1558 1563/1/1492
f 1628/1/1557 1559/1/1488 1704/1/1633 1771/1/1690
f 1561/1/1490 1591/1/1520 1736/1/1657 1706/1/1635
f 1630/1/1559 1557/1/1486 1702/1/1631 1773/1/1692
f 6/1/6 9/1/9 1566/1/1495 1635/1/1564 1571/1/1500
f 1634/1/1563 1567/1/1496 1712/1/1628 1777/1/1655
f 1569/1/1498 1593/1/1522 1738/1/1659 1714/1/1623
f 1636/1/1565 1565/1/1494 1710/1/1626 1779/1/1689
f 3/1/3 12/1/9 1574/1/1503 1641/1/1570 1579/1/1508
f 1640/1/1569 1575/1/1504 1720/1/1641 1783/1/1696
f 1577/1/1506 1595/1/1524 1740/1/1661 1722/1/1643
f 1642/1/1571 1573/1/1502 1718/1/1639 1785/1/1698
f 1659/1/1588 1645/1/1574 1790/1/1703 1804/1/1717
f 1650/1/1579 1652/1/1581 1795/1/1708 1793/1/1706
f 1652/1/1581 1654/1/1583 1797/1/1710 1795/1/1708
f 1654/1/1583 1656/1/1585 1799/1/1712 1797/1/1710
f 1656/1/1585 1658/1/1587 1801/1/1714 1799/1/1712
f 1658/1/1587 1659/1/1588 1804/1/1717 1801/1/1714
f 1661/1/1590 1742/1/1663 1885/1/1789 1806/1/1719
f 9/1/9 10/1/9 1647/1/1576 1646/1/1575
f 3/1/3 2/1/2 1539/1/1468 1586/1/1515 1537/1/1466
f 1648/1/1577 1650/1/1579 1793/1/1706 1791/1/1704
f 1644/1/1573 1577/1/1506 1722/1/1643 1787/1/1700
f 10/1/9 11/1/9 1649/1/1578 1647/1/1576
f 1601/1/1530 1522/1/1451 1665/1/1594 1746/1/1667
f 11/1/9 15/1/9 1651/1/1580 1649/1/1578
f 1525/1/1454 1604/1/1533 1747/1/1668 1670/1/1599
f 15/1/9 16/1/9 1653/1/1582 1651/1/1580
f 1598/1/1527 1520/1/1449 1663/1/1592 1741/1/1662
f 9/1/9 14/1/9 1568/1/1497 1633/1/1562 1566/1/1495
f 16/1/9 12/1/9 1655/1/1584 1653/1/1582
f 5/1/5 4/1/4 1531/1/1460 1584/1/1513 1530/1/1459
f 1573/1/1502 1640/1/1569 1783/1/1696 1718/1/1639
f 12/1/9 13/1/9 1657/1/1586 1655/1/1584
f 1533/1/1462 1610/1/1539 1753/1/1674 1678/1/1607
f 14/1/9 1/1/1 1570/1/1499 1637/1/1566 1568/1/1497
f 1/1/1 14/1/9 1542/1/1471 1618/1/1547 1547/1/1476
f 13/1/9 14/1/9 1660/1/1589 1657/1/1586
f 1583/1/1512 1532/1/1461 1675/1/1604 1728/1/1649
f 1543/1/1472 1620/1/1549 1763/1/1684 1688/1/1617
f 1613/1/1542 1538/1/1467 1681/1/1610 1758/1/1679
f 13/1/9 2/1/2 1546/1/1475 1619/1/1548 1544/1/1473
f 5/1/5 10/1/9 1518/1/1447 1600/1/1529 1523/1/1452
f 1541/1/1470 1616/1/1545 1759/1/1680 1686/1/1615
f 9/1/9 6/1/6 1521/1/1450 1602/1/1531 1519/1/1448
f 1610/1/1539 1536/1/1465 1679/1/1608 1753/1/1674
f 6/1/6 5/1/5 1523/1/1452 1582/1/1511 1521/1/1450
f 2/1/2 1/1/1 1547/1/1476 1588/1/1517 1546/1/1475
f 1549/1/1478 1622/1/1551 1765/1/1659 1694/1/1623
f 12/1/9 16/1/9 1576/1/1505 1639/1/1568 1574/1/1503
f 1587/1/1516 1548/1/1477 1691/1/1620 1732/1/1653
f 1645/1/1574 1648/1/1577 1791/1/1704 1790/1/1703
f 1625/1/1554 1554/1/1483 1697/1/1626 1770/1/1689
f 16/1/9 7/1/7 1578/1/1507 1643/1/1572 1576/1/1505
f 7/1/7 16/1/9 1550/1/1479 1624/1/1553 1555/1/1484
f 1557/1/1486 1628/1/1557 1771/1/1690 1702/1/1631
f 15/1/9 8/1/8 1553/1/1482 1626/1/1555 1551/1/1480
f 1622/1/1551 1552/1/1481 1695/1/1624 1765/1/1659
f 8/1/8 7/1/7 1555/1/1484 1590/1/1519 1553/1/1482
f 4/1/4 11/1/9 1526/1/1455 1606/1/1535 1531/1/1460
f 4/1/4 8/1/8 1563/1/1492 1592/1/1521 1562/1/1491
f 1527/1/1456 1608/1/1537 1751/1/1672 1672/1/1601
f 1559/1/1488 1632/1/1561 1775/1/1694 1704/1/1633
f 10/1/9 5/1/5 1530/1/1459 1607/1/1536 1528/1/1457
f 1524/1/1453 1599/1/1528 1744/1/1665 1667/1/1596
f 1591/1/1520 1564/1/1493 1707/1/1636 1736/1/1657
f 1532/1/1461 1605/1/1534 1750/1/1671 1675/1/1604
f 1/1/1 6/1/6 1571/1/1500 1594/1/1523 1570/1/1499
f 1581/1/1510 1524/1/1453 1667/1/1596 1726/1/1647
f 1540/1/1469 1611/1/1540 1756/1/1677 1683/1/1612
f 1567/1/1496 1638/1/1567 1781/1/1687 1712/1/1628
f 1608/1/1537 1529/1/1458 1674/1/1603 1751/1/1672
f 1548/1/1477 1617/1/1546 1762/1/1683 1691/1/1620
f 1593/1/1522 1572/1/1501 1715/1/1624 1738/1/1659
f 1585/1/1514 1540/1/1469 1683/1/1612 1730/1/1651
f 15/1/9 11/1/9 1560/1/1489 1627/1/1556 1558/1/1487
f 1556/1/1485 1623/1/1552 1768/1/1687 1699/1/1628
f 7/1/7 3/1/3 1579/1/1508 1596/1/1525 1578/1/1507
f 1620/1/1549 1545/1/1474 1690/1/1619 1763/1/1684
f 1565/1/1494 1634/1/1563 1777/1/1655 1710/1/1626
f 1564/1/1493 1630/1/1559 1773/1/1692 1707/1/1636
f 1575/1/1504 1644/1/1573 1787/1/1700 1720/1/1641
f 1589/1/1518 1556/1/1485 1699/1/1628 1734/1/1655
f 11/1/9 4/1/4 1562/1/1491 1631/1/1560 1560/1/1489
f 2/1/2 13/1/9 1534/1/1463 1612/1/1541 1539/1/1468
f 1572/1/1501 1636/1/1565 1779/1/1689 1715/1/1624
f 1595/1/1524 1580/1/1509 1723/1/1644 1740/1/1661
f 1632/1/1561 1561/1/1490 1706/1/1635 1775/1/1694
f 12/1/9 3/1/3 1537/1/1466 1614/1/1543 1535/1/1464
f 1580/1/1509 1642/1/1571 1785/1/1698 1723/1/1644
f 14/1/9 9/1/9 1646/1/1575 1660/1/1589
f 1638/1/1567 1569/1/1498 1714/1/1623 1781/1/1687
f 1769/1/1688 1698/1/1627 1841/1/1753 1914/1/1816
f 1778/1/1654 1711/1/1629 1856/1/1755 1921/1/1782
f 1684/1/1613 1755/1/1676 1900/1/1804 1827/1/1739
f 1705/1/1634 1735/1/1656 1880/1/1784 1850/1/1762
f 1786/1/1699 1717/1/1638 1862/1/1766 1929/1/1825
f 1692/1/1621 1761/1/1682 1906/1/1810 1835/1/1747
f 1703/1/1632 1776/1/1695 1919/1/1821 1848/1/1760
f 1789/1/1702 1792/1/1705 1935/1/1831 1934/1/1830
f 1700/1/1629 1767/1/1686 1912/1/1814 1843/1/1755
f 1735/1/1656 1708/1/1637 1851/1/1763 1880/1/1784
f 1784/1/1697 1719/1/1640 1864/1/1768 1927/1/1823
f 1708/1/1637 1774/1/1693 1917/1/1819 1851/1/1763
f 1713/1/1622 1737/1/1658 1882/1/1786 1858/1/1750
f 1725/1/1646 1668/1/1597 1811/1/1723 1870/1/1774
f 1716/1/1625 1780/1/1688 1923/1/1816 1859/1/1751
f 1711/1/1629 1782/1/1686 1925/1/1814 1856/1/1755
f 1752/1/1673 1673/1/1602 1818/1/1730 1895/1/1799
f 1724/1/1645 1786/1/1699 1929/1/1825 1867/1/1771
f 1737/1/1658 1716/1/1625 1859/1/1751 1882/1/1786
f 1729/1/1650 1684/1/1613 1827/1/1739 1874/1/1778
f 1743/1/1664 1661/1/1590 1806/1/1719 1888/1/1792
f 1721/1/1642 1739/1/1660 1884/1/1788 1866/1/1770
f 1764/1/1685 1689/1/1618 1834/1/1746 1907/1/1811
f 1742/1/1663 1664/1/1593 1807/1/1452 1885/1/1789
f 1719/1/1640 1788/1/1701 1931/1/1827 1864/1/1768
f 1733/1/1654 1700/1/1629 1843/1/1755 1878/1/1782
f 1666/1/1595 1725/1/1646 1870/1/1774 1809/1/1721
f 1739/1/1660 1724/1/1645 1867/1/1771 1884/1/1788
f 1776/1/1695 1705/1/1634 1850/1/1762 1919/1/1821
f 1749/1/1670 1669/1/1598 1814/1/1726 1894/1/1798
f 1803/1/1716 1789/1/1702 1934/1/1830 1948/1/1844
f 1782/1/1686 1713/1/1622 1858/1/1750 1925/1/1814
f 1671/1/1600 1752/1/1673 1895/1/1799 1816/1/1728
f 1792/1/1705 1794/1/1707 1937/1/1833 1935/1/1831
f 1788/1/1701 1721/1/1642 1866/1/1770 1931/1/1827
f 1748/1/1669 1671/1/1600 1816/1/1728 1891/1/1795
f 1794/1/1707 1796/1/1709 1939/1/1835 1937/1/1833
f 1664/1/1593 1745/1/1666 1890/1/1794 1807/1/1452
f 1755/1/1676 1677/1/1606 1822/1/1734 1900/1/1804
f 1796/1/1709 1798/1/1711 1941/1/1837 1939/1/1835
f 1669/1/1598 1748/1/1669 1891/1/1795 1814/1/1726
f 1754/1/1675 1680/1/1609 1823/1/1735 1897/1/1801
f 1798/1/1711 1800/1/1713 1943/1/1839 1941/1/1837
f 1745/1/1666 1666/1/1595 1809/1/1721 1890/1/1794
f 1682/1/1611 1729/1/1650 1874/1/1778 1825/1/1737
f 1800/1/1713 1802/1/1715 1945/1/1841 1943/1/1839
f 1673/1/1602 1727/1/1648 1872/1/1776 1818/1/1730
f 1761/1/1682 1685/1/1614 1830/1/1742 1906/1/1810
f 1802/1/1715 1803/1/1716 1948/1/1844 1945/1/1841
f 1677/1/1606 1754/1/1675 1897/1/1801 1822/1/1734
f 1687/1/1616 1764/1/1685 1907/1/1811 1832/1/1744
f 1805/1/1718 1886/1/1790 2845/1/2511 2766/1/2432
f 1727/1/1648 1676/1/1605 1819/1/1731 1872/1/1776
f 1760/1/1681 1687/1/1616 1832/1/1744 1903/1/1807
f 1680/1/1609 1757/1/1678 1902/1/1806 1823/1/1735
f 1767/1/1686 1693/1/1622 1838/1/1750 1912/1/1814
f 1685/1/1614 1760/1/1681 1903/1/1807 1830/1/1742
f 1766/1/1658 1696/1/1625 1839/1/1751 1909/1/1786
f 1757/1/1678 1682/1/1611 1825/1/1737 1902/1/1806
f 1698/1/1627 1733/1/1654 1878/1/1782 1841/1/1753
f 1689/1/1618 1731/1/1652 1876/1/1780 1834/1/1746
f 1774/1/1693 1701/1/1630 1846/1/1758 1917/1/1819
f 1693/1/1622 1766/1/1658 1909/1/1786 1838/1/1750
f 1709/1/1627 1778/1/1654 1921/1/1782 1854/1/1753
f 1731/1/1652 1692/1/1621 1835/1/1747 1876/1/1780
f 1772/1/1691 1703/1/1632 1848/1/1760 1915/1/1817
f 1696/1/1625 1769/1/1688 1914/1/1816 1839/1/1751
f 1780/1/1688 1709/1/1627 1854/1/1753 1923/1/1816
f 1668/1/1597 1743/1/1664 1888/1/1792 1811/1/1723
f 1701/1/1630 1772/1/1691 1915/1/1817 1846/1/1758
f 1717/1/1638 1784/1/1697 1927/1/1823 1862/1/1766
f 1676/1/1605 1749/1/1670 1894/1/1798 1819/1/1731
f 1949/1/1845 1952/1/1705 1967/1/1839 1966/1/1837
f 1944/1/1840 1946/1/1842 1961/1/1714 1959/1/1847
f 1940/1/1836 1942/1/1838 1957/1/1710 1955/1/1708
f 1936/1/1832 1938/1/1834 1953/1/1706 1951/1/1704
f 1946/1/1842 1947/1/1843 1964/1/1848 1961/1/1714
f 1942/1/1838 1944/1/1840 1959/1/1847 1957/1/1710
f 1938/1/1834 1940/1/1836 1955/1/1708 1953/1/1706
f 1947/1/1843 1933/1/1829 1950/1/1703 1964/1/1848
f 1954/1/1707 1956/1/1709 1971/1/1844 1969/1/1841
f 1963/1/1716 1949/1/1845 1966/1/1837 1980/1/1835
f 1965/1/1838 1968/1/1840 1983/1/1851 1982/1/1850
f 1960/1/1713 1962/1/1715 1977/1/1833 1975/1/1831
f 1956/1/1709 1958/1/1846 1973/1/1830 1971/1/1844
f 1952/1/1705 1954/1/1707 1969/1/1841 1967/1/1839
f 1962/1/1715 1963/1/1716 1980/1/1835 1977/1/1833
f 1958/1/1846 1960/1/1713 1975/1/1831 1973/1/1830
f 1978/1/1834 1979/1/1836 1996/1/1864 1993/1/1861
f 1974/1/1829 1976/1/1832 1991/1/1859 1989/1/1857
f 1970/1/1842 1972/1/1843 1987/1/1855 1985/1/1853
f 1979/1/1836 1965/1/1838 1982/1/1850 1996/1/1864
f 1981/1/1849 1984/1/1852 34/1/9 2299/1/2157 2305/1/2163 2297/1/2155
f 1976/1/1832 1978/1/1834 1993/1/1861 1991/1/1859
f 1972/1/1843 1974/1/1829 1989/1/1857 1987/1/1855
f 1968/1/1840 1970/1/1842 1985/1/1853 1983/1/1851
f 2312/1/2170 2320/1/2178 2662/1/2413 2654/1/1874
f 2160/1/2018 2154/1/2012 2496/1/2321 2501/1/2326
f 2208/1/2066 2202/1/2060 2543/1/2357 2549/1/2363
f 2258/1/2116 2252/1/2110 2593/1/2337 2600/1/2393
f 2120/1/1979 2128/1/1986 2469/1/2309 2462/1/2296
f 2168/1/2026 2176/1/2034 2518/1/2343 2510/1/2335
f 2216/1/2074 2224/1/2082 2565/1/2370 2557/1/2371
f 31/1/9 2219/1/2077 2225/1/2083 2217/1/2075 19/1/9 2059/1/1918 2065/1/1924 2057/1/1916
f 2376/1/2234 2384/1/2242 2726/1/2283 2718/1/1870
f 2344/1/2202 2352/1/2210 2693/1/1878 2685/1/2350
f 2264/1/2122 2272/1/2130 2613/1/2329 2605/1/2398
f 2402/1/2260 2396/1/2254 2737/1/2337 2743/1/2420
f 2370/1/2228 2364/1/2222 2706/1/2423 2712/1/2424
f 2338/1/2196 2332/1/2190 2673/1/2341 2679/1/2347
f 41/1/9 2061/1/1920 2067/1/1926 2059/1/1918 19/1/9 2071/1/1930 2086/1/1945 2077/1/1936
f 2101/1/1960 2088/1/1947 2430/1/1888 2443/1/1881
f 2104/1/1963 2112/1/1971 2453/1/2297 2446/1/2290
f 2265/1/2123 2271/1/2129 2263/1/2121 31/1/9 2057/1/1916 2063/1/1922 2055/1/1914 18/1/9
f 2217/1/2075 2223/1/2081 2215/1/2073 28/1/9 2073/1/1932 2079/1/1938 2071/1/1930 19/1/9
f 28/1/9 2171/1/2029 2177/1/2035 2169/1/2027 20/1/9 2075/1/1934 2081/1/1940 2073/1/1932
f 2092/1/1951 2100/1/1959 2442/1/2287 2433/1/1884
f 2090/1/1949 2098/1/1957 2440/1/1878 2432/1/1885
f 2146/1/2004 2140/1/1998 2481/1/2317 2488/1/1894
f 2152/1/2010 2160/1/2018 2501/1/2326 2494/1/2319
f 2248/1/2106 2256/1/2114 2598/1/2391 2590/1/2341
f 2210/1/2068 2204/1/2062 2545/1/2359 2551/1/2365
f 2200/1/2058 2208/1/2066 2549/1/2363 2541/1/2355
f 2154/1/2012 2162/1/2020 2504/1/2329 2496/1/2321
f 2148/1/2006 2142/1/2000 2484/1/1872 2490/1/1865
f 2106/1/1965 2114/1/1973 2456/1/2300 2448/1/2292
f 2296/1/2154 2304/1/2162 2646/1/2300 2638/1/2292
f 2260/1/2118 2254/1/2112 2595/1/2388 2601/1/2394
f 2220/1/2078 2228/1/2086 2570/1/2365 2562/1/2357
f 2212/1/2070 2206/1/2064 2547/1/2361 2553/1/2367
f 2180/1/2038 2174/1/2032 2516/1/2341 2522/1/2347
f 2156/1/2014 2164/1/2022 2506/1/2331 2497/1/2322
f 2132/1/1990 2126/1/1984 2468/1/2293 2474/1/2312
f 2116/1/1975 2110/1/1969 2452/1/2296 2458/1/2302
f 1995/1/1863 1981/1/1849 2297/1/2155 2303/1/2161 2295/1/2153 40/1/9
f 1984/1/1852 1986/1/1854 2327/1/2185 2342/1/2200 2333/1/2191 34/1/9
f 2308/1/2166 2302/1/2160 2644/1/2290 2650/1/2411
f 1986/1/1854 1988/1/1856 36/1/9 2329/1/2187 2335/1/2193 2327/1/2185
f 1988/1/1856 1990/1/1858 2359/1/2217 2374/1/2232 2365/1/2223 36/1/9
f 1990/1/1858 1992/1/1860 38/1/9 2361/1/2219 2367/1/2225 2359/1/2217
f 1992/1/1860 1994/1/1862 2391/1/2249 2406/1/2264 2397/1/2255 38/1/9
f 1994/1/1862 1995/1/1863 40/1/9 2393/1/2251 2399/1/2257 2391/1/2249
f 2072/1/1931 2080/1/1939 1997/1/1865 2006/1/1874
f 2137/1/1995 2143/1/2001 2135/1/1993 21/1/9 2103/1/1962 2118/1/1977 2109/1/1968 23/1/9
f 2045/1/1904 2051/1/1910 2043/1/1902 18/1/9 2055/1/1914 2070/1/1929 2061/1/1920 41/1/9
f 2089/1/1948 2095/1/1954 2087/1/1946 41/1/9 2077/1/1936 2083/1/1942 2075/1/1934 20/1/9
f 22/1/9 2267/1/2125 2273/1/2131 2265/1/2123 18/1/9 2043/1/1902 2049/1/1908 2041/1/1900
f 2341/1/2199 2328/1/2186 2669/1/2337 2684/1/2420
f 2186/1/2044 2194/1/2052 2535/1/1875 2527/1/2351
f 2252/1/2110 2260/1/2118 2601/1/2394 2593/1/2337
f 22/1/9 2119/1/1978 2134/1/1992 2125/1/1966 21/1/9 2135/1/1993 2150/1/2008 2141/1/1999
f 2318/1/2176 2326/1/2184 2668/1/1894 2659/1/2384
f 2050/1/1909 2044/1/1903 2033/1/1874 2028/1/1894
f 2400/1/2258 2394/1/2252 2735/1/2416 2741/1/2419
f 2133/1/1991 2120/1/1979 2462/1/2296 2475/1/2313
f 2042/1/1901 2050/1/1909 2028/1/1894 2036/1/1868
f 2392/1/2250 2400/1/2258 2741/1/2419 2734/1/2341
f 2313/1/2171 2319/1/2177 2311/1/2169 35/1/9 2251/1/2109 2257/1/2115 2249/1/2107 23/1/9
f 2110/1/1969 2117/1/1976 2459/1/2303 2452/1/2296
f 2324/1/2182 2318/1/2176 2659/1/2384 2666/1/2283
f 2192/1/2050 2186/1/2044 2527/1/2351 2534/1/1878
f 2405/1/2263 2392/1/2250 2734/1/2341 2748/1/2430
f 2250/1/2108 2258/1/2116 2600/1/2393 2592/1/2386
f 2316/1/2174 2324/1/2182 2666/1/2283 2658/1/1870
f 2184/1/2042 2192/1/2050 2534/1/1878 2526/1/2350
f 2040/1/1899 2048/1/1907 2029/1/1895 2038/1/1897
f 2382/1/2240 2390/1/2248 2732/1/1891 2724/1/2428
f 33/1/9 2315/1/2173 2321/1/2179 2313/1/2171 23/1/9 2109/1/1968 2115/1/1974 2107/1/1966
f 2198/1/2056 2184/1/2042 2526/1/2350 2540/1/1880
f 17/1/9 2039/1/1898 2054/1/1913 2045/1/1904 41/1/9 2087/1/1946 2102/1/1961 2093/1/1952
f 2108/1/1967 2116/1/1975 2458/1/2302 2449/1/2293
f 2322/1/2180 2316/1/2174 2658/1/1870 2664/1/1891
f 2174/1/2032 2181/1/2039 2524/1/2349 2516/1/2341
f 2388/1/2246 2382/1/2240 2724/1/2428 2730/1/2413
f 2256/1/2114 2250/1/2108 2592/1/2386 2598/1/2391
f 2314/1/2172 2322/1/2180 2664/1/1891 2656/1/2383
f 2380/1/2238 2388/1/2246 2730/1/2413 2722/1/1874
f 2281/1/2139 2287/1/2145 2279/1/2137 30/1/9 2247/1/2105 2261/1/2119 2253/1/2111 32/1/9
f 2114/1/1973 2108/1/1967 2449/1/2293 2456/1/2300
f 2173/1/2031 2179/1/2037 2171/1/2029 28/1/9 2237/1/2095 2243/1/2101 2235/1/2093 24/1/9
f 2048/1/1907 2042/1/1901 2036/1/1868 2029/1/1895
f 2262/1/2120 2248/1/2106 2590/1/2341 2604/1/2397
f 2411/1/2269 2417/1/2275 2409/1/2267 33/1/9 2107/1/1966 2113/1/1972 2105/1/1964 26/1/9
f 2172/1/2030 2180/1/2038 2522/1/2347 2514/1/2339
f 2046/1/1905 2053/1/1912 2023/1/1891 2032/1/1872
f 2386/1/2244 2380/1/2238 2722/1/1874 2728/1/1894
f 2238/1/2096 2245/1/2103 2588/1/1894 2580/1/2384
f 2320/1/2178 2314/1/2172 2656/1/2383 2662/1/2413
f 2378/1/2236 2386/1/2244 2728/1/1894 2720/1/2427
f 34/1/9 2333/1/2191 2339/1/2197 2331/1/2189 35/1/9 2311/1/2169 2325/1/2183 2317/1/2175
f 2178/1/2036 2172/1/2030 2514/1/2339 2520/1/2345
f 2244/1/2102 2238/1/2096 2580/1/2384 2586/1/1895
f 2112/1/1971 2106/1/1965 2448/1/2292 2453/1/2297
f 2326/1/2184 2312/1/2170 2654/1/1874 2668/1/1894
f 2170/1/2028 2178/1/2036 2520/1/2345 2512/1/2337
f 2236/1/2094 2244/1/2102 2586/1/1895 2578/1/1897
f 21/1/9 2187/1/2045 2193/1/2051 2185/1/2043 26/1/9 2105/1/1964 2111/1/1970 2103/1/1962
f 2302/1/2160 2309/1/2167 2652/1/2297 2644/1/2290
f 2384/1/2242 2378/1/2236 2720/1/2427 2726/1/2283
f 2117/1/1976 2104/1/1963 2446/1/2290 2459/1/2303
f 38/1/9 2397/1/2255 2403/1/2261 2395/1/2253 39/1/9 2375/1/2233 2389/1/2247 2381/1/2239
f 2242/1/2100 2236/1/2094 2578/1/1897 2584/1/1891
f 2094/1/1953 2101/1/1960 2443/1/1881 2436/1/2284
f 2301/1/2159 2307/1/2165 2299/1/2157 34/1/9 2317/1/2175 2323/1/2181 2315/1/2173 33/1/9
f 2176/1/2034 2170/1/2028 2512/1/2337 2518/1/2343
f 2390/1/2248 2376/1/2234 2718/1/1870 2732/1/1891
f 2234/1/2092 2242/1/2100 2584/1/1891 2576/1/2383
f 2300/1/2158 2308/1/2166 2650/1/2411 2642/1/2296
f 25/1/9 2167/1/2025 2182/1/2040 2173/1/2031 24/1/9 2183/1/2041 2197/1/2055 2189/1/2047
f 2366/1/2224 2373/1/2231 2716/1/2426 2708/1/2357
f 2100/1/1959 2094/1/1953 2436/1/2284 2442/1/2287
f 2181/1/2039 2168/1/2026 2510/1/2335 2524/1/2349
f 25/1/9 2123/1/1982 2129/1/1987 2121/1/1980 17/1/9 2093/1/1952 2099/1/1958 2091/1/1950
f 2306/1/2164 2300/1/2158 2642/1/2296 2648/1/2302
f 2158/1/2016 2165/1/2023 2507/1/2332 2500/1/2325
f 2372/1/2230 2366/1/2224 2708/1/2357 2714/1/2363
f 2240/1/2098 2234/1/2092 2576/1/2383 2582/1/1865
f 2298/1/2156 2306/1/2164 2648/1/2302 2640/1/2408
f 2364/1/2222 2372/1/2230 2714/1/2363 2706/1/2423
f 2232/1/2090 2240/1/2098 2582/1/1865 2574/1/2381
f 2098/1/1957 2092/1/1951 2433/1/1884 2440/1/1878
f 2164/1/2022 2158/1/2016 2500/1/2325 2506/1/2331
f 2245/1/2103 2232/1/2090 2574/1/2381 2588/1/1894
f 2169/1/2027 2175/1/2033 2167/1/2025 25/1/9 2091/1/1950 2097/1/1956 2089/1/1948 20/1/9
f 39/1/9 2413/1/2271 2419/1/2277 2411/1/2269 26/1/9 2157/1/2015 2163/1/2021 2155/1/2013
f 2363/1/2221 2369/1/2227 2361/1/2219 38/1/9 2381/1/2239 2387/1/2245 2379/1/2237 37/1/9
f 2222/1/2080 2229/1/2087 2572/1/2380 2564/1/2359
f 2304/1/2162 2298/1/2156 2640/1/2408 2646/1/2300
f 2362/1/2220 2370/1/2228 2712/1/2424 2704/1/2361
f 40/1/9 2295/1/2153 2310/1/2168 2301/1/2159 33/1/9 2409/1/2267 2415/1/2273 2407/1/2265
f 2162/1/2020 2156/1/2014 2497/1/2322 2504/1/2329
f 2228/1/2086 2222/1/2080 2564/1/2359 2570/1/2365
f 2096/1/1955 2090/1/1949 2432/1/1885 2437/1/2285
f 2309/1/2167 2296/1/2154 2638/1/2292 2652/1/2297
f 2377/1/2235 2383/1/2241 2375/1/2233 39/1/9 2155/1/2013 2161/1/2019 2153/1/2011 29/1/9
f 2221/1/2079 2227/1/2085 2219/1/2077 31/1/9 2285/1/2143 2291/1/2149 2283/1/2141 27/1/9
f 2088/1/1947 2096/1/1955 2437/1/2285 2430/1/1888
f 2286/1/2144 2293/1/2151 2636/1/1875 2628/1/2351
f 2368/1/2226 2362/1/2220 2704/1/2361 2710/1/2367
f 2084/1/1943 2078/1/1937 2000/1/1868 2426/1/2283
f 2360/1/2218 2368/1/2226 2710/1/2367 2702/1/2359
f 2226/1/2084 2220/1/2078 2562/1/2357 2568/1/2377
f 2076/1/1935 2084/1/1943 2426/1/2283 2002/1/1870
f 2121/1/1980 2127/1/1985 2119/1/1978 22/1/9 2041/1/1900 2047/1/1906 2039/1/1898 17/1/9
f 2069/1/1928 2056/1/1915 2022/1/1890 2007/1/1875
f 2080/1/1939 2074/1/1933 2004/1/1872 1997/1/1865
f 2445/1/2289 2454/1/2298 2447/1/2291 2455/1/2299 2450/1/2294 2457/1/2301 2451/1/2295 2460/1/2304
f 2461/1/2295 2470/1/2304 2463/1/2305 2471/1/2310 2466/1/2307 2473/1/2311 2467/1/2308 2476/1/2314
f 2477/1/1869 2486/1/1896 2479/1/2316 2487/1/1893 2482/1/1873 2489/1/1866 2483/1/1871 2492/1/2281
f 2493/1/2318 2502/1/2327 2495/1/2320 2503/1/2328 2498/1/2323 2505/1/2330 2499/1/2324 2508/1/2333
f 2509/1/2334 2517/1/2342 2511/1/2336 2519/1/2344 2513/1/2338 2521/1/2346 2515/1/2340 2523/1/2348
f 2525/1/1886 2533/1/1877 2528/1/2352 2536/1/1876 2530/1/1889 2538/1/2288 2532/1/2354 2539/1/1879
f 2542/1/2356 2550/1/2364 2544/1/2358 2552/1/2366 2546/1/2360 2554/1/2368 2548/1/2362 2555/1/2369
f 2558/1/2362 2566/1/2375 2559/1/2372 2567/1/2376 2561/1/2358 2569/1/2378 2563/1/2374 2571/1/2379
f 2573/1/1873 2581/1/1866 2575/1/2382 2583/1/2281 2577/1/1869 2585/1/1896 2579/1/2316 2587/1/1893
f 2589/1/2340 2597/1/2390 2591/1/2385 2599/1/2392 2594/1/2387 2602/1/2395 2596/1/2389 2603/1/2396
f 2606/1/2399 2614/1/2402 2608/1/2323 2616/1/2404 2610/1/2401 2618/1/2405 2612/1/2318 2619/1/2406
f 2622/1/1889 2630/1/2288 2624/1/2354 2632/1/1879 2626/1/1886 2633/1/1877 2627/1/2352 2635/1/1876
f 2637/1/2307 2645/1/2299 2639/1/2308 2647/1/2301 2641/1/2409 2649/1/2410 2643/1/2289 2651/1/2310
f 2653/1/1873 2661/1/2412 2655/1/2382 2663/1/2281 2657/1/1869 2665/1/1896 2660/1/2316 2667/1/1893
f 2670/1/2387 2678/1/2395 2672/1/2415 2680/1/2346 2674/1/2340 2682/1/2390 2676/1/2417 2683/1/2392
f 2686/1/1886 2694/1/1877 2688/1/2352 2696/1/1876 2690/1/1889 2698/1/2288 2692/1/2354 2699/1/1879
f 2701/1/2374 2709/1/2368 2703/1/2362 2711/1/2375 2705/1/2372 2713/1/2425 2707/1/2358 2715/1/2378
f 2717/1/1869 2725/1/2282 2719/1/2316 2727/1/1893 2721/1/1873 2729/1/1866 2723/1/2382 2731/1/2281
f 2733/1/2429 2742/1/2390 2736/1/2417 2744/1/2392 2738/1/2387 2746/1/2395 2740/1/2415 2747/1/2396
f 2750/1/2352 2758/1/1876 2752/1/1889 2760/1/2288 2754/1/2354 2762/1/1879 2756/1/1886 2763/1/1877
f 2846/2/2512 405/3/373 3017/4/2683 3016/5/2682 2765/6/2431
f 2128/1/1986 2122/1/1981 2464/1/2306 2469/1/2309
f 35/1/9 2347/1/2205 2353/1/2211 2345/1/2203 32/1/9 2253/1/2111 2259/1/2117 2251/1/2109
f 2044/1/1903 2052/1/1911 2026/1/1865 2033/1/1874
f 2194/1/2052 2188/1/2046 2529/1/2284 2535/1/1875
f 2328/1/2186 2336/1/2194 2677/1/2418 2669/1/2337
f 2394/1/2252 2402/1/2260 2743/1/2420 2735/1/2416
f 2052/1/1911 2046/1/1905 2032/1/1872 2026/1/1865
f 2336/1/2194 2330/1/2188 2671/1/2414 2677/1/2418
f 2254/1/2112 2262/1/2120 2604/1/2397 2595/1/2388
f 2395/1/2253 2401/1/2259 2393/1/2251 40/1/9 2407/1/2265 2422/1/2280 2413/1/2271 39/1/9
f 2068/1/1927 2062/1/1921 2016/1/1884 2010/1/1878
f 2188/1/2046 2196/1/2054 2537/1/1881 2529/1/2284
f 2122/1/1981 2130/1/1988 2472/1/2297 2464/1/2306
f 2277/1/2135 2264/1/2122 2605/1/2398 2620/1/2407
f 2064/1/1923 2058/1/1917 2020/1/1888 2013/1/1881
f 2196/1/2054 2190/1/2048 2531/1/2353 2537/1/1881
f 2130/1/1988 2124/1/1983 2465/1/2292 2472/1/2297
f 31/1/9 2263/1/2121 2278/1/2136 2269/1/2127 30/1/9 2279/1/2137 2294/1/2152 2285/1/2143
f 2396/1/2254 2404/1/2262 2745/1/2418 2737/1/2337
f 2330/1/2188 2338/1/2196 2679/1/2347 2671/1/2414
f 2272/1/2130 2266/1/2124 2607/1/2322 2613/1/2329
f 2404/1/2262 2398/1/2256 2739/1/2414 2745/1/2418
f 2190/1/2048 2198/1/2056 2540/1/1880 2531/1/2353
f 2331/1/2189 2337/1/2195 2329/1/2187 36/1/9 2349/1/2207 2355/1/2213 2347/1/2205 35/1/9
f 2124/1/1983 2132/1/1990 2474/1/2312 2465/1/2292
f 2037/1/1869 2030/1/1896 2035/1/1867 2027/1/1893 2034/1/1873 2025/1/1866 2031/1/1871 2024/1/1892
f 2213/1/2071 2200/1/2058 2541/1/2355 2556/1/2370
f 2125/1/1966 2131/1/1989 2123/1/1982 25/1/9 2189/1/2047 2195/1/2053 2187/1/2045 21/1/9
f 2398/1/2256 2405/1/2263 2748/1/2430 2739/1/2414
f 2056/1/1915 2064/1/1923 2013/1/1881 2022/1/1890
f 2233/1/2091 2239/1/2097 2231/1/2089 27/1/9 2199/1/2057 2214/1/2072 2205/1/2063 29/1/9
f 2332/1/2190 2340/1/2198 2681/1/2419 2673/1/2341
f 2266/1/2124 2274/1/2132 2615/1/2403 2607/1/2322
f 2421/1/2279 2408/1/2266 2749/1/2421 2764/1/1878
f 27/1/9 2283/1/2141 2289/1/2147 2281/1/2139 32/1/9 2201/1/2059 2207/1/2065 2199/1/2057
f 2340/1/2198 2334/1/2192 2675/1/2416 2681/1/2419
f 2126/1/1984 2133/1/1991 2475/1/2313 2468/1/2293
f 2274/1/2132 2268/1/2126 2609/1/2400 2615/1/2403
f 2408/1/2266 2416/1/2274 2757/1/1875 2749/1/2421
f 2058/1/1917 2066/1/1925 2012/1/1880 2020/1/1888
f 2149/1/2007 2136/1/1994 2478/1/2315 2491/1/1891
f 2416/1/2274 2410/1/2268 2751/1/2284 2757/1/1875
f 2066/1/1925 2060/1/1919 2017/1/1885 2012/1/1880
f 2334/1/2192 2341/1/2199 2684/1/2420 2675/1/2416
f 2136/1/1994 2144/1/2002 2485/1/1895 2478/1/2315
f 2268/1/2126 2276/1/2134 2617/1/2332 2609/1/2400
f 2202/1/2060 2210/1/2068 2551/1/2365 2543/1/2357
f 2357/1/2215 2344/1/2202 2685/1/2350 2700/1/1880
f 2144/1/2002 2138/1/1996 2480/1/1868 2485/1/1895
f 2276/1/2134 2270/1/2128 2611/1/2319 2617/1/2332
f 2060/1/1919 2068/1/1927 2010/1/1878 2017/1/1885
f 2345/1/2203 2351/1/2209 2343/1/2201 37/1/9 2203/1/2061 2209/1/2067 2201/1/2059 32/1/9
f 36/1/9 2365/1/2223 2371/1/2229 2363/1/2221 37/1/9 2343/1/2201 2358/1/2216 2349/1/2207
f 2410/1/2268 2418/1/2276 2759/1/1881 2751/1/2284
f 2021/1/1889 2014/1/1882 2019/1/1887 2011/1/1879 2018/1/1886 2009/1/1877 2015/1/1883 2008/1/1876
f 2352/1/2210 2346/1/2204 2687/1/2421 2693/1/1878
f 2270/1/2128 2277/1/2135 2620/1/2407 2611/1/2319
f 2418/1/2276 2412/1/2270 2753/1/2422 2759/1/1881
f 2062/1/1921 2069/1/1928 2007/1/1875 2016/1/1884
f 2204/1/2062 2212/1/2070 2553/1/2367 2545/1/2359
f 2138/1/1996 2146/1/2004 2488/1/1894 2480/1/1868
f 2293/1/2151 2280/1/2138 2621/1/2284 2636/1/1875
f 2005/1/1873 1998/1/1866 2003/1/1871 2423/1/2281 2001/1/1869 2425/1/2282 1999/1/1867 2428/1/1893
f 37/1/9 2379/1/2237 2385/1/2243 2377/1/2235 29/1/9 2205/1/2063 2211/1/2069 2203/1/2061
f 30/1/9 2139/1/1997 2145/1/2003 2137/1/1995 23/1/9 2249/1/2107 2255/1/2113 2247/1/2105
f 2280/1/2138 2288/1/2146 2629/1/1881 2621/1/2284
f 2412/1/2270 2420/1/2278 2761/1/1880 2753/1/2422
f 2346/1/2204 2354/1/2212 2695/1/1875 2687/1/2421
f 2288/1/2146 2282/1/2140 2623/1/2353 2629/1/1881
f 2420/1/2278 2414/1/2272 2755/1/2350 2761/1/1880
f 2206/1/2064 2213/1/2071 2556/1/2370 2547/1/2361
f 2354/1/2212 2348/1/2206 2689/1/2284 2695/1/1875
f 2140/1/1998 2148/1/2006 2490/1/1865 2481/1/2317
f 2078/1/1937 2085/1/1944 2427/1/1894 2000/1/1868
f 2229/1/2087 2216/1/2074 2557/1/2371 2572/1/2380
f 2269/1/2127 2275/1/2133 2267/1/2125 22/1/9 2141/1/1999 2147/1/2005 2139/1/1997 30/1/9
f 2414/1/2272 2421/1/2279 2764/1/1878 2755/1/2350
f 2085/1/1944 2072/1/1931 2006/1/1874 2427/1/1894
f 28/1/9 2215/1/2073 2230/1/2088 2221/1/2079 27/1/9 2231/1/2089 2246/1/2104 2237/1/2095
f 2348/1/2206 2356/1/2214 2697/1/1881 2689/1/2284
f 2282/1/2140 2290/1/2148 2631/1/1880 2623/1/2353
f 2429/1/1887 2438/1/1879 2431/1/1886 2439/1/1877 2434/1/1883 2441/1/2286 2435/1/1889 2444/1/2288
f 2224/1/2082 2218/1/2076 2560/1/2373 2565/1/2370
f 2356/1/2214 2350/1/2208 2691/1/2422 2697/1/1881
f 2142/1/2000 2149/1/2007 2491/1/1891 2484/1/1872
f 2290/1/2148 2284/1/2142 2625/1/2350 2631/1/1880
f 2074/1/1933 2082/1/1941 2424/1/1891 2004/1/1872
f 2165/1/2023 2152/1/2010 2494/1/2319 2507/1/2332
f 2082/1/1941 2076/1/1935 2002/1/1870 2424/1/1891
f 2350/1/2208 2357/1/2215 2700/1/1880 2691/1/2422
f 2185/1/2043 2191/1/2049 2183/1/2041 24/1/9 2151/1/2009 2166/1/2024 2157/1/2015 26/1/9
f 2284/1/2142 2292/1/2150 2634/1/1878 2625/1/2350
f 2218/1/2076 2226/1/2084 2568/1/2377 2560/1/2373
f 2373/1/2231 2360/1/2218 2702/1/2359 2716/1/2426
f 24/1/9 2235/1/2093 2241/1/2099 2233/1/2091 29/1/9 2153/1/2011 2159/1/2017 2151/1/2009
f 2292/1/2150 2286/1/2144 2628/1/2351 2634/1/1878
f 2053/1/1912 2040/1/1899 2038/1/1897 2023/1/1891
f 1847/1/1759 1920/1/1822 2879/1/2545 2808/1/2474
f 1933/1/1829 1936/1/1832 1951/1/1704 1950/1/1703
f 1844/1/1756 1911/1/1813 2872/1/2538 2803/1/2469
f 1879/1/1783 1852/1/1764 2811/1/2477 2840/1/2506
f 1928/1/1824 1863/1/1767 2824/1/2490 2887/1/2553
f 1852/1/1764 1918/1/1820 2877/1/2543 2811/1/2477
f 1857/1/1749 1881/1/1785 2842/1/2508 2818/1/2484
f 1869/1/1773 1812/1/1724 2771/1/2437 2830/1/2496
f 1860/1/1752 1924/1/1815 2883/1/2549 2819/1/2485
f 1855/1/1756 1926/1/1813 2885/1/2551 2816/1/2482
f 1896/1/1800 1817/1/1729 2778/1/2444 2855/1/2521
f 1868/1/1772 1930/1/1826 2889/1/2555 2827/1/2493
f 1881/1/1785 1860/1/1752 2819/1/2485 2842/1/2508
f 1873/1/1777 1828/1/1740 2787/1/2453 2834/1/2500
f 1887/1/1791 1805/1/1718 2766/1/2432 2848/1/2514
f 1865/1/1769 1883/1/1787 2844/1/2510 2826/1/2492
f 1908/1/1812 1833/1/1745 2794/1/2460 2867/1/2533
f 1886/1/1790 1808/1/1720 2767/1/2433 2845/1/2511
f 1863/1/1767 1932/1/1828 2891/1/2557 2824/1/2490
f 1877/1/1781 1844/1/1756 2803/1/2469 2838/1/2504
f 1810/1/1722 1869/1/1773 2830/1/2496 2769/1/2435
f 1883/1/1787 1868/1/1772 2827/1/2493 2844/1/2510
f 1920/1/1822 1849/1/1761 2810/1/2476 2879/1/2545
f 1893/1/1797 1813/1/1725 2774/1/2440 2854/1/2520
f 1926/1/1813 1857/1/1749 2818/1/2484 2885/1/2551
f 1815/1/1727 1896/1/1800 2855/1/2521 2776/1/2442
f 1932/1/1828 1865/1/1769 2826/1/2492 2891/1/2557
f 1892/1/1796 1815/1/1727 2776/1/2442 2851/1/2517
f 1808/1/1720 1889/1/1793 2850/1/2516 2767/1/2433
f 1899/1/1803 1821/1/1733 2782/1/2448 2860/1/2526
f 1813/1/1725 1892/1/1796 2851/1/2517 2774/1/2440
f 1898/1/1802 1824/1/1736 2783/1/2449 2857/1/2523
f 1889/1/1793 1810/1/1722 2769/1/2435 2850/1/2516
f 1826/1/1738 1873/1/1777 2834/1/2500 2785/1/2451
f 1817/1/1729 1871/1/1775 2832/1/2498 2778/1/2444
f 1905/1/1809 1829/1/1741 2790/1/2456 2866/1/2532
f 1821/1/1733 1898/1/1802 2857/1/2523 2782/1/2448
f 1831/1/1743 1908/1/1812 2867/1/2533 2792/1/2458
f 1871/1/1775 1820/1/1732 2779/1/2445 2832/1/2498
f 1904/1/1808 1831/1/1743 2792/1/2458 2863/1/2529
f 1824/1/1736 1901/1/1805 2862/1/2528 2783/1/2449
f 1911/1/1813 1837/1/1749 2798/1/2464 2872/1/2538
f 1829/1/1741 1904/1/1808 2863/1/2529 2790/1/2456
f 1910/1/1785 1840/1/1752 2799/1/2465 2869/1/2535
f 1901/1/1805 1826/1/1738 2785/1/2451 2862/1/2528
f 1842/1/1754 1877/1/1781 2838/1/2504 2801/1/2467
f 1833/1/1745 1875/1/1779 2836/1/2502 2794/1/2460
f 1918/1/1820 1845/1/1757 2806/1/2472 2877/1/2543
f 1837/1/1749 1910/1/1785 2869/1/2535 2798/1/2464
f 1853/1/1469 1922/1/1781 2881/1/2547 2814/1/2480
f 1875/1/1779 1836/1/1748 2795/1/2461 2836/1/2502
f 1916/1/1818 1847/1/1759 2808/1/2474 2875/1/2541
f 1840/1/1752 1913/1/1815 2874/1/2540 2799/1/2465
f 1924/1/1815 1853/1/1469 2814/1/2480 2883/1/2549
f 1812/1/1724 1887/1/1791 2848/1/2514 2771/1/2437
f 1845/1/1757 1916/1/1818 2875/1/2541 2806/1/2472
f 1861/1/1765 1928/1/1824 2887/1/2553 2822/1/2488
f 1820/1/1732 1893/1/1797 2854/1/2520 2779/1/2445
f 1913/1/1815 1842/1/1754 2801/1/2467 2874/1/2540
f 1922/1/1781 1855/1/1756 2816/1/2482 2881/1/2547
f 1828/1/1740 1899/1/1803 2860/1/2526 2787/1/2453
f 1849/1/1761 1879/1/1783 2840/1/2506 2810/1/2476
f 1930/1/1826 1861/1/1765 2822/1/2488 2889/1/2555
f 1836/1/1748 1905/1/1809 2866/1/2532 2795/1/2461
f 126/7/94 2908/8/2574 2906/9/2572 125/10/93
f 43/11/11 46/12/14 45/13/13 42/1/10
f 44/14/12 47/15/15 46/12/14 43/11/11
f 2897/16/2563 49/17/17 48/18/16 2894/19/2560
f 2899/20/2565 50/21/18 49/17/17 2897/22/2563
f 2901/23/2567 51/24/19 50/21/18 2899/25/2565
f 2902/26/2568 52/27/20 51/24/19 2901/28/2567
f 42/29/10 45/30/13 52/27/20 2902/31/2568 2904/32/2570
f 45/30/13 53/33/21 60/34/28 52/27/20
f 46/12/14 54/35/22 53/36/21 45/13/13
f 47/15/15 55/37/23 54/35/22 46/12/14
f 48/18/16 56/38/24 55/37/23 47/15/15
f 49/17/17 57/39/25 56/38/24 48/18/16
f 50/21/18 58/40/26 57/39/25 49/17/17
f 51/24/19 59/41/27 58/40/26 50/21/18
f 52/27/20 60/34/28 59/41/27 51/24/19
f 53/33/21 61/42/29 68/43/36 60/34/28
f 54/35/22 62/44/30 61/45/29 53/36/21
f 55/37/23 63/46/31 62/44/30 54/35/22
f 56/38/24 64/47/32 63/46/31 55/37/23
f 57/39/25 65/48/33 64/47/32 56/38/24
f 58/40/26 66/49/34 65/48/33 57/39/25
f 59/41/27 67/50/35 66/49/34 58/40/26
f 60/34/28 68/43/36 67/50/35 59/41/27
f 61/42/29 69/51/37 76/52/44 68/43/36
f 62/44/30 70/53/38 69/54/37 61/45/29
f 63/46/31 71/55/39 70/53/38 62/44/30
f 64/47/32 72/56/40 71/55/39 63/46/31
f 65/48/33 73/57/41 72/56/40 64/47/32
f 66/49/34 74/58/42 73/57/41 65/48/33
f 67/50/35 75/59/43 74/58/42 66/49/34
f 68/43/36 76/52/44 75/59/43 67/50/35
f 69/51/37 77/60/45 84/61/52 76/52/44
f 70/53/38 78/62/46 77/63/45 69/54/37
f 71/55/39 79/64/47 78/62/46 70/53/38
f 72/56/40 80/65/48 79/64/47 71/55/39
f 73/57/41 81/66/49 80/65/48 72/56/40
f 74/58/42 82/67/50 81/66/49 73/57/41
f 75/59/43 83/68/51 82/67/50 74/58/42
f 76/52/44 84/61/52 83/68/51 75/59/43
f 77/60/45 85/69/53 92/70/60 84/61/52
f 78/62/46 86/71/54 85/72/53 77/63/45
f 79/64/47 87/73/55 86/71/54 78/62/46
f 80/65/48 88/74/56 87/73/55 79/64/47
f 81/66/49 89/75/57 88/74/56 80/65/48
f 82/67/50 90/76/58 89/75/57 81/66/49
f 83/68/51 91/77/59 90/76/58 82/67/50
f 84/61/52 92/70/60 91/77/59 83/68/51
f 85/69/53 93/78/61 100/79/68 92/70/60
f 86/71/54 94/80/62 93/81/61 85/72/53
f 87/73/55 95/82/63 94/80/62 86/71/54
f 88/74/56 96/83/64 95/82/63 87/73/55
f 89/75/57 97/84/65 96/83/64 88/74/56
f 90/76/58 98/85/66 97/84/65 89/75/57
f 91/77/59 99/86/67 98/85/66 90/76/58
f 92/70/60 100/79/68 99/86/67 91/77/59
f 93/78/61 101/87/69 108/88/76 100/79/68
f 94/80/62 102/89/70 101/90/69 93/81/61
f 95/82/63 103/91/71 102/89/70 94/80/62
f 96/83/64 104/92/72 103/91/71 95/82/63
f 97/84/65 105/93/73 104/92/72 96/83/64
f 98/85/66 106/94/74 105/93/73 97/84/65
f 99/86/67 107/95/75 106/94/74 98/85/66
f 100/79/68 108/88/76 107/95/75 99/86/67
f 101/87/69 109/96/77 116/97/84 108/88/76
f 102/89/70 110/98/78 109/99/77 101/90/69
f 103/91/71 111/100/79 110/98/78 102/89/70
f 104/92/72 112/101/80 111/100/79 103/91/71
f 105/93/73 113/102/81 112/101/80 104/92/72
f 106/94/74 114/103/82 113/102/81 105/93/73
f 107/95/75 115/104/83 114/103/82 106/94/74
f 108/88/76 116/97/84 115/104/83 107/95/75
f 109/96/77 117/105/85 124/106/92 116/97/84
f 110/98/78 118/107/86 117/108/85 109/99/77
f 111/100/79 119/109/87 118/107/86 110/98/78
f 112/101/80 120/110/88 119/109/87 111/100/79
f 113/102/81 121/111/89 120/110/88 112/101/80
f 114/103/82 122/112/90 121/111/89 113/102/81
f 115/104/83 123/113/91 122/112/90 114/103/82
f 116/97/84 124/106/92 123/113/91 115/104/83
f 117/105/85 125/114/93 132/115/100 124/106/92
f 118/107/86 126/7/94 125/10/93 117/108/85
f 119/109/87 127/116/95 126/7/94 118/107/86
f 120/110/88 128/117/96 127/116/95 119/109/87
f 121/111/89 129/118/97 128/117/96 120/110/88
f 122/112/90 130/119/98 129/118/97 121/111/89
f 123/113/91 131/120/99 130/119/98 122/112/90
f 124/106/92 132/115/100 131/120/99 123/113/91
f 2919/121/2585 2905/122/2571 2907/123/2573 2909/124/2575 2911/125/2577 2913/126/2579 2915/127/2581 2917/128/2583
f 125/114/93 2906/129/2572 2920/130/2586 132/115/100
f 128/117/96 2912/131/2578 2910/132/2576 127/116/95
f 129/118/97 2914/133/2580 2912/134/2578 128/117/96
f 130/119/98 2916/135/2582 2914/136/2580 129/118/97
f 131/120/99 2918/137/2584 2916/138/2582 130/119/98
f 132/115/100 2920/139/2586 2918/137/2584 131/120/99
f 2922/140/2588 135/30/103 142/141/110 2933/142/2599
f 2924/143/2590 136/144/104 135/13/103 2922/145/2588
f 2926/146/2592 137/147/105 136/144/104 2924/148/2590
f 2927/149/2593 138/150/106 137/147/105 2926/151/2592
f 133/152/101 139/153/107 138/150/106 2927/154/2593 2929/155/2595
f 2932/156/2598 2931/157/2597 141/158/109 140/159/108 134/160/102
f 134/160/102 140/159/108 139/153/107 133/152/101
f 2933/161/2599 142/141/110 141/158/109 2931/162/2597
f 216/163/184 2938/164/2604 2936/165/2602 215/166/183
f 135/30/103 143/167/111 150/34/118 142/141/110
f 136/144/104 144/168/112 143/36/111 135/13/103
f 137/147/105 145/169/113 144/168/112 136/144/104
f 138/150/106 146/170/114 145/169/113 137/147/105
f 139/153/107 147/171/115 146/170/114 138/150/106
f 140/159/108 148/172/116 147/171/115 139/153/107
f 141/158/109 149/173/117 148/172/116 140/159/108
f 142/141/110 150/34/118 149/173/117 141/158/109
f 143/167/111 151/42/119 158/174/126 150/34/118
f 144/168/112 152/175/120 151/45/119 143/36/111
f 145/169/113 153/176/121 152/175/120 144/168/112
f 146/170/114 154/177/122 153/176/121 145/169/113
f 147/171/115 155/178/123 154/177/122 146/170/114
f 148/172/116 156/179/124 155/178/123 147/171/115
f 149/173/117 157/180/125 156/179/124 148/172/116
f 150/34/118 158/174/126 157/180/125 149/173/117
f 151/42/119 159/51/127 166/181/134 158/174/126
f 152/175/120 160/182/128 159/183/127 151/45/119
f 153/176/121 161/55/129 160/182/128 152/175/120
f 154/177/122 162/56/130 161/55/129 153/176/121
f 155/178/123 163/184/131 162/56/130 154/177/122
f 156/179/124 164/185/132 163/184/131 155/178/123
f 157/180/125 165/186/133 164/185/132 156/179/124
f 158/174/126 166/181/134 165/186/133 157/180/125
f 159/51/127 167/187/135 174/188/142 166/181/134
f 160/182/128 168/189/136 167/190/135 159/183/127
f 161/55/129 169/191/137 168/189/136 160/182/128
f 162/56/130 170/192/138 169/191/137 161/55/129
f 163/184/131 171/193/139 170/192/138 162/56/130
f 164/185/132 172/194/140 171/193/139 163/184/131
f 165/186/133 173/195/141 172/194/140 164/185/132
f 166/181/134 174/188/142 173/195/141 165/186/133
f 167/187/135 175/69/143 182/196/150 174/188/142
f 168/189/136 176/197/144 175/72/143 167/190/135
f 169/191/137 177/73/145 176/197/144 168/189/136
f 170/192/138 178/198/146 177/73/145 169/191/137
f 171/193/139 179/199/147 178/198/146 170/192/138
f 172/194/140 180/200/148 179/199/147 171/193/139
f 173/195/141 181/201/149 180/200/148 172/194/140
f 174/188/142 182/196/150 181/201/149 173/195/141
f 175/69/143 183/202/151 190/203/158 182/196/150
f 176/197/144 184/204/152 183/205/151 175/72/143
f 177/73/145 185/206/153 184/204/152 176/197/144
f 178/198/146 186/207/154 185/206/153 177/73/145
f 179/199/147 187/208/155 186/207/154 178/198/146
f 180/200/148 188/209/156 187/208/155 179/199/147
f 181/201/149 189/210/157 188/209/156 180/200/148
f 182/196/150 190/203/158 189/210/157 181/201/149
f 183/202/151 191/211/159 198/212/166 190/203/158
f 184/204/152 192/213/160 191/214/159 183/205/151
f 185/206/153 193/215/161 192/213/160 184/204/152
f 186/207/154 194/216/162 193/215/161 185/206/153
f 187/208/155 195/217/163 194/216/162 186/207/154
f 188/209/156 196/218/164 195/217/163 187/208/155
f 189/210/157 197/95/165 196/218/164 188/209/156
f 190/203/158 198/212/166 197/95/165 189/210/157
f 191/211/159 199/96/167 206/219/174 198/212/166
f 192/213/160 200/220/168 199/221/167 191/214/159
f 193/215/161 201/222/169 200/220/168 192/213/160
f 194/216/162 202/223/170 201/222/169 193/215/161
f 195/217/163 203/224/171 202/223/170 194/216/162
f 196/218/164 204/225/172 203/224/171 195/217/163
f 197/95/165 205/226/173 204/225/172 196/218/164
f 198/212/166 206/219/174 205/226/173 197/95/165
f 199/96/167 207/227/175 214/228/182 206/219/174
f 200/220/168 208/229/176 207/230/175 199/221/167
f 201/222/169 209/231/177 208/229/176 200/220/168
f 202/223/170 210/232/178 209/231/177 201/222/169
f 203/224/171 211/233/179 210/232/178 202/223/170
f 204/225/172 212/234/180 211/233/179 203/224/171
f 205/226/173 213/235/181 212/234/180 204/225/172
f 206/219/174 214/228/182 213/235/181 205/226/173
f 207/227/175 215/236/183 222/237/190 214/228/182
f 208/229/176 216/163/184 215/166/183 207/230/175
f 209/231/177 217/238/185 216/163/184 208/229/176
f 210/232/178 218/239/186 217/238/185 209/231/177
f 211/233/179 219/240/187 218/239/186 210/232/178
f 212/234/180 220/119/188 219/240/187 211/233/179
f 213/235/181 221/241/189 220/119/188 212/234/180
f 214/228/182 222/237/190 221/241/189 213/235/181
f 2946/242/2612 2935/243/2601 2937/244/2603 2939/245/2605 2941/246/2607 2943/247/2609 223/248/191 224/249/192
f 215/236/183 2936/250/2602 2945/251/2611 222/237/190
f 218/239/186 2942/252/2608 2940/253/2606 217/238/185
f 219/240/187 2944/254/2610 2942/255/2608 218/239/186
f 220/119/188 223/248/191 2943/256/2609 2944/257/2610 219/240/187
f 222/237/190 2945/258/2611 2946/259/2612 224/249/192 221/241/189
f 221/241/189 224/249/192 223/248/191 220/119/188
f 2949/260/2615 2948/261/2614 231/262/199 230/15/198 227/263/195
f 309/264/277 2962/265/2628 2960/266/2626 308/267/276
f 226/268/194 229/269/197 228/270/196 225/1/193
f 227/263/195 230/15/198 229/269/197 226/268/194
f 2951/271/2617 232/272/200 231/262/199 2948/273/2614
f 2953/274/2619 233/275/201 232/272/200 2951/276/2617
f 2955/277/2621 234/24/202 233/275/201 2953/278/2619
f 2956/279/2622 235/141/203 234/24/202 2955/280/2621
f 225/29/193 228/281/196 235/141/203 2956/282/2622 2958/283/2624
f 228/281/196 236/167/204 243/34/211 235/141/203
f 229/269/197 237/284/205 236/285/204 228/270/196
f 230/15/198 238/286/206 237/284/205 229/269/197
f 231/262/199 239/287/207 238/286/206 230/15/198
f 232/272/200 240/171/208 239/287/207 231/262/199
f 233/275/201 241/288/209 240/171/208 232/272/200
f 234/24/202 242/289/210 241/288/209 233/275/201
f 235/141/203 243/34/211 242/289/210 234/24/202
f 236/167/204 244/42/212 251/290/219 243/34/211
f 237/284/205 245/44/213 244/291/212 236/285/204
f 238/286/206 246/46/214 245/44/213 237/284/205
f 239/287/207 247/292/215 246/46/214 238/286/206
f 240/171/208 248/178/216 247/292/215 239/287/207
f 241/288/209 249/293/217 248/178/216 240/171/208
f 242/289/210 250/50/218 249/293/217 241/288/209
f 243/34/211 251/290/219 250/50/218 242/289/210
f 244/42/212 252/294/220 259/295/227 251/290/219
f 245/44/213 253/296/221 252/297/220 244/291/212
f 246/46/214 254/55/222 253/296/221 245/44/213
f 247/292/215 255/298/223 254/55/222 246/46/214
f 248/178/216 256/299/224 255/298/223 247/292/215
f 249/293/217 257/185/225 256/299/224 248/178/216
f 250/50/218 258/300/226 257/185/225 249/293/217
f 251/290/219 259/295/227 258/300/226 250/50/218
f 252/294/220 260/60/228 267/301/235 259/295/227
f 253/296/221 261/189/229 260/302/228 252/297/220
f 254/55/222 262/64/230 261/189/229 253/296/221
f 255/298/223 263/303/231 262/64/230 254/55/222
f 256/299/224 264/304/232 263/303/231 255/298/223
f 257/185/225 265/305/233 264/304/232 256/299/224
f 258/300/226 266/306/234 265/305/233 257/185/225
f 259/295/227 267/301/235 266/306/234 258/300/226
f 260/60/228 268/69/236 275/70/243 267/301/235
f 261/189/229 269/307/237 268/308/236 260/302/228
f 262/64/230 270/309/238 269/307/237 261/189/229
f 263/303/231 271/310/239 270/309/238 262/64/230
f 264/304/232 272/311/240 271/310/239 263/303/231
f 265/305/233 273/200/241 272/311/240 264/304/232
f 266/306/234 274/201/242 273/200/241 265/305/233
f 267/301/235 275/70/243 274/201/242 266/306/234
f 268/69/236 276/202/244 283/203/251 275/70/243
f 269/307/237 277/312/245 276/81/244 268/308/236
f 270/309/238 278/313/246 277/312/245 269/307/237
f 271/310/239 279/83/247 278/313/246 270/309/238
f 272/311/240 280/314/248 279/83/247 271/310/239
f 273/200/241 281/315/249 280/314/248 272/311/240
f 274/201/242 282/316/250 281/315/249 273/200/241
f 275/70/243 283/203/251 282/316/250 274/201/242
f 276/202/244 284/87/252 291/317/259 283/203/251
f 277/312/245 285/318/253 284/319/252 276/81/244
f 278/313/246 286/215/254 285/318/253 277/312/245
f 279/83/247 287/92/255 286/215/254 278/313/246
f 280/314/248 288/320/256 287/92/255 279/83/247
f 281/315/249 289/321/257 288/320/256 280/314/248
f 282/316/250 290/322/258 289/321/257 281/315/249
f 283/203/251 291/317/259 290/322/258 282/316/250
f 284/87/252 292/96/260 299/219/267 291/317/259
f 285/318/253 293/323/261 292/221/260 284/319/252
f 286/215/254 294/324/262 293/323/261 285/318/253
f 287/92/255 295/223/263 294/324/262 286/215/254
f 288/320/256 296/325/264 295/223/263 287/92/255
f 289/321/257 297/326/265 296/325/264 288/320/256
f 290/322/258 298/226/266 297/326/265 289/321/257
f 291/317/259 299/219/267 298/226/266 290/322/258
f 292/96/260 300/227/268 307/228/275 299/219/267
f 293/323/261 301/327/269 300/328/268 292/221/260
f 294/324/262 302/329/270 301/327/269 293/323/261
f 295/223/263 303/330/271 302/329/270 294/324/262
f 296/325/264 304/233/272 303/330/271 295/223/263
f 297/326/265 305/331/273 304/233/272 296/325/264
f 298/226/266 306/113/274 305/331/273 297/326/265
f 299/219/267 307/228/275 306/113/274 298/226/266
f 300/227/268 308/332/276 315/333/283 307/228/275
f 301/327/269 309/264/277 308/267/276 300/328/268
f 302/329/270 310/334/278 309/264/277 301/327/269
f 303/330/271 311/335/279 310/334/278 302/329/270
f 304/233/272 312/336/280 311/335/279 303/330/271
f 305/331/273 313/119/281 312/336/280 304/233/272
f 306/113/274 314/337/282 313/119/281 305/331/273
f 307/228/275 315/333/283 314/337/282 306/113/274
f 2973/121/2639 2959/338/2625 2961/339/2627 2963/340/2629 2965/341/2631 2967/342/2633 2969/343/2635 2971/344/2637
f 308/332/276 2960/345/2626 2974/346/2640 315/333/283
f 311/335/279 2966/347/2632 2964/348/2630 310/334/278
f 312/336/280 2968/349/2634 2966/347/2632 311/335/279
f 313/119/281 2970/350/2636 2968/351/2634 312/336/280
f 314/337/282 2972/352/2638 2970/353/2636 313/119/281
f 315/333/283 2974/346/2640 2972/354/2638 314/337/282
f 2976/355/2642 316/356/284 323/357/291 2989/358/2655
f 2978/359/2644 317/360/285 316/270/284 2976/361/2642
f 2980/362/2646 318/363/286 317/360/285 2978/364/2644
f 2982/365/2648 319/366/287 318/363/286 2980/367/2646
f 2984/368/2650 320/369/288 319/366/287 2982/370/2648
f 2986/371/2652 321/372/289 320/369/288 2984/373/2650
f 2988/374/2654 322/24/290 321/372/289 2986/375/2652
f 2989/376/2655 323/357/291 322/24/290 2988/377/2654
f 397/378/365 404/379/372 2991/380/2657 2992/381/2658 396/10/364
f 316/356/284 324/382/292 331/383/299 323/357/291
f 317/360/285 325/168/293 324/384/292 316/270/284
f 318/363/286 326/385/294 325/168/293 317/360/285
f 319/366/287 327/386/295 326/385/294 318/363/286
f 320/369/288 328/171/296 327/386/295 319/366/287
f 321/372/289 329/387/297 328/171/296 320/369/288
f 322/24/290 330/173/298 329/387/297 321/372/289
f 323/357/291 331/383/299 330/173/298 322/24/290
f 324/382/292 332/42/300 339/388/307 331/383/299
f 325/168/293 333/44/301 332/45/300 324/384/292
f 326/385/294 334/389/302 333/44/301 325/168/293
f 327/386/295 335/390/303 334/389/302 326/385/294
f 328/171/296 336/178/304 335/390/303 327/386/295
f 329/387/297 337/293/305 336/178/304 328/171/296
f 330/173/298 338/50/306 337/293/305 329/387/297
f 331/383/299 339/388/307 338/50/306 330/173/298
f 332/42/300 340/391/308 347/392/315 339/388/307
f 333/44/301 341/182/309 340/297/308 332/45/300
f 334/389/302 342/393/310 341/182/309 333/44/301
f 335/390/303 343/394/311 342/393/310 334/389/302
f 336/178/304 344/184/312 343/394/311 335/390/303
f 337/293/305 345/395/313 344/184/312 336/178/304
f 338/50/306 346/300/314 345/395/313 337/293/305
f 339/388/307 347/392/315 346/300/314 338/50/306
f 340/391/308 348/187/316 355/396/323 347/392/315
f 341/182/309 349/397/317 348/398/316 340/297/308
f 342/393/310 350/64/318 349/397/317 341/182/309
f 343/394/311 351/303/319 350/64/318 342/393/310
f 344/184/312 352/66/320 351/303/319 343/394/311
f 345/395/313 353/399/321 352/66/320 344/184/312
f 346/300/314 354/306/322 353/399/321 345/395/313
f 347/392/315 355/396/323 354/306/322 346/300/314
f 348/187/316 356/69/324 363/400/331 355/396/323
f 349/397/317 357/197/325 356/72/324 348/398/316
f 350/64/318 358/73/326 357/197/325 349/397/317
f 351/303/319 359/198/327 358/73/326 350/64/318
f 352/66/320 360/199/328 359/198/327 351/303/319
f 353/399/321 361/401/329 360/199/328 352/66/320
f 354/306/322 362/402/330 361/401/329 353/399/321
f 355/396/323 363/400/331 362/402/330 354/306/322
f 356/69/324 364/202/332 371/203/339 363/400/331
f 357/197/325 365/403/333 364/81/332 356/72/324
f 358/73/326 366/313/334 365/403/333 357/197/325
f 359/198/327 367/404/335 366/313/334 358/73/326
f 360/199/328 368/405/336 367/404/335 359/198/327
f 361/401/329 369/315/337 368/405/336 360/199/328
f 362/402/330 370/406/338 369/315/337 361/401/329
f 363/400/331 371/203/339 370/406/338 362/402/330
f 364/202/332 372/407/340 379/408/347 371/203/339
f 365/403/333 373/409/341 372/410/340 364/81/332
f 366/313/334 374/411/342 373/409/341 365/403/333
f 367/404/335 375/216/343 374/411/342 366/313/334
f 368/405/336 376/412/344 375/216/343 367/404/335
f 369/315/337 377/413/345 376/412/344 368/405/336
f 370/406/338 378/322/346 377/413/345 369/315/337
f 371/203/339 379/408/347 378/322/346 370/406/338
f 372/407/340 380/96/348 387/414/355 379/408/347
f 373/409/341 381/415/349 380/221/348 372/410/340
f 374/411/342 382/222/350 381/415/349 373/409/341
f 375/216/343 383/223/351 382/222/350 374/411/342
f 376/412/344 384/102/352 383/223/351 375/216/343
f 377/413/345 385/416/353 384/102/352 376/412/344
f 378/322/346 386/226/354 385/416/353 377/413/345
f 379/408/347 387/414/355 386/226/354 378/322/346
f 380/96/348 388/105/356 395/228/363 387/414/355
f 381/415/349 389/417/357 388/108/356 380/221/348
f 382/222/350 390/418/358 389/417/357 381/415/349
f 383/223/351 391/419/359 390/418/358 382/222/350
f 384/102/352 392/111/360 391/419/359 383/223/351
f 385/416/353 393/234/361 392/111/360 384/102/352
f 386/226/354 394/420/362 393/234/361 385/416/353
f 387/414/355 395/228/363 394/420/362 386/226/354
f 388/105/356 396/421/364 403/237/371 395/228/363
f 389/417/357 397/378/365 396/10/364 388/108/356
f 390/418/358 398/334/366 397/378/365 389/417/357
f 391/419/359 399/422/367 398/334/366 390/418/358
f 392/111/360 400/336/368 399/422/367 391/419/359
f 393/234/361 401/119/369 400/336/368 392/111/360
f 394/420/362 402/241/370 401/119/369 393/234/361
f 395/228/363 403/237/371 402/241/370 394/420/362
f 3003/423/2669 2991/424/2657 404/379/372 2994/425/2660 2995/426/2661 2997/427/2663 2999/343/2665 3001/428/2667
f 396/421/364 2992/429/2658 3004/430/2670 403/237/371
f 400/336/368 2998/431/2664 2996/432/2662 399/422/367
f 398/334/366 2993/433/2659 2994/434/2660 404/379/372 397/378/365
f 401/119/369 3000/435/2666 2998/436/2664 400/336/368
f 402/241/370 3002/437/2668 3000/438/2666 401/119/369
f 403/237/371 3004/439/2670 3002/440/2668 402/241/370
f 3006/441/2672 406/30/374 413/442/381 3019/443/2685
f 3008/444/2674 407/445/375 406/13/374 3006/446/2672
f 3010/447/2676 408/448/376 407/445/375 3008/449/2674
f 3012/450/2678 409/18/377 408/448/376 3010/451/2676
f 3014/452/2680 410/453/378 409/18/377 3012/454/2678
f 3015/455/2681 411/456/379 410/453/378 3014/457/2680
f 405/3/373 412/458/380 411/456/379 3015/459/2681 3017/460/2683
f 3020/461/2686 3019/462/2685 413/442/381 412/458/380 405/3/373
f 487/264/455 494/463/462 3021/464/2687 3022/465/2688 486/166/454
f 406/30/374 414/382/382 421/466/389 413/442/381
f 407/445/375 415/35/383 414/467/382 406/13/374
f 408/448/376 416/468/384 415/35/383 407/445/375
f 409/18/377 417/386/385 416/468/384 408/448/376
f 410/453/378 418/171/386 417/386/385 409/18/377
f 411/456/379 419/469/387 418/171/386 410/453/378
f 412/458/380 420/289/388 419/469/387 411/456/379
f 413/442/381 421/466/389 420/289/388 412/458/380
f 414/382/382 422/42/390 429/43/397 421/466/389
f 415/35/383 423/44/391 422/45/390 414/467/382
f 416/468/384 424/470/392 423/44/391 415/35/383
f 417/386/385 425/390/393 424/470/392 416/468/384
f 418/171/386 426/178/394 425/390/393 417/386/385
f 419/469/387 427/471/395 426/178/394 418/171/386
f 420/289/388 428/50/396 427/471/395 419/469/387
f 421/466/389 429/43/397 428/50/396 420/289/388
f 422/42/390 430/391/398 437/472/405 429/43/397
f 423/44/391 431/473/399 430/474/398 422/45/390
f 424/470/392 432/475/400 431/473/399 423/44/391
f 425/390/393 433/476/401 432/475/400 424/470/392
f 426/178/394 434/477/402 433/476/401 425/390/393
f 427/471/395 435/478/403 434/477/402 426/178/394
f 428/50/396 436/479/404 435/478/403 427/471/395
f 429/43/397 437/472/405 436/479/404 428/50/396
f 430/391/398 438/60/406 445/61/413 437/472/405
f 431/473/399 439/480/407 438/398/406 430/474/398
f 432/475/400 440/64/408 439/480/407 431/473/399
f 433/476/401 441/481/409 440/64/408 432/475/400
f 434/477/402 442/482/410 441/481/409 433/476/401
f 435/478/403 443/194/411 442/482/410 434/477/402
f 436/479/404 444/306/412 443/194/411 435/478/403
f 437/472/405 445/61/413 444/306/412 436/479/404
f 438/60/406 446/69/414 453/70/421 445/61/413
f 439/480/407 447/197/415 446/308/414 438/398/406
f 440/64/408 448/73/416 447/197/415 439/480/407
f 441/481/409 449/483/417 448/73/416 440/64/408
f 442/482/410 450/199/418 449/483/417 441/481/409
f 443/194/411 451/200/419 450/199/418 442/482/410
f 444/306/412 452/484/420 451/200/419 443/194/411
f 445/61/413 453/70/421 452/484/420 444/306/412
f 446/69/414 454/202/422 461/485/429 453/70/421
f 447/197/415 455/312/423 454/486/422 446/308/414
f 448/73/416 456/313/424 455/312/423 447/197/415
f 449/483/417 457/487/425 456/313/424 448/73/416
f 450/199/418 458/488/426 457/487/425 449/483/417
f 451/200/419 459/209/427 458/488/426 450/199/418
f 452/484/420 460/210/428 459/209/427 451/200/419
f 453/70/421 461/485/429 460/210/428 452/484/420
f 454/202/422 462/211/430 469/489/437 461/485/429
f 455/312/423 463/409/431 462/319/430 454/486/422
f 456/313/424 464/411/432 463/409/431 455/312/423
f 457/487/425 465/490/433 464/411/432 456/313/424
f 458/488/426 466/491/434 465/490/433 457/487/425
f 459/209/427 467/492/435 466/491/434 458/488/426
f 460/210/428 468/95/436 467/492/435 459/209/427
f 461/485/429 469/489/437 468/95/436 460/210/428
f 462/211/430 470/96/438 477/219/445 469/489/437
f 463/409/431 471/323/439 470/221/438 462/319/430
f 464/411/432 472/493/440 471/323/439 463/409/431
f 465/490/433 473/223/441 472/493/440 464/411/432
f 466/491/434 474/494/442 473/223/441 465/490/433
f 467/492/435 475/326/443 474/494/442 466/491/434
f 468/95/436 476/495/444 475/326/443 467/492/435
f 469/489/437 477/219/445 476/495/444 468/95/436
f 470/96/438 478/227/446 485/496/453 477/219/445
f 471/323/439 479/497/447 478/108/446 470/221/438
f 472/493/440 480/498/448 479/497/447 471/323/439
f 473/223/441 481/499/449 480/498/448 472/493/440
f 474/494/442 482/111/450 481/499/449 473/223/441
f 475/326/443 483/112/451 482/111/450 474/494/442
f 476/495/444 484/420/452 483/112/451 475/326/443
f 477/219/445 485/496/453 484/420/452 476/495/444
f 478/227/446 486/500/454 493/501/461 485/496/453
f 479/497/447 487/264/455 486/166/454 478/108/446
f 480/498/448 488/502/456 487/264/455 479/497/447
f 481/499/449 489/503/457 488/502/456 480/498/448
f 482/111/450 490/504/458 489/503/457 481/499/449
f 483/112/451 491/505/459 490/504/458 482/111/450
f 484/420/452 492/506/460 491/505/459 483/112/451
f 485/496/453 493/501/461 492/506/460 484/420/452
f 3031/507/2697 3021/508/2687 494/463/462 495/509/463 3024/510/2690 3025/511/2691 3027/512/2693 3029/513/2695
f 486/500/454 3022/514/2688 3032/515/2698 493/501/461
f 488/502/456 495/509/463 494/463/462 487/264/455
f 491/505/459 3028/516/2694 3026/517/2692 490/504/458
f 489/503/457 3023/518/2689 3024/510/2690 495/509/463 488/502/456
f 492/506/460 3030/519/2696 3028/520/2694 491/505/459
f 493/501/461 3032/521/2698 3030/519/2696 492/506/460
f 3034/522/2700 496/356/464 503/523/471 3049/524/2715
f 3036/525/2702 497/526/465 496/527/464 3034/528/2700
f 3038/529/2704 498/530/466 497/526/465 3036/531/2702
f 3040/532/2706 499/18/467 498/530/466 3038/533/2704
f 3041/534/2707 500/535/468 499/18/467 3040/536/2706
f 3046/537/2712 3045/538/2711 501/456/469 500/535/468 3041/539/2707 3043/540/2709
f 3048/541/2714 502/24/470 501/456/469 3045/542/2711
f 3049/543/2715 503/523/471 502/24/470 3048/544/2714
f 577/545/545 3054/546/2720 3052/547/2718 576/166/544
f 496/356/464 504/382/472 511/548/479 503/523/471
f 497/526/465 505/168/473 504/36/472 496/527/464
f 498/530/466 506/549/474 505/168/473 497/526/465
f 499/18/467 507/550/475 506/549/474 498/530/466
f 500/535/468 508/171/476 507/550/475 499/18/467
f 501/456/469 509/551/477 508/171/476 500/535/468
f 502/24/470 510/552/478 509/551/477 501/456/469
f 503/523/471 511/548/479 510/552/478 502/24/470
f 504/382/472 512/553/480 519/554/487 511/548/479
f 505/168/473 513/44/481 512/291/480 504/36/472
f 506/549/474 514/46/482 513/44/481 505/168/473
f 507/550/475 515/555/483 514/46/482 506/549/474
f 508/171/476 516/556/484 515/555/483 507/550/475
f 509/551/477 517/471/485 516/556/484 508/171/476
f 510/552/478 518/50/486 517/471/485 509/551/477
f 511/548/479 519/554/487 518/50/486 510/552/478
f 512/553/480 520/557/488 527/181/495 519/554/487
f 513/44/481 521/473/489 520/183/488 512/291/480
f 514/46/482 522/393/490 521/473/489 513/44/481
f 515/555/483 523/394/491 522/393/490 514/46/482
f 516/556/484 524/184/492 523/394/491 515/555/483
f 517/471/485 525/558/493 524/184/492 516/556/484
f 518/50/486 526/559/494 525/558/493 517/471/485
f 519/554/487 527/181/495 526/559/494 518/50/486
f 520/557/488 528/60/496 535/188/503 527/181/495
f 521/473/489 529/560/497 528/302/496 520/183/488
f 522/393/490 530/561/498 529/560/497 521/473/489
f 523/394/491 531/562/499 530/561/498 522/393/490
f 524/184/492 532/66/500 531/562/499 523/394/491
f 525/558/493 533/563/501 532/66/500 524/184/492
f 526/559/494 534/564/502 533/563/501 525/558/493
f 527/181/495 535/188/503 534/564/502 526/559/494
f 528/60/496 536/69/504 543/565/511 535/188/503
f 529/560/497 537/566/505 536/72/504 528/302/496
f 530/561/498 538/73/506 537/566/505 529/560/497
f 531/562/499 539/198/507 538/73/506 530/561/498
f 532/66/500 540/199/508 539/198/507 531/562/499
f 533/563/501 541/567/509 540/199/508 532/66/500
f 534/564/502 542/568/510 541/567/509 533/563/501
f 535/188/503 543/565/511 542/568/510 534/564/502
f 536/69/504 544/202/512 551/203/519 543/565/511
f 537/566/505 545/312/513 544/81/512 536/72/504
f 538/73/506 546/313/514 545/312/513 537/566/505
f 539/198/507 547/569/515 546/313/514 538/73/506
f 540/199/508 548/570/516 547/569/515 539/198/507
f 541/567/509 549/571/517 548/570/516 540/199/508
f 542/568/510 550/210/518 549/571/517 541/567/509
f 543/565/511 551/203/519 550/210/518 542/568/510
f 544/202/512 552/211/520 559/572/527 551/203/519
f 545/312/513 553/573/521 552/214/520 544/81/512
f 546/313/514 554/411/522 553/573/521 545/312/513
f 547/569/515 555/216/523 554/411/522 546/313/514
f 548/570/516 556/574/524 555/216/523 547/569/515
f 549/571/517 557/218/525 556/574/524 548/570/516
f 550/210/518 558/575/526 557/218/525 549/571/517
f 551/203/519 559/572/527 558/575/526 550/210/518
f 552/211/520 560/96/528 567/414/535 559/572/527
f 553/573/521 561/323/529 560/221/528 552/214/520
f 554/411/522 562/576/530 561/323/529 553/573/521
f 555/216/523 563/223/531 562/576/530 554/411/522
f 556/574/524 564/224/532 563/223/531 555/216/523
f 557/218/525 565/326/533 564/224/532 556/574/524
f 558/575/526 566/495/534 565/326/533 557/218/525
f 559/572/527 567/414/535 566/495/534 558/575/526
f 560/96/528 568/227/536 575/228/543 567/414/535
f 561/323/529 569/577/537 568/108/536 560/221/528
f 562/576/530 570/578/538 569/577/537 561/323/529
f 563/223/531 571/419/539 570/578/538 562/576/530
f 564/224/532 572/579/540 571/419/539 563/223/531
f 565/326/533 573/112/541 572/579/540 564/224/532
f 566/495/534 574/580/542 573/112/541 565/326/533
f 567/414/535 575/228/543 574/580/542 566/495/534
f 568/227/536 576/500/544 583/501/551 575/228/543
f 569/577/537 577/545/545 576/166/544 568/108/536
f 570/578/538 578/581/546 577/545/545 569/577/537
f 571/419/539 579/582/547 578/581/546 570/578/538
f 572/579/540 580/583/548 579/582/547 571/419/539
f 573/112/541 581/505/549 580/583/548 572/579/540
f 574/580/542 582/584/550 581/505/549 573/112/541
f 575/228/543 583/501/551 582/584/550 574/580/542
f 3065/585/2731 3051/586/2717 3053/587/2719 3055/588/2721 3057/589/2723 3059/590/2725 3061/591/2727 3063/592/2729
f 576/500/544 3052/593/2718 3066/594/2732 583/501/551
f 579/582/547 3058/595/2724 3056/596/2722 578/581/546
f 580/583/548 3060/597/2726 3058/595/2724 579/582/547
f 581/505/549 3062/598/2728 3060/599/2726 580/583/548
f 582/584/550 3064/600/2730 3062/601/2728 581/505/549
f 583/501/551 3066/602/2732 3064/603/2730 582/584/550
f 3069/604/2735 3068/605/2734 593/17/561 592/18/560 587/606/555
f 584/29/552 589/356/557 596/607/564 588/608/556
f 585/268/553 590/609/558 589/270/557 584/1/552
f 586/14/554 591/15/559 590/609/558 585/268/553
f 587/606/555 592/18/560 591/15/559 586/14/554
f 3071/610/2737 594/456/562 593/17/561 3068/611/2734
f 3072/612/2738 595/24/563 594/456/562 3071/613/2737
f 588/608/556 596/607/564 595/24/563 3072/614/2738 3074/615/2740
f 670/264/638 3078/616/2744 3076/617/2742 669/618/637
f 589/356/557 597/382/565 604/466/572 596/607/564
f 590/609/558 598/619/566 597/36/565 589/270/557
f 591/15/559 599/169/567 598/619/566 590/609/558
f 592/18/560 600/620/568 599/169/567 591/15/559
f 593/17/561 601/621/569 600/620/568 592/18/560
f 594/456/562 602/172/570 601/621/569 593/17/561
f 595/24/563 603/289/571 602/172/570 594/456/562
f 596/607/564 604/466/572 603/289/571 595/24/563
f 597/382/565 605/42/573 612/622/580 604/466/572
f 598/619/566 606/623/574 605/291/573 597/36/565
f 599/169/567 607/46/575 606/623/574 598/619/566
f 600/620/568 608/292/576 607/46/575 599/169/567
f 601/621/569 609/178/577 608/292/576 600/620/568
f 602/172/570 610/293/578 609/178/577 601/621/569
f 603/289/571 611/624/579 610/293/578 602/172/570
f 604/466/572 612/622/580 611/624/579 603/289/571
f 605/42/573 613/625/581 620/392/588 612/622/580
f 606/623/574 614/296/582 613/183/581 605/291/573
f 607/46/575 615/393/583 614/296/582 606/623/574
f 608/292/576 616/626/584 615/393/583 607/46/575
f 609/178/577 617/627/585 616/626/584 608/292/576
f 610/293/578 618/558/586 617/627/585 609/178/577
f 611/624/579 619/628/587 618/558/586 610/293/578
f 612/622/580 620/392/588 619/628/587 611/624/579
f 613/625/581 621/187/589 628/629/596 620/392/588
f 614/296/582 622/630/590 621/302/589 613/183/581
f 615/393/583 623/64/591 622/630/590 614/296/582
f 616/626/584 624/481/592 623/64/591 615/393/583
f 617/627/585 625/631/593 624/481/592 616/626/584
f 618/558/586 626/632/594 625/631/593 617/627/585
f 619/628/587 627/306/595 626/632/594 618/558/586
f 620/392/588 628/629/596 627/306/595 619/628/587
f 621/187/589 629/69/597 636/633/604 628/629/596
f 622/630/590 630/634/598 629/72/597 621/302/589
f 623/64/591 631/635/599 630/634/598 622/630/590
f 624/481/592 632/198/600 631/635/599 623/64/591
f 625/631/593 633/636/601 632/198/600 624/481/592
f 626/632/594 634/200/602 633/636/601 625/631/593
f 627/306/595 635/201/603 634/200/602 626/632/594
f 628/629/596 636/633/604 635/201/603 627/306/595
f 629/69/597 637/202/605 644/637/612 636/633/604
f 630/634/598 638/638/606 637/205/605 629/72/597
f 631/635/599 639/639/607 638/638/606 630/634/598
f 632/198/600 640/487/608 639/639/607 631/635/599
f 633/636/601 641/640/609 640/487/608 632/198/600
f 634/200/602 642/641/610 641/640/609 633/636/601
f 635/201/603 643/210/611 642/641/610 634/200/602
f 636/633/604 644/637/612 643/210/611 635/201/603
f 637/202/605 645/87/613 652/642/620 644/637/612
f 638/638/606 646/409/614 645/410/613 637/205/605
f 639/639/607 647/643/615 646/409/614 638/638/606
f 640/487/608 648/644/616 647/643/615 639/639/607
f 641/640/609 649/93/617 648/644/616 640/487/608
f 642/641/610 650/413/618 649/93/617 641/640/609
f 643/210/611 651/322/619 650/413/618 642/641/610
f 644/637/612 652/642/620 651/322/619 643/210/611
f 645/87/613 653/96/621 660/219/628 652/642/620
f 646/409/614 654/645/622 653/221/621 645/410/613
f 647/643/615 655/100/623 654/645/622 646/409/614
f 648/644/616 656/223/624 655/100/623 647/643/615
f 649/93/617 657/646/625 656/223/624 648/644/616
f 650/413/618 658/326/626 657/646/625 649/93/617
f 651/322/619 659/647/627 658/326/626 650/413/618
f 652/642/620 660/219/628 659/647/627 651/322/619
f 653/96/621 661/648/629 668/649/636 660/219/628
f 654/645/622 662/650/630 661/651/629 653/221/621
f 655/100/623 663/652/631 662/650/630 654/645/622
f 656/223/624 664/330/632 663/652/631 655/100/623
f 657/646/625 665/653/633 664/330/632 656/223/624
f 658/326/626 666/234/634 665/653/633 657/646/625
f 659/647/627 667/654/635 666/234/634 658/326/626
f 660/219/628 668/649/636 667/654/635 659/647/627
f 661/648/629 669/236/637 676/655/644 668/649/636
f 662/650/630 670/264/638 669/618/637 661/651/629
f 663/652/631 671/656/639 670/264/638 662/650/630
f 664/330/632 672/582/640 671/656/639 663/652/631
f 665/653/633 673/583/641 672/582/640 664/330/632
f 666/234/634 674/657/642 673/583/641 665/653/633
f 667/654/635 675/241/643 674/657/642 666/234/634
f 668/649/636 676/655/644 675/241/643 667/654/635
f 3089/658/2755 3075/659/2741 3077/660/2743 3079/661/2745 3081/662/2747 3083/663/2749 3086/664/2752 3087/665/2753
f 669/236/637 3076/666/2742 3090/667/2756 676/655/644
f 672/582/640 3082/668/2748 3080/669/2746 671/656/639
f 673/583/641 3084/670/2750 3082/671/2748 672/582/640
f 674/657/642 3085/672/2751 3086/673/2752 3083/674/2749 3084/675/2750 673/583/641
f 675/241/643 3088/676/2754 3085/677/2751 674/657/642
f 676/655/644 3090/678/2756 3088/679/2754 675/241/643
f 3093/680/2759 3092/681/2758 679/682/647 686/683/654 678/608/646
f 3095/684/2761 680/685/648 679/686/647 3092/687/2758
f 3097/688/2763 681/689/649 680/685/648 3095/690/2761
f 3099/691/2765 682/692/650 681/689/649 3097/693/2763
f 3101/694/2767 683/695/651 682/692/650 3099/696/2765
f 3102/697/2768 684/698/652 683/695/651 3101/699/2767
f 677/700/645 685/701/653 684/698/652 3102/702/2768 3104/703/2770
f 744/7/712 3108/704/2774 3106/705/2772 743/166/711
f 678/608/646 686/683/654 685/701/653 677/700/645
f 679/682/647 687/625/655 694/181/662 686/683/654
f 680/685/648 688/706/656 687/183/655 679/686/647
f 681/689/649 689/55/657 688/706/656 680/685/648
f 682/692/650 690/56/658 689/55/657 681/689/649
f 683/695/651 691/184/659 690/56/658 682/692/650
f 684/698/652 692/707/660 691/184/659 683/695/651
f 685/701/653 693/300/661 692/707/660 684/698/652
f 686/683/654 694/181/662 693/300/661 685/701/653
f 687/625/655 695/708/663 702/709/670 694/181/662
f 688/706/656 696/710/664 695/190/663 687/183/655
f 689/55/657 697/64/665 696/710/664 688/706/656
f 690/56/658 698/562/666 697/64/665 689/55/657
f 691/184/659 699/711/667 698/562/666 690/56/658
f 692/707/660 700/712/668 699/711/667 691/184/659
f 693/300/661 701/713/669 700/712/668 692/707/660
f 694/181/662 702/709/670 701/713/669 693/300/661
f 695/708/663 703/69/671 710/714/678 702/709/670
f 696/710/664 704/634/672 703/72/671 695/190/663
f 697/64/665 705/73/673 704/634/672 696/710/664
f 698/562/666 706/198/674 705/73/673 697/64/665
f 699/711/667 707/199/675 706/198/674 698/562/666
f 700/712/668 708/200/676 707/199/675 699/711/667
f 701/713/669 709/201/677 708/200/676 700/712/668
f 702/709/670 710/714/678 709/201/677 701/713/669
f 703/69/671 711/202/679 718/715/686 710/714/678
f 704/634/672 712/716/680 711/717/679 703/72/671
f 705/73/673 713/313/681 712/716/680 704/634/672
f 706/198/674 714/487/682 713/313/681 705/73/673
f 707/199/675 715/488/683 714/487/682 706/198/674
f 708/200/676 716/315/684 715/488/683 707/199/675
f 709/201/677 717/718/685 716/315/684 708/200/676
f 710/714/678 718/715/686 717/718/685 709/201/677
f 711/202/679 719/719/687 726/720/694 718/715/686
f 712/716/680 720/721/688 719/90/687 711/717/679
f 713/313/681 721/411/689 720/721/688 712/716/680
f 714/487/682 722/722/690 721/411/689 713/313/681
f 715/488/683 723/93/691 722/722/690 714/487/682
f 716/315/684 724/413/692 723/93/691 715/488/683
f 717/718/685 725/575/693 724/413/692 716/315/684
f 718/715/686 726/720/694 725/575/693 717/718/685
f 719/719/687 727/96/695 734/219/702 726/720/694
f 720/721/688 728/723/696 727/221/695 719/90/687
f 721/411/689 729/324/697 728/723/696 720/721/688
f 722/722/690 730/223/698 729/324/697 721/411/689
f 723/93/691 731/724/699 730/223/698 722/722/690
f 724/413/692 732/326/700 731/724/699 723/93/691
f 725/575/693 733/226/701 732/326/700 724/413/692
f 726/720/694 734/219/702 733/226/701 725/575/693
f 727/96/695 735/725/703 742/726/710 734/219/702
f 728/723/696 736/727/704 735/230/703 727/221/695
f 729/324/697 737/578/705 736/727/704 728/723/696
f 730/223/698 738/330/706 737/578/705 729/324/697
f 731/724/699 739/728/707 738/330/706 730/223/698
f 732/326/700 740/112/708 739/728/707 731/724/699
f 733/226/701 741/235/709 740/112/708 732/326/700
f 734/219/702 742/726/710 741/235/709 733/226/701
f 735/725/703 743/729/711 750/237/718 742/726/710
f 736/727/704 744/7/712 743/166/711 735/230/703
f 737/578/705 745/730/713 744/7/712 736/727/704
f 738/330/706 746/422/714 745/730/713 737/578/705
f 739/728/707 747/336/715 746/422/714 738/330/706
f 740/112/708 748/731/716 747/336/715 739/728/707
f 741/235/709 749/732/717 748/731/716 740/112/708
f 742/726/710 750/237/718 749/732/717 741/235/709
f 3119/733/2785 3105/734/2771 3107/735/2773 3109/736/2775 3111/737/2777 3113/738/2779 3115/739/2781 3117/740/2783
f 743/729/711 3106/741/2772 3120/742/2786 750/237/718
f 746/422/714 3112/743/2778 3110/744/2776 745/730/713
f 747/336/715 3114/745/2780 3112/746/2778 746/422/714
f 748/731/716 3116/747/2782 3114/748/2780 747/336/715
f 749/732/717 3118/749/2784 3116/750/2782 748/731/716
f 750/237/718 3120/751/2786 3118/752/2784 749/732/717
f 3122/1/2788 1509/1/719 1510/1/723 3135/1/2801
f 2825/753/2491 2903/754/2569 2900/755/2566 2892/756/2558
f 2890/757/2556 44/14/12 43/11/11 2828/758/2494
f 2895/759/2561 2894/760/2560 48/18/16 47/15/15 44/14/12
f 2892/761/2558 2900/762/2566 2898/763/2564 2823/764/2489
f 2821/765/2487 2893/766/2559 2895/767/2561 44/14/12 2890/768/2556
f 2825/769/2491 2843/770/2509 42/29/10 2904/771/2570 2903/772/2569
f 2823/773/2489 2898/763/2564 2896/774/2562 2888/775/2554
f 2828/776/2494 43/11/11 42/1/10 2843/1/2509
f 2871/777/2537 3103/778/2769 3100/779/2766 2804/780/2470
f 2805/781/2471 2876/782/2542 584/29/552 588/608/556
f 2870/783/2536 2800/784/2466 3091/785/2757 3093/786/2759 678/608/646
f 2797/787/2463 677/700/645 3104/703/2770 3103/778/2769 2871/788/2537
f 2873/789/2539 3094/790/2760 3091/1/2757 2800/1/2466
f 2802/791/2468 3096/792/2762 3094/793/2760 2873/794/2539
f 2837/795/2503 3098/796/2764 3096/797/2762 2802/798/2468
f 2804/799/2470 3100/779/2766 3098/800/2764 2837/801/2503
f 2880/802/2546 586/14/554 585/268/553 2807/803/2473
f 2805/804/2471 588/608/556 3074/805/2740 3073/806/2739 2878/807/2544
f 2839/808/2505 3067/809/2733 3069/810/2735 587/606/555 2809/811/2475
f 2807/812/2473 585/268/553 584/1/552 2876/1/2542
f 2812/813/2478 3070/814/2736 3067/815/2733 2839/816/2505
f 2809/817/2475 587/606/555 586/14/554 2880/818/2546
f 2878/819/2544 3073/820/2739 3070/821/2736 2812/822/2478
f 2882/823/2548 2985/824/2651 2983/825/2649 2813/826/2479
f 2773/827/2439 3039/828/2705 3037/829/2703 2853/830/2519
f 2777/831/2443 2831/832/2497 3033/833/2699 3050/834/2716
f 2775/835/2441 3044/836/2710 3046/537/2712 3043/540/2709 3042/837/2708 2852/838/2518
f 2780/839/2446 3035/840/2701 3033/1/2699 2831/1/2497
f 2777/841/2443 3050/834/2716 3047/842/2713 2856/843/2522
f 2853/844/2519 3037/845/2703 3035/840/2701 2780/846/2446
f 2858/847/2524 2925/848/2591 2923/849/2589 2781/850/2447
f 2856/851/2522 3047/842/2713 3044/852/2710 2775/853/2441
f 2765/854/2431 3016/855/2682 3013/856/2679 2847/857/2513
f 2768/858/2434 2849/859/2515 3005/860/2671 3018/861/2684
f 2770/862/2436 3007/863/2673 3005/1/2671 2849/1/2515
f 2829/864/2495 3009/865/2675 3007/863/2673 2770/866/2436
f 2772/867/2438 3011/868/2677 3009/865/2675 2829/869/2495
f 2847/870/2513 3013/856/2679 3011/871/2677 2772/872/2438
f 2852/873/2518 3042/874/2708 3039/875/2705 2773/876/2439
f 2768/877/2434 3018/878/2684 3020/461/2686 405/3/373 2846/879/2512
f 2813/880/2479 2983/825/2649 2981/881/2647 2884/882/2550
f 2841/883/2507 2977/884/2643 2975/1/2641 2817/1/2483
f 2815/885/2481 2987/886/2653 2985/887/2651 2882/888/2548
f 2820/889/2486 2979/890/2645 2977/891/2643 2841/892/2507
f 2886/893/2552 2817/894/2483 2975/895/2641 2990/896/2656
f 2884/897/2550 2981/881/2647 2979/898/2645 2820/899/2486
f 2888/900/2554 2896/774/2562 2893/901/2559 2821/902/2487
f 2886/903/2552 2990/904/2656 2987/886/2653 2815/905/2481
f 2835/906/2501 2952/907/2618 2950/908/2616 2793/909/2459
f 2791/910/2457 227/263/195 226/268/194 2864/911/2530
f 2796/912/2462 2954/913/2620 2952/914/2618 2835/915/2501
f 2793/916/2459 2950/908/2616 2947/917/2613 2868/918/2534
f 2865/919/2531 2957/920/2623 2954/913/2620 2796/921/2462
f 2870/922/2536 678/608/646 677/700/645 2797/923/2463
f 2868/924/2534 2947/917/2613 2949/925/2615 227/263/195 2791/926/2457
f 2865/927/2531 2789/928/2455 225/29/193 2958/283/2624 2957/929/2623
f 2781/930/2447 2923/931/2589 2921/1/2587 2859/1/2525
f 2784/932/2450 2928/933/2594 2925/848/2591 2858/934/2524
f 2864/935/2530 226/268/194 225/1/193 2789/1/2455
f 2788/936/2454 2859/937/2525 2921/938/2587 2934/939/2600
f 2788/940/2454 2934/939/2600 2930/941/2596 2833/942/2499
f 2833/943/2499 2930/941/2596 2932/944/2598 134/160/102 2786/945/2452
f 2786/946/2452 134/160/102 133/152/101 2861/947/2527
f 2861/948/2527 133/152/101 2929/949/2595 2928/950/2594 2784/951/2450
f 1509/1/719 751/1/719 755/1/723 1510/1/723
f 3/1/3 3123/1/2789 3121/1/2787 2/1/2
f 8/1/8 3127/1/2793 3125/1/2791 7/1/7
f 4/1/4 3129/1/2795 3127/1/2793 8/1/8
f 5/1/5 3131/1/2797 3129/1/2795 4/1/4
f 6/1/6 3133/1/2799 3131/1/2797 5/1/5
f 1/1/1 3136/1/2802 3133/1/2799 6/1/6
f 3152/1/2818 759/1/727 760/1/728 3137/1/2803
f 751/1/719 3138/1/2804 3140/1/2806 755/1/723
f 3137/1/2803 760/1/728 761/1/729 3139/1/2805
f 3139/1/2805 761/1/729 765/1/733 3141/1/2807
f 3141/1/2807 765/1/733 766/1/734 3143/1/2809
f 3143/1/2809 766/1/734 762/1/730 3145/1/2811
f 3145/1/2811 762/1/730 763/1/731 3147/1/2813
f 3147/1/2813 763/1/731 764/1/732 3149/1/2815
f 3149/1/2815 764/1/732 759/1/727 3152/1/2818
f 3235/1/2901 3153/1/2819 3298/1/2964 3380/1/3038
f 3156/1/2822 3237/1/2903 3382/1/3040 3299/1/2965
f 3158/1/2824 3217/1/2883 3362/1/3020 3301/1/2967
f 768/1/736 767/1/735 3155/1/2821 3233/1/2899 3154/1/2820
f 3241/1/2907 3161/1/2827 3306/1/2972 3386/1/3044
f 3240/1/2906 3163/1/2829 3308/1/2974 3383/1/3041
f 3165/1/2831 3219/1/2885 3364/1/3022 3310/1/2976
f 769/1/736 768/1/736 3164/1/2830 3239/1/2905 3162/1/2828
f 3247/1/2913 3169/1/2835 3314/1/2980 3392/1/3050
f 3172/1/2838 3249/1/2915 3394/1/3052 3315/1/2981
f 3174/1/2840 3221/1/2887 3366/1/3024 3317/1/2983
f 771/1/735 770/1/735 3171/1/2837 3245/1/2911 3170/1/2836
f 3253/1/2919 3177/1/2843 3322/1/2988 3398/1/3056
f 3252/1/2918 3179/1/2845 3324/1/2990 3395/1/3053
f 3181/1/2847 3223/1/2889 3368/1/3026 3326/1/2992
f 772/1/735 771/1/735 3180/1/2846 3251/1/2917 3178/1/2844
f 3259/1/2925 3185/1/2851 3330/1/2996 3404/1/3061
f 3188/1/2854 3261/1/2927 3406/1/3063 3331/1/2997
f 3190/1/2856 3225/1/2891 3370/1/3028 3333/1/2999
f 774/1/735 773/1/736 3187/1/2853 3257/1/2923 3186/1/2852
f 766/1/734 773/1/736 3194/1/2860 3265/1/2931 3199/1/2865
f 3264/1/2930 3195/1/2861 3340/1/3006 3407/1/3064
f 3197/1/2863 3227/1/2893 3372/1/3030 3342/1/3008
f 3266/1/2932 3193/1/2859 3338/1/3004 3409/1/3066
f 764/1/732 767/1/735 3202/1/2868 3271/1/2937 3207/1/2873
f 3270/1/2936 3203/1/2869 3348/1/3001 3413/1/3028
f 3205/1/2871 3229/1/2895 3374/1/3032 3350/1/2996
f 3272/1/2938 3201/1/2867 3346/1/2999 3415/1/3063
f 761/1/729 770/1/735 3210/1/2876 3277/1/2943 3215/1/2881
f 3276/1/2942 3211/1/2877 3356/1/3014 3419/1/3071
f 3213/1/2879 3231/1/2897 3376/1/3034 3358/1/3016
f 3278/1/2944 3209/1/2875 3354/1/3012 3421/1/3073
f 3295/1/2961 3281/1/2947 3426/1/3078 3440/1/3092
f 3286/1/2952 3288/1/2954 3431/1/3083 3429/1/3081
f 3288/1/2954 3290/1/2956 3433/1/3085 3431/1/3083
f 3290/1/2956 3292/1/2958 3435/1/3087 3433/1/3085
f 3292/1/2958 3294/1/2960 3437/1/3089 3435/1/3087
f 3294/1/2960 3295/1/2961 3440/1/3092 3437/1/3089
f 3297/1/2963 3378/1/3036 3521/1/3164 3442/1/3094
f 767/1/735 768/1/736 3283/1/2949 3282/1/2948
f 761/1/729 760/1/728 3175/1/2841 3222/1/2888 3173/1/2839
f 3284/1/2950 3286/1/2952 3429/1/3081 3427/1/3079
f 3280/1/2946 3213/1/2879 3358/1/3016 3423/1/3075
f 768/1/736 769/1/736 3285/1/2951 3283/1/2949
f 3237/1/2903 3158/1/2824 3301/1/2967 3382/1/3040
f 769/1/736 773/1/736 3287/1/2953 3285/1/2951
f 3161/1/2827 3240/1/2906 3383/1/3041 3306/1/2972
f 773/1/736 774/1/735 3289/1/2955 3287/1/2953
f 3234/1/2900 3156/1/2822 3299/1/2965 3377/1/3035
f 767/1/735 772/1/735 3204/1/2870 3269/1/2935 3202/1/2868
f 774/1/735 770/1/735 3291/1/2957 3289/1/2955
f 763/1/731 762/1/730 3167/1/2833 3220/1/2886 3166/1/2832
f 3209/1/2875 3276/1/2942 3419/1/3071 3354/1/3012
f 770/1/735 771/1/735 3293/1/2959 3291/1/2957
f 3169/1/2835 3246/1/2912 3389/1/3047 3314/1/2980
f 772/1/735 759/1/727 3206/1/2872 3273/1/2939 3204/1/2870
f 759/1/727 772/1/735 3178/1/2844 3254/1/2920 3183/1/2849
f 771/1/735 772/1/735 3296/1/2962 3293/1/2959
f 3219/1/2885 3168/1/2834 3311/1/2977 3364/1/3022
f 3179/1/2845 3256/1/2922 3399/1/3057 3324/1/2990
f 3249/1/2915 3174/1/2840 3317/1/2983 3394/1/3052
f 771/1/735 760/1/728 3182/1/2848 3255/1/2921 3180/1/2846
f 763/1/731 768/1/736 3154/1/2820 3236/1/2902 3159/1/2825
f 3177/1/2843 3252/1/2918 3395/1/3053 3322/1/2988
f 767/1/735 764/1/732 3157/1/2823 3238/1/2904 3155/1/2821
f 3246/1/2912 3172/1/2838 3315/1/2981 3389/1/3047
f 764/1/732 763/1/731 3159/1/2825 3218/1/2884 3157/1/2823
f 760/1/728 759/1/727 3183/1/2849 3224/1/2890 3182/1/2848
f 3185/1/2851 3258/1/2924 3401/1/3032 3330/1/2996
f 770/1/735 774/1/735 3212/1/2878 3275/1/2941 3210/1/2876
f 3223/1/2889 3184/1/2850 3327/1/2993 3368/1/3026
f 3281/1/2947 3284/1/2950 3427/1/3079 3426/1/3078
f 3261/1/2927 3190/1/2856 3333/1/2999 3406/1/3063
f 774/1/735 765/1/733 3214/1/2880 3279/1/2945 3212/1/2878
f 765/1/733 774/1/735 3186/1/2852 3260/1/2926 3191/1/2857
f 3193/1/2859 3264/1/2930 3407/1/3064 3338/1/3004
f 773/1/736 766/1/734 3189/1/2855 3262/1/2928 3187/1/2853
f 3258/1/2924 3188/1/2854 3331/1/2997 3401/1/3032
f 766/1/734 765/1/733 3191/1/2857 3226/1/2892 3189/1/2855
f 762/1/730 769/1/736 3162/1/2828 3242/1/2908 3167/1/2833
f 762/1/730 766/1/734 3199/1/2865 3228/1/2894 3198/1/2864
f 3163/1/2829 3244/1/2910 3387/1/3045 3308/1/2974
f 3195/1/2861 3268/1/2934 3411/1/3068 3340/1/3006
f 768/1/736 763/1/731 3166/1/2832 3243/1/2909 3164/1/2830
f 3160/1/2826 3235/1/2901 3380/1/3038 3303/1/2969
f 3227/1/2893 3200/1/2866 3343/1/3009 3372/1/3030
f 3168/1/2834 3241/1/2907 3386/1/3044 3311/1/2977
f 759/1/727 764/1/732 3207/1/2873 3230/1/2896 3206/1/2872
f 3217/1/2883 3160/1/2826 3303/1/2969 3362/1/3020
f 3176/1/2842 3247/1/2913 3392/1/3050 3319/1/2985
f 3203/1/2869 3274/1/2940 3417/1/3061 3348/1/3001
f 3244/1/2910 3165/1/2831 3310/1/2976 3387/1/3045
f 3184/1/2850 3253/1/2919 3398/1/3056 3327/1/2993
f 3229/1/2895 3208/1/2874 3351/1/2997 3374/1/3032
f 3221/1/2887 3176/1/2842 3319/1/2985 3366/1/3024
f 773/1/736 769/1/736 3196/1/2862 3263/1/2929 3194/1/2860
f 3192/1/2858 3259/1/2925 3404/1/3061 3335/1/3001
f 765/1/733 761/1/729 3215/1/2881 3232/1/2898 3214/1/2880
f 3256/1/2922 3181/1/2847 3326/1/2992 3399/1/3057
f 3201/1/2867 3270/1/2936 3413/1/3028 3346/1/2999
f 3200/1/2866 3266/1/2932 3409/1/3066 3343/1/3009
f 3211/1/2877 3280/1/2946 3423/1/3075 3356/1/3014
f 3225/1/2891 3192/1/2858 3335/1/3001 3370/1/3028
f 769/1/736 762/1/730 3198/1/2864 3267/1/2933 3196/1/2862
f 760/1/728 771/1/735 3170/1/2836 3248/1/2914 3175/1/2841
f 3208/1/2874 3272/1/2938 3415/1/3063 3351/1/2997
f 3231/1/2897 3216/1/2882 3359/1/3017 3376/1/3034
f 3268/1/2934 3197/1/2863 3342/1/3008 3411/1/3068
f 770/1/735 761/1/729 3173/1/2839 3250/1/2916 3171/1/2837
f 3216/1/2882 3278/1/2944 3421/1/3073 3359/1/3017
f 772/1/735 767/1/735 3282/1/2948 3296/1/2962
f 3274/1/2940 3205/1/2871 3350/1/2996 3417/1/3061
f 3405/1/3062 3334/1/3000 3477/1/3129 3550/1/3191
f 3414/1/3070 3347/1/3002 3492/1/3130 3557/1/3157
f 3320/1/2986 3391/1/3049 3536/1/3179 3463/1/3115
f 3341/1/3007 3371/1/3029 3516/1/3159 3486/1/3137
f 3422/1/3074 3353/1/3011 3498/1/3141 3565/1/3201
f 3328/1/2994 3397/1/3055 3542/1/3185 3471/1/3123
f 3339/1/3005 3412/1/3069 3555/1/3196 3484/1/3135
f 3425/1/3077 3428/1/3080 3571/1/3207 3570/1/3206
f 3336/1/3002 3403/1/3060 3548/1/3189 3479/1/3130
f 3371/1/3029 3344/1/3010 3487/1/3138 3516/1/3159
f 3420/1/3072 3355/1/3013 3500/1/3143 3563/1/3199
f 3344/1/3010 3410/1/3067 3553/1/3194 3487/1/3138
f 3349/1/2995 3373/1/3031 3518/1/3161 3494/1/3126
f 3361/1/3019 3304/1/2970 3447/1/3099 3506/1/3149
f 3352/1/2998 3416/1/3062 3559/1/3191 3495/1/3127
f 3347/1/3002 3418/1/3060 3561/1/3189 3492/1/3130
f 3388/1/3046 3309/1/2975 3454/1/3106 3531/1/3174
f 3360/1/3018 3422/1/3074 3565/1/3201 3503/1/3146
f 3373/1/3031 3352/1/2998 3495/1/3127 3518/1/3161
f 3365/1/3023 3320/1/2986 3463/1/3115 3510/1/3153
f 3379/1/3037 3297/1/2963 3442/1/3094 3524/1/3167
f 3357/1/3015 3375/1/3033 3520/1/3163 3502/1/3145
f 3400/1/3058 3325/1/2991 3470/1/3122 3543/1/3186
f 3378/1/3036 3300/1/2966 3443/1/3095 3521/1/3164
f 3355/1/3013 3424/1/3076 3567/1/3203 3500/1/3143
f 3369/1/3027 3336/1/3002 3479/1/3130 3514/1/3157
f 3302/1/2968 3361/1/3019 3506/1/3149 3445/1/3097
f 3375/1/3033 3360/1/3018 3503/1/3146 3520/1/3163
f 3412/1/3069 3341/1/3007 3486/1/3137 3555/1/3196
f 3385/1/3043 3305/1/2971 3450/1/3102 3530/1/3173
f 3439/1/3091 3425/1/3077 3570/1/3206 3584/1/3220
f 3418/1/3060 3349/1/2995 3494/1/3126 3561/1/3189
f 3307/1/2973 3388/1/3046 3531/1/3174 3452/1/3104
f 3428/1/3080 3430/1/3082 3573/1/3209 3571/1/3207
f 3424/1/3076 3357/1/3015 3502/1/3145 3567/1/3203
f 3384/1/3042 3307/1/2973 3452/1/3104 3527/1/3170
f 3430/1/3082 3432/1/3084 3575/1/3211 3573/1/3209
f 3300/1/2966 3381/1/3039 3526/1/3169 3443/1/3095
f 3391/1/3049 3313/1/2979 3458/1/3110 3536/1/3179
f 3432/1/3084 3434/1/3086 3577/1/3213 3575/1/3211
f 3305/1/2971 3384/1/3042 3527/1/3170 3450/1/3102
f 3390/1/3048 3316/1/2982 3459/1/3111 3533/1/3176
f 3434/1/3086 3436/1/3088 3579/1/3215 3577/1/3213
f 3381/1/3039 3302/1/2968 3445/1/3097 3526/1/3169
f 3318/1/2984 3365/1/3023 3510/1/3153 3461/1/3113
f 3436/1/3088 3438/1/3090 3581/1/3217 3579/1/3215
f 3309/1/2975 3363/1/3021 3508/1/3151 3454/1/3106
f 3397/1/3055 3321/1/2987 3466/1/3118 3542/1/3185
f 3438/1/3090 3439/1/3091 3584/1/3220 3581/1/3217
f 3313/1/2979 3390/1/3048 3533/1/3176 3458/1/3110
f 3323/1/2989 3400/1/3058 3543/1/3186 3468/1/3120
f 3441/1/3093 3522/1/3165 4481/1/3897 4402/1/3818
f 3363/1/3021 3312/1/2978 3455/1/3107 3508/1/3151
f 3396/1/3054 3323/1/2989 3468/1/3120 3539/1/3182
f 3316/1/2982 3393/1/3051 3538/1/3181 3459/1/3111
f 3403/1/3060 3329/1/2995 3474/1/3126 3548/1/3189
f 3321/1/2987 3396/1/3054 3539/1/3182 3466/1/3118
f 3402/1/3059 3332/1/2998 3475/1/3127 3545/1/3161
f 3393/1/3051 3318/1/2984 3461/1/3113 3538/1/3181
f 3334/1/3000 3369/1/3027 3514/1/3157 3477/1/3129
f 3325/1/2991 3367/1/3025 3512/1/3155 3470/1/3122
f 3410/1/3067 3337/1/3003 3482/1/3133 3553/1/3194
f 3329/1/2995 3402/1/3059 3545/1/3161 3474/1/3126
f 3345/1/3000 3414/1/3070 3557/1/3157 3490/1/3129
f 3367/1/3025 3328/1/2994 3471/1/3123 3512/1/3155
f 3408/1/3065 3339/1/3005 3484/1/3135 3551/1/3192
f 3332/1/2998 3405/1/3062 3550/1/3191 3475/1/3127
f 3416/1/3062 3345/1/3000 3490/1/3129 3559/1/3191
f 3304/1/2970 3379/1/3037 3524/1/3167 3447/1/3099
f 3337/1/3003 3408/1/3065 3551/1/3192 3482/1/3133
f 3353/1/3011 3420/1/3072 3563/1/3199 3498/1/3141
f 3312/1/2978 3385/1/3043 3530/1/3173 3455/1/3107
f 3585/1/3077 3588/1/3221 3603/1/3215 3602/1/3213
f 3580/1/3216 3582/1/3218 3597/1/3089 3595/1/3226
f 3576/1/3212 3578/1/3214 3593/1/3224 3591/1/3083
f 3572/1/3208 3574/1/3210 3589/1/3222 3587/1/3079
f 3582/1/3218 3583/1/3219 3600/1/3092 3597/1/3089
f 3578/1/3214 3580/1/3216 3595/1/3226 3593/1/3224
f 3574/1/3210 3576/1/3212 3591/1/3083 3589/1/3222
f 3583/1/3219 3569/1/3205 3586/1/3078 3600/1/3092
f 3590/1/3082 3592/1/3223 3607/1/3220 3605/1/3217
f 3599/1/3091 3585/1/3077 3602/1/3213 3616/1/3211
f 3601/1/3228 3604/1/3216 3619/1/3233 3618/1/3232
f 3596/1/3227 3598/1/3090 3613/1/3209 3611/1/3229
f 3592/1/3223 3594/1/3225 3609/1/3206 3607/1/3220
f 3588/1/3221 3590/1/3082 3605/1/3217 3603/1/3215
f 3598/1/3090 3599/1/3091 3616/1/3211 3613/1/3209
f 3594/1/3225 3596/1/3227 3611/1/3229 3609/1/3206
f 3614/1/3210 3615/1/3212 3632/1/3246 3629/1/3243
f 3610/1/3205 3612/1/3230 3627/1/3241 3625/1/3239
f 3606/1/3218 3608/1/3219 3623/1/3237 3621/1/3235
f 3615/1/3212 3601/1/3228 3618/1/3232 3632/1/3246
f 3617/1/3231 3620/1/3234 792/1/735 3935/1/3544 3941/1/3550 3933/1/3542
f 3612/1/3230 3614/1/3210 3629/1/3243 3627/1/3241
f 3608/1/3219 3610/1/3205 3625/1/3239 3623/1/3237
f 3604/1/3216 3606/1/3218 3621/1/3235 3619/1/3233
f 3948/1/3557 3956/1/3565 4298/1/3247 4290/1/3802
f 3796/1/3405 3790/1/3399 4132/1/3710 4137/1/3715
f 3844/1/3453 3838/1/3447 4179/1/3745 4185/1/3751
f 3894/1/3503 3888/1/3497 4229/1/3777 4236/1/3783
f 3756/1/3365 3764/1/3373 4105/1/3696 4098/1/3692
f 3804/1/3413 3812/1/3421 4154/1/3732 4146/1/3724
f 3852/1/3461 3860/1/3469 4201/1/3765 4193/1/3759
f 789/1/735 3855/1/3464 3861/1/3470 3853/1/3462 777/1/735 3695/1/3304 3701/1/3310 3693/1/3302
f 4012/1/3621 4020/1/3629 4362/1/3279 4354/1/3283
f 3980/1/3589 3988/1/3597 4329/1/3260 4321/1/3267
f 3900/1/3509 3908/1/3517 4249/1/3791 4241/1/3787
f 4038/1/3647 4032/1/3641 4373/1/3815 4379/1/3807
f 4006/1/3615 4000/1/3609 4342/1/3743 4348/1/3810
f 3974/1/3583 3968/1/3577 4309/1/3803 4315/1/3805
f 799/1/735 3697/1/3306 3703/1/3312 3695/1/3304 777/1/735 3707/1/3316 3722/1/3331 3713/1/3322
f 3737/1/3346 3724/1/3333 4066/1/3670 4079/1/3263
f 3740/1/3349 3748/1/3357 4089/1/3684 4082/1/3677
f 3901/1/3510 3907/1/3516 3899/1/3508 789/1/735 3693/1/3302 3699/1/3308 3691/1/3300 776/1/736
f 3853/1/3462 3859/1/3468 3851/1/3460 786/1/736 3709/1/3318 3715/1/3324 3707/1/3316 777/1/735
f 786/1/736 3807/1/3416 3813/1/3422 3805/1/3414 778/1/735 3711/1/3320 3717/1/3326 3709/1/3318
f 3728/1/3337 3736/1/3345 4078/1/3675 4069/1/3266
f 3726/1/3335 3734/1/3343 4076/1/3260 4068/1/3671
f 3782/1/3391 3776/1/3385 4117/1/3256 4124/1/3278
f 3788/1/3397 3796/1/3405 4137/1/3715 4130/1/3708
f 3884/1/3493 3892/1/3501 4234/1/3781 4226/1/3775
f 3846/1/3455 3840/1/3449 4181/1/3747 4187/1/3753
f 3836/1/3445 3844/1/3453 4185/1/3751 4177/1/3743
f 3790/1/3399 3798/1/3407 4140/1/3718 4132/1/3710
f 3784/1/3393 3778/1/3387 4120/1/3705 4126/1/3276
f 3742/1/3351 3750/1/3359 4092/1/3687 4084/1/3679
f 3932/1/3541 3940/1/3549 4282/1/3687 4274/1/3679
f 3896/1/3505 3890/1/3499 4231/1/3779 4237/1/3784
f 3856/1/3465 3864/1/3473 4206/1/3769 4198/1/3763
f 3848/1/3457 3842/1/3451 4183/1/3749 4189/1/3755
f 3816/1/3425 3810/1/3419 4152/1/3730 4158/1/3736
f 3792/1/3401 3800/1/3409 4142/1/3720 4133/1/3711
f 3768/1/3377 3762/1/3371 4104/1/3680 4110/1/3700
f 3752/1/3361 3746/1/3355 4088/1/3683 4094/1/3689
f 3631/1/3245 3617/1/3231 3933/1/3542 3939/1/3548 3931/1/3540 798/1/735
f 3620/1/3234 3622/1/3236 3963/1/3572 3978/1/3587 3969/1/3578 792/1/735
f 3944/1/3553 3938/1/3547 4280/1/3677 4286/1/3690
f 3622/1/3236 3624/1/3238 794/1/735 3965/1/3574 3971/1/3580 3963/1/3572
f 3624/1/3238 3626/1/3240 3995/1/3604 4010/1/3619 4001/1/3610 794/1/735
f 3626/1/3240 3628/1/3242 796/1/735 3997/1/3606 4003/1/3612 3995/1/3604
f 3628/1/3242 3630/1/3244 4027/1/3636 4042/1/3651 4033/1/3642 796/1/735
f 3630/1/3244 3631/1/3245 798/1/735 4029/1/3638 4035/1/3644 4027/1/3636
f 3708/1/3317 3716/1/3325 3633/1/3247 3642/1/3256
f 3773/1/3382 3779/1/3388 3771/1/3380 779/1/735 3739/1/3348 3754/1/3363 3745/1/3354 781/1/735
f 3681/1/3290 3687/1/3296 3679/1/3288 776/1/736 3691/1/3300 3706/1/3315 3697/1/3306 799/1/735
f 3725/1/3334 3731/1/3340 3723/1/3332 799/1/735 3713/1/3322 3719/1/3328 3711/1/3320 778/1/735
f 780/1/735 3903/1/3512 3909/1/3518 3901/1/3510 776/1/736 3679/1/3288 3685/1/3294 3677/1/3286
f 3977/1/3586 3964/1/3573 4305/1/3726 4320/1/3807
f 3822/1/3431 3830/1/3439 4171/1/3675 4163/1/3740
f 3888/1/3497 3896/1/3505 4237/1/3784 4229/1/3777
f 780/1/735 3755/1/3364 3770/1/3379 3761/1/3370 779/1/735 3771/1/3380 3786/1/3395 3777/1/3386
f 3954/1/3563 3962/1/3571 4304/1/3278 4295/1/3250
f 3686/1/3295 3680/1/3289 3669/1/3256 3664/1/3278
f 4036/1/3645 4030/1/3639 4371/1/3776 4377/1/3806
f 3769/1/3378 3756/1/3365 4098/1/3692 4111/1/3701
f 3678/1/3287 3686/1/3295 3664/1/3278 3672/1/3250
f 4028/1/3637 4036/1/3645 4377/1/3806 4370/1/3803
f 3949/1/3558 3955/1/3564 3947/1/3556 793/1/736 3887/1/3496 3893/1/3502 3885/1/3494 781/1/735
f 3746/1/3355 3753/1/3362 4095/1/3690 4088/1/3683
f 3960/1/3569 3954/1/3563 4295/1/3250 4302/1/3279
f 3828/1/3437 3822/1/3431 4163/1/3740 4170/1/3260
f 4041/1/3650 4028/1/3637 4370/1/3803 4384/1/3786
f 3886/1/3495 3894/1/3503 4236/1/3783 4228/1/3776
f 3952/1/3561 3960/1/3569 4302/1/3279 4294/1/3252
f 3820/1/3429 3828/1/3437 4170/1/3260 4162/1/3267
f 3676/1/3285 3684/1/3293 3665/1/3279 3674/1/3283
f 4018/1/3627 4026/1/3635 4368/1/3668 4360/1/3254
f 791/1/735 3951/1/3560 3957/1/3566 3949/1/3558 781/1/735 3745/1/3354 3751/1/3360 3743/1/3352
f 3834/1/3443 3820/1/3429 4162/1/3267 4176/1/3262
f 775/1/735 3675/1/3284 3690/1/3299 3681/1/3290 799/1/735 3723/1/3332 3738/1/3347 3729/1/3338
f 3744/1/3353 3752/1/3361 4094/1/3689 4085/1/3680
f 3958/1/3567 3952/1/3561 4294/1/3252 4300/1/3668
f 3810/1/3419 3817/1/3426 4160/1/3738 4152/1/3730
f 4024/1/3633 4018/1/3627 4360/1/3254 4366/1/3276
f 3892/1/3501 3886/1/3495 4228/1/3776 4234/1/3781
f 3950/1/3559 3958/1/3567 4300/1/3668 4292/1/3705
f 4016/1/3625 4024/1/3633 4366/1/3276 4358/1/3256
f 3917/1/3526 3923/1/3532 3915/1/3524 788/1/735 3883/1/3492 3897/1/3506 3889/1/3498 790/1/735
f 3750/1/3359 3744/1/3353 4085/1/3680 4092/1/3687
f 3809/1/3418 3815/1/3424 3807/1/3416 786/1/736 3873/1/3482 3879/1/3488 3871/1/3480 782/1/736
f 3684/1/3293 3678/1/3287 3672/1/3250 3665/1/3279
f 3898/1/3507 3884/1/3493 4226/1/3775 4240/1/3786
f 4047/1/3434 4053/1/3661 4045/1/3654 791/1/735 3743/1/3352 3749/1/3358 3741/1/3350 784/1/735
f 3808/1/3417 3816/1/3425 4158/1/3736 4150/1/3728
f 3682/1/3291 3689/1/3298 3659/1/3273 3668/1/3254
f 4022/1/3631 4016/1/3625 4358/1/3256 4364/1/3278
f 3874/1/3483 3881/1/3490 4224/1/3278 4216/1/3250
f 3956/1/3565 3950/1/3559 4292/1/3705 4298/1/3247
f 4014/1/3623 4022/1/3631 4364/1/3278 4356/1/3250
f 792/1/735 3969/1/3578 3975/1/3584 3967/1/3576 793/1/736 3947/1/3556 3961/1/3570 3953/1/3562
f 3814/1/3423 3808/1/3417 4150/1/3728 4156/1/3734
f 3880/1/3489 3874/1/3483 4216/1/3250 4222/1/3279
f 3748/1/3357 3742/1/3351 4084/1/3679 4089/1/3684
f 3962/1/3571 3948/1/3557 4290/1/3802 4304/1/3278
f 3806/1/3415 3814/1/3423 4156/1/3734 4148/1/3726
f 3872/1/3481 3880/1/3489 4222/1/3279 4214/1/3252
f 779/1/735 3823/1/3432 3829/1/3438 3821/1/3430 784/1/735 3741/1/3350 3747/1/3356 3739/1/3348
f 3938/1/3547 3945/1/3554 4288/1/3801 4280/1/3677
f 4020/1/3629 4014/1/3623 4356/1/3250 4362/1/3279
f 3753/1/3362 3740/1/3349 4082/1/3677 4095/1/3690
f 796/1/735 4033/1/3642 4039/1/3648 4031/1/3640 797/1/736 4011/1/3620 4025/1/3634 4017/1/3626
f 3878/1/3487 3872/1/3481 4214/1/3252 4220/1/3668
f 3730/1/3339 3737/1/3346 4079/1/3263 4072/1/3272
f 3937/1/3546 3943/1/3552 3935/1/3544 792/1/735 3953/1/3562 3959/1/3568 3951/1/3560 791/1/735
f 3812/1/3421 3806/1/3415 4148/1/3726 4154/1/3732
f 4026/1/3635 4012/1/3621 4354/1/3283 4368/1/3668
f 3870/1/3479 3878/1/3487 4220/1/3668 4212/1/3705
f 3936/1/3545 3944/1/3553 4286/1/3690 4278/1/3683
f 783/1/736 3803/1/3412 3818/1/3427 3809/1/3418 782/1/736 3819/1/3428 3833/1/3442 3825/1/3434
f 4002/1/3611 4009/1/3618 4352/1/3813 4344/1/3745
f 3736/1/3345 3730/1/3339 4072/1/3272 4078/1/3675
f 3817/1/3426 3804/1/3413 4146/1/3724 4160/1/3738
f 783/1/736 3759/1/3368 3765/1/3374 3757/1/3366 775/1/735 3729/1/3338 3735/1/3344 3727/1/3336
f 3942/1/3551 3936/1/3545 4278/1/3683 4284/1/3701
f 3794/1/3403 3801/1/3410 4143/1/3721 4136/1/3714
f 4008/1/3617 4002/1/3611 4344/1/3745 4350/1/3811
f 3876/1/3485 3870/1/3479 4212/1/3705 4218/1/3276
f 3934/1/3543 3942/1/3551 4284/1/3701 4276/1/3680
f 4000/1/3609 4008/1/3617 4350/1/3811 4342/1/3743
f 3868/1/3477 3876/1/3485 4218/1/3276 4210/1/3256
f 3734/1/3343 3728/1/3337 4069/1/3266 4076/1/3260
f 3800/1/3409 3794/1/3403 4136/1/3714 4142/1/3720
f 3881/1/3490 3868/1/3477 4210/1/3256 4224/1/3278
f 3805/1/3414 3811/1/3420 3803/1/3412 783/1/736 3727/1/3336 3733/1/3342 3725/1/3334 778/1/735
f 797/1/736 4049/1/3657 4055/1/3663 4047/1/3434 784/1/735 3793/1/3402 3799/1/3408 3791/1/3400
f 3999/1/3608 4005/1/3614 3997/1/3606 796/1/735 4017/1/3626 4023/1/3632 4015/1/3624 795/1/736
f 3858/1/3467 3865/1/3474 4208/1/3771 4200/1/3764
f 3940/1/3549 3934/1/3543 4276/1/3680 4282/1/3687
f 3998/1/3607 4006/1/3615 4348/1/3810 4340/1/3749
f 798/1/735 3931/1/3540 3946/1/3555 3937/1/3546 791/1/735 4045/1/3654 4051/1/3659 4043/1/3652
f 3798/1/3407 3792/1/3401 4133/1/3711 4140/1/3718
f 3864/1/3473 3858/1/3467 4200/1/3764 4206/1/3769
f 3732/1/3341 3726/1/3335 4068/1/3671 4073/1/3673
f 3945/1/3554 3932/1/3541 4274/1/3679 4288/1/3801
f 4013/1/3622 4019/1/3628 4011/1/3620 797/1/736 3791/1/3400 3797/1/3406 3789/1/3398 787/1/735
f 3857/1/3466 3863/1/3472 3855/1/3464 789/1/735 3921/1/3530 3927/1/3536 3919/1/3528 785/1/736
f 3724/1/3333 3732/1/3341 4073/1/3673 4066/1/3670
f 3922/1/3531 3929/1/3538 4272/1/3675 4264/1/3266
f 4004/1/3613 3998/1/3607 4340/1/3749 4346/1/3755
f 3720/1/3329 3714/1/3323 3636/1/3250 4062/1/3279
f 3996/1/3605 4004/1/3613 4346/1/3755 4338/1/3809
f 3862/1/3471 3856/1/3465 4198/1/3763 4204/1/3767
f 3712/1/3321 3720/1/3329 4062/1/3279 3638/1/3252
f 3757/1/3366 3763/1/3372 3755/1/3364 780/1/735 3677/1/3286 3683/1/3292 3675/1/3284 775/1/735
f 3705/1/3314 3692/1/3301 3658/1/3272 3643/1/3257
f 3716/1/3325 3710/1/3319 3640/1/3254 3633/1/3247
f 4081/1/3676 4090/1/3685 4083/1/3678 4091/1/3686 4086/1/3681 4093/1/3688 4087/1/3682 4096/1/3691
f 4097/1/3682 4106/1/3697 4099/1/3676 4107/1/3685 4102/1/3694 4109/1/3699 4103/1/3695 4112/1/3702
f 4113/1/3251 4122/1/3280 4115/1/3249 4123/1/3277 4118/1/3281 4125/1/3248 4119/1/3704 4128/1/3706
f 4129/1/3707 4138/1/3716 4131/1/3709 4139/1/3717 4134/1/3712 4141/1/3719 4135/1/3713 4144/1/3722
f 4145/1/3723 4153/1/3731 4147/1/3725 4155/1/3733 4149/1/3727 4157/1/3735 4151/1/3729 4159/1/3737
f 4161/1/3739 4169/1/3259 4164/1/3265 4172/1/3258 4166/1/3271 4174/1/3742 4168/1/3269 4175/1/3261
f 4178/1/3744 4186/1/3752 4180/1/3746 4188/1/3754 4182/1/3748 4190/1/3756 4184/1/3750 4191/1/3757
f 4194/1/3760 4202/1/3766 4195/1/3744 4203/1/3752 4197/1/3762 4205/1/3768 4199/1/3748 4207/1/3770
f 4209/1/3772 4217/1/3773 4211/1/3704 4219/1/3706 4213/1/3251 4221/1/3280 4215/1/3249 4223/1/3277
f 4225/1/3774 4233/1/3780 4227/1/3723 4235/1/3782 4230/1/3778 4238/1/3733 4232/1/3727 4239/1/3785
f 4242/1/3788 4250/1/3792 4244/1/3712 4252/1/3719 4246/1/3713 4254/1/3722 4248/1/3707 4255/1/3795
f 4258/1/3271 4266/1/3799 4260/1/3269 4268/1/3261 4262/1/3268 4269/1/3259 4263/1/3265 4271/1/3258
f 4273/1/3694 4281/1/3686 4275/1/3695 4283/1/3702 4277/1/3682 4285/1/3691 4279/1/3676 4287/1/3800
f 4289/1/3255 4297/1/3248 4291/1/3704 4299/1/3667 4293/1/3251 4301/1/3280 4296/1/3249 4303/1/3277
f 4306/1/3725 4314/1/3804 4308/1/3727 4316/1/3735 4310/1/3729 4318/1/3780 4312/1/3723 4319/1/3782
f 4322/1/3268 4330/1/3259 4324/1/3265 4332/1/3258 4326/1/3271 4334/1/3264 4328/1/3269 4335/1/3261
f 4337/1/3748 4345/1/3756 4339/1/3760 4347/1/3757 4341/1/3744 4349/1/3752 4343/1/3746 4351/1/3812
f 4353/1/3251 4361/1/3814 4355/1/3249 4363/1/3277 4357/1/3255 4365/1/3248 4359/1/3253 4367/1/3667
f 4369/1/3729 4378/1/3780 4372/1/3723 4380/1/3731 4374/1/3778 4382/1/3733 4376/1/3727 4383/1/3816
f 4386/1/3265 4394/1/3258 4388/1/3271 4396/1/3799 4390/1/3269 4398/1/3261 4392/1/3268 4399/1/3259
f 4482/952/3898 1163/3/1100 4653/4/4069 4652/953/4068 4401/954/3817
f 3764/1/3373 3758/1/3367 4100/1/3693 4105/1/3696
f 793/1/736 3983/1/3592 3989/1/3598 3981/1/3590 790/1/735 3889/1/3498 3895/1/3504 3887/1/3496
f 3680/1/3289 3688/1/3297 3662/1/3276 3669/1/3256
f 3830/1/3439 3824/1/3433 4165/1/3272 4171/1/3675
f 3964/1/3573 3972/1/3581 4313/1/3784 4305/1/3726
f 4030/1/3639 4038/1/3647 4379/1/3807 4371/1/3776
f 3688/1/3297 3682/1/3291 3668/1/3254 3662/1/3276
f 3972/1/3581 3966/1/3575 4307/1/3779 4313/1/3784
f 3890/1/3499 3898/1/3507 4240/1/3786 4231/1/3779
f 4031/1/3640 4037/1/3646 4029/1/3638 798/1/735 4043/1/3652 4058/1/3666 4049/1/3657 797/1/736
f 3704/1/3313 3698/1/3307 3652/1/3266 3646/1/3260
f 3824/1/3433 3832/1/3441 4173/1/3263 4165/1/3272
f 3758/1/3367 3766/1/3375 4108/1/3698 4100/1/3693
f 3913/1/3522 3900/1/3509 4241/1/3787 4256/1/3796
f 3700/1/3309 3694/1/3303 3656/1/3270 3649/1/3263
f 3832/1/3441 3826/1/3435 4167/1/3741 4173/1/3263
f 3766/1/3375 3760/1/3369 4101/1/3679 4108/1/3698
f 789/1/735 3899/1/3508 3914/1/3523 3905/1/3514 788/1/735 3915/1/3524 3930/1/3539 3921/1/3530
f 4032/1/3641 4040/1/3649 4381/1/3784 4373/1/3815
f 3966/1/3575 3974/1/3583 4315/1/3805 4307/1/3779
f 3908/1/3517 3902/1/3511 4243/1/3789 4249/1/3791
f 4040/1/3649 4034/1/3643 4375/1/3779 4381/1/3784
f 3826/1/3435 3834/1/3443 4176/1/3262 4167/1/3741
f 3967/1/3576 3973/1/3582 3965/1/3574 794/1/735 3985/1/3594 3991/1/3600 3983/1/3592 793/1/736
f 3760/1/3369 3768/1/3377 4110/1/3700 4101/1/3679
f 3673/1/3282 3666/1/3280 3671/1/3249 3663/1/3277 3670/1/3281 3661/1/3275 3667/1/3253 3660/1/3274
f 3849/1/3458 3836/1/3445 4177/1/3743 4192/1/3758
f 3761/1/3370 3767/1/3376 3759/1/3368 783/1/736 3825/1/3434 3831/1/3440 3823/1/3432 779/1/735
f 4034/1/3643 4041/1/3650 4384/1/3786 4375/1/3779
f 3692/1/3301 3700/1/3309 3649/1/3263 3658/1/3272
f 3869/1/3478 3875/1/3484 3867/1/3476 785/1/736 3835/1/3444 3850/1/3459 3841/1/3450 787/1/735
f 3968/1/3577 3976/1/3585 4317/1/3806 4309/1/3803
f 3902/1/3511 3910/1/3519 4251/1/3793 4243/1/3789
f 4057/1/3665 4044/1/3653 4385/1/3266 4400/1/3260
f 785/1/736 3919/1/3528 3925/1/3534 3917/1/3526 790/1/735 3837/1/3446 3843/1/3452 3835/1/3444
f 3976/1/3585 3970/1/3579 4311/1/3776 4317/1/3806
f 3762/1/3371 3769/1/3378 4111/1/3701 4104/1/3680
f 3910/1/3519 3904/1/3513 4245/1/3790 4251/1/3793
f 4044/1/3653 4052/1/3660 4393/1/3257 4385/1/3266
f 3694/1/3303 3702/1/3311 3648/1/3262 3656/1/3270
f 3785/1/3394 3772/1/3381 4114/1/3703 4127/1/3668
f 4052/1/3660 4046/1/3655 4387/1/3797 4393/1/3257
f 3702/1/3311 3696/1/3305 3653/1/3267 3648/1/3262
f 3970/1/3579 3977/1/3586 4320/1/3807 4311/1/3776
f 3772/1/3381 3780/1/3389 4121/1/3279 4114/1/3703
f 3904/1/3513 3912/1/3521 4253/1/3794 4245/1/3790
f 3838/1/3447 3846/1/3455 4187/1/3753 4179/1/3745
f 3993/1/3602 3980/1/3589 4321/1/3267 4336/1/3262
f 3780/1/3389 3774/1/3383 4116/1/3250 4121/1/3279
f 3912/1/3521 3906/1/3515 4247/1/3708 4253/1/3794
f 3696/1/3305 3704/1/3313 3646/1/3260 3653/1/3267
f 3981/1/3590 3987/1/3596 3979/1/3588 795/1/736 3839/1/3448 3845/1/3454 3837/1/3446 790/1/735
f 794/1/735 4001/1/3610 4007/1/3616 3999/1/3608 795/1/736 3979/1/3588 3994/1/3603 3985/1/3594
f 4046/1/3655 4054/1/3662 4395/1/3263 4387/1/3797
f 3657/1/3271 3650/1/3264 3655/1/3269 3647/1/3261 3654/1/3268 3645/1/3259 3651/1/3265 3644/1/3258
f 3988/1/3597 3982/1/3591 4323/1/3808 4329/1/3260
f 3906/1/3515 3913/1/3522 4256/1/3796 4247/1/3708
f 4054/1/3662 4048/1/3656 4389/1/3741 4395/1/3263
f 3698/1/3307 3705/1/3314 3643/1/3257 3652/1/3266
f 3840/1/3449 3848/1/3457 4189/1/3755 4181/1/3747
f 3774/1/3383 3782/1/3391 4124/1/3278 4116/1/3250
f 3929/1/3538 3916/1/3525 4257/1/3797 4272/1/3675
f 3641/1/3255 3634/1/3248 3639/1/3253 4059/1/3667 3637/1/3251 4061/1/3669 3635/1/3249 4064/1/3277
f 795/1/736 4015/1/3624 4021/1/3630 4013/1/3622 787/1/735 3841/1/3450 3847/1/3456 3839/1/3448
f 788/1/735 3775/1/3384 3781/1/3390 3773/1/3382 781/1/735 3885/1/3494 3891/1/3500 3883/1/3492
f 3916/1/3525 3924/1/3533 4265/1/3263 4257/1/3797
f 4048/1/3656 4056/1/3664 4397/1/3262 4389/1/3741
f 3982/1/3591 3990/1/3599 4331/1/3675 4323/1/3808
f 3924/1/3533 3918/1/3527 4259/1/3798 4265/1/3263
f 4056/1/3664 4050/1/3658 4391/1/3267 4397/1/3262
f 3842/1/3451 3849/1/3458 4192/1/3758 4183/1/3749
f 3990/1/3599 3984/1/3593 4325/1/3272 4331/1/3675
f 3776/1/3385 3784/1/3393 4126/1/3276 4117/1/3256
f 3714/1/3323 3721/1/3330 4063/1/3278 3636/1/3250
f 3865/1/3474 3852/1/3461 4193/1/3759 4208/1/3771
f 3905/1/3514 3911/1/3520 3903/1/3512 780/1/735 3777/1/3386 3783/1/3392 3775/1/3384 788/1/735
f 4050/1/3658 4057/1/3665 4400/1/3260 4391/1/3267
f 3721/1/3330 3708/1/3317 3642/1/3256 4063/1/3278
f 786/1/736 3851/1/3460 3866/1/3475 3857/1/3466 785/1/736 3867/1/3476 3882/1/3491 3873/1/3482
f 3984/1/3593 3992/1/3601 4333/1/3263 4325/1/3272
f 3918/1/3527 3926/1/3535 4267/1/3262 4259/1/3798
f 4065/1/3269 4074/1/3261 4067/1/3268 4075/1/3674 4070/1/3265 4077/1/3258 4071/1/3672 4080/1/3264
f 3860/1/3469 3854/1/3463 4196/1/3761 4201/1/3765
f 3992/1/3601 3986/1/3595 4327/1/3741 4333/1/3263
f 3778/1/3387 3785/1/3394 4127/1/3668 4120/1/3705
f 3926/1/3535 3920/1/3529 4261/1/3267 4267/1/3262
f 3710/1/3319 3718/1/3327 4060/1/3668 3640/1/3254
f 3801/1/3410 3788/1/3397 4130/1/3708 4143/1/3721
f 3718/1/3327 3712/1/3321 3638/1/3252 4060/1/3668
f 3986/1/3595 3993/1/3602 4336/1/3262 4327/1/3741
f 3821/1/3430 3827/1/3436 3819/1/3428 782/1/736 3787/1/3396 3802/1/3411 3793/1/3402 784/1/735
f 3920/1/3529 3928/1/3537 4270/1/3260 4261/1/3267
f 3854/1/3463 3862/1/3471 4204/1/3767 4196/1/3761
f 4009/1/3618 3996/1/3605 4338/1/3809 4352/1/3813
f 782/1/736 3871/1/3480 3877/1/3486 3869/1/3478 787/1/735 3789/1/3398 3795/1/3404 3787/1/3396
f 3928/1/3537 3922/1/3531 4264/1/3266 4270/1/3260
f 3689/1/3298 3676/1/3285 3674/1/3283 3659/1/3273
f 3483/1/3134 3556/1/3197 4515/1/3931 4444/1/3860
f 3569/1/3205 3572/1/3208 3587/1/3079 3586/1/3078
f 3480/1/3131 3547/1/3188 4508/1/3924 4439/1/3855
f 3515/1/3158 3488/1/3139 4447/1/3863 4476/1/3892
f 3564/1/3200 3499/1/3142 4460/1/3876 4523/1/3939
f 3488/1/3139 3554/1/3195 4513/1/3929 4447/1/3863
f 3493/1/3125 3517/1/3160 4478/1/3894 4454/1/3870
f 3505/1/3148 3448/1/3100 4407/1/3823 4466/1/3882
f 3496/1/3128 3560/1/3190 4519/1/3935 4455/1/3871
f 3491/1/3131 3562/1/3188 4521/1/3937 4452/1/3868
f 3532/1/3175 3453/1/3105 4414/1/3830 4491/1/3907
f 3504/1/3147 3566/1/3202 4525/1/3941 4463/1/3879
f 3517/1/3160 3496/1/3128 4455/1/3871 4478/1/3894
f 3509/1/3152 3464/1/3116 4423/1/3839 4470/1/3886
f 3523/1/3166 3441/1/3093 4402/1/3818 4484/1/3900
f 3501/1/3144 3519/1/3162 4480/1/3896 4462/1/3878
f 3544/1/3187 3469/1/3121 4430/1/3846 4503/1/3919
f 3522/1/3165 3444/1/3096 4403/1/3819 4481/1/3897
f 3499/1/3142 3568/1/3204 4527/1/3943 4460/1/3876
f 3513/1/3156 3480/1/3131 4439/1/3855 4474/1/3890
f 3446/1/3098 3505/1/3148 4466/1/3882 4405/1/3821
f 3519/1/3162 3504/1/3147 4463/1/3879 4480/1/3896
f 3556/1/3197 3485/1/3136 4446/1/3862 4515/1/3931
f 3529/1/3172 3449/1/3101 4410/1/3826 4490/1/3906
f 3562/1/3188 3493/1/3125 4454/1/3870 4521/1/3937
f 3451/1/3103 3532/1/3175 4491/1/3907 4412/1/3828
f 3568/1/3204 3501/1/3144 4462/1/3878 4527/1/3943
f 3528/1/3171 3451/1/3103 4412/1/3828 4487/1/3903
f 3444/1/3096 3525/1/3168 4486/1/3902 4403/1/3819
f 3535/1/3178 3457/1/3109 4418/1/3834 4496/1/3912
f 3449/1/3101 3528/1/3171 4487/1/3903 4410/1/3826
f 3534/1/3177 3460/1/3112 4419/1/3835 4493/1/3909
f 3525/1/3168 3446/1/3098 4405/1/3821 4486/1/3902
f 3462/1/3114 3509/1/3152 4470/1/3886 4421/1/3837
f 3453/1/3105 3507/1/3150 4468/1/3884 4414/1/3830
f 3541/1/3184 3465/1/3117 4426/1/3842 4502/1/3918
f 3457/1/3109 3534/1/3177 4493/1/3909 4418/1/3834
f 3467/1/3119 3544/1/3187 4503/1/3919 4428/1/3844
f 3507/1/3150 3456/1/3108 4415/1/3831 4468/1/3884
f 3540/1/3183 3467/1/3119 4428/1/3844 4499/1/3915
f 3460/1/3112 3537/1/3180 4498/1/3914 4419/1/3835
f 3547/1/3188 3473/1/3125 4434/1/3850 4508/1/3924
f 3465/1/3117 3540/1/3183 4499/1/3915 4426/1/3842
f 3546/1/3160 3476/1/3128 4435/1/3851 4505/1/3921
f 3537/1/3180 3462/1/3114 4421/1/3837 4498/1/3914
f 3478/1/2842 3513/1/3156 4474/1/3890 4437/1/3853
f 3469/1/3121 3511/1/3154 4472/1/3888 4430/1/3846
f 3554/1/3195 3481/1/3132 4442/1/3858 4513/1/3929
f 3473/1/3125 3546/1/3160 4505/1/3921 4434/1/3850
f 3489/1/2842 3558/1/3198 4517/1/3933 4450/1/3866
f 3511/1/3154 3472/1/3124 4431/1/3847 4472/1/3888
f 3552/1/3193 3483/1/3134 4444/1/3860 4511/1/3927
f 3476/1/3128 3549/1/3190 4510/1/3926 4435/1/3851
f 3560/1/3190 3489/1/2842 4450/1/3866 4519/1/3935
f 3448/1/3100 3523/1/3166 4484/1/3900 4407/1/3823
f 3481/1/3132 3552/1/3193 4511/1/3927 4442/1/3858
f 3497/1/3140 3564/1/3200 4523/1/3939 4458/1/3874
f 3456/1/3108 3529/1/3172 4490/1/3906 4415/1/3831
f 3549/1/3190 3478/1/2842 4437/1/3853 4510/1/3926
f 3558/1/3198 3491/1/3131 4452/1/3868 4517/1/3933
f 3464/1/3116 3535/1/3178 4496/1/3912 4423/1/3839
f 3485/1/3136 3515/1/3158 4476/1/3892 4446/1/3862
f 3566/1/3202 3497/1/3140 4458/1/3874 4525/1/3941
f 3472/1/3124 3541/1/3184 4502/1/3918 4431/1/3847
f 884/545/821 4544/955/3960 4542/956/3958 883/618/820
f 801/268/738 804/957/741 803/13/740 800/1/737
f 802/263/739 805/15/742 804/957/741 801/268/738
f 4533/958/3949 807/959/744 806/262/743 4530/960/3946
f 4535/961/3951 808/456/745 807/959/744 4533/962/3949
f 4537/963/3953 809/964/746 808/456/745 4535/965/3951
f 4538/966/3954 810/141/747 809/964/746 4537/967/3953
f 800/29/737 803/30/740 810/141/747 4538/968/3954 4540/969/3956
f 803/30/740 811/167/748 818/466/755 810/141/747
f 804/957/741 812/970/749 811/36/748 803/13/740
f 805/15/742 813/468/750 812/970/749 804/957/741
f 806/262/743 814/386/751 813/468/750 805/15/742
f 807/959/744 815/971/752 814/386/751 806/262/743
f 808/456/745 816/172/753 815/971/752 807/959/744
f 809/964/746 817/552/754 816/172/753 808/456/745
f 810/141/747 818/466/755 817/552/754 809/964/746
f 811/167/748 819/42/756 826/43/763 818/466/755
f 812/970/749 820/44/757 819/45/756 811/36/748
f 813/468/750 821/46/758 820/44/757 812/970/749
f 814/386/751 822/972/759 821/46/758 813/468/750
f 815/971/752 823/48/760 822/972/759 814/386/751
f 816/172/753 824/973/761 823/48/760 815/971/752
f 817/552/754 825/50/762 824/973/761 816/172/753
f 818/466/755 826/43/763 825/50/762 817/552/754
f 819/42/756 827/557/764 834/974/771 826/43/763
f 820/44/757 828/53/765 827/297/764 819/45/756
f 821/46/758 829/975/766 828/53/765 820/44/757
f 822/972/759 830/976/767 829/975/766 821/46/758
f 823/48/760 831/977/768 830/976/767 822/972/759
f 824/973/761 832/978/769 831/977/768 823/48/760
f 825/50/762 833/300/770 832/978/769 824/973/761
f 826/43/763 834/974/771 833/300/770 825/50/762
f 827/557/764 835/979/772 842/980/779 834/974/771
f 828/53/765 836/981/773 835/302/772 827/297/764
f 829/975/766 837/64/774 836/981/773 828/53/765
f 830/976/767 838/303/775 837/64/774 829/975/766
f 831/977/768 839/66/776 838/303/775 830/976/767
f 832/978/769 840/982/777 839/66/776 831/977/768
f 833/300/770 841/306/778 840/982/777 832/978/769
f 834/974/771 842/980/779 841/306/778 833/300/770
f 835/979/772 843/983/780 850/633/787 842/980/779
f 836/981/773 844/197/781 843/72/780 835/302/772
f 837/64/774 845/73/782 844/197/781 836/981/773
f 838/303/775 846/198/783 845/73/782 837/64/774
f 839/66/776 847/984/784 846/198/783 838/303/775
f 840/982/777 848/200/785 847/984/784 839/66/776
f 841/306/778 849/201/786 848/200/785 840/982/777
f 842/980/779 850/633/787 849/201/786 841/306/778
f 843/983/780 851/985/788 858/637/795 850/633/787
f 844/197/781 852/716/789 851/81/788 843/72/780
f 845/73/782 853/986/790 852/716/789 844/197/781
f 846/198/783 854/487/791 853/986/790 845/73/782
f 847/984/784 855/987/792 854/487/791 846/198/783
f 848/200/785 856/209/793 855/987/792 847/984/784
f 849/201/786 857/988/794 856/209/793 848/200/785
f 850/633/787 858/637/795 857/988/794 849/201/786
f 851/985/788 859/87/796 866/572/803 858/637/795
f 852/716/789 860/989/797 859/319/796 851/81/788
f 853/986/790 861/215/798 860/989/797 852/716/789
f 854/487/791 862/216/799 861/215/798 853/986/790
f 855/987/792 863/990/800 862/216/799 854/487/791
f 856/209/793 864/991/801 863/990/800 855/987/792
f 857/988/794 865/575/802 864/991/801 856/209/793
f 858/637/795 866/572/803 865/575/802 857/988/794
f 859/87/796 867/96/804 874/992/811 866/572/803
f 860/989/797 868/993/805 867/221/804 859/319/796
f 861/215/798 869/100/806 868/993/805 860/989/797
f 862/216/799 870/994/807 869/100/806 861/215/798
f 863/990/800 871/102/808 870/994/807 862/216/799
f 864/991/801 872/326/809 871/102/808 863/990/800
f 865/575/802 873/226/810 872/326/809 864/991/801
f 866/572/803 874/992/811 873/226/810 865/575/802
f 867/96/804 875/995/812 882/228/819 874/992/811
f 868/993/805 876/996/813 875/328/812 867/221/804
f 869/100/806 877/997/814 876/996/813 868/993/805
f 870/994/807 878/232/815 877/997/814 869/100/806
f 871/102/808 879/111/816 878/232/815 870/994/807
f 872/326/809 880/998/817 879/111/816 871/102/808
f 873/226/810 881/999/818 880/998/817 872/326/809
f 874/992/811 882/228/819 881/999/818 873/226/810
f 875/995/812 883/729/820 890/333/827 882/228/819
f 876/996/813 884/545/821 883/618/820 875/328/812
f 877/997/814 885/334/822 884/545/821 876/996/813
f 878/232/815 886/1000/823 885/334/822 877/997/814
f 879/111/816 887/583/824 886/1000/823 878/232/815
f 880/998/817 888/731/825 887/583/824 879/111/816
f 881/999/818 889/241/826 888/731/825 880/998/817
f 882/228/819 890/333/827 889/241/826 881/999/818
f 4555/1001/3971 4541/1002/3957 4543/1003/3959 4545/1004/3961 4547/1005/3963 4549/1006/3965 4551/343/3967 4553/1007/3969
f 883/729/820 4542/1008/3958 4556/1009/3972 890/333/827
f 886/1000/823 4548/1010/3964 4546/1011/3962 885/334/822
f 887/583/824 4550/133/3966 4548/1012/3964 886/1000/823
f 888/731/825 4552/1013/3968 4550/1014/3966 887/583/824
f 889/241/826 4554/1015/3970 4552/1016/3968 888/731/825
f 890/333/827 4556/1017/3972 4554/1018/3970 889/241/826
f 4558/1019/3974 893/356/830 900/141/837 4569/1020/3985
f 4560/1021/3976 894/144/831 893/527/830 4558/1022/3974
f 4562/1023/3978 895/15/832 894/144/831 4560/1024/3976
f 4563/1025/3979 896/1026/833 895/15/832 4562/1027/3978
f 891/1028/828 897/1029/834 896/1026/833 4563/1030/3979 4565/155/3981
f 4568/1031/3984 4567/1032/3983 899/1033/836 898/1034/835 892/1035/829
f 892/1035/829 898/1034/835 897/1029/834 891/1028/828
f 4569/1036/3985 900/141/837 899/1033/836 4567/1037/3983
f 974/264/911 4574/1038/3990 4572/1039/3988 973/10/910
f 893/356/830 901/1040/838 908/1041/845 900/141/837
f 894/144/831 902/35/839 901/36/838 893/527/830
f 895/15/832 903/169/840 902/35/839 894/144/831
f 896/1026/833 904/386/841 903/169/840 895/15/832
f 897/1029/834 905/1042/842 904/386/841 896/1026/833
f 898/1034/835 906/172/843 905/1042/842 897/1029/834
f 899/1033/836 907/173/844 906/172/843 898/1034/835
f 900/141/837 908/1041/845 907/173/844 899/1033/836
f 901/1040/838 909/1043/846 916/43/853 908/1041/845
f 902/35/839 910/1044/847 909/45/846 901/36/838
f 903/169/840 911/46/848 910/1044/847 902/35/839
f 904/386/841 912/1045/849 911/46/848 903/169/840
f 905/1042/842 913/1046/850 912/1045/849 904/386/841
f 906/172/843 914/1047/851 913/1046/850 905/1042/842
f 907/173/844 915/50/852 914/1047/851 906/172/843
f 908/1041/845 916/43/853 915/50/852 907/173/844
f 909/1043/846 917/391/854 924/181/861 916/43/853
f 910/1044/847 918/1048/855 917/1049/854 909/45/846
f 911/46/848 919/393/856 918/1048/855 910/1044/847
f 912/1045/849 920/1050/857 919/393/856 911/46/848
f 913/1046/850 921/1051/858 920/1050/857 912/1045/849
f 914/1047/851 922/58/859 921/1051/858 913/1046/850
f 915/50/852 923/300/860 922/58/859 914/1047/851
f 916/43/853 924/181/861 923/300/860 915/50/852
f 917/391/854 925/1052/862 932/1053/869 924/181/861
f 918/1048/855 926/560/863 925/1054/862 917/1049/854
f 919/393/856 927/561/864 926/560/863 918/1048/855
f 920/1050/857 928/481/865 927/561/864 919/393/856
f 921/1051/858 929/66/866 928/481/865 920/1050/857
f 922/58/859 930/1055/867 929/66/866 921/1051/858
f 923/300/860 931/306/868 930/1055/867 922/58/859
f 924/181/861 932/1053/869 931/306/868 923/300/860
f 925/1052/862 933/69/870 940/70/877 932/1053/869
f 926/560/863 934/197/871 933/72/870 925/1054/862
f 927/561/864 935/309/872 934/197/871 926/560/863
f 928/481/865 936/198/873 935/309/872 927/561/864
f 929/66/866 937/1056/874 936/198/873 928/481/865
f 930/1055/867 938/200/875 937/1056/874 929/66/866
f 931/306/868 939/201/876 938/200/875 930/1055/867
f 932/1053/869 940/70/877 939/201/876 931/306/868
f 933/69/870 941/1057/878 948/203/885 940/70/877
f 934/197/871 942/1058/879 941/1059/878 933/72/870
f 935/309/872 943/639/880 942/1058/879 934/197/871
f 936/198/873 944/83/881 943/639/880 935/309/872
f 937/1056/874 945/1060/882 944/83/881 936/198/873
f 938/200/875 946/209/883 945/1060/882 937/1056/874
f 939/201/876 947/406/884 946/209/883 938/200/875
f 940/70/877 948/203/885 947/406/884 939/201/876
f 941/1057/878 949/211/886 956/212/893 948/203/885
f 942/1058/879 950/721/887 949/319/886 941/1059/878
f 943/639/880 951/1061/888 950/721/887 942/1058/879
f 944/83/881 952/644/889 951/1061/888 943/639/880
f 945/1060/882 953/93/890 952/644/889 944/83/881
f 946/209/883 954/413/891 953/93/890 945/1060/882
f 947/406/884 955/1062/892 954/413/891 946/209/883
f 948/203/885 956/212/893 955/1062/892 947/406/884
f 949/211/886 957/96/894 964/1063/901 956/212/893
f 950/721/887 958/1064/895 957/221/894 949/319/886
f 951/1061/888 959/222/896 958/1064/895 950/721/887
f 952/644/889 960/223/897 959/222/896 951/1061/888
f 953/93/890 961/102/898 960/223/897 952/644/889
f 954/413/891 962/1065/899 961/102/898 953/93/890
f 955/1062/892 963/104/900 962/1065/899 954/413/891
f 956/212/893 964/1063/901 963/104/900 955/1062/892
f 957/96/894 965/725/902 972/649/909 964/1063/901
f 958/1064/895 966/1066/903 965/108/902 957/221/894
f 959/222/896 967/1067/904 966/1066/903 958/1064/895
f 960/223/897 968/499/905 967/1067/904 959/222/896
f 961/102/898 969/728/906 968/499/905 960/223/897
f 962/1065/899 970/331/907 969/728/906 961/102/898
f 963/104/900 971/1068/908 970/331/907 962/1065/899
f 964/1063/901 972/649/909 971/1068/908 963/104/900
f 965/725/902 973/1069/910 980/333/917 972/649/909
f 966/1066/903 974/264/911 973/10/910 965/108/902
f 967/1067/904 975/1070/912 974/264/911 966/1066/903
f 968/499/905 976/1071/913 975/1070/912 967/1067/904
f 969/728/906 977/1072/914 976/1071/913 968/499/905
f 970/331/907 978/119/915 977/1072/914 969/728/906
f 971/1068/908 979/241/916 978/119/915 970/331/907
f 972/649/909 980/333/917 979/241/916 971/1068/908
f 4582/1073/3998 4571/1074/3987 4573/1075/3989 4575/1076/3991 4577/1077/3993 4579/1078/3995 981/1079/918 982/249/919
f 973/1069/910 4572/1080/3988 4581/1081/3997 980/333/917
f 976/1071/913 4578/1082/3994 4576/1083/3992 975/1070/912
f 977/1072/914 4580/1084/3996 4578/1082/3994 976/1071/913
f 978/119/915 981/1079/918 4579/1078/3995 4580/257/3996 977/1072/914
f 980/333/917 4581/258/3997 4582/1085/3998 982/249/919 979/241/916
f 979/241/916 982/249/919 981/1079/918 978/119/915
f 4585/1086/4001 4584/1087/4000 989/18/926 988/15/925 985/1088/922
f 1067/1089/1004 4598/1090/4014 4596/1091/4012 1066/618/1003
f 984/268/921 987/144/924 986/13/923 983/1/920
f 985/1088/922 988/15/925 987/144/924 984/268/921
f 4587/1092/4003 990/369/927 989/18/926 4584/1093/4000
f 4589/1094/4005 991/1095/928 990/369/927 4587/1096/4003
f 4591/1097/4007 992/24/929 991/1095/928 4589/1098/4005
f 4592/1099/4008 993/1100/930 992/24/929 4591/1101/4007
f 983/1102/920 986/1103/923 993/1100/930 4592/1104/4008 4594/1105/4010
f 986/1103/923 994/33/931 1001/1106/938 993/1100/930
f 987/144/924 995/168/932 994/285/931 986/13/923
f 988/15/925 996/1107/933 995/168/932 987/144/924
f 989/18/926 997/386/934 996/1107/933 988/15/925
f 990/369/927 998/621/935 997/386/934 989/18/926
f 991/1095/928 999/1108/936 998/621/935 990/369/927
f 992/24/929 1000/552/937 999/1108/936 991/1095/928
f 993/1100/930 1001/1106/938 1000/552/937 992/24/929
f 994/33/931 1002/42/939 1009/43/946 1001/1106/938
f 995/168/932 1003/1044/940 1002/45/939 994/285/931
f 996/1107/933 1004/46/941 1003/1044/940 995/168/932
f 997/386/934 1005/1109/942 1004/46/941 996/1107/933
f 998/621/935 1006/178/943 1005/1109/942 997/386/934
f 999/1108/936 1007/1110/944 1006/178/943 998/621/935
f 1000/552/937 1008/50/945 1007/1110/944 999/1108/936
f 1001/1106/938 1009/43/946 1008/50/945 1000/552/937
f 1002/42/939 1010/625/947 1017/181/954 1009/43/946
f 1003/1044/940 1011/296/948 1010/54/947 1002/45/939
f 1004/46/941 1012/55/949 1011/296/948 1003/1044/940
f 1005/1109/942 1013/394/950 1012/55/949 1004/46/941
f 1006/178/943 1014/477/951 1013/394/950 1005/1109/942
f 1007/1110/944 1015/1111/952 1014/477/951 1006/178/943
f 1008/50/945 1016/479/953 1015/1111/952 1007/1110/944
f 1009/43/946 1017/181/954 1016/479/953 1008/50/945
f 1010/625/947 1018/1112/955 1025/1113/962 1017/181/954
f 1011/296/948 1019/560/956 1018/1054/955 1010/54/947
f 1012/55/949 1020/64/957 1019/560/956 1011/296/948
f 1013/394/950 1021/303/958 1020/64/957 1012/55/949
f 1014/477/951 1022/482/959 1021/303/958 1013/394/950
f 1015/1111/952 1023/194/960 1022/482/959 1014/477/951
f 1016/479/953 1024/306/961 1023/194/960 1015/1111/952
f 1017/181/954 1025/1113/962 1024/306/961 1016/479/953
f 1018/1112/955 1026/983/963 1033/70/970 1025/1113/962
f 1019/560/956 1027/566/964 1026/1114/963 1018/1054/955
f 1020/64/957 1028/1115/965 1027/566/964 1019/560/956
f 1021/303/958 1029/483/966 1028/1115/965 1020/64/957
f 1022/482/959 1030/199/967 1029/483/966 1021/303/958
f 1023/194/960 1031/200/968 1030/199/967 1022/482/959
f 1024/306/961 1032/1116/969 1031/200/968 1023/194/960
f 1025/1113/962 1033/70/970 1032/1116/969 1024/306/961
f 1026/983/963 1034/202/971 1041/485/978 1033/70/970
f 1027/566/964 1035/312/972 1034/486/971 1026/1114/963
f 1028/1115/965 1036/313/973 1035/312/972 1027/566/964
f 1029/483/966 1037/1117/974 1036/313/973 1028/1115/965
f 1030/199/967 1038/314/975 1037/1117/974 1029/483/966
f 1031/200/968 1039/1118/976 1038/314/975 1030/199/967
f 1032/1116/969 1040/210/977 1039/1118/976 1031/200/968
f 1033/70/970 1041/485/978 1040/210/977 1032/1116/969
f 1034/202/971 1042/407/979 1049/317/986 1041/485/978
f 1035/312/972 1043/318/980 1042/319/979 1034/486/971
f 1036/313/973 1044/1119/981 1043/318/980 1035/312/972
f 1037/1117/974 1045/644/982 1044/1119/981 1036/313/973
f 1038/314/975 1046/1120/983 1045/644/982 1037/1117/974
f 1039/1118/976 1047/94/984 1046/1120/983 1038/314/975
f 1040/210/977 1048/1121/985 1047/94/984 1039/1118/976
f 1041/485/978 1049/317/986 1048/1121/985 1040/210/977
f 1042/407/979 1050/96/987 1057/219/994 1049/317/986
f 1043/318/980 1051/993/988 1050/1122/987 1042/319/979
f 1044/1119/981 1052/1123/989 1051/993/988 1043/318/980
f 1045/644/982 1053/223/990 1052/1123/989 1044/1119/981
f 1046/1120/983 1054/1124/991 1053/223/990 1045/644/982
f 1047/94/984 1055/326/992 1054/1124/991 1046/1120/983
f 1048/1121/985 1056/1125/993 1055/326/992 1047/94/984
f 1049/317/986 1057/219/994 1056/1125/993 1048/1121/985
f 1050/96/987 1058/725/995 1065/228/1002 1057/219/994
f 1051/993/988 1059/1126/996 1058/651/995 1050/1122/987
f 1052/1123/989 1060/1127/997 1059/1126/996 1051/993/988
f 1053/223/990 1061/232/998 1060/1127/997 1052/1123/989
f 1054/1124/991 1062/728/999 1061/232/998 1053/223/990
f 1055/326/992 1063/234/1000 1062/728/999 1054/1124/991
f 1056/1125/993 1064/654/1001 1063/234/1000 1055/326/992
f 1057/219/994 1065/228/1002 1064/654/1001 1056/1125/993
f 1058/725/995 1066/332/1003 1073/655/1010 1065/228/1002
f 1059/1126/996 1067/1089/1004 1066/618/1003 1058/651/995
f 1060/1127/997 1068/334/1005 1067/1089/1004 1059/1126/996
f 1061/232/998 1069/422/1006 1068/334/1005 1060/1127/997
f 1062/728/999 1070/1128/1007 1069/422/1006 1061/232/998
f 1063/234/1000 1071/731/1008 1070/1128/1007 1062/728/999
f 1064/654/1001 1072/1129/1009 1071/731/1008 1063/234/1000
f 1065/228/1002 1073/655/1010 1072/1129/1009 1064/654/1001
f 4609/1130/4025 4595/1131/4011 4597/1132/4013 4599/1133/4015 4601/1134/4017 4603/1135/4019 4605/1136/4021 4607/1137/4023
f 1066/332/1003 4596/1138/4012 4610/1139/4026 1073/655/1010
f 1069/422/1006 4602/1140/4018 4600/1141/4016 1068/334/1005
f 1070/1128/1007 4604/1142/4020 4602/1143/4018 1069/422/1006
f 1071/731/1008 4606/350/4022 4604/1144/4020 1070/1128/1007
f 1072/1129/1009 4608/1145/4024 4606/1146/4022 1071/731/1008
f 1073/655/1010 4610/1147/4026 4608/354/4024 1072/1129/1009
f 4612/1148/4028 1074/281/1011 1081/141/1018 4625/1149/4041
f 4614/1150/4030 1075/360/1012 1074/527/1011 4612/1151/4028
f 4616/1152/4032 1076/15/1013 1075/360/1012 4614/1153/4030
f 4618/1154/4034 1077/1155/1014 1076/15/1013 4616/1156/4032
f 4620/1157/4036 1078/17/1015 1077/1155/1014 4618/1158/4034
f 4622/1159/4038 1079/372/1016 1078/17/1015 4620/1160/4036
f 4624/1161/4040 1080/1162/1017 1079/372/1016 4622/1163/4038
f 4625/1164/4041 1081/141/1018 1080/1162/1017 4624/1165/4040
f 1155/264/1092 1162/1166/1099 4627/1167/4043 4628/1168/4044 1154/10/1091
f 1074/281/1011 1082/167/1019 1089/1169/1026 1081/141/1018
f 1075/360/1012 1083/168/1020 1082/36/1019 1074/527/1011
f 1076/15/1013 1084/1170/1021 1083/168/1020 1075/360/1012
f 1077/1155/1014 1085/620/1022 1084/1170/1021 1076/15/1013
f 1078/17/1015 1086/171/1023 1085/620/1022 1077/1155/1014
f 1079/372/1016 1087/551/1024 1086/171/1023 1078/17/1015
f 1080/1162/1017 1088/173/1025 1087/551/1024 1079/372/1016
f 1081/141/1018 1089/1169/1026 1088/173/1025 1080/1162/1017
f 1082/167/1019 1090/42/1027 1097/43/1034 1089/1169/1026
f 1083/168/1020 1091/44/1028 1090/45/1027 1082/36/1019
f 1084/1170/1021 1092/46/1029 1091/44/1028 1083/168/1020
f 1085/620/1022 1093/1171/1030 1092/46/1029 1084/1170/1021
f 1086/171/1023 1094/178/1031 1093/1171/1030 1085/620/1022
f 1087/551/1024 1095/1047/1032 1094/178/1031 1086/171/1023
f 1088/173/1025 1096/50/1033 1095/1047/1032 1087/551/1024
f 1089/1169/1026 1097/43/1034 1096/50/1033 1088/173/1025
f 1090/42/1027 1098/391/1035 1105/181/1042 1097/43/1034
f 1091/44/1028 1099/182/1036 1098/54/1035 1090/45/1027
f 1092/46/1029 1100/475/1037 1099/182/1036 1091/44/1028
f 1093/1171/1030 1101/1172/1038 1100/475/1037 1092/46/1029
f 1094/178/1031 1102/477/1039 1101/1172/1038 1093/1171/1030
f 1095/1047/1032 1103/1173/1040 1102/477/1039 1094/178/1031
f 1096/50/1033 1104/300/1041 1103/1173/1040 1095/1047/1032
f 1097/43/1034 1105/181/1042 1104/300/1041 1096/50/1033
f 1098/391/1035 1106/1052/1043 1113/61/1050 1105/181/1042
f 1099/182/1036 1107/189/1044 1106/302/1043 1098/54/1035
f 1100/475/1037 1108/64/1045 1107/189/1044 1099/182/1036
f 1101/1172/1038 1109/303/1046 1108/64/1045 1100/475/1037
f 1102/477/1039 1110/193/1047 1109/303/1046 1101/1172/1038
f 1103/1173/1040 1111/1174/1048 1110/193/1047 1102/477/1039
f 1104/300/1041 1112/1175/1049 1111/1174/1048 1103/1173/1040
f 1105/181/1042 1113/61/1050 1112/1175/1049 1104/300/1041
f 1106/1052/1043 1114/983/1051 1121/1176/1058 1113/61/1050
f 1107/189/1044 1115/197/1052 1114/72/1051 1106/302/1043
f 1108/64/1045 1116/73/1053 1115/197/1052 1107/189/1044
f 1109/303/1046 1117/198/1054 1116/73/1053 1108/64/1045
f 1110/193/1047 1118/199/1055 1117/198/1054 1109/303/1046
f 1111/1174/1048 1119/200/1056 1118/199/1055 1110/193/1047
f 1112/1175/1049 1120/1177/1057 1119/200/1056 1111/1174/1048
f 1113/61/1050 1121/1176/1058 1120/1177/1057 1112/1175/1049
f 1114/983/1051 1122/78/1059 1129/1178/1066 1121/1176/1058
f 1115/197/1052 1123/1058/1060 1122/81/1059 1114/72/1051
f 1116/73/1053 1124/639/1061 1123/1058/1060 1115/197/1052
f 1117/198/1054 1125/1179/1062 1124/639/1061 1116/73/1053
f 1118/199/1055 1126/987/1063 1125/1179/1062 1117/198/1054
f 1119/200/1056 1127/85/1064 1126/987/1063 1118/199/1055
f 1120/1177/1057 1128/210/1065 1127/85/1064 1119/200/1056
f 1121/1176/1058 1129/1178/1066 1128/210/1065 1120/1177/1057
f 1122/78/1059 1130/211/1067 1137/1180/1074 1129/1178/1066
f 1123/1058/1060 1131/318/1068 1130/319/1067 1122/81/1059
f 1124/639/1061 1132/411/1069 1131/318/1068 1123/1058/1060
f 1125/1179/1062 1133/216/1070 1132/411/1069 1124/639/1061
f 1126/987/1063 1134/93/1071 1133/216/1070 1125/1179/1062
f 1127/85/1064 1135/413/1072 1134/93/1071 1126/987/1063
f 1128/210/1065 1136/1181/1073 1135/413/1072 1127/85/1064
f 1129/1178/1066 1137/1180/1074 1136/1181/1073 1128/210/1065
f 1130/211/1067 1138/1182/1075 1145/219/1082 1137/1180/1074
f 1131/318/1068 1139/993/1076 1138/221/1075 1130/319/1067
f 1132/411/1069 1140/222/1077 1139/993/1076 1131/318/1068
f 1133/216/1070 1141/223/1078 1140/222/1077 1132/411/1069
f 1134/93/1071 1142/1183/1079 1141/223/1078 1133/216/1070
f 1135/413/1072 1143/326/1080 1142/1183/1079 1134/93/1071
f 1136/1181/1073 1144/226/1081 1143/326/1080 1135/413/1072
f 1137/1180/1074 1145/219/1082 1144/226/1081 1136/1181/1073
f 1138/1182/1075 1146/227/1083 1153/1184/1090 1145/219/1082
f 1139/993/1076 1147/107/1084 1146/1185/1083 1138/221/1075
f 1140/222/1077 1148/109/1085 1147/107/1084 1139/993/1076
f 1141/223/1078 1149/330/1086 1148/109/1085 1140/222/1077
f 1142/1183/1079 1150/1186/1087 1149/330/1086 1141/223/1078
f 1143/326/1080 1151/1187/1088 1150/1186/1087 1142/1183/1079
f 1144/226/1081 1152/1188/1089 1151/1187/1088 1143/326/1080
f 1145/219/1082 1153/1184/1090 1152/1188/1089 1144/226/1081
f 1146/227/1083 1154/500/1091 1161/237/1098 1153/1184/1090
f 1147/107/1084 1155/264/1092 1154/10/1091 1146/1185/1083
f 1148/109/1085 1156/238/1093 1155/264/1092 1147/107/1084
f 1149/330/1086 1157/422/1094 1156/238/1093 1148/109/1085
f 1150/1186/1087 1158/1128/1095 1157/422/1094 1149/330/1086
f 1151/1187/1088 1159/657/1096 1158/1128/1095 1150/1186/1087
f 1152/1188/1089 1160/584/1097 1159/657/1096 1151/1187/1088
f 1153/1184/1090 1161/237/1098 1160/584/1097 1152/1188/1089
f 4639/1189/4055 4627/1190/4043 1162/1166/1099 4630/1191/4046 4631/1192/4047 4633/1193/4049 4635/343/4051 4637/1194/4053
f 1154/500/1091 4628/1195/4044 4640/1196/4056 1161/237/1098
f 1158/1128/1095 4634/1197/4050 4632/1198/4048 1157/422/1094
f 1156/238/1093 4629/433/4045 4630/1199/4046 1162/1166/1099 1155/264/1092
f 1159/657/1096 4636/1200/4052 4634/1201/4050 1158/1128/1095
f 1160/584/1097 4638/440/4054 4636/1202/4052 1159/657/1096
f 1161/237/1098 4640/1203/4056 4638/437/4054 1160/584/1097
f 4642/1204/4058 1164/356/1101 1171/442/1108 4655/1205/4071
f 4644/1206/4060 1165/144/1102 1164/527/1101 4642/1207/4058
f 4646/1208/4062 1166/448/1103 1165/144/1102 4644/1209/4060
f 4648/1210/4064 1167/1211/1104 1166/448/1103 4646/1212/4062
f 4650/1213/4066 1168/17/1105 1167/1211/1104 4648/1214/4064
f 4651/1215/4067 1169/159/1106 1168/17/1105 4650/1216/4066
f 1163/3/1100 1170/158/1107 1169/159/1106 4651/1217/4067 4653/4/4069
f 4656/1218/4072 4655/1219/4071 1171/442/1108 1170/158/1107 1163/3/1100
f 1245/1220/1182 1252/379/1189 4657/1221/4073 4658/1222/4074 1244/1223/1181
f 1164/356/1101 1172/382/1109 1179/466/1116 1171/442/1108
f 1165/144/1102 1173/168/1110 1172/36/1109 1164/527/1101
f 1166/448/1103 1174/37/1111 1173/168/1110 1165/144/1102
f 1167/1211/1104 1175/550/1112 1174/37/1111 1166/448/1103
f 1168/17/1105 1176/171/1113 1175/550/1112 1167/1211/1104
f 1169/159/1106 1177/1108/1114 1176/171/1113 1168/17/1105
f 1170/158/1107 1178/1224/1115 1177/1108/1114 1169/159/1106
f 1171/442/1108 1179/466/1116 1178/1224/1115 1170/158/1107
f 1172/382/1109 1180/42/1117 1187/1225/1124 1179/466/1116
f 1173/168/1110 1181/44/1118 1180/45/1117 1172/36/1109
f 1174/37/1111 1182/46/1119 1181/44/1118 1173/168/1110
f 1175/550/1112 1183/390/1120 1182/46/1119 1174/37/1111
f 1176/171/1113 1184/48/1121 1183/390/1120 1175/550/1112
f 1177/1108/1114 1185/179/1122 1184/48/1121 1176/171/1113
f 1178/1224/1115 1186/50/1123 1185/179/1122 1177/1108/1114
f 1179/466/1116 1187/1225/1124 1186/50/1123 1178/1224/1115
f 1180/42/1117 1188/1226/1125 1195/392/1132 1187/1225/1124
f 1181/44/1118 1189/473/1126 1188/54/1125 1180/45/1117
f 1182/46/1119 1190/1227/1127 1189/473/1126 1181/44/1118
f 1183/390/1120 1191/298/1128 1190/1227/1127 1182/46/1119
f 1184/48/1121 1192/57/1129 1191/298/1128 1183/390/1120
f 1185/179/1122 1193/558/1130 1192/57/1129 1184/48/1121
f 1186/50/1123 1194/300/1131 1193/558/1130 1185/179/1122
f 1187/1225/1124 1195/392/1132 1194/300/1131 1186/50/1123
f 1188/1226/1125 1196/60/1133 1203/1228/1140 1195/392/1132
f 1189/473/1126 1197/189/1134 1196/398/1133 1188/54/1125
f 1190/1227/1127 1198/64/1135 1197/189/1134 1189/473/1126
f 1191/298/1128 1199/481/1136 1198/64/1135 1190/1227/1127
f 1192/57/1129 1200/66/1137 1199/481/1136 1191/298/1128
f 1193/558/1130 1201/194/1138 1200/66/1137 1192/57/1129
f 1194/300/1131 1202/306/1139 1201/194/1138 1193/558/1130
f 1195/392/1132 1203/1228/1140 1202/306/1139 1194/300/1131
f 1196/60/1133 1204/983/1141 1211/70/1148 1203/1228/1140
f 1197/189/1134 1205/197/1142 1204/72/1141 1196/398/1133
f 1198/64/1135 1206/73/1143 1205/197/1142 1197/189/1134
f 1199/481/1136 1207/198/1144 1206/73/1143 1198/64/1135
f 1200/66/1137 1208/636/1145 1207/198/1144 1199/481/1136
f 1201/194/1138 1209/1229/1146 1208/636/1145 1200/66/1137
f 1202/306/1139 1210/484/1147 1209/1229/1146 1201/194/1138
f 1203/1228/1140 1211/70/1148 1210/484/1147 1202/306/1139
f 1204/983/1141 1212/202/1149 1219/203/1156 1211/70/1148
f 1205/197/1142 1213/1230/1150 1212/205/1149 1204/72/1141
f 1206/73/1143 1214/313/1151 1213/1230/1150 1205/197/1142
f 1207/198/1144 1215/83/1152 1214/313/1151 1206/73/1143
f 1208/636/1145 1216/987/1153 1215/83/1152 1207/198/1144
f 1209/1229/1146 1217/209/1154 1216/987/1153 1208/636/1145
f 1210/484/1147 1218/1231/1155 1217/209/1154 1209/1229/1146
f 1211/70/1148 1219/203/1156 1218/1231/1155 1210/484/1147
f 1212/202/1149 1220/87/1157 1227/572/1164 1219/203/1156
f 1213/1230/1150 1221/213/1158 1220/319/1157 1212/205/1149
f 1214/313/1151 1222/215/1159 1221/213/1158 1213/1230/1150
f 1215/83/1152 1223/216/1160 1222/215/1159 1214/313/1151
f 1216/987/1153 1224/1232/1161 1223/216/1160 1215/83/1152
f 1217/209/1154 1225/218/1162 1224/1232/1161 1216/987/1153
f 1218/1231/1155 1226/322/1163 1225/218/1162 1217/209/1154
f 1219/203/1156 1227/572/1164 1226/322/1163 1218/1231/1155
f 1220/87/1157 1228/96/1165 1235/219/1172 1227/572/1164
f 1221/213/1158 1229/1233/1166 1228/221/1165 1220/319/1157
f 1222/215/1159 1230/222/1167 1229/1233/1166 1221/213/1158
f 1223/216/1160 1231/223/1168 1230/222/1167 1222/215/1159
f 1224/1232/1161 1232/102/1169 1231/223/1168 1223/216/1160
f 1225/218/1162 1233/1234/1170 1232/102/1169 1224/1232/1161
f 1226/322/1163 1234/104/1171 1233/1234/1170 1225/218/1162
f 1227/572/1164 1235/219/1172 1234/104/1171 1226/322/1163
f 1228/96/1165 1236/725/1173 1243/1235/1180 1235/219/1172
f 1229/1233/1166 1237/650/1174 1236/108/1173 1228/221/1165
f 1230/222/1167 1238/578/1175 1237/650/1174 1229/1233/1166
f 1231/223/1168 1239/1236/1176 1238/578/1175 1230/222/1167
f 1232/102/1169 1240/1237/1177 1239/1236/1176 1231/223/1168
f 1233/1234/1170 1241/1238/1178 1240/1237/1177 1232/102/1169
f 1234/104/1171 1242/1188/1179 1241/1238/1178 1233/1234/1170
f 1235/219/1172 1243/1235/1180 1242/1188/1179 1234/104/1171
f 1236/725/1173 1244/421/1181 1251/1239/1188 1243/1235/1180
f 1237/650/1174 1245/1220/1182 1244/1223/1181 1236/108/1173
f 1238/578/1175 1246/116/1183 1245/1220/1182 1237/650/1174
f 1239/1236/1176 1247/335/1184 1246/116/1183 1238/578/1175
f 1240/1237/1177 1248/336/1185 1247/335/1184 1239/1236/1176
f 1241/1238/1178 1249/505/1186 1248/336/1185 1240/1237/1177
f 1242/1188/1179 1250/1240/1187 1249/505/1186 1241/1238/1178
f 1243/1235/1180 1251/1239/1188 1250/1240/1187 1242/1188/1179
f 4667/1241/4083 4657/1242/4073 1252/379/1189 1253/1243/1190 4660/1244/4076 4661/1245/4077 4663/1246/4079 4665/1247/4081
f 1244/421/1181 4658/1248/4074 4668/1249/4084 1251/1239/1188
f 1246/116/1183 1253/1243/1190 1252/379/1189 1245/1220/1182
f 1249/505/1186 4664/1250/4080 4662/517/4078 1248/336/1185
f 1247/335/1184 4659/1251/4075 4660/1252/4076 1253/1243/1190 1246/116/1183
f 1250/1240/1187 4666/1253/4082 4664/1254/4080 1249/505/1186
f 1251/1239/1188 4668/521/4084 4666/1255/4082 1250/1240/1187
f 4670/1256/4086 1254/356/1191 1261/141/1198 4685/1257/4101
f 4672/1258/4088 1255/144/1192 1254/1259/1191 4670/1260/4086
f 4674/1261/4090 1256/1262/1193 1255/144/1192 4672/1263/4088
f 4676/1264/4092 1257/366/1194 1256/1262/1193 4674/1265/4090
f 4677/1266/4093 1258/1029/1195 1257/366/1194 4676/1267/4092
f 4682/537/4098 4681/1268/4097 1259/275/1196 1258/1029/1195 4677/1269/4093 4679/540/4095
f 4684/1270/4100 1260/1271/1197 1259/275/1196 4681/1272/4097
f 4685/1273/4101 1261/141/1198 1260/1271/1197 4684/1274/4100
f 1335/1275/1272 4690/1276/4106 4688/547/4104 1334/10/1271
f 1254/356/1191 1262/382/1199 1269/1277/1206 1261/141/1198
f 1255/144/1192 1263/35/1200 1262/285/1199 1254/1259/1191
f 1256/1262/1193 1264/1278/1201 1263/35/1200 1255/144/1192
f 1257/366/1194 1265/386/1202 1264/1278/1201 1256/1262/1193
f 1258/1029/1195 1266/171/1203 1265/386/1202 1257/366/1194
f 1259/275/1196 1267/1279/1204 1266/171/1203 1258/1029/1195
f 1260/1271/1197 1268/1280/1205 1267/1279/1204 1259/275/1196
f 1261/141/1198 1269/1277/1206 1268/1280/1205 1260/1271/1197
f 1262/382/1199 1270/1043/1207 1277/1281/1214 1269/1277/1206
f 1263/35/1200 1271/44/1208 1270/45/1207 1262/285/1199
f 1264/1278/1201 1272/470/1209 1271/44/1208 1263/35/1200
f 1265/386/1202 1273/1171/1210 1272/470/1209 1264/1278/1201
f 1266/171/1203 1274/48/1211 1273/1171/1210 1265/386/1202
f 1267/1279/1204 1275/179/1212 1274/48/1211 1266/171/1203
f 1268/1280/1205 1276/1282/1213 1275/179/1212 1267/1279/1204
f 1269/1277/1206 1277/1281/1214 1276/1282/1213 1268/1280/1205
f 1270/1043/1207 1278/391/1215 1285/392/1222 1277/1281/1214
f 1271/44/1208 1279/1283/1216 1278/54/1215 1270/45/1207
f 1272/470/1209 1280/975/1217 1279/1283/1216 1271/44/1208
f 1273/1171/1210 1281/1284/1218 1280/975/1217 1272/470/1209
f 1274/48/1211 1282/1285/1219 1281/1284/1218 1273/1171/1210
f 1275/179/1212 1283/1286/1220 1282/1285/1219 1274/48/1211
f 1276/1282/1213 1284/300/1221 1283/1286/1220 1275/179/1212
f 1277/1281/1214 1285/392/1222 1284/300/1221 1276/1282/1213
f 1278/391/1215 1286/1052/1223 1293/61/1230 1285/392/1222
f 1279/1283/1216 1287/560/1224 1286/302/1223 1278/54/1215
f 1280/975/1217 1288/191/1225 1287/560/1224 1279/1283/1216
f 1281/1284/1218 1289/303/1226 1288/191/1225 1280/975/1217
f 1282/1285/1219 1290/193/1227 1289/303/1226 1281/1284/1218
f 1283/1286/1220 1291/1287/1228 1290/193/1227 1282/1285/1219
f 1284/300/1221 1292/1288/1229 1291/1287/1228 1283/1286/1220
f 1285/392/1222 1293/61/1230 1292/1288/1229 1284/300/1221
f 1286/1052/1223 1294/1289/1231 1301/70/1238 1293/61/1230
f 1287/560/1224 1295/197/1232 1294/72/1231 1286/302/1223
f 1288/191/1225 1296/73/1233 1295/197/1232 1287/560/1224
f 1289/303/1226 1297/1290/1234 1296/73/1233 1288/191/1225
f 1290/193/1227 1298/75/1235 1297/1290/1234 1289/303/1226
f 1291/1287/1228 1299/200/1236 1298/75/1235 1290/193/1227
f 1292/1288/1229 1300/201/1237 1299/200/1236 1291/1287/1228
f 1293/61/1230 1301/70/1238 1300/201/1237 1292/1288/1229
f 1294/1289/1231 1302/1291/1239 1309/637/1246 1301/70/1238
f 1295/197/1232 1303/312/1240 1302/205/1239 1294/72/1231
f 1296/73/1233 1304/1292/1241 1303/312/1240 1295/197/1232
f 1297/1290/1234 1305/83/1242 1304/1292/1241 1296/73/1233
f 1298/75/1235 1306/1293/1243 1305/83/1242 1297/1290/1234
f 1299/200/1236 1307/85/1244 1306/1293/1243 1298/75/1235
f 1300/201/1237 1308/718/1245 1307/85/1244 1299/200/1236
f 1301/70/1238 1309/637/1246 1308/718/1245 1300/201/1237
f 1302/1291/1239 1310/87/1247 1317/1294/1254 1309/637/1246
f 1303/312/1240 1311/213/1248 1310/319/1247 1302/205/1239
f 1304/1292/1241 1312/411/1249 1311/213/1248 1303/312/1240
f 1305/83/1242 1313/490/1250 1312/411/1249 1304/1292/1241
f 1306/1293/1243 1314/1120/1251 1313/490/1250 1305/83/1242
f 1307/85/1244 1315/413/1252 1314/1120/1251 1306/1293/1243
f 1308/718/1245 1316/95/1253 1315/413/1252 1307/85/1244
f 1309/637/1246 1317/1294/1254 1316/95/1253 1308/718/1245
f 1310/87/1247 1318/96/1255 1325/1295/1262 1317/1294/1254
f 1311/213/1248 1319/98/1256 1318/221/1255 1310/319/1247
f 1312/411/1249 1320/1296/1257 1319/98/1256 1311/213/1248
f 1313/490/1250 1321/994/1258 1320/1296/1257 1312/411/1249
f 1314/1120/1251 1322/102/1259 1321/994/1258 1313/490/1250
f 1315/413/1252 1323/326/1260 1322/102/1259 1314/1120/1251
f 1316/95/1253 1324/226/1261 1323/326/1260 1315/413/1252
f 1317/1294/1254 1325/1295/1262 1324/226/1261 1316/95/1253
f 1318/96/1255 1326/227/1263 1333/1297/1270 1325/1295/1262
f 1319/98/1256 1327/1126/1264 1326/1185/1263 1318/221/1255
f 1320/1296/1257 1328/578/1265 1327/1126/1264 1319/98/1256
f 1321/994/1258 1329/1298/1266 1328/578/1265 1320/1296/1257
f 1322/102/1259 1330/653/1267 1329/1298/1266 1321/994/1258
f 1323/326/1260 1331/1187/1268 1330/653/1267 1322/102/1259
f 1324/226/1261 1332/420/1269 1331/1187/1268 1323/326/1260
f 1325/1295/1262 1333/1297/1270 1332/420/1269 1324/226/1261
f 1326/227/1263 1334/236/1271 1341/501/1278 1333/1297/1270
f 1327/1126/1264 1335/1275/1272 1334/10/1271 1326/1185/1263
f 1328/578/1265 1336/581/1273 1335/1275/1272 1327/1126/1264
f 1329/1298/1266 1337/1299/1274 1336/581/1273 1328/578/1265
f 1330/653/1267 1338/1300/1275 1337/1299/1274 1329/1298/1266
f 1331/1187/1268 1339/1301/1276 1338/1300/1275 1330/653/1267
f 1332/420/1269 1340/120/1277 1339/1301/1276 1331/1187/1268
f 1333/1297/1270 1341/501/1278 1340/120/1277 1332/420/1269
f 4701/1302/4117 4687/1303/4103 4689/1304/4105 4691/1305/4107 4693/1306/4109 4695/1307/4111 4697/1308/4113 4699/1309/4115
f 1334/236/1271 4688/1310/4104 4702/1311/4118 1341/501/1278
f 1337/1299/1274 4694/1312/4110 4692/1313/4108 1336/581/1273
f 1338/1300/1275 4696/1314/4112 4694/595/4110 1337/1299/1274
f 1339/1301/1276 4698/1315/4114 4696/1316/4112 1338/1300/1275
f 1340/120/1277 4700/1317/4116 4698/1318/4114 1339/1301/1276
f 1341/501/1278 4702/1319/4118 4700/1317/4116 1340/120/1277
f 4705/1320/4121 4704/1321/4120 1351/1029/1288 1350/18/1287 1345/606/1282
f 1342/29/1279 1347/30/1284 1354/1322/1291 1346/608/1283
f 1343/268/1280 1348/360/1285 1347/13/1284 1342/1/1279
f 1344/14/1281 1349/1323/1286 1348/360/1285 1343/268/1280
f 1345/606/1282 1350/18/1287 1349/1323/1286 1344/14/1281
f 4707/1324/4123 1352/456/1289 1351/1029/1288 4704/1325/4120
f 4708/1326/4124 1353/24/1290 1352/456/1289 4707/1327/4123
f 1346/608/1283 1354/1322/1291 1353/24/1290 4708/1328/4124 4710/1329/4126
f 1428/264/1365 4714/1330/4130 4712/1331/4128 1427/10/1364
f 1347/30/1284 1355/1040/1292 1362/466/1299 1354/1322/1291
f 1348/360/1285 1356/1332/1293 1355/285/1292 1347/13/1284
f 1349/1323/1286 1357/1170/1294 1356/1332/1293 1348/360/1285
f 1350/18/1287 1358/550/1295 1357/1170/1294 1349/1323/1286
f 1351/1029/1288 1359/171/1296 1358/550/1295 1350/18/1287
f 1352/456/1289 1360/1108/1297 1359/171/1296 1351/1029/1288
f 1353/24/1290 1361/173/1298 1360/1108/1297 1352/456/1289
f 1354/1322/1291 1362/466/1299 1361/173/1298 1353/24/1290
f 1355/1040/1292 1363/553/1300 1370/43/1307 1362/466/1299
f 1356/1332/1293 1364/1044/1301 1363/45/1300 1355/285/1292
f 1357/1170/1294 1365/46/1302 1364/1044/1301 1356/1332/1293
f 1358/550/1295 1366/1333/1303 1365/46/1302 1357/1170/1294
f 1359/171/1296 1367/178/1304 1366/1333/1303 1358/550/1295
f 1360/1108/1297 1368/293/1305 1367/178/1304 1359/171/1296
f 1361/173/1298 1369/180/1306 1368/293/1305 1360/1108/1297
f 1362/466/1299 1370/43/1307 1369/180/1306 1361/173/1298
f 1363/553/1300 1371/391/1308 1378/181/1315 1370/43/1307
f 1364/1044/1301 1372/1334/1309 1371/183/1308 1363/45/1300
f 1365/46/1302 1373/393/1310 1372/1334/1309 1364/1044/1301
f 1366/1333/1303 1374/1335/1311 1373/393/1310 1365/46/1302
f 1367/178/1304 1375/184/1312 1374/1335/1311 1366/1333/1303
f 1368/293/1305 1376/58/1313 1375/184/1312 1367/178/1304
f 1369/180/1306 1377/300/1314 1376/58/1313 1368/293/1305
f 1370/43/1307 1378/181/1315 1377/300/1314 1369/180/1306
f 1371/391/1308 1379/187/1316 1386/188/1323 1378/181/1315
f 1372/1334/1309 1380/560/1317 1379/1054/1316 1371/183/1308
f 1373/393/1310 1381/561/1318 1380/560/1317 1372/1334/1309
f 1374/1335/1311 1382/1336/1319 1381/561/1318 1373/393/1310
f 1375/184/1312 1383/1337/1320 1382/1336/1319 1374/1335/1311
f 1376/58/1313 1384/194/1321 1383/1337/1320 1375/184/1312
f 1377/300/1314 1385/306/1322 1384/194/1321 1376/58/1313
f 1378/181/1315 1386/188/1323 1385/306/1322 1377/300/1314
f 1379/187/1316 1387/69/1324 1394/70/1331 1386/188/1323
f 1380/560/1317 1388/197/1325 1387/72/1324 1379/1054/1316
f 1381/561/1318 1389/1338/1326 1388/197/1325 1380/560/1317
f 1382/1336/1319 1390/198/1327 1389/1338/1326 1381/561/1318
f 1383/1337/1320 1391/1056/1328 1390/198/1327 1382/1336/1319
f 1384/194/1321 1392/200/1329 1391/1056/1328 1383/1337/1320
f 1385/306/1322 1393/201/1330 1392/200/1329 1384/194/1321
f 1386/188/1323 1394/70/1331 1393/201/1330 1385/306/1322
f 1387/69/1324 1395/78/1332 1402/203/1339 1394/70/1331
f 1388/197/1325 1396/80/1333 1395/81/1332 1387/72/1324
f 1389/1338/1326 1397/1339/1334 1396/80/1333 1388/197/1325
f 1390/198/1327 1398/1340/1335 1397/1339/1334 1389/1338/1326
f 1391/1056/1328 1399/1341/1336 1398/1340/1335 1390/198/1327
f 1392/200/1329 1400/209/1337 1399/1341/1336 1391/1056/1328
f 1393/201/1330 1401/210/1338 1400/209/1337 1392/200/1329
f 1394/70/1331 1402/203/1339 1401/210/1338 1393/201/1330
f 1395/78/1332 1403/407/1340 1410/572/1347 1402/203/1339
f 1396/80/1333 1404/1342/1341 1403/1343/1340 1395/81/1332
f 1397/1339/1334 1405/215/1342 1404/1342/1341 1396/80/1333
f 1398/1340/1335 1406/1344/1343 1405/215/1342 1397/1339/1334
f 1399/1341/1336 1407/1120/1344 1406/1344/1343 1398/1340/1335
f 1400/209/1337 1408/1345/1345 1407/1120/1344 1399/1341/1336
f 1401/210/1338 1409/1346/1346 1408/1345/1345 1400/209/1337
f 1402/203/1339 1410/572/1347 1409/1346/1346 1401/210/1338
f 1403/407/1340 1411/1347/1348 1418/97/1355 1410/572/1347
f 1404/1342/1341 1412/323/1349 1411/221/1348 1403/1343/1340
f 1405/215/1342 1413/100/1350 1412/323/1349 1404/1342/1341
f 1406/1344/1343 1414/1348/1351 1413/100/1350 1405/215/1342
f 1407/1120/1344 1415/102/1352 1414/1348/1351 1406/1344/1343
f 1408/1345/1345 1416/326/1353 1415/102/1352 1407/1120/1344
f 1409/1346/1346 1417/647/1354 1416/326/1353 1408/1345/1345
f 1410/572/1347 1418/97/1355 1417/647/1354 1409/1346/1346
f 1411/1347/1348 1419/995/1356 1426/1349/1363 1418/97/1355
f 1412/323/1349 1420/417/1357 1419/1185/1356 1411/221/1348
f 1413/100/1350 1421/578/1358 1420/417/1357 1412/323/1349
f 1414/1348/1351 1422/110/1359 1421/578/1358 1413/100/1350
f 1415/102/1352 1423/1350/1360 1422/110/1359 1414/1348/1351
f 1416/326/1353 1424/234/1361 1423/1350/1360 1415/102/1352
f 1417/647/1354 1425/580/1362 1424/234/1361 1416/326/1353
f 1418/97/1355 1426/1349/1363 1425/580/1362 1417/647/1354
f 1419/995/1356 1427/236/1364 1434/1351/1371 1426/1349/1363
f 1420/417/1357 1428/264/1365 1427/10/1364 1419/1185/1356
f 1421/578/1358 1429/1352/1366 1428/264/1365 1420/417/1357
f 1422/110/1359 1430/1353/1367 1429/1352/1366 1421/578/1358
f 1423/1350/1360 1431/1354/1368 1430/1353/1367 1422/110/1359
f 1424/234/1361 1432/731/1369 1431/1354/1368 1423/1350/1360
f 1425/580/1362 1433/732/1370 1432/731/1369 1424/234/1361
f 1426/1349/1363 1434/1351/1371 1433/732/1370 1425/580/1362
f 4725/1355/4141 4711/1356/4127 4713/1357/4129 4715/1358/4131 4717/1192/4133 4719/1359/4135 4722/1360/4138 4723/1361/4139
f 1427/236/1364 4712/1362/4128 4726/1363/4142 1434/1351/1371
f 1430/1353/1367 4718/668/4134 4716/1364/4132 1429/1352/1366
f 1431/1354/1368 4720/1365/4136 4718/1366/4134 1430/1353/1367
f 1432/731/1369 4721/1367/4137 4722/664/4138 4719/1368/4135 4720/1369/4136 1431/1354/1368
f 1433/732/1370 4724/1370/4140 4721/1371/4137 1432/731/1369
f 1434/1351/1371 4726/1372/4142 4724/1373/4140 1433/732/1370
f 4729/680/4145 4728/1374/4144 1437/1375/1374 1444/1376/1381 1436/1377/1373
f 4731/1378/4147 1438/1379/1375 1437/686/1374 4728/1380/4144
f 4733/1381/4149 1439/689/1376 1438/1379/1375 4731/1382/4147
f 4735/1383/4151 1440/692/1377 1439/689/1376 4733/1384/4149
f 4737/1385/4153 1441/695/1378 1440/692/1377 4735/1386/4151
f 4738/1387/4154 1442/1388/1379 1441/695/1378 4737/1389/4153
f 1435/700/1372 1443/1390/1380 1442/1388/1379 4738/1391/4154 4740/1392/4156
f 1502/264/1439 4744/1393/4160 4742/705/4158 1501/618/1438
f 1436/1377/1373 1444/1376/1381 1443/1390/1380 1435/700/1372
f 1437/1375/1374 1445/625/1382 1452/181/1389 1444/1376/1381
f 1438/1379/1375 1446/182/1383 1445/297/1382 1437/686/1374
f 1439/689/1376 1447/1394/1384 1446/182/1383 1438/1379/1375
f 1440/692/1377 1448/394/1385 1447/1394/1384 1439/689/1376
f 1441/695/1378 1449/1395/1386 1448/394/1385 1440/692/1377
f 1442/1388/1379 1450/58/1387 1449/1395/1386 1441/695/1378
f 1443/1390/1380 1451/1396/1388 1450/58/1387 1442/1388/1379
f 1444/1376/1381 1452/181/1389 1451/1396/1388 1443/1390/1380
f 1445/625/1382 1453/708/1390 1460/61/1397 1452/181/1389
f 1446/182/1383 1454/189/1391 1453/1054/1390 1445/297/1382
f 1447/1394/1384 1455/1397/1392 1454/189/1391 1446/182/1383
f 1448/394/1385 1456/1336/1393 1455/1397/1392 1447/1394/1384
f 1449/1395/1386 1457/66/1394 1456/1336/1393 1448/394/1385
f 1450/58/1387 1458/67/1395 1457/66/1394 1449/1395/1386
f 1451/1396/1388 1459/306/1396 1458/67/1395 1450/58/1387
f 1452/181/1389 1460/61/1397 1459/306/1396 1451/1396/1388
f 1453/708/1390 1461/69/1398 1468/1398/1405 1460/61/1397
f 1454/189/1391 1462/566/1399 1461/1114/1398 1453/1054/1390
f 1455/1397/1392 1463/73/1400 1462/566/1399 1454/189/1391
f 1456/1336/1393 1464/198/1401 1463/73/1400 1455/1397/1392
f 1457/66/1394 1465/199/1402 1464/198/1401 1456/1336/1393
f 1458/67/1395 1466/200/1403 1465/199/1402 1457/66/1394
f 1459/306/1396 1467/1399/1404 1466/200/1403 1458/67/1395
f 1460/61/1397 1468/1398/1405 1467/1399/1404 1459/306/1396
f 1461/69/1398 1469/985/1406 1476/203/1413 1468/1398/1405
f 1462/566/1399 1470/1400/1407 1469/486/1406 1461/1114/1398
f 1463/73/1400 1471/1401/1408 1470/1400/1407 1462/566/1399
f 1464/198/1401 1472/83/1409 1471/1401/1408 1463/73/1400
f 1465/199/1402 1473/1293/1410 1472/83/1409 1464/198/1401
f 1466/200/1403 1474/209/1411 1473/1293/1410 1465/199/1402
f 1467/1399/1404 1475/1231/1412 1474/209/1411 1466/200/1403
f 1468/1398/1405 1476/203/1413 1475/1231/1412 1467/1399/1404
f 1469/985/1406 1477/211/1414 1484/1402/1421 1476/203/1413
f 1470/1400/1407 1478/213/1415 1477/1343/1414 1469/486/1406
f 1471/1401/1408 1479/1119/1416 1478/213/1415 1470/1400/1407
f 1472/83/1409 1480/1403/1417 1479/1119/1416 1471/1401/1408
f 1473/1293/1410 1481/93/1418 1480/1403/1417 1472/83/1409
f 1474/209/1411 1482/321/1419 1481/93/1418 1473/1293/1410
f 1475/1231/1412 1483/1404/1420 1482/321/1419 1474/209/1411
f 1476/203/1413 1484/1402/1421 1483/1404/1420 1475/1231/1412
f 1477/211/1414 1485/96/1422 1492/219/1429 1484/1402/1421
f 1478/213/1415 1486/645/1423 1485/221/1422 1477/1343/1414
f 1479/1119/1416 1487/1405/1424 1486/645/1423 1478/213/1415
f 1480/1403/1417 1488/223/1425 1487/1405/1424 1479/1119/1416
f 1481/93/1418 1489/102/1426 1488/223/1425 1480/1403/1417
f 1482/321/1419 1490/1406/1427 1489/102/1426 1481/93/1418
f 1483/1404/1420 1491/104/1428 1490/1406/1427 1482/321/1419
f 1484/1402/1421 1492/219/1429 1491/104/1428 1483/1404/1420
f 1485/96/1422 1493/648/1430 1500/1407/1437 1492/219/1429
f 1486/645/1423 1494/577/1431 1493/230/1430 1485/221/1422
f 1487/1405/1424 1495/1408/1432 1494/577/1431 1486/645/1423
f 1488/223/1425 1496/330/1433 1495/1408/1432 1487/1405/1424
f 1489/102/1426 1497/653/1434 1496/330/1433 1488/223/1425
f 1490/1406/1427 1498/331/1435 1497/653/1434 1489/102/1426
f 1491/104/1428 1499/420/1436 1498/331/1435 1490/1406/1427
f 1492/219/1429 1500/1407/1437 1499/420/1436 1491/104/1428
f 1493/648/1430 1501/500/1438 1508/1409/1445 1500/1407/1437
f 1494/577/1431 1502/264/1439 1501/618/1438 1493/230/1430
f 1495/1408/1432 1503/1410/1440 1502/264/1439 1494/577/1431
f 1496/330/1433 1504/582/1441 1503/1410/1440 1495/1408/1432
f 1497/653/1434 1505/583/1442 1504/582/1441 1496/330/1433
f 1498/331/1435 1506/657/1443 1505/583/1442 1497/653/1434
f 1499/420/1436 1507/241/1444 1506/657/1443 1498/331/1435
f 1500/1407/1437 1508/1409/1445 1507/241/1444 1499/420/1436
f 4755/1411/4171 4741/1412/4157 4743/1413/4159 4745/1414/4161 4747/1415/4163 4749/1416/4165 4751/1417/4167 4753/344/4169
f 1501/500/1438 4742/1418/4158 4756/1419/4172 1508/1409/1445
f 1504/582/1441 4748/1420/4164 4746/1421/4162 1503/1410/1440
f 1505/583/1442 4750/1422/4166 4748/1423/4164 1504/582/1441
f 1506/657/1443 4752/1424/4168 4750/1425/4166 1505/583/1442
f 1507/241/1444 4754/1426/4170 4752/1427/4168 1506/657/1443
f 1508/1409/1445 4756/1428/4172 4754/1429/4170 1507/241/1444
f 4461/1430/3877 4539/1431/3955 4536/1432/3952 4528/1433/3944
f 4526/1434/3942 802/263/739 801/268/738 4464/1435/3880
f 4531/1436/3947 4530/1437/3946 806/262/743 805/15/742 802/263/739
f 4528/1438/3944 4536/1432/3952 4534/1439/3950 4459/1440/3875
f 4457/1441/3873 4529/766/3945 4531/1442/3947 802/263/739 4526/1443/3942
f 4461/1444/3877 4479/1445/3895 800/29/737 4540/1446/3956 4539/1431/3955
f 4459/1447/3875 4534/1439/3950 4532/1448/3948 4524/1449/3940
f 4464/1450/3880 801/268/738 800/1/737 4479/1/3895
f 4507/1451/3923 4739/1452/4155 4736/1453/4152 4440/1454/3856
f 4441/1455/3857 4512/1456/3928 1342/29/1279 1346/608/1283
f 4506/1457/3922 4436/1458/3852 4727/1459/4143 4729/680/4145 1436/1377/1373
f 4433/1460/3849 1435/700/1372 4740/1392/4156 4739/1461/4155 4507/1462/3923
f 4509/1463/3925 4730/1464/4146 4727/1/4143 4436/1/3852
f 4438/1465/3854 4732/1466/4148 4730/1467/4146 4509/1468/3925
f 4473/1469/3889 4734/1470/4150 4732/1466/4148 4438/1471/3854
f 4440/1472/3856 4736/1473/4152 4734/1474/4150 4473/1475/3889
f 4516/1476/3932 1344/14/1281 1343/268/1280 4443/1477/3859
f 4441/1478/3857 1346/608/1283 4710/1329/4126 4709/820/4125 4514/1479/3930
f 4475/1480/3891 4703/1481/4119 4705/1482/4121 1345/606/1282 4445/1483/3861
f 4443/1484/3859 1343/268/1280 1342/1/1279 4512/1/3928
f 4448/1485/3864 4706/1486/4122 4703/1487/4119 4475/1488/3891
f 4445/1489/3861 1345/606/1282 1344/14/1281 4516/1490/3932
f 4514/807/3930 4709/1491/4125 4706/1492/4122 4448/1493/3864
f 4518/1494/3934 4621/1495/4037 4619/1496/4035 4449/1497/3865
f 4409/1498/3825 4675/1499/4091 4673/1500/4089 4489/830/3905
f 4413/1501/3829 4467/1502/3883 4669/1503/4085 4686/1504/4102
f 4411/1505/3827 4680/852/4096 4682/537/4098 4679/540/4095 4678/1506/4094 4488/1507/3904
f 4416/1508/3832 4671/1509/4087 4669/1/4085 4467/1/3883
f 4413/1510/3829 4686/1504/4102 4683/1511/4099 4492/843/3908
f 4489/1512/3905 4673/845/4089 4671/1509/4087 4416/1513/3832
f 4494/1514/3910 4561/848/3977 4559/1515/3975 4417/850/3833
f 4492/1516/3908 4683/1517/4099 4680/852/4096 4411/1518/3827
f 4401/1519/3817 4652/953/4068 4649/1520/4065 4483/1521/3899
f 4404/1522/3820 4485/1523/3901 4641/1524/4057 4654/1525/4070
f 4406/1526/3822 4643/1527/4059 4641/1/4057 4485/1/3901
f 4465/1528/3881 4645/1529/4061 4643/1530/4059 4406/1531/3822
f 4408/1532/3824 4647/1533/4063 4645/1534/4061 4465/1535/3881
f 4483/1536/3899 4649/1520/4065 4647/1533/4063 4408/1537/3824
f 4488/1538/3904 4678/1539/4094 4675/1499/4091 4409/1540/3825
f 4404/1541/3820 4654/1542/4070 4656/1218/4072 1163/3/1100 4482/1543/3898
f 4449/1544/3865 4619/1545/4035 4617/1546/4033 4520/1547/3936
f 4477/1548/3893 4613/1549/4029 4611/1/4027 4453/1/3869
f 4451/1550/3867 4623/1551/4039 4621/1552/4037 4518/1553/3934
f 4456/1554/3872 4615/1555/4031 4613/1556/4029 4477/1557/3893
f 4522/1558/3938 4453/1559/3869 4611/1560/4027 4626/1561/4042
f 4520/1562/3936 4617/1546/4033 4615/1555/4031 4456/1563/3872
f 4524/1564/3940 4532/1565/3948 4529/766/3945 4457/1566/3873
f 4522/1567/3938 4626/1568/4042 4623/1569/4039 4451/1570/3867
f 4471/1571/3887 4588/907/4004 4586/1572/4002 4429/1573/3845
f 4427/1574/3843 985/1088/922 984/268/921 4500/911/3916
f 4432/1575/3848 4590/1576/4006 4588/907/4004 4471/1577/3887
f 4429/1578/3845 4586/1579/4002 4583/1580/3999 4504/1581/3920
f 4501/1582/3917 4593/1583/4009 4590/1576/4006 4432/1584/3848
f 4506/1585/3922 1436/1377/1373 1435/700/1372 4433/1586/3849
f 4504/1587/3920 4583/1580/3999 4585/1588/4001 985/1088/922 4427/1589/3843
f 4501/1590/3917 4425/1591/3841 983/1102/920 4594/1592/4010 4593/1593/4009
f 4417/1594/3833 4559/1595/3975 4557/1/3973 4495/1/3911
f 4420/1596/3836 4564/1597/3980 4561/1598/3977 4494/1599/3910
f 4500/1600/3916 984/268/921 983/1/920 4425/1/3841
f 4424/1601/3840 4495/1602/3911 4557/1603/3973 4570/1604/3986
f 4424/1605/3840 4570/1604/3986 4566/1606/3982 4469/1607/3885
f 4469/1608/3885 4566/1609/3982 4568/1610/3984 892/1035/829 4422/1611/3838
f 4422/1612/3838 892/1035/829 891/1028/828 4497/1613/3913
f 4497/1614/3913 891/1028/828 4565/949/3981 4564/1597/3980 4420/1615/3836
f 1516/1/722 3134/1/2800 3135/1/2801 1510/1/723
f 1515/1/721 3132/1/2798 3134/1/2800 1516/1/722
f 1514/1/720 3130/1/2796 3132/1/2798 1515/1/721
f 1513/1/724 3128/1/2794 3130/1/2796 1514/1/720
f 1512/1/725 3126/1/2792 3128/1/2794 1513/1/724
f 1511/1/726 3124/1/2790 3126/1/2792 1512/1/725
f 7/1/7 3125/1/2791 3123/1/2789 3/1/3
f 1509/1/719 3122/1/2788 3124/1/2790 1511/1/726
f 756/1/724 3148/1/2814 3150/1/2816 757/1/725
f 752/1/720 3146/1/2812 3148/1/2814 756/1/724
f 753/1/721 3144/1/2810 3146/1/2812 752/1/720
f 754/1/722 3142/1/2808 3144/1/2810 753/1/721
f 755/1/723 3140/1/2806 3142/1/2808 754/1/722
f 3138/1/2804 751/1/719 758/1/726 3151/1/2817
f 3153/1/2819 3234/1/2900 3377/1/3035 3298/1/2964
f 757/1/725 3150/1/2816 3151/1/2817 758/1/726
f 671/656/639 3080/1616/2746 3078/1617/2744 670/264/638
f 578/581/546 3056/1618/2722 3054/1619/2720 577/545/545
f 490/504/458 3026/1620/2692 3023/1621/2689 489/503/457
f 745/730/713 3110/744/2776 3108/704/2774 744/7/712
f 127/116/95 2910/1622/2576 2908/1623/2574 126/7/94
f 217/238/185 2940/1624/2606 2938/164/2604 216/163/184
f 310/334/278 2964/1141/2630 2962/265/2628 309/264/277
f 399/422/367 2996/1625/2662 2993/1626/2659 398/334/366
f 885/334/822 4546/1627/3962 4544/1628/3960 884/545/821
f 975/1070/912 4576/1629/3992 4574/164/3990 974/264/911
f 1068/334/1005 4600/1630/4016 4598/265/4014 1067/1089/1004
f 1503/1410/1440 4746/1631/4162 4744/1632/4160 1502/264/1439
f 1157/422/1094 4632/1633/4048 4629/1634/4045 1156/238/1093
f 1248/336/1185 4662/517/4078 4659/1635/4075 1247/335/1184
f 1336/581/1273 4692/1636/4108 4690/1276/4106 1335/1275/1272
f 1429/1352/1366 4716/669/4132 4714/616/4130 1428/264/1365
f 754/1/722 1516/1/722 1510/1/723 755/1/723
f 753/1/721 1515/1/721 1516/1/722 754/1/722
f 752/1/720 1514/1/720 1515/1/721 753/1/721
f 756/1/724 1513/1/724 1514/1/720 752/1/720
f 757/1/725 1512/1/725 1513/1/724 756/1/724
f 758/1/726 1511/1/726 1512/1/725 757/1/725
f 751/1/719 1509/1/719 1511/1/726 758/1/726
f 1/1/1 2/1/2 3121/1/2787 3136/1/2802
f 2893/901/2559 2894/1637/2560 2895/759/2561
f 2902/26/2568 2903/1638/2569 2904/771/2570
f 2927/149/2593 2928/1639/2594 2929/949/2595
f 2930/941/2596 2931/1640/2597 2932/156/2598
f 2947/917/2613 2948/1641/2614 2949/260/2615
f 2956/279/2622 2957/1642/2623 2958/283/2624
f 3015/455/2681 3016/1643/2682 3017/4/2683
f 3018/861/2684 3019/1644/2685 3020/461/2686
f 3041/534/2707 3042/1645/2708 3043/540/2709
f 3044/852/2710 3045/1646/2711 3046/537/2712
f 3067/815/2733 3068/1647/2734 3069/604/2735
f 3072/612/2738 3073/1648/2739 3074/805/2740
f 3091/1/2757 3092/1649/2758 3093/1/2759
f 3102/697/2768 3103/1650/2769 3104/703/2770
f 4529/766/3945 4530/1651/3946 4531/1436/3947
f 4538/966/3954 4539/1652/3955 4540/1446/3956
f 4563/1025/3979 4564/1653/3980 4565/949/3981
f 4566/1606/3982 4567/1654/3983 4568/1031/3984
f 4583/1580/3999 4584/1655/4000 4585/1086/4001
f 4592/1099/4008 4593/1656/4009 4594/1592/4010
f 4651/1215/4067 4652/1657/4068 4653/4/4069
f 4654/1525/4070 4655/1658/4071 4656/1218/4072
f 4677/1266/4093 4678/1659/4094 4679/540/4095
f 4680/852/4096 4681/1660/4097 4682/537/4098
f 4703/1487/4119 4704/1661/4120 4705/1320/4121
f 4708/1326/4124 4709/1662/4125 4710/1329/4126
f 4727/1/4143 4728/1380/4144 4729/1/4145
f 4738/1387/4154 4739/1663/4155 4740/1392/4156
f 1582/1/1511 1523/1/1452 1524/1/1453 1581/1/1510
f 1584/1/1513 1531/1/1460 1532/1/1461 1583/1/1512
f 1586/1/1515 1539/1/1468 1540/1/1469 1585/1/1514
f 1588/1/1517 1547/1/1476 1548/1/1477 1587/1/1516
f 1590/1/1519 1555/1/1484 1556/1/1485 1589/1/1518
f 1592/1/1521 1563/1/1492 1564/1/1493 1591/1/1520
f 1594/1/1523 1571/1/1500 1572/1/1501 1593/1/1522
f 1596/1/1525 1579/1/1508 1580/1/1509 1595/1/1524
f 1598/1/1527 1517/1/1446 1518/1/1447 1597/1/1526
f 1600/1/1529 1518/1/1447 1517/1/1446 1599/1/1528
f 1602/1/1531 1521/1/1450 1522/1/1451 1601/1/1530
f 1604/1/1533 1525/1/1454 1526/1/1455 1603/1/1532
f 1606/1/1535 1526/1/1455 1525/1/1454 1605/1/1534
f 1608/1/1537 1527/1/1456 1528/1/1457 1607/1/1536
f 1610/1/1539 1533/1/1462 1534/1/1463 1609/1/1538
f 1612/1/1541 1534/1/1463 1533/1/1462 1611/1/1540
f 1614/1/1543 1537/1/1466 1538/1/1467 1613/1/1542
f 1616/1/1545 1541/1/1470 1542/1/1471 1615/1/1544
f 1618/1/1547 1542/1/1471 1541/1/1470 1617/1/1546
f 1620/1/1549 1543/1/1472 1544/1/1473 1619/1/1548
f 1622/1/1551 1549/1/1478 1550/1/1479 1621/1/1550
f 1624/1/1553 1550/1/1479 1549/1/1478 1623/1/1552
f 1626/1/1555 1553/1/1482 1554/1/1483 1625/1/1554
f 1628/1/1557 1557/1/1486 1558/1/1487 1627/1/1556
f 1630/1/1559 1564/1/1493 1563/1/1492 1629/1/1558
f 1632/1/1561 1559/1/1488 1560/1/1489 1631/1/1560
f 1634/1/1563 1565/1/1494 1566/1/1495 1633/1/1562
f 1636/1/1565 1572/1/1501 1571/1/1500 1635/1/1564
f 1638/1/1567 1567/1/1496 1568/1/1497 1637/1/1566
f 1640/1/1569 1573/1/1502 1574/1/1503 1639/1/1568
f 1642/1/1571 1580/1/1509 1579/1/1508 1641/1/1570
f 1644/1/1573 1575/1/1504 1576/1/1505 1643/1/1572
f 1521/1/1450 1582/1/1511 1581/1/1510 1522/1/1451
f 1530/1/1459 1584/1/1513 1583/1/1512 1529/1/1458
f 1537/1/1466 1586/1/1515 1585/1/1514 1538/1/1467
f 1546/1/1475 1588/1/1517 1587/1/1516 1545/1/1474
f 1553/1/1482 1590/1/1519 1589/1/1518 1554/1/1483
f 1562/1/1491 1592/1/1521 1591/1/1520 1561/1/1490
f 1570/1/1499 1594/1/1523 1593/1/1522 1569/1/1498
f 1578/1/1507 1596/1/1525 1595/1/1524 1577/1/1506
f 1520/1/1449 1598/1/1527 1597/1/1526 1519/1/1448
f 1523/1/1452 1600/1/1529 1599/1/1528 1524/1/1453
f 1519/1/1448 1602/1/1531 1601/1/1530 1520/1/1449
f 1527/1/1456 1604/1/1533 1603/1/1532 1528/1/1457
f 1531/1/1460 1606/1/1535 1605/1/1534 1532/1/1461
f 1529/1/1458 1608/1/1537 1607/1/1536 1530/1/1459
f 1536/1/1465 1610/1/1539 1609/1/1538 1535/1/1464
f 1539/1/1468 1612/1/1541 1611/1/1540 1540/1/1469
f 1535/1/1464 1614/1/1543 1613/1/1542 1536/1/1465
f 1543/1/1472 1616/1/1545 1615/1/1544 1544/1/1473
f 1547/1/1476 1618/1/1547 1617/1/1546 1548/1/1477
f 1545/1/1474 1620/1/1549 1619/1/1548 1546/1/1475
f 1552/1/1481 1622/1/1551 1621/1/1550 1551/1/1480
f 1555/1/1484 1624/1/1553 1623/1/1552 1556/1/1485
f 1551/1/1480 1626/1/1555 1625/1/1554 1552/1/1481
f 1559/1/1488 1628/1/1557 1627/1/1556 1560/1/1489
f 1557/1/1486 1630/1/1559 1629/1/1558 1558/1/1487
f 1561/1/1490 1632/1/1561 1631/1/1560 1562/1/1491
f 1567/1/1496 1634/1/1563 1633/1/1562 1568/1/1497
f 1565/1/1494 1636/1/1565 1635/1/1564 1566/1/1495
f 1569/1/1498 1638/1/1567 1637/1/1566 1570/1/1499
f 1575/1/1504 1640/1/1569 1639/1/1568 1576/1/1505
f 1573/1/1502 1642/1/1571 1641/1/1570 1574/1/1503
f 1577/1/1506 1644/1/1573 1643/1/1572 1578/1/1507
f 1646/1/1575 1647/1/1576 1648/1/1577 1645/1/1574
f 1660/1/1589 1646/1/1575 1645/1/1574 1659/1/1588
f 1647/1/1576 1649/1/1578 1650/1/1579 1648/1/1577
f 1649/1/1578 1651/1/1580 1652/1/1581 1650/1/1579
f 1651/1/1580 1653/1/1582 1654/1/1583 1652/1/1581
f 1653/1/1582 1655/1/1584 1656/1/1585 1654/1/1583
f 1655/1/1584 1657/1/1586 1658/1/1587 1656/1/1585
f 1657/1/1586 1660/1/1589 1659/1/1588 1658/1/1587
f 1726/1/1647 1667/1/1596 1668/1/1597 1725/1/1646
f 1728/1/1649 1675/1/1604 1676/1/1605 1727/1/1648
f 1730/1/1651 1683/1/1612 1684/1/1613 1729/1/1650
f 1732/1/1653 1691/1/1620 1692/1/1621 1731/1/1652
f 1734/1/1655 1699/1/1628 1700/1/1629 1733/1/1654
f 1736/1/1657 1707/1/1636 1708/1/1637 1735/1/1656
f 1738/1/1659 1715/1/1624 1716/1/1625 1737/1/1658
f 1740/1/1661 1723/1/1644 1724/1/1645 1739/1/1660
f 1742/1/1663 1661/1/1590 1662/1/1591 1741/1/1662
f 1744/1/1665 1662/1/1591 1661/1/1590 1743/1/1664
f 1746/1/1667 1665/1/1594 1666/1/1595 1745/1/1666
f 1748/1/1669 1669/1/1598 1670/1/1599 1747/1/1668
f 1750/1/1671 1670/1/1599 1669/1/1598 1749/1/1670
f 1752/1/1673 1671/1/1600 1672/1/1601 1751/1/1672
f 1754/1/1675 1677/1/1606 1678/1/1607 1753/1/1674
f 1756/1/1677 1678/1/1607 1677/1/1606 1755/1/1676
f 1758/1/1679 1681/1/1610 1682/1/1611 1757/1/1678
f 1760/1/1681 1685/1/1614 1686/1/1615 1759/1/1680
f 1762/1/1683 1686/1/1615 1685/1/1614 1761/1/1682
f 1764/1/1685 1687/1/1616 1688/1/1617 1763/1/1684
f 1766/1/1658 1693/1/1622 1694/1/1623 1765/1/1659
f 1768/1/1687 1694/1/1623 1693/1/1622 1767/1/1686
f 1770/1/1689 1697/1/1626 1698/1/1627 1769/1/1688
f 1772/1/1691 1701/1/1630 1702/1/1631 1771/1/1690
f 1774/1/1693 1708/1/1637 1707/1/1636 1773/1/1692
f 1776/1/1695 1703/1/1632 1704/1/1633 1775/1/1694
f 1778/1/1654 1709/1/1627 1710/1/1626 1777/1/1655
f 1780/1/1688 1716/1/1625 1715/1/1624 1779/1/1689
f 1782/1/1686 1711/1/1629 1712/1/1628 1781/1/1687
f 1784/1/1697 1717/1/1638 1718/1/1639 1783/1/1696
f 1786/1/1699 1724/1/1645 1723/1/1644 1785/1/1698
f 1788/1/1701 1719/1/1640 1720/1/1641 1787/1/1700
f 1665/1/1594 1726/1/1647 1725/1/1646 1666/1/1595
f 1674/1/1603 1728/1/1649 1727/1/1648 1673/1/1602
f 1681/1/1610 1730/1/1651 1729/1/1650 1682/1/1611
f 1690/1/1619 1732/1/1653 1731/1/1652 1689/1/1618
f 1697/1/1626 1734/1/1655 1733/1/1654 1698/1/1627
f 1706/1/1635 1736/1/1657 1735/1/1656 1705/1/1634
f 1714/1/1623 1738/1/1659 1737/1/1658 1713/1/1622
f 1722/1/1643 1740/1/1661 1739/1/1660 1721/1/1642
f 1664/1/1593 1742/1/1663 1741/1/1662 1663/1/1592
f 1667/1/1596 1744/1/1665 1743/1/1664 1668/1/1597
f 1663/1/1592 1746/1/1667 1745/1/1666 1664/1/1593
f 1671/1/1600 1748/1/1669 1747/1/1668 1672/1/1601
f 1675/1/1604 1750/1/1671 1749/1/1670 1676/1/1605
f 1673/1/1602 1752/1/1673 1751/1/1672 1674/1/1603
f 1680/1/1609 1754/1/1675 1753/1/1674 1679/1/1608
f 1683/1/1612 1756/1/1677 1755/1/1676 1684/1/1613
f 1679/1/1608 1758/1/1679 1757/1/1678 1680/1/1609
f 1687/1/1616 1760/1/1681 1759/1/1680 1688/1/1617
f 1691/1/1620 1762/1/1683 1761/1/1682 1692/1/1621
f 1689/1/1618 1764/1/1685 1763/1/1684 1690/1/1619
f 1696/1/1625 1766/1/1658 1765/1/1659 1695/1/1624
f 1699/1/1628 1768/1/1687 1767/1/1686 1700/1/1629
f 1695/1/1624 1770/1/1689 1769/1/1688 1696/1/1625
f 1703/1/1632 1772/1/1691 1771/1/1690 1704/1/1633
f 1701/1/1630 1774/1/1693 1773/1/1692 1702/1/1631
f 1705/1/1634 1776/1/1695 1775/1/1694 1706/1/1635
f 1711/1/1629 1778/1/1654 1777/1/1655 1712/1/1628
f 1709/1/1627 1780/1/1688 1779/1/1689 1710/1/1626
f 1713/1/1622 1782/1/1686 1781/1/1687 1714/1/1623
f 1719/1/1640 1784/1/1697 1783/1/1696 1720/1/1641
f 1717/1/1638 1786/1/1699 1785/1/1698 1718/1/1639
f 1721/1/1642 1788/1/1701 1787/1/1700 1722/1/1643
f 1790/1/1703 1791/1/1704 1792/1/1705 1789/1/1702
f 1804/1/1717 1790/1/1703 1789/1/1702 1803/1/1716
f 1791/1/1704 1793/1/1706 1794/1/1707 1792/1/1705
f 1793/1/1706 1795/1/1708 1796/1/1709 1794/1/1707
f 1795/1/1708 1797/1/1710 1798/1/1711 1796/1/1709
f 1797/1/1710 1799/1/1712 1800/1/1713 1798/1/1711
f 1799/1/1712 1801/1/1714 1802/1/1715 1800/1/1713
f 1801/1/1714 1804/1/1717 1803/1/1716 1802/1/1715
f 1870/1/1774 1811/1/1723 1812/1/1724 1869/1/1773
f 1872/1/1776 1819/1/1731 1820/1/1732 1871/1/1775
f 1874/1/1778 1827/1/1739 1828/1/1740 1873/1/1777
f 1876/1/1780 1835/1/1747 1836/1/1748 1875/1/1779
f 1878/1/1782 1843/1/1755 1844/1/1756 1877/1/1781
f 1880/1/1784 1851/1/1763 1852/1/1764 1879/1/1783
f 1882/1/1786 1859/1/1751 1860/1/1752 1881/1/1785
f 1884/1/1788 1867/1/1771 1868/1/1772 1883/1/1787
f 1886/1/1790 1805/1/1718 1806/1/1719 1885/1/1789
f 1888/1/1792 1806/1/1719 1805/1/1718 1887/1/1791
f 1890/1/1794 1809/1/1721 1810/1/1722 1889/1/1793
f 1892/1/1796 1813/1/1725 1814/1/1726 1891/1/1795
f 1894/1/1798 1814/1/1726 1813/1/1725 1893/1/1797
f 1896/1/1800 1815/1/1727 1816/1/1728 1895/1/1799
f 1898/1/1802 1821/1/1733 1822/1/1734 1897/1/1801
f 1900/1/1804 1822/1/1734 1821/1/1733 1899/1/1803
f 1902/1/1806 1825/1/1737 1826/1/1738 1901/1/1805
f 1904/1/1808 1829/1/1741 1830/1/1742 1903/1/1807
f 1906/1/1810 1830/1/1742 1829/1/1741 1905/1/1809
f 1908/1/1812 1831/1/1743 1832/1/1744 1907/1/1811
f 1910/1/1785 1837/1/1749 1838/1/1750 1909/1/1786
f 1912/1/1814 1838/1/1750 1837/1/1749 1911/1/1813
f 1914/1/1816 1841/1/1753 1842/1/1754 1913/1/1815
f 1916/1/1818 1845/1/1757 1846/1/1758 1915/1/1817
f 1918/1/1820 1852/1/1764 1851/1/1763 1917/1/1819
f 1920/1/1822 1847/1/1759 1848/1/1760 1919/1/1821
f 1922/1/1781 1853/1/1469 1854/1/1753 1921/1/1782
f 1924/1/1815 1860/1/1752 1859/1/1751 1923/1/1816
f 1926/1/1813 1855/1/1756 1856/1/1755 1925/1/1814
f 1928/1/1824 1861/1/1765 1862/1/1766 1927/1/1823
f 1930/1/1826 1868/1/1772 1867/1/1771 1929/1/1825
f 1932/1/1828 1863/1/1767 1864/1/1768 1931/1/1827
f 1809/1/1721 1870/1/1774 1869/1/1773 1810/1/1722
f 1818/1/1730 1872/1/1776 1871/1/1775 1817/1/1729
f 1825/1/1737 1874/1/1778 1873/1/1777 1826/1/1738
f 1834/1/1746 1876/1/1780 1875/1/1779 1833/1/1745
f 1841/1/1753 1878/1/1782 1877/1/1781 1842/1/1754
f 1850/1/1762 1880/1/1784 1879/1/1783 1849/1/1761
f 1858/1/1750 1882/1/1786 1881/1/1785 1857/1/1749
f 1866/1/1770 1884/1/1788 1883/1/1787 1865/1/1769
f 1808/1/1720 1886/1/1790 1885/1/1789 1807/1/1452
f 1811/1/1723 1888/1/1792 1887/1/1791 1812/1/1724
f 1807/1/1452 1890/1/1794 1889/1/1793 1808/1/1720
f 1815/1/1727 1892/1/1796 1891/1/1795 1816/1/1728
f 1819/1/1731 1894/1/1798 1893/1/1797 1820/1/1732
f 1817/1/1729 1896/1/1800 1895/1/1799 1818/1/1730
f 1824/1/1736 1898/1/1802 1897/1/1801 1823/1/1735
f 1827/1/1739 1900/1/1804 1899/1/1803 1828/1/1740
f 1823/1/1735 1902/1/1806 1901/1/1805 1824/1/1736
f 1831/1/1743 1904/1/1808 1903/1/1807 1832/1/1744
f 1835/1/1747 1906/1/1810 1905/1/1809 1836/1/1748
f 1833/1/1745 1908/1/1812 1907/1/1811 1834/1/1746
f 1840/1/1752 1910/1/1785 1909/1/1786 1839/1/1751
f 1843/1/1755 1912/1/1814 1911/1/1813 1844/1/1756
f 1839/1/1751 1914/1/1816 1913/1/1815 1840/1/1752
f 1847/1/1759 1916/1/1818 1915/1/1817 1848/1/1760
f 1845/1/1757 1918/1/1820 1917/1/1819 1846/1/1758
f 1849/1/1761 1920/1/1822 1919/1/1821 1850/1/1762
f 1855/1/1756 1922/1/1781 1921/1/1782 1856/1/1755
f 1853/1/1469 1924/1/1815 1923/1/1816 1854/1/1753
f 1857/1/1749 1926/1/1813 1925/1/1814 1858/1/1750
f 1863/1/1767 1928/1/1824 1927/1/1823 1864/1/1768
f 1861/1/1765 1930/1/1826 1929/1/1825 1862/1/1766
f 1865/1/1769 1932/1/1828 1931/1/1827 1866/1/1770
f 1934/1/1830 1935/1/1831 1936/1/1832 1933/1/1829
f 1948/1/1844 1934/1/1830 1933/1/1829 1947/1/1843
f 1935/1/1831 1937/1/1833 1938/1/1834 1936/1/1832
f 1937/1/1833 1939/1/1835 1940/1/1836 1938/1/1834
f 1939/1/1835 1941/1/1837 1942/1/1838 1940/1/1836
f 1941/1/1837 1943/1/1839 1944/1/1840 1942/1/1838
f 1943/1/1839 1945/1/1841 1946/1/1842 1944/1/1840
f 1945/1/1841 1948/1/1844 1947/1/1843 1946/1/1842
f 1950/1/1703 1951/1/1704 1952/1/1705 1949/1/1845
f 1964/1/1848 1950/1/1703 1949/1/1845 1963/1/1716
f 1951/1/1704 1953/1/1706 1954/1/1707 1952/1/1705
f 1953/1/1706 1955/1/1708 1956/1/1709 1954/1/1707
f 1955/1/1708 1957/1/1710 1958/1/1846 1956/1/1709
f 1957/1/1710 1959/1/1847 1960/1/1713 1958/1/1846
f 1959/1/1847 1961/1/1714 1962/1/1715 1960/1/1713
f 1961/1/1714 1964/1/1848 1963/1/1716 1962/1/1715
f 1966/1/1837 1967/1/1839 1968/1/1840 1965/1/1838
f 1980/1/1835 1966/1/1837 1965/1/1838 1979/1/1836
f 1967/1/1839 1969/1/1841 1970/1/1842 1968/1/1840
f 1969/1/1841 1971/1/1844 1972/1/1843 1970/1/1842
f 1971/1/1844 1973/1/1830 1974/1/1829 1972/1/1843
f 1973/1/1830 1975/1/1831 1976/1/1832 1974/1/1829
f 1975/1/1831 1977/1/1833 1978/1/1834 1976/1/1832
f 1977/1/1833 1980/1/1835 1979/1/1836 1978/1/1834
f 1982/1/1850 1983/1/1851 1984/1/1852 1981/1/1849
f 1996/1/1864 1982/1/1850 1981/1/1849 1995/1/1863
f 1983/1/1851 1985/1/1853 1986/1/1854 1984/1/1852
f 1985/1/1853 1987/1/1855 1988/1/1856 1986/1/1854
f 1987/1/1855 1989/1/1857 1990/1/1858 1988/1/1856
f 1989/1/1857 1991/1/1859 1992/1/1860 1990/1/1858
f 1991/1/1859 1993/1/1861 1994/1/1862 1992/1/1860
f 1993/1/1861 1996/1/1864 1995/1/1863 1994/1/1862
f 2500/1/2325 2507/1/2332 2508/1/2333 2499/1/2324
f 2484/1/1872 2491/1/1891 2492/1/2281 2483/1/1871
f 2506/1/2331 2500/1/2325 2499/1/2324 2505/1/2330
f 2504/1/2329 2497/1/2322 2498/1/2323 2503/1/2328
f 2490/1/1865 2484/1/1872 2483/1/1871 2489/1/1866
f 2468/1/2293 2475/1/2313 2476/1/2314 2467/1/2308
f 2474/1/2312 2468/1/2293 2467/1/2308 2473/1/2311
f 2440/1/1878 2433/1/1884 2434/1/1883 2439/1/1877
f 2000/1/1868 2427/1/1894 2428/1/1893 1999/1/1867
f 2426/1/2283 2000/1/1868 1999/1/1867 2425/1/2282
f 2456/1/2300 2449/1/2293 2450/1/2294 2455/1/2299
f 2436/1/2284 2443/1/1881 2444/1/2288 2435/1/1889
f 2442/1/2287 2436/1/2284 2435/1/1889 2441/1/2286
f 2472/1/2297 2465/1/2292 2466/1/2307 2471/1/2310
f 2452/1/2296 2459/1/2303 2460/1/2304 2451/1/2295
f 2458/1/2302 2452/1/2296 2451/1/2295 2457/1/2301
f 2488/1/1894 2481/1/2317 2482/1/1873 2487/1/1893
f 2430/1/1888 2437/1/2285 2438/1/1879 2429/1/1887
f 2002/1/1870 2426/1/2283 2425/1/2282 2001/1/1869
f 2432/1/1885 2440/1/1878 2439/1/1877 2431/1/1886
f 2446/1/2290 2453/1/2297 2454/1/2298 2445/1/2289
f 2433/1/1884 2442/1/2287 2441/1/2286 2434/1/1883
f 2448/1/2292 2456/1/2300 2455/1/2299 2447/1/2291
f 2462/1/2296 2469/1/2309 2470/1/2304 2461/1/2295
f 2449/1/2293 2458/1/2302 2457/1/2301 2450/1/2294
f 2464/1/2306 2472/1/2297 2471/1/2310 2463/1/2305
f 2478/1/2315 2485/1/1895 2486/1/1896 2477/1/1869
f 2465/1/2292 2474/1/2312 2473/1/2311 2466/1/2307
f 2480/1/1868 2488/1/1894 2487/1/1893 2479/1/2316
f 2491/1/1891 2478/1/2315 2477/1/1869 2492/1/2281
f 2443/1/1881 2430/1/1888 2429/1/1887 2444/1/2288
f 2494/1/2319 2501/1/2326 2502/1/2327 2493/1/2318
f 2475/1/2313 2462/1/2296 2461/1/2295 2476/1/2314
f 2496/1/2321 2504/1/2329 2503/1/2328 2495/1/2320
f 2459/1/2303 2446/1/2290 2445/1/2289 2460/1/2304
f 2424/1/1891 2002/1/1870 2001/1/1869 2423/1/2281
f 2004/1/1872 2424/1/1891 2423/1/2281 2003/1/1871
f 2016/1/1884 2007/1/1875 2008/1/1876 2015/1/1883
f 2010/1/1878 2016/1/1884 2015/1/1883 2009/1/1877
f 2006/1/1874 1997/1/1865 1998/1/1866 2005/1/1873
f 2012/1/1880 2017/1/1885 2018/1/1886 2011/1/1879
f 2020/1/1888 2012/1/1880 2011/1/1879 2019/1/1887
f 2022/1/1890 2013/1/1881 2014/1/1882 2021/1/1889
f 2032/1/1872 2023/1/1891 2024/1/1892 2031/1/1871
f 2026/1/1865 2032/1/1872 2031/1/1871 2025/1/1866
f 2028/1/1894 2033/1/1874 2034/1/1873 2027/1/1893
f 2036/1/1868 2028/1/1894 2027/1/1893 2035/1/1867
f 2038/1/1897 2029/1/1895 2030/1/1896 2037/1/1869
f 2485/1/1895 2480/1/1868 2479/1/2316 2486/1/1896
f 2427/1/1894 2006/1/1874 2005/1/1873 2428/1/1893
f 1997/1/1865 2004/1/1872 2003/1/1871 1998/1/1866
f 2023/1/1891 2038/1/1897 2037/1/1869 2024/1/1892
f 2437/1/2285 2432/1/1885 2431/1/1886 2438/1/1879
f 2017/1/1885 2010/1/1878 2009/1/1877 2018/1/1886
f 2013/1/1881 2020/1/1888 2019/1/1887 2014/1/1882
f 2453/1/2297 2448/1/2292 2447/1/2291 2454/1/2298
f 2007/1/1875 2022/1/1890 2021/1/1889 2008/1/1876
f 2033/1/1874 2026/1/1865 2025/1/1866 2034/1/1873
f 2469/1/2309 2464/1/2306 2463/1/2305 2470/1/2304
f 2029/1/1895 2036/1/1868 2035/1/1867 2030/1/1896
f 2481/1/2317 2490/1/1865 2489/1/1866 2482/1/1873
f 2501/1/2326 2496/1/2321 2495/1/2320 2502/1/2327
f 2507/1/2332 2494/1/2319 2493/1/2318 2508/1/2333
f 2497/1/2322 2506/1/2331 2505/1/2330 2498/1/2323
f 2054/1/1913 2039/1/1898 2040/1/1899 2053/1/1912
f 2039/1/1898 2047/1/1906 2048/1/1907 2040/1/1899
f 2047/1/1906 2041/1/1900 2042/1/1901 2048/1/1907
f 2041/1/1900 2049/1/1908 2050/1/1909 2042/1/1901
f 2049/1/1908 2043/1/1902 2044/1/1903 2050/1/1909
f 2043/1/1902 2051/1/1910 2052/1/1911 2044/1/1903
f 2051/1/1910 2045/1/1904 2046/1/1905 2052/1/1911
f 2045/1/1904 2054/1/1913 2053/1/1912 2046/1/1905
f 2070/1/1929 2055/1/1914 2056/1/1915 2069/1/1928
f 2055/1/1914 2063/1/1922 2064/1/1923 2056/1/1915
f 2063/1/1922 2057/1/1916 2058/1/1917 2064/1/1923
f 2057/1/1916 2065/1/1924 2066/1/1925 2058/1/1917
f 2065/1/1924 2059/1/1918 2060/1/1919 2066/1/1925
f 2059/1/1918 2067/1/1926 2068/1/1927 2060/1/1919
f 2067/1/1926 2061/1/1920 2062/1/1921 2068/1/1927
f 2061/1/1920 2070/1/1929 2069/1/1928 2062/1/1921
f 2086/1/1945 2071/1/1930 2072/1/1931 2085/1/1944
f 2071/1/1930 2079/1/1938 2080/1/1939 2072/1/1931
f 2079/1/1938 2073/1/1932 2074/1/1933 2080/1/1939
f 2073/1/1932 2081/1/1940 2082/1/1941 2074/1/1933
f 2081/1/1940 2075/1/1934 2076/1/1935 2082/1/1941
f 2075/1/1934 2083/1/1942 2084/1/1943 2076/1/1935
f 2083/1/1942 2077/1/1936 2078/1/1937 2084/1/1943
f 2077/1/1936 2086/1/1945 2085/1/1944 2078/1/1937
f 2102/1/1961 2087/1/1946 2088/1/1947 2101/1/1960
f 2087/1/1946 2095/1/1954 2096/1/1955 2088/1/1947
f 2095/1/1954 2089/1/1948 2090/1/1949 2096/1/1955
f 2089/1/1948 2097/1/1956 2098/1/1957 2090/1/1949
f 2097/1/1956 2091/1/1950 2092/1/1951 2098/1/1957
f 2091/1/1950 2099/1/1958 2100/1/1959 2092/1/1951
f 2099/1/1958 2093/1/1952 2094/1/1953 2100/1/1959
f 2093/1/1952 2102/1/1961 2101/1/1960 2094/1/1953
f 2118/1/1977 2103/1/1962 2104/1/1963 2117/1/1976
f 2103/1/1962 2111/1/1970 2112/1/1971 2104/1/1963
f 2111/1/1970 2105/1/1964 2106/1/1965 2112/1/1971
f 2105/1/1964 2113/1/1972 2114/1/1973 2106/1/1965
f 2113/1/1972 2107/1/1966 2108/1/1967 2114/1/1973
f 2107/1/1966 2115/1/1974 2116/1/1975 2108/1/1967
f 2115/1/1974 2109/1/1968 2110/1/1969 2116/1/1975
f 2109/1/1968 2118/1/1977 2117/1/1976 2110/1/1969
f 2134/1/1992 2119/1/1978 2120/1/1979 2133/1/1991
f 2119/1/1978 2127/1/1985 2128/1/1986 2120/1/1979
f 2127/1/1985 2121/1/1980 2122/1/1981 2128/1/1986
f 2121/1/1980 2129/1/1987 2130/1/1988 2122/1/1981
f 2129/1/1987 2123/1/1982 2124/1/1983 2130/1/1988
f 2123/1/1982 2131/1/1989 2132/1/1990 2124/1/1983
f 2131/1/1989 2125/1/1966 2126/1/1984 2132/1/1990
f 2125/1/1966 2134/1/1992 2133/1/1991 2126/1/1984
f 2150/1/2008 2135/1/1993 2136/1/1994 2149/1/2007
f 2135/1/1993 2143/1/2001 2144/1/2002 2136/1/1994
f 2143/1/2001 2137/1/1995 2138/1/1996 2144/1/2002
f 2137/1/1995 2145/1/2003 2146/1/2004 2138/1/1996
f 2145/1/2003 2139/1/1997 2140/1/1998 2146/1/2004
f 2139/1/1997 2147/1/2005 2148/1/2006 2140/1/1998
f 2147/1/2005 2141/1/1999 2142/1/2000 2148/1/2006
f 2141/1/1999 2150/1/2008 2149/1/2007 2142/1/2000
f 2166/1/2024 2151/1/2009 2152/1/2010 2165/1/2023
f 2151/1/2009 2159/1/2017 2160/1/2018 2152/1/2010
f 2159/1/2017 2153/1/2011 2154/1/2012 2160/1/2018
f 2153/1/2011 2161/1/2019 2162/1/2020 2154/1/2012
f 2161/1/2019 2155/1/2013 2156/1/2014 2162/1/2020
f 2155/1/2013 2163/1/2021 2164/1/2022 2156/1/2014
f 2163/1/2021 2157/1/2015 2158/1/2016 2164/1/2022
f 2157/1/2015 2166/1/2024 2165/1/2023 2158/1/2016
f 2182/1/2040 2167/1/2025 2168/1/2026 2181/1/2039
f 2167/1/2025 2175/1/2033 2176/1/2034 2168/1/2026
f 2175/1/2033 2169/1/2027 2170/1/2028 2176/1/2034
f 2169/1/2027 2177/1/2035 2178/1/2036 2170/1/2028
f 2177/1/2035 2171/1/2029 2172/1/2030 2178/1/2036
f 2171/1/2029 2179/1/2037 2180/1/2038 2172/1/2030
f 2179/1/2037 2173/1/2031 2174/1/2032 2180/1/2038
f 2173/1/2031 2182/1/2040 2181/1/2039 2174/1/2032
f 2197/1/2055 2183/1/2041 2184/1/2042 2198/1/2056
f 2183/1/2041 2191/1/2049 2192/1/2050 2184/1/2042
f 2191/1/2049 2185/1/2043 2186/1/2044 2192/1/2050
f 2185/1/2043 2193/1/2051 2194/1/2052 2186/1/2044
f 2193/1/2051 2187/1/2045 2188/1/2046 2194/1/2052
f 2187/1/2045 2195/1/2053 2196/1/2054 2188/1/2046
f 2195/1/2053 2189/1/2047 2190/1/2048 2196/1/2054
f 2189/1/2047 2197/1/2055 2198/1/2056 2190/1/2048
f 2214/1/2072 2199/1/2057 2200/1/2058 2213/1/2071
f 2199/1/2057 2207/1/2065 2208/1/2066 2200/1/2058
f 2207/1/2065 2201/1/2059 2202/1/2060 2208/1/2066
f 2201/1/2059 2209/1/2067 2210/1/2068 2202/1/2060
f 2209/1/2067 2203/1/2061 2204/1/2062 2210/1/2068
f 2203/1/2061 2211/1/2069 2212/1/2070 2204/1/2062
f 2211/1/2069 2205/1/2063 2206/1/2064 2212/1/2070
f 2205/1/2063 2214/1/2072 2213/1/2071 2206/1/2064
f 2230/1/2088 2215/1/2073 2216/1/2074 2229/1/2087
f 2215/1/2073 2223/1/2081 2224/1/2082 2216/1/2074
f 2223/1/2081 2217/1/2075 2218/1/2076 2224/1/2082
f 2217/1/2075 2225/1/2083 2226/1/2084 2218/1/2076
f 2225/1/2083 2219/1/2077 2220/1/2078 2226/1/2084
f 2219/1/2077 2227/1/2085 2228/1/2086 2220/1/2078
f 2227/1/2085 2221/1/2079 2222/1/2080 2228/1/2086
f 2221/1/2079 2230/1/2088 2229/1/2087 2222/1/2080
f 2246/1/2104 2231/1/2089 2232/1/2090 2245/1/2103
f 2231/1/2089 2239/1/2097 2240/1/2098 2232/1/2090
f 2239/1/2097 2233/1/2091 2234/1/2092 2240/1/2098
f 2233/1/2091 2241/1/2099 2242/1/2100 2234/1/2092
f 2241/1/2099 2235/1/2093 2236/1/2094 2242/1/2100
f 2235/1/2093 2243/1/2101 2244/1/2102 2236/1/2094
f 2243/1/2101 2237/1/2095 2238/1/2096 2244/1/2102
f 2237/1/2095 2246/1/2104 2245/1/2103 2238/1/2096
f 2261/1/2119 2247/1/2105 2248/1/2106 2262/1/2120
f 2247/1/2105 2255/1/2113 2256/1/2114 2248/1/2106
f 2255/1/2113 2249/1/2107 2250/1/2108 2256/1/2114
f 2249/1/2107 2257/1/2115 2258/1/2116 2250/1/2108
f 2257/1/2115 2251/1/2109 2252/1/2110 2258/1/2116
f 2251/1/2109 2259/1/2117 2260/1/2118 2252/1/2110
f 2259/1/2117 2253/1/2111 2254/1/2112 2260/1/2118
f 2253/1/2111 2261/1/2119 2262/1/2120 2254/1/2112
f 2278/1/2136 2263/1/2121 2264/1/2122 2277/1/2135
f 2263/1/2121 2271/1/2129 2272/1/2130 2264/1/2122
f 2271/1/2129 2265/1/2123 2266/1/2124 2272/1/2130
f 2265/1/2123 2273/1/2131 2274/1/2132 2266/1/2124
f 2273/1/2131 2267/1/2125 2268/1/2126 2274/1/2132
f 2267/1/2125 2275/1/2133 2276/1/2134 2268/1/2126
f 2275/1/2133 2269/1/2127 2270/1/2128 2276/1/2134
f 2269/1/2127 2278/1/2136 2277/1/2135 2270/1/2128
f 2294/1/2152 2279/1/2137 2280/1/2138 2293/1/2151
f 2279/1/2137 2287/1/2145 2288/1/2146 2280/1/2138
f 2287/1/2145 2281/1/2139 2282/1/2140 2288/1/2146
f 2281/1/2139 2289/1/2147 2290/1/2148 2282/1/2140
f 2289/1/2147 2283/1/2141 2284/1/2142 2290/1/2148
f 2283/1/2141 2291/1/2149 2292/1/2150 2284/1/2142
f 2291/1/2149 2285/1/2143 2286/1/2144 2292/1/2150
f 2285/1/2143 2294/1/2152 2293/1/2151 2286/1/2144
f 2310/1/2168 2295/1/2153 2296/1/2154 2309/1/2167
f 2295/1/2153 2303/1/2161 2304/1/2162 2296/1/2154
f 2303/1/2161 2297/1/2155 2298/1/2156 2304/1/2162
f 2297/1/2155 2305/1/2163 2306/1/2164 2298/1/2156
f 2305/1/2163 2299/1/2157 2300/1/2158 2306/1/2164
f 2299/1/2157 2307/1/2165 2308/1/2166 2300/1/2158
f 2307/1/2165 2301/1/2159 2302/1/2160 2308/1/2166
f 2301/1/2159 2310/1/2168 2309/1/2167 2302/1/2160
f 2325/1/2183 2311/1/2169 2312/1/2170 2326/1/2184
f 2311/1/2169 2319/1/2177 2320/1/2178 2312/1/2170
f 2319/1/2177 2313/1/2171 2314/1/2172 2320/1/2178
f 2313/1/2171 2321/1/2179 2322/1/2180 2314/1/2172
f 2321/1/2179 2315/1/2173 2316/1/2174 2322/1/2180
f 2315/1/2173 2323/1/2181 2324/1/2182 2316/1/2174
f 2323/1/2181 2317/1/2175 2318/1/2176 2324/1/2182
f 2317/1/2175 2325/1/2183 2326/1/2184 2318/1/2176
f 2342/1/2200 2327/1/2185 2328/1/2186 2341/1/2199
f 2327/1/2185 2335/1/2193 2336/1/2194 2328/1/2186
f 2335/1/2193 2329/1/2187 2330/1/2188 2336/1/2194
f 2329/1/2187 2337/1/2195 2338/1/2196 2330/1/2188
f 2337/1/2195 2331/1/2189 2332/1/2190 2338/1/2196
f 2331/1/2189 2339/1/2197 2340/1/2198 2332/1/2190
f 2339/1/2197 2333/1/2191 2334/1/2192 2340/1/2198
f 2333/1/2191 2342/1/2200 2341/1/2199 2334/1/2192
f 2358/1/2216 2343/1/2201 2344/1/2202 2357/1/2215
f 2343/1/2201 2351/1/2209 2352/1/2210 2344/1/2202
f 2351/1/2209 2345/1/2203 2346/1/2204 2352/1/2210
f 2345/1/2203 2353/1/2211 2354/1/2212 2346/1/2204
f 2353/1/2211 2347/1/2205 2348/1/2206 2354/1/2212
f 2347/1/2205 2355/1/2213 2356/1/2214 2348/1/2206
f 2355/1/2213 2349/1/2207 2350/1/2208 2356/1/2214
f 2349/1/2207 2358/1/2216 2357/1/2215 2350/1/2208
f 2374/1/2232 2359/1/2217 2360/1/2218 2373/1/2231
f 2359/1/2217 2367/1/2225 2368/1/2226 2360/1/2218
f 2367/1/2225 2361/1/2219 2362/1/2220 2368/1/2226
f 2361/1/2219 2369/1/2227 2370/1/2228 2362/1/2220
f 2369/1/2227 2363/1/2221 2364/1/2222 2370/1/2228
f 2363/1/2221 2371/1/2229 2372/1/2230 2364/1/2222
f 2371/1/2229 2365/1/2223 2366/1/2224 2372/1/2230
f 2365/1/2223 2374/1/2232 2373/1/2231 2366/1/2224
f 2389/1/2247 2375/1/2233 2376/1/2234 2390/1/2248
f 2375/1/2233 2383/1/2241 2384/1/2242 2376/1/2234
f 2383/1/2241 2377/1/2235 2378/1/2236 2384/1/2242
f 2377/1/2235 2385/1/2243 2386/1/2244 2378/1/2236
f 2385/1/2243 2379/1/2237 2380/1/2238 2386/1/2244
f 2379/1/2237 2387/1/2245 2388/1/2246 2380/1/2238
f 2387/1/2245 2381/1/2239 2382/1/2240 2388/1/2246
f 2381/1/2239 2389/1/2247 2390/1/2248 2382/1/2240
f 2406/1/2264 2391/1/2249 2392/1/2250 2405/1/2263
f 2391/1/2249 2399/1/2257 2400/1/2258 2392/1/2250
f 2399/1/2257 2393/1/2251 2394/1/2252 2400/1/2258
f 2393/1/2251 2401/1/2259 2402/1/2260 2394/1/2252
f 2401/1/2259 2395/1/2253 2396/1/2254 2402/1/2260
f 2395/1/2253 2403/1/2261 2404/1/2262 2396/1/2254
f 2403/1/2261 2397/1/2255 2398/1/2256 2404/1/2262
f 2397/1/2255 2406/1/2264 2405/1/2263 2398/1/2256
f 2422/1/2280 2407/1/2265 2408/1/2266 2421/1/2279
f 2407/1/2265 2415/1/2273 2416/1/2274 2408/1/2266
f 2415/1/2273 2409/1/2267 2410/1/2268 2416/1/2274
f 2409/1/2267 2417/1/2275 2418/1/2276 2410/1/2268
f 2417/1/2275 2411/1/2269 2412/1/2270 2418/1/2276
f 2411/1/2269 2419/1/2277 2420/1/2278 2412/1/2270
f 2419/1/2277 2413/1/2271 2414/1/2272 2420/1/2278
f 2413/1/2271 2422/1/2280 2421/1/2279 2414/1/2272
f 2524/1/2349 2510/1/2335 2509/1/2334 2523/1/2348
f 2510/1/2335 2518/1/2343 2517/1/2342 2509/1/2334
f 2518/1/2343 2512/1/2337 2511/1/2336 2517/1/2342
f 2512/1/2337 2520/1/2345 2519/1/2344 2511/1/2336
f 2520/1/2345 2514/1/2339 2513/1/2338 2519/1/2344
f 2514/1/2339 2522/1/2347 2521/1/2346 2513/1/2338
f 2522/1/2347 2516/1/2341 2515/1/2340 2521/1/2346
f 2516/1/2341 2524/1/2349 2523/1/2348 2515/1/2340
f 2540/1/1880 2526/1/2350 2525/1/1886 2539/1/1879
f 2526/1/2350 2534/1/1878 2533/1/1877 2525/1/1886
f 2534/1/1878 2527/1/2351 2528/1/2352 2533/1/1877
f 2527/1/2351 2535/1/1875 2536/1/1876 2528/1/2352
f 2535/1/1875 2529/1/2284 2530/1/1889 2536/1/1876
f 2529/1/2284 2537/1/1881 2538/1/2288 2530/1/1889
f 2537/1/1881 2531/1/2353 2532/1/2354 2538/1/2288
f 2531/1/2353 2540/1/1880 2539/1/1879 2532/1/2354
f 2556/1/2370 2541/1/2355 2542/1/2356 2555/1/2369
f 2541/1/2355 2549/1/2363 2550/1/2364 2542/1/2356
f 2549/1/2363 2543/1/2357 2544/1/2358 2550/1/2364
f 2543/1/2357 2551/1/2365 2552/1/2366 2544/1/2358
f 2551/1/2365 2545/1/2359 2546/1/2360 2552/1/2366
f 2545/1/2359 2553/1/2367 2554/1/2368 2546/1/2360
f 2553/1/2367 2547/1/2361 2548/1/2362 2554/1/2368
f 2547/1/2361 2556/1/2370 2555/1/2369 2548/1/2362
f 2572/1/2380 2557/1/2371 2558/1/2362 2571/1/2379
f 2557/1/2371 2565/1/2370 2566/1/2375 2558/1/2362
f 2565/1/2370 2560/1/2373 2559/1/2372 2566/1/2375
f 2560/1/2373 2568/1/2377 2567/1/2376 2559/1/2372
f 2568/1/2377 2562/1/2357 2561/1/2358 2567/1/2376
f 2562/1/2357 2570/1/2365 2569/1/2378 2561/1/2358
f 2570/1/2365 2564/1/2359 2563/1/2374 2569/1/2378
f 2564/1/2359 2572/1/2380 2571/1/2379 2563/1/2374
f 2588/1/1894 2574/1/2381 2573/1/1873 2587/1/1893
f 2574/1/2381 2582/1/1865 2581/1/1866 2573/1/1873
f 2582/1/1865 2576/1/2383 2575/1/2382 2581/1/1866
f 2576/1/2383 2584/1/1891 2583/1/2281 2575/1/2382
f 2584/1/1891 2578/1/1897 2577/1/1869 2583/1/2281
f 2578/1/1897 2586/1/1895 2585/1/1896 2577/1/1869
f 2586/1/1895 2580/1/2384 2579/1/2316 2585/1/1896
f 2580/1/2384 2588/1/1894 2587/1/1893 2579/1/2316
f 2604/1/2397 2590/1/2341 2589/1/2340 2603/1/2396
f 2590/1/2341 2598/1/2391 2597/1/2390 2589/1/2340
f 2598/1/2391 2592/1/2386 2591/1/2385 2597/1/2390
f 2592/1/2386 2600/1/2393 2599/1/2392 2591/1/2385
f 2600/1/2393 2593/1/2337 2594/1/2387 2599/1/2392
f 2593/1/2337 2601/1/2394 2602/1/2395 2594/1/2387
f 2601/1/2394 2595/1/2388 2596/1/2389 2602/1/2395
f 2595/1/2388 2604/1/2397 2603/1/2396 2596/1/2389
f 2620/1/2407 2605/1/2398 2606/1/2399 2619/1/2406
f 2605/1/2398 2613/1/2329 2614/1/2402 2606/1/2399
f 2613/1/2329 2607/1/2322 2608/1/2323 2614/1/2402
f 2607/1/2322 2615/1/2403 2616/1/2404 2608/1/2323
f 2615/1/2403 2609/1/2400 2610/1/2401 2616/1/2404
f 2609/1/2400 2617/1/2332 2618/1/2405 2610/1/2401
f 2617/1/2332 2611/1/2319 2612/1/2318 2618/1/2405
f 2611/1/2319 2620/1/2407 2619/1/2406 2612/1/2318
f 2636/1/1875 2621/1/2284 2622/1/1889 2635/1/1876
f 2621/1/2284 2629/1/1881 2630/1/2288 2622/1/1889
f 2629/1/1881 2623/1/2353 2624/1/2354 2630/1/2288
f 2623/1/2353 2631/1/1880 2632/1/1879 2624/1/2354
f 2631/1/1880 2625/1/2350 2626/1/1886 2632/1/1879
f 2625/1/2350 2634/1/1878 2633/1/1877 2626/1/1886
f 2634/1/1878 2628/1/2351 2627/1/2352 2633/1/1877
f 2628/1/2351 2636/1/1875 2635/1/1876 2627/1/2352
f 2652/1/2297 2638/1/2292 2637/1/2307 2651/1/2310
f 2638/1/2292 2646/1/2300 2645/1/2299 2637/1/2307
f 2646/1/2300 2640/1/2408 2639/1/2308 2645/1/2299
f 2640/1/2408 2648/1/2302 2647/1/2301 2639/1/2308
f 2648/1/2302 2642/1/2296 2641/1/2409 2647/1/2301
f 2642/1/2296 2650/1/2411 2649/1/2410 2641/1/2409
f 2650/1/2411 2644/1/2290 2643/1/2289 2649/1/2410
f 2644/1/2290 2652/1/2297 2651/1/2310 2643/1/2289
f 2668/1/1894 2654/1/1874 2653/1/1873 2667/1/1893
f 2654/1/1874 2662/1/2413 2661/1/2412 2653/1/1873
f 2662/1/2413 2656/1/2383 2655/1/2382 2661/1/2412
f 2656/1/2383 2664/1/1891 2663/1/2281 2655/1/2382
f 2664/1/1891 2658/1/1870 2657/1/1869 2663/1/2281
f 2658/1/1870 2666/1/2283 2665/1/1896 2657/1/1869
f 2666/1/2283 2659/1/2384 2660/1/2316 2665/1/1896
f 2659/1/2384 2668/1/1894 2667/1/1893 2660/1/2316
f 2684/1/2420 2669/1/2337 2670/1/2387 2683/1/2392
f 2669/1/2337 2677/1/2418 2678/1/2395 2670/1/2387
f 2677/1/2418 2671/1/2414 2672/1/2415 2678/1/2395
f 2671/1/2414 2679/1/2347 2680/1/2346 2672/1/2415
f 2679/1/2347 2673/1/2341 2674/1/2340 2680/1/2346
f 2673/1/2341 2681/1/2419 2682/1/2390 2674/1/2340
f 2681/1/2419 2675/1/2416 2676/1/2417 2682/1/2390
f 2675/1/2416 2684/1/2420 2683/1/2392 2676/1/2417
f 2700/1/1880 2685/1/2350 2686/1/1886 2699/1/1879
f 2685/1/2350 2693/1/1878 2694/1/1877 2686/1/1886
f 2693/1/1878 2687/1/2421 2688/1/2352 2694/1/1877
f 2687/1/2421 2695/1/1875 2696/1/1876 2688/1/2352
f 2695/1/1875 2689/1/2284 2690/1/1889 2696/1/1876
f 2689/1/2284 2697/1/1881 2698/1/2288 2690/1/1889
f 2697/1/1881 2691/1/2422 2692/1/2354 2698/1/2288
f 2691/1/2422 2700/1/1880 2699/1/1879 2692/1/2354
f 2716/1/2426 2702/1/2359 2701/1/2374 2715/1/2378
f 2702/1/2359 2710/1/2367 2709/1/2368 2701/1/2374
f 2710/1/2367 2704/1/2361 2703/1/2362 2709/1/2368
f 2704/1/2361 2712/1/2424 2711/1/2375 2703/1/2362
f 2712/1/2424 2706/1/2423 2705/1/2372 2711/1/2375
f 2706/1/2423 2714/1/2363 2713/1/2425 2705/1/2372
f 2714/1/2363 2708/1/2357 2707/1/2358 2713/1/2425
f 2708/1/2357 2716/1/2426 2715/1/2378 2707/1/2358
f 2732/1/1891 2718/1/1870 2717/1/1869 2731/1/2281
f 2718/1/1870 2726/1/2283 2725/1/2282 2717/1/1869
f 2726/1/2283 2720/1/2427 2719/1/2316 2725/1/2282
f 2720/1/2427 2728/1/1894 2727/1/1893 2719/1/2316
f 2728/1/1894 2722/1/1874 2721/1/1873 2727/1/1893
f 2722/1/1874 2730/1/2413 2729/1/1866 2721/1/1873
f 2730/1/2413 2724/1/2428 2723/1/2382 2729/1/1866
f 2724/1/2428 2732/1/1891 2731/1/2281 2723/1/2382
f 2748/1/2430 2734/1/2341 2733/1/2429 2747/1/2396
f 2734/1/2341 2741/1/2419 2742/1/2390 2733/1/2429
f 2741/1/2419 2735/1/2416 2736/1/2417 2742/1/2390
f 2735/1/2416 2743/1/2420 2744/1/2392 2736/1/2417
f 2743/1/2420 2737/1/2337 2738/1/2387 2744/1/2392
f 2737/1/2337 2745/1/2418 2746/1/2395 2738/1/2387
f 2745/1/2418 2739/1/2414 2740/1/2415 2746/1/2395
f 2739/1/2414 2748/1/2430 2747/1/2396 2740/1/2415
f 2764/1/1878 2749/1/2421 2750/1/2352 2763/1/1877
f 2749/1/2421 2757/1/1875 2758/1/1876 2750/1/2352
f 2757/1/1875 2751/1/2284 2752/1/1889 2758/1/1876
f 2751/1/2284 2759/1/1881 2760/1/2288 2752/1/1889
f 2759/1/1881 2753/1/2422 2754/1/2354 2760/1/2288
f 2753/1/2422 2761/1/1880 2762/1/1879 2754/1/2354
f 2761/1/1880 2755/1/2350 2756/1/1886 2762/1/1879
f 2755/1/2350 2764/1/1878 2763/1/1877 2756/1/1886
f 2830/1/2496 2771/1/2437 2772/867/2438 2829/869/2495
f 2832/1/2498 2779/1/2445 2780/839/2446 2831/1/2497
f 2834/1/2500 2787/1/2453 2788/940/2454 2833/942/2499
f 2836/1/2502 2795/1/2461 2796/912/2462 2835/915/2501
f 2838/1/2504 2803/1/2469 2804/799/2470 2837/801/2503
f 2840/1/2506 2811/1/2477 2812/813/2478 2839/816/2505
f 2842/1/2508 2819/1/2485 2820/889/2486 2841/892/2507
f 2844/1/2510 2827/1/2493 2828/776/2494 2843/1/2509
f 2846/2/2512 2765/6/2431 2766/1/2432 2845/1/2511
f 2848/1/2514 2766/1/2432 2765/854/2431 2847/857/2513
f 2850/1/2516 2769/1/2435 2770/862/2436 2849/1/2515
f 2852/873/2518 2773/876/2439 2774/1/2440 2851/1/2517
f 2854/1/2520 2774/1/2440 2773/827/2439 2853/830/2519
f 2856/851/2522 2775/853/2441 2776/1/2442 2855/1/2521
f 2858/847/2524 2781/850/2447 2782/1/2448 2857/1/2523
f 2860/1/2526 2782/1/2448 2781/930/2447 2859/1/2525
f 2862/1/2528 2785/1/2451 2786/946/2452 2861/947/2527
f 2864/935/2530 2789/1/2455 2790/1/2456 2863/1/2529
f 2866/1/2532 2790/1/2456 2789/928/2455 2865/927/2531
f 2868/924/2534 2791/926/2457 2792/1/2458 2867/1/2533
f 2870/922/2536 2797/923/2463 2798/1/2464 2869/1/2535
f 2872/1/2538 2798/1/2464 2797/787/2463 2871/788/2537
f 2874/1/2540 2801/1/2467 2802/791/2468 2873/794/2539
f 2876/782/2542 2805/781/2471 2806/1/2472 2875/1/2541
f 2878/819/2544 2812/822/2478 2811/1/2477 2877/1/2543
f 2880/802/2546 2807/803/2473 2808/1/2474 2879/1/2545
f 2882/823/2548 2813/826/2479 2814/1/2480 2881/1/2547
f 2884/897/2550 2820/899/2486 2819/1/2485 2883/1/2549
f 2886/903/2552 2815/905/2481 2816/1/2482 2885/1/2551
f 2888/900/2554 2821/902/2487 2822/1/2488 2887/1/2553
f 2890/757/2556 2828/758/2494 2827/1/2493 2889/1/2555
f 2892/761/2558 2823/764/2489 2824/1/2490 2891/1/2557
f 2769/1/2435 2830/1/2496 2829/864/2495 2770/866/2436
f 2778/1/2444 2832/1/2498 2831/832/2497 2777/831/2443
f 2785/1/2451 2834/1/2500 2833/943/2499 2786/945/2452
f 2794/1/2460 2836/1/2502 2835/906/2501 2793/909/2459
f 2801/1/2467 2838/1/2504 2837/795/2503 2802/798/2468
f 2810/1/2476 2840/1/2506 2839/808/2505 2809/811/2475
f 2818/1/2484 2842/1/2508 2841/883/2507 2817/1/2483
f 2826/1/2492 2844/1/2510 2843/770/2509 2825/769/2491
f 2768/877/2434 2846/879/2512 2845/1/2511 2767/1/2433
f 2771/1/2437 2848/1/2514 2847/870/2513 2772/872/2438
f 2767/1/2433 2850/1/2516 2849/859/2515 2768/858/2434
f 2775/835/2441 2852/838/2518 2851/1/2517 2776/1/2442
f 2779/1/2445 2854/1/2520 2853/844/2519 2780/846/2446
f 2777/841/2443 2856/843/2522 2855/1/2521 2778/1/2444
f 2784/932/2450 2858/934/2524 2857/1/2523 2783/1/2449
f 2787/1/2453 2860/1/2526 2859/937/2525 2788/936/2454
f 2783/1/2449 2862/1/2528 2861/948/2527 2784/951/2450
f 2791/910/2457 2864/911/2530 2863/1/2529 2792/1/2458
f 2795/1/2461 2866/1/2532 2865/919/2531 2796/921/2462
f 2793/916/2459 2868/918/2534 2867/1/2533 2794/1/2460
f 2800/784/2466 2870/783/2536 2869/1/2535 2799/1/2465
f 2803/1/2469 2872/1/2538 2871/777/2537 2804/780/2470
f 2799/1/2465 2874/1/2540 2873/789/2539 2800/1/2466
f 2807/812/2473 2876/1/2542 2875/1/2541 2808/1/2474
f 2805/804/2471 2878/807/2544 2877/1/2543 2806/1/2472
f 2809/817/2475 2880/818/2546 2879/1/2545 2810/1/2476
f 2815/885/2481 2882/888/2548 2881/1/2547 2816/1/2482
f 2813/880/2479 2884/882/2550 2883/1/2549 2814/1/2480
f 2817/894/2483 2886/893/2552 2885/1/2551 2818/1/2484
f 2823/773/2489 2888/775/2554 2887/1/2553 2824/1/2490
f 2821/765/2487 2890/768/2556 2889/1/2555 2822/1/2488
f 2825/753/2491 2892/756/2558 2891/1/2557 2826/1/2492
f 2893/901/2559 2896/774/2562 2897/16/2563 2894/19/2560
f 2896/774/2562 2898/763/2564 2899/20/2565 2897/22/2563
f 2898/763/2564 2900/762/2566 2901/23/2567 2899/25/2565
f 2900/755/2566 2903/754/2569 2902/26/2568 2901/28/2567
f 2905/1664/2571 2919/1665/2585 2920/130/2586 2906/129/2572
f 2906/9/2572 2908/8/2574 2907/123/2573 2905/122/2571
f 2908/1623/2574 2910/1622/2576 2909/124/2575 2907/123/2573
f 2910/132/2576 2912/131/2578 2911/125/2577 2909/124/2575
f 2912/134/2578 2914/133/2580 2913/126/2579 2911/125/2577
f 2914/136/2580 2916/135/2582 2915/127/2581 2913/126/2579
f 2916/138/2582 2918/137/2584 2917/128/2583 2915/127/2581
f 2918/137/2584 2920/139/2586 2919/121/2585 2917/128/2583
f 2922/140/2588 2933/142/2599 2934/939/2600 2921/938/2587
f 2921/1/2587 2923/931/2589 2924/143/2590 2922/145/2588
f 2923/849/2589 2925/848/2591 2926/146/2592 2924/148/2590
f 2925/848/2591 2928/933/2594 2927/149/2593 2926/151/2592
f 2930/941/2596 2934/939/2600 2933/161/2599 2931/162/2597
f 2935/243/2601 2946/242/2612 2945/1666/2611 2936/1667/2602
f 2936/165/2602 2938/164/2604 2937/244/2603 2935/243/2601
f 2938/164/2604 2940/1624/2606 2939/245/2605 2937/244/2603
f 2940/253/2606 2942/252/2608 2941/246/2607 2939/245/2605
f 2942/255/2608 2944/254/2610 2943/247/2609 2941/246/2607
f 2947/917/2613 2950/908/2616 2951/271/2617 2948/273/2614
f 2950/908/2616 2952/907/2618 2953/274/2619 2951/276/2617
f 2952/914/2618 2954/913/2620 2955/277/2621 2953/278/2619
f 2954/913/2620 2957/920/2623 2956/279/2622 2955/280/2621
f 2959/338/2625 2973/121/2639 2974/1668/2640 2960/1669/2626
f 2960/266/2626 2962/265/2628 2961/339/2627 2959/338/2625
f 2962/265/2628 2964/1141/2630 2963/340/2629 2961/339/2627
f 2964/348/2630 2966/347/2632 2965/341/2631 2963/340/2629
f 2966/347/2632 2968/349/2634 2967/342/2633 2965/341/2631
f 2968/351/2634 2970/350/2636 2969/343/2635 2967/342/2633
f 2970/353/2636 2972/352/2638 2971/344/2637 2969/343/2635
f 2972/354/2638 2974/346/2640 2973/121/2639 2971/344/2637
f 2976/355/2642 2989/358/2655 2990/896/2656 2975/895/2641
f 2975/1/2641 2977/884/2643 2978/359/2644 2976/361/2642
f 2977/891/2643 2979/890/2645 2980/362/2646 2978/364/2644
f 2979/898/2645 2981/881/2647 2982/365/2648 2980/367/2646
f 2981/881/2647 2983/825/2649 2984/368/2650 2982/370/2648
f 2983/825/2649 2985/824/2651 2986/371/2652 2984/373/2650
f 2985/887/2651 2987/886/2653 2988/374/2654 2986/375/2652
f 2987/886/2653 2990/904/2656 2989/376/2655 2988/377/2654
f 2991/424/2657 3003/423/2669 3004/1670/2670 2992/1671/2658
f 2993/1626/2659 2996/1625/2662 2995/426/2661 2994/425/2660
f 2996/432/2662 2998/431/2664 2997/427/2663 2995/426/2661
f 2998/436/2664 3000/435/2666 2999/343/2665 2997/427/2663
f 3000/438/2666 3002/437/2668 3001/428/2667 2999/343/2665
f 3002/440/2668 3004/439/2670 3003/423/2669 3001/428/2667
f 3006/441/2672 3019/443/2685 3018/861/2684 3005/860/2671
f 3005/1/2671 3007/863/2673 3008/444/2674 3006/446/2672
f 3007/863/2673 3009/865/2675 3010/447/2676 3008/449/2674
f 3009/865/2675 3011/868/2677 3012/450/2678 3010/451/2676
f 3011/871/2677 3013/856/2679 3014/452/2680 3012/454/2678
f 3013/856/2679 3016/855/2682 3015/455/2681 3014/457/2680
f 3021/508/2687 3031/507/2697 3032/1672/2698 3022/1673/2688
f 3023/1621/2689 3026/1620/2692 3025/511/2691 3024/510/2690
f 3026/517/2692 3028/516/2694 3027/512/2693 3025/511/2691
f 3028/520/2694 3030/519/2696 3029/513/2695 3027/512/2693
f 3030/519/2696 3032/521/2698 3031/507/2697 3029/513/2695
f 3034/522/2700 3049/524/2715 3050/834/2716 3033/833/2699
f 3033/1/2699 3035/840/2701 3036/525/2702 3034/528/2700
f 3035/840/2701 3037/845/2703 3038/529/2704 3036/531/2702
f 3037/829/2703 3039/828/2705 3040/532/2706 3038/533/2704
f 3039/875/2705 3042/874/2708 3041/534/2707 3040/536/2706
f 3044/852/2710 3047/842/2713 3048/541/2714 3045/542/2711
f 3047/842/2713 3050/834/2716 3049/543/2715 3048/544/2714
f 3051/586/2717 3065/585/2731 3066/1674/2732 3052/1671/2718
f 3052/547/2718 3054/546/2720 3053/587/2719 3051/586/2717
f 3054/1619/2720 3056/1618/2722 3055/588/2721 3053/587/2719
f 3056/596/2722 3058/595/2724 3057/589/2723 3055/588/2721
f 3058/595/2724 3060/597/2726 3059/590/2725 3057/589/2723
f 3060/599/2726 3062/598/2728 3061/591/2727 3059/590/2725
f 3062/601/2728 3064/600/2730 3063/592/2729 3061/591/2727
f 3064/603/2730 3066/602/2732 3065/585/2731 3063/592/2729
f 3067/815/2733 3070/814/2736 3071/610/2737 3068/611/2734
f 3070/821/2736 3073/820/2739 3072/612/2738 3071/613/2737
f 3075/659/2741 3089/658/2755 3090/1666/2756 3076/1675/2742
f 3076/617/2742 3078/616/2744 3077/660/2743 3075/659/2741
f 3078/1617/2744 3080/1616/2746 3079/661/2745 3077/660/2743
f 3080/669/2746 3082/668/2748 3081/662/2747 3079/661/2745
f 3082/671/2748 3084/670/2750 3083/663/2749 3081/662/2747
f 3085/677/2751 3088/676/2754 3087/665/2753 3086/664/2752
f 3088/679/2754 3090/678/2756 3089/658/2755 3087/665/2753
f 3091/1/2757 3094/790/2760 3095/684/2761 3092/687/2758
f 3094/793/2760 3096/792/2762 3097/688/2763 3095/690/2761
f 3096/797/2762 3098/796/2764 3099/691/2765 3097/693/2763
f 3098/800/2764 3100/779/2766 3101/694/2767 3099/696/2765
f 3100/779/2766 3103/778/2769 3102/697/2768 3101/699/2767
f 3105/734/2771 3119/733/2785 3120/1676/2786 3106/1671/2772
f 3106/705/2772 3108/704/2774 3107/735/2773 3105/734/2771
f 3108/704/2774 3110/744/2776 3109/736/2775 3107/735/2773
f 3110/744/2776 3112/743/2778 3111/737/2777 3109/736/2775
f 3112/746/2778 3114/745/2780 3113/738/2779 3111/737/2777
f 3114/748/2780 3116/747/2782 3115/739/2781 3113/738/2779
f 3116/750/2782 3118/749/2784 3117/740/2783 3115/739/2781
f 3118/752/2784 3120/751/2786 3119/733/2785 3117/740/2783
f 3122/1/2788 3135/1/2801 3136/1/2802 3121/1/2787
f 3121/1/2787 3123/1/2789 3124/1/2790 3122/1/2788
f 3123/1/2789 3125/1/2791 3126/1/2792 3124/1/2790
f 3125/1/2791 3127/1/2793 3128/1/2794 3126/1/2792
f 3127/1/2793 3129/1/2795 3130/1/2796 3128/1/2794
f 3129/1/2795 3131/1/2797 3132/1/2798 3130/1/2796
f 3131/1/2797 3133/1/2799 3134/1/2800 3132/1/2798
f 3133/1/2799 3136/1/2802 3135/1/2801 3134/1/2800
f 3138/1/2804 3151/1/2817 3152/1/2818 3137/1/2803
f 3137/1/2803 3139/1/2805 3140/1/2806 3138/1/2804
f 3139/1/2805 3141/1/2807 3142/1/2808 3140/1/2806
f 3141/1/2807 3143/1/2809 3144/1/2810 3142/1/2808
f 3143/1/2809 3145/1/2811 3146/1/2812 3144/1/2810
f 3145/1/2811 3147/1/2813 3148/1/2814 3146/1/2812
f 3147/1/2813 3149/1/2815 3150/1/2816 3148/1/2814
f 3149/1/2815 3152/1/2818 3151/1/2817 3150/1/2816
f 3218/1/2884 3159/1/2825 3160/1/2826 3217/1/2883
f 3220/1/2886 3167/1/2833 3168/1/2834 3219/1/2885
f 3222/1/2888 3175/1/2841 3176/1/2842 3221/1/2887
f 3224/1/2890 3183/1/2849 3184/1/2850 3223/1/2889
f 3226/1/2892 3191/1/2857 3192/1/2858 3225/1/2891
f 3228/1/2894 3199/1/2865 3200/1/2866 3227/1/2893
f 3230/1/2896 3207/1/2873 3208/1/2874 3229/1/2895
f 3232/1/2898 3215/1/2881 3216/1/2882 3231/1/2897
f 3234/1/2900 3153/1/2819 3154/1/2820 3233/1/2899
f 3236/1/2902 3154/1/2820 3153/1/2819 3235/1/2901
f 3238/1/2904 3157/1/2823 3158/1/2824 3237/1/2903
f 3240/1/2906 3161/1/2827 3162/1/2828 3239/1/2905
f 3242/1/2908 3162/1/2828 3161/1/2827 3241/1/2907
f 3244/1/2910 3163/1/2829 3164/1/2830 3243/1/2909
f 3246/1/2912 3169/1/2835 3170/1/2836 3245/1/2911
f 3248/1/2914 3170/1/2836 3169/1/2835 3247/1/2913
f 3250/1/2916 3173/1/2839 3174/1/2840 3249/1/2915
f 3252/1/2918 3177/1/2843 3178/1/2844 3251/1/2917
f 3254/1/2920 3178/1/2844 3177/1/2843 3253/1/2919
f 3256/1/2922 3179/1/2845 3180/1/2846 3255/1/2921
f 3258/1/2924 3185/1/2851 3186/1/2852 3257/1/2923
f 3260/1/2926 3186/1/2852 3185/1/2851 3259/1/2925
f 3262/1/2928 3189/1/2855 3190/1/2856 3261/1/2927
f 3264/1/2930 3193/1/2859 3194/1/2860 3263/1/2929
f 3266/1/2932 3200/1/2866 3199/1/2865 3265/1/2931
f 3268/1/2934 3195/1/2861 3196/1/2862 3267/1/2933
f 3270/1/2936 3201/1/2867 3202/1/2868 3269/1/2935
f 3272/1/2938 3208/1/2874 3207/1/2873 3271/1/2937
f 3274/1/2940 3203/1/2869 3204/1/2870 3273/1/2939
f 3276/1/2942 3209/1/2875 3210/1/2876 3275/1/2941
f 3278/1/2944 3216/1/2882 3215/1/2881 3277/1/2943
f 3280/1/2946 3211/1/2877 3212/1/2878 3279/1/2945
f 3157/1/2823 3218/1/2884 3217/1/2883 3158/1/2824
f 3166/1/2832 3220/1/2886 3219/1/2885 3165/1/2831
f 3173/1/2839 3222/1/2888 3221/1/2887 3174/1/2840
f 3182/1/2848 3224/1/2890 3223/1/2889 3181/1/2847
f 3189/1/2855 3226/1/2892 3225/1/2891 3190/1/2856
f 3198/1/2864 3228/1/2894 3227/1/2893 3197/1/2863
f 3206/1/2872 3230/1/2896 3229/1/2895 3205/1/2871
f 3214/1/2880 3232/1/2898 3231/1/2897 3213/1/2879
f 3156/1/2822 3234/1/2900 3233/1/2899 3155/1/2821
f 3159/1/2825 3236/1/2902 3235/1/2901 3160/1/2826
f 3155/1/2821 3238/1/2904 3237/1/2903 3156/1/2822
f 3163/1/2829 3240/1/2906 3239/1/2905 3164/1/2830
f 3167/1/2833 3242/1/2908 3241/1/2907 3168/1/2834
f 3165/1/2831 3244/1/2910 3243/1/2909 3166/1/2832
f 3172/1/2838 3246/1/2912 3245/1/2911 3171/1/2837
f 3175/1/2841 3248/1/2914 3247/1/2913 3176/1/2842
f 3171/1/2837 3250/1/2916 3249/1/2915 3172/1/2838
f 3179/1/2845 3252/1/2918 3251/1/2917 3180/1/2846
f 3183/1/2849 3254/1/2920 3253/1/2919 3184/1/2850
f 3181/1/2847 3256/1/2922 3255/1/2921 3182/1/2848
f 3188/1/2854 3258/1/2924 3257/1/2923 3187/1/2853
f 3191/1/2857 3260/1/2926 3259/1/2925 3192/1/2858
f 3187/1/2853 3262/1/2928 3261/1/2927 3188/1/2854
f 3195/1/2861 3264/1/2930 3263/1/2929 3196/1/2862
f 3193/1/2859 3266/1/2932 3265/1/2931 3194/1/2860
f 3197/1/2863 3268/1/2934 3267/1/2933 3198/1/2864
f 3203/1/2869 3270/1/2936 3269/1/2935 3204/1/2870
f 3201/1/2867 3272/1/2938 3271/1/2937 3202/1/2868
f 3205/1/2871 3274/1/2940 3273/1/2939 3206/1/2872
f 3211/1/2877 3276/1/2942 3275/1/2941 3212/1/2878
f 3209/1/2875 3278/1/2944 3277/1/2943 3210/1/2876
f 3213/1/2879 3280/1/2946 3279/1/2945 3214/1/2880
f 3282/1/2948 3283/1/2949 3284/1/2950 3281/1/2947
f 3296/1/2962 3282/1/2948 3281/1/2947 3295/1/2961
f 3283/1/2949 3285/1/2951 3286/1/2952 3284/1/2950
f 3285/1/2951 3287/1/2953 3288/1/2954 3286/1/2952
f 3287/1/2953 3289/1/2955 3290/1/2956 3288/1/2954
f 3289/1/2955 3291/1/2957 3292/1/2958 3290/1/2956
f 3291/1/2957 3293/1/2959 3294/1/2960 3292/1/2958
f 3293/1/2959 3296/1/2962 3295/1/2961 3294/1/2960
f 3362/1/3020 3303/1/2969 3304/1/2970 3361/1/3019
f 3364/1/3022 3311/1/2977 3312/1/2978 3363/1/3021
f 3366/1/3024 3319/1/2985 3320/1/2986 3365/1/3023
f 3368/1/3026 3327/1/2993 3328/1/2994 3367/1/3025
f 3370/1/3028 3335/1/3001 3336/1/3002 3369/1/3027
f 3372/1/3030 3343/1/3009 3344/1/3010 3371/1/3029
f 3374/1/3032 3351/1/2997 3352/1/2998 3373/1/3031
f 3376/1/3034 3359/1/3017 3360/1/3018 3375/1/3033
f 3378/1/3036 3297/1/2963 3298/1/2964 3377/1/3035
f 3380/1/3038 3298/1/2964 3297/1/2963 3379/1/3037
f 3382/1/3040 3301/1/2967 3302/1/2968 3381/1/3039
f 3384/1/3042 3305/1/2971 3306/1/2972 3383/1/3041
f 3386/1/3044 3306/1/2972 3305/1/2971 3385/1/3043
f 3388/1/3046 3307/1/2973 3308/1/2974 3387/1/3045
f 3390/1/3048 3313/1/2979 3314/1/2980 3389/1/3047
f 3392/1/3050 3314/1/2980 3313/1/2979 3391/1/3049
f 3394/1/3052 3317/1/2983 3318/1/2984 3393/1/3051
f 3396/1/3054 3321/1/2987 3322/1/2988 3395/1/3053
f 3398/1/3056 3322/1/2988 3321/1/2987 3397/1/3055
f 3400/1/3058 3323/1/2989 3324/1/2990 3399/1/3057
f 3402/1/3059 3329/1/2995 3330/1/2996 3401/1/3032
f 3404/1/3061 3330/1/2996 3329/1/2995 3403/1/3060
f 3406/1/3063 3333/1/2999 3334/1/3000 3405/1/3062
f 3408/1/3065 3337/1/3003 3338/1/3004 3407/1/3064
f 3410/1/3067 3344/1/3010 3343/1/3009 3409/1/3066
f 3412/1/3069 3339/1/3005 3340/1/3006 3411/1/3068
f 3414/1/3070 3345/1/3000 3346/1/2999 3413/1/3028
f 3416/1/3062 3352/1/2998 3351/1/2997 3415/1/3063
f 3418/1/3060 3347/1/3002 3348/1/3001 3417/1/3061
f 3420/1/3072 3353/1/3011 3354/1/3012 3419/1/3071
f 3422/1/3074 3360/1/3018 3359/1/3017 3421/1/3073
f 3424/1/3076 3355/1/3013 3356/1/3014 3423/1/3075
f 3301/1/2967 3362/1/3020 3361/1/3019 3302/1/2968
f 3310/1/2976 3364/1/3022 3363/1/3021 3309/1/2975
f 3317/1/2983 3366/1/3024 3365/1/3023 3318/1/2984
f 3326/1/2992 3368/1/3026 3367/1/3025 3325/1/2991
f 3333/1/2999 3370/1/3028 3369/1/3027 3334/1/3000
f 3342/1/3008 3372/1/3030 3371/1/3029 3341/1/3007
f 3350/1/2996 3374/1/3032 3373/1/3031 3349/1/2995
f 3358/1/3016 3376/1/3034 3375/1/3033 3357/1/3015
f 3300/1/2966 3378/1/3036 3377/1/3035 3299/1/2965
f 3303/1/2969 3380/1/3038 3379/1/3037 3304/1/2970
f 3299/1/2965 3382/1/3040 3381/1/3039 3300/1/2966
f 3307/1/2973 3384/1/3042 3383/1/3041 3308/1/2974
f 3311/1/2977 3386/1/3044 3385/1/3043 3312/1/2978
f 3309/1/2975 3388/1/3046 3387/1/3045 3310/1/2976
f 3316/1/2982 3390/1/3048 3389/1/3047 3315/1/2981
f 3319/1/2985 3392/1/3050 3391/1/3049 3320/1/2986
f 3315/1/2981 3394/1/3052 3393/1/3051 3316/1/2982
f 3323/1/2989 3396/1/3054 3395/1/3053 3324/1/2990
f 3327/1/2993 3398/1/3056 3397/1/3055 3328/1/2994
f 3325/1/2991 3400/1/3058 3399/1/3057 3326/1/2992
f 3332/1/2998 3402/1/3059 3401/1/3032 3331/1/2997
f 3335/1/3001 3404/1/3061 3403/1/3060 3336/1/3002
f 3331/1/2997 3406/1/3063 3405/1/3062 3332/1/2998
f 3339/1/3005 3408/1/3065 3407/1/3064 3340/1/3006
f 3337/1/3003 3410/1/3067 3409/1/3066 3338/1/3004
f 3341/1/3007 3412/1/3069 3411/1/3068 3342/1/3008
f 3347/1/3002 3414/1/3070 3413/1/3028 3348/1/3001
f 3345/1/3000 3416/1/3062 3415/1/3063 3346/1/2999
f 3349/1/2995 3418/1/3060 3417/1/3061 3350/1/2996
f 3355/1/3013 3420/1/3072 3419/1/3071 3356/1/3014
f 3353/1/3011 3422/1/3074 3421/1/3073 3354/1/3012
f 3357/1/3015 3424/1/3076 3423/1/3075 3358/1/3016
f 3426/1/3078 3427/1/3079 3428/1/3080 3425/1/3077
f 3440/1/3092 3426/1/3078 3425/1/3077 3439/1/3091
f 3427/1/3079 3429/1/3081 3430/1/3082 3428/1/3080
f 3429/1/3081 3431/1/3083 3432/1/3084 3430/1/3082
f 3431/1/3083 3433/1/3085 3434/1/3086 3432/1/3084
f 3433/1/3085 3435/1/3087 3436/1/3088 3434/1/3086
f 3435/1/3087 3437/1/3089 3438/1/3090 3436/1/3088
f 3437/1/3089 3440/1/3092 3439/1/3091 3438/1/3090
f 3506/1/3149 3447/1/3099 3448/1/3100 3505/1/3148
f 3508/1/3151 3455/1/3107 3456/1/3108 3507/1/3150
f 3510/1/3153 3463/1/3115 3464/1/3116 3509/1/3152
f 3512/1/3155 3471/1/3123 3472/1/3124 3511/1/3154
f 3514/1/3157 3479/1/3130 3480/1/3131 3513/1/3156
f 3516/1/3159 3487/1/3138 3488/1/3139 3515/1/3158
f 3518/1/3161 3495/1/3127 3496/1/3128 3517/1/3160
f 3520/1/3163 3503/1/3146 3504/1/3147 3519/1/3162
f 3522/1/3165 3441/1/3093 3442/1/3094 3521/1/3164
f 3524/1/3167 3442/1/3094 3441/1/3093 3523/1/3166
f 3526/1/3169 3445/1/3097 3446/1/3098 3525/1/3168
f 3528/1/3171 3449/1/3101 3450/1/3102 3527/1/3170
f 3530/1/3173 3450/1/3102 3449/1/3101 3529/1/3172
f 3532/1/3175 3451/1/3103 3452/1/3104 3531/1/3174
f 3534/1/3177 3457/1/3109 3458/1/3110 3533/1/3176
f 3536/1/3179 3458/1/3110 3457/1/3109 3535/1/3178
f 3538/1/3181 3461/1/3113 3462/1/3114 3537/1/3180
f 3540/1/3183 3465/1/3117 3466/1/3118 3539/1/3182
f 3542/1/3185 3466/1/3118 3465/1/3117 3541/1/3184
f 3544/1/3187 3467/1/3119 3468/1/3120 3543/1/3186
f 3546/1/3160 3473/1/3125 3474/1/3126 3545/1/3161
f 3548/1/3189 3474/1/3126 3473/1/3125 3547/1/3188
f 3550/1/3191 3477/1/3129 3478/1/2842 3549/1/3190
f 3552/1/3193 3481/1/3132 3482/1/3133 3551/1/3192
f 3554/1/3195 3488/1/3139 3487/1/3138 3553/1/3194
f 3556/1/3197 3483/1/3134 3484/1/3135 3555/1/3196
f 3558/1/3198 3489/1/2842 3490/1/3129 3557/1/3157
f 3560/1/3190 3496/1/3128 3495/1/3127 3559/1/3191
f 3562/1/3188 3491/1/3131 3492/1/3130 3561/1/3189
f 3564/1/3200 3497/1/3140 3498/1/3141 3563/1/3199
f 3566/1/3202 3504/1/3147 3503/1/3146 3565/1/3201
f 3568/1/3204 3499/1/3142 3500/1/3143 3567/1/3203
f 3445/1/3097 3506/1/3149 3505/1/3148 3446/1/3098
f 3454/1/3106 3508/1/3151 3507/1/3150 3453/1/3105
f 3461/1/3113 3510/1/3153 3509/1/3152 3462/1/3114
f 3470/1/3122 3512/1/3155 3511/1/3154 3469/1/3121
f 3477/1/3129 3514/1/3157 3513/1/3156 3478/1/2842
f 3486/1/3137 3516/1/3159 3515/1/3158 3485/1/3136
f 3494/1/3126 3518/1/3161 3517/1/3160 3493/1/3125
f 3502/1/3145 3520/1/3163 3519/1/3162 3501/1/3144
f 3444/1/3096 3522/1/3165 3521/1/3164 3443/1/3095
f 3447/1/3099 3524/1/3167 3523/1/3166 3448/1/3100
f 3443/1/3095 3526/1/3169 3525/1/3168 3444/1/3096
f 3451/1/3103 3528/1/3171 3527/1/3170 3452/1/3104
f 3455/1/3107 3530/1/3173 3529/1/3172 3456/1/3108
f 3453/1/3105 3532/1/3175 3531/1/3174 3454/1/3106
f 3460/1/3112 3534/1/3177 3533/1/3176 3459/1/3111
f 3463/1/3115 3536/1/3179 3535/1/3178 3464/1/3116
f 3459/1/3111 3538/1/3181 3537/1/3180 3460/1/3112
f 3467/1/3119 3540/1/3183 3539/1/3182 3468/1/3120
f 3471/1/3123 3542/1/3185 3541/1/3184 3472/1/3124
f 3469/1/3121 3544/1/3187 3543/1/3186 3470/1/3122
f 3476/1/3128 3546/1/3160 3545/1/3161 3475/1/3127
f 3479/1/3130 3548/1/3189 3547/1/3188 3480/1/3131
f 3475/1/3127 3550/1/3191 3549/1/3190 3476/1/3128
f 3483/1/3134 3552/1/3193 3551/1/3192 3484/1/3135
f 3481/1/3132 3554/1/3195 3553/1/3194 3482/1/3133
f 3485/1/3136 3556/1/3197 3555/1/3196 3486/1/3137
f 3491/1/3131 3558/1/3198 3557/1/3157 3492/1/3130
f 3489/1/2842 3560/1/3190 3559/1/3191 3490/1/3129
f 3493/1/3125 3562/1/3188 3561/1/3189 3494/1/3126
f 3499/1/3142 3564/1/3200 3563/1/3199 3500/1/3143
f 3497/1/3140 3566/1/3202 3565/1/3201 3498/1/3141
f 3501/1/3144 3568/1/3204 3567/1/3203 3502/1/3145
f 3570/1/3206 3571/1/3207 3572/1/3208 3569/1/3205
f 3584/1/3220 3570/1/3206 3569/1/3205 3583/1/3219
f 3571/1/3207 3573/1/3209 3574/1/3210 3572/1/3208
f 3573/1/3209 3575/1/3211 3576/1/3212 3574/1/3210
f 3575/1/3211 3577/1/3213 3578/1/3214 3576/1/3212
f 3577/1/3213 3579/1/3215 3580/1/3216 3578/1/3214
f 3579/1/3215 3581/1/3217 3582/1/3218 3580/1/3216
f 3581/1/3217 3584/1/3220 3583/1/3219 3582/1/3218
f 3586/1/3078 3587/1/3079 3588/1/3221 3585/1/3077
f 3600/1/3092 3586/1/3078 3585/1/3077 3599/1/3091
f 3587/1/3079 3589/1/3222 3590/1/3082 3588/1/3221
f 3589/1/3222 3591/1/3083 3592/1/3223 3590/1/3082
f 3591/1/3083 3593/1/3224 3594/1/3225 3592/1/3223
f 3593/1/3224 3595/1/3226 3596/1/3227 3594/1/3225
f 3595/1/3226 3597/1/3089 3598/1/3090 3596/1/3227
f 3597/1/3089 3600/1/3092 3599/1/3091 3598/1/3090
f 3602/1/3213 3603/1/3215 3604/1/3216 3601/1/3228
f 3616/1/3211 3602/1/3213 3601/1/3228 3615/1/3212
f 3603/1/3215 3605/1/3217 3606/1/3218 3604/1/3216
f 3605/1/3217 3607/1/3220 3608/1/3219 3606/1/3218
f 3607/1/3220 3609/1/3206 3610/1/3205 3608/1/3219
f 3609/1/3206 3611/1/3229 3612/1/3230 3610/1/3205
f 3611/1/3229 3613/1/3209 3614/1/3210 3612/1/3230
f 3613/1/3209 3616/1/3211 3615/1/3212 3614/1/3210
f 3618/1/3232 3619/1/3233 3620/1/3234 3617/1/3231
f 3632/1/3246 3618/1/3232 3617/1/3231 3631/1/3245
f 3619/1/3233 3621/1/3235 3622/1/3236 3620/1/3234
f 3621/1/3235 3623/1/3237 3624/1/3238 3622/1/3236
f 3623/1/3237 3625/1/3239 3626/1/3240 3624/1/3238
f 3625/1/3239 3627/1/3241 3628/1/3242 3626/1/3240
f 3627/1/3241 3629/1/3243 3630/1/3244 3628/1/3242
f 3629/1/3243 3632/1/3246 3631/1/3245 3630/1/3244
f 4136/1/3714 4143/1/3721 4144/1/3722 4135/1/3713
f 4120/1/3705 4127/1/3668 4128/1/3706 4119/1/3704
f 4142/1/3720 4136/1/3714 4135/1/3713 4141/1/3719
f 4140/1/3718 4133/1/3711 4134/1/3712 4139/1/3717
f 4126/1/3276 4120/1/3705 4119/1/3704 4125/1/3248
f 4104/1/3680 4111/1/3701 4112/1/3702 4103/1/3695
f 4110/1/3700 4104/1/3680 4103/1/3695 4109/1/3699
f 4076/1/3260 4069/1/3266 4070/1/3265 4075/1/3674
f 3636/1/3250 4063/1/3278 4064/1/3277 3635/1/3249
f 4062/1/3279 3636/1/3250 3635/1/3249 4061/1/3669
f 4092/1/3687 4085/1/3680 4086/1/3681 4091/1/3686
f 4072/1/3272 4079/1/3263 4080/1/3264 4071/1/3672
f 4078/1/3675 4072/1/3272 4071/1/3672 4077/1/3258
f 4108/1/3698 4101/1/3679 4102/1/3694 4107/1/3685
f 4088/1/3683 4095/1/3690 4096/1/3691 4087/1/3682
f 4094/1/3689 4088/1/3683 4087/1/3682 4093/1/3688
f 4124/1/3278 4117/1/3256 4118/1/3281 4123/1/3277
f 4066/1/3670 4073/1/3673 4074/1/3261 4065/1/3269
f 3638/1/3252 4062/1/3279 4061/1/3669 3637/1/3251
f 4068/1/3671 4076/1/3260 4075/1/3674 4067/1/3268
f 4082/1/3677 4089/1/3684 4090/1/3685 4081/1/3676
f 4069/1/3266 4078/1/3675 4077/1/3258 4070/1/3265
f 4084/1/3679 4092/1/3687 4091/1/3686 4083/1/3678
f 4098/1/3692 4105/1/3696 4106/1/3697 4097/1/3682
f 4085/1/3680 4094/1/3689 4093/1/3688 4086/1/3681
f 4100/1/3693 4108/1/3698 4107/1/3685 4099/1/3676
f 4114/1/3703 4121/1/3279 4122/1/3280 4113/1/3251
f 4101/1/3679 4110/1/3700 4109/1/3699 4102/1/3694
f 4116/1/3250 4124/1/3278 4123/1/3277 4115/1/3249
f 4127/1/3668 4114/1/3703 4113/1/3251 4128/1/3706
f 4079/1/3263 4066/1/3670 4065/1/3269 4080/1/3264
f 4130/1/3708 4137/1/3715 4138/1/3716 4129/1/3707
f 4111/1/3701 4098/1/3692 4097/1/3682 4112/1/3702
f 4132/1/3710 4140/1/3718 4139/1/3717 4131/1/3709
f 4095/1/3690 4082/1/3677 4081/1/3676 4096/1/3691
f 4060/1/3668 3638/1/3252 3637/1/3251 4059/1/3667
f 3640/1/3254 4060/1/3668 4059/1/3667 3639/1/3253
f 3652/1/3266 3643/1/3257 3644/1/3258 3651/1/3265
f 3646/1/3260 3652/1/3266 3651/1/3265 3645/1/3259
f 3642/1/3256 3633/1/3247 3634/1/3248 3641/1/3255
f 3648/1/3262 3653/1/3267 3654/1/3268 3647/1/3261
f 3656/1/3270 3648/1/3262 3647/1/3261 3655/1/3269
f 3658/1/3272 3649/1/3263 3650/1/3264 3657/1/3271
f 3668/1/3254 3659/1/3273 3660/1/3274 3667/1/3253
f 3662/1/3276 3668/1/3254 3667/1/3253 3661/1/3275
f 3664/1/3278 3669/1/3256 3670/1/3281 3663/1/3277
f 3672/1/3250 3664/1/3278 3663/1/3277 3671/1/3249
f 3674/1/3283 3665/1/3279 3666/1/3280 3673/1/3282
f 4121/1/3279 4116/1/3250 4115/1/3249 4122/1/3280
f 4063/1/3278 3642/1/3256 3641/1/3255 4064/1/3277
f 3633/1/3247 3640/1/3254 3639/1/3253 3634/1/3248
f 3659/1/3273 3674/1/3283 3673/1/3282 3660/1/3274
f 4073/1/3673 4068/1/3671 4067/1/3268 4074/1/3261
f 3653/1/3267 3646/1/3260 3645/1/3259 3654/1/3268
f 3649/1/3263 3656/1/3270 3655/1/3269 3650/1/3264
f 4089/1/3684 4084/1/3679 4083/1/3678 4090/1/3685
f 3643/1/3257 3658/1/3272 3657/1/3271 3644/1/3258
f 3669/1/3256 3662/1/3276 3661/1/3275 3670/1/3281
f 4105/1/3696 4100/1/3693 4099/1/3676 4106/1/3697
f 3665/1/3279 3672/1/3250 3671/1/3249 3666/1/3280
f 4117/1/3256 4126/1/3276 4125/1/3248 4118/1/3281
f 4137/1/3715 4132/1/3710 4131/1/3709 4138/1/3716
f 4143/1/3721 4130/1/3708 4129/1/3707 4144/1/3722
f 4133/1/3711 4142/1/3720 4141/1/3719 4134/1/3712
f 3690/1/3299 3675/1/3284 3676/1/3285 3689/1/3298
f 3675/1/3284 3683/1/3292 3684/1/3293 3676/1/3285
f 3683/1/3292 3677/1/3286 3678/1/3287 3684/1/3293
f 3677/1/3286 3685/1/3294 3686/1/3295 3678/1/3287
f 3685/1/3294 3679/1/3288 3680/1/3289 3686/1/3295
f 3679/1/3288 3687/1/3296 3688/1/3297 3680/1/3289
f 3687/1/3296 3681/1/3290 3682/1/3291 3688/1/3297
f 3681/1/3290 3690/1/3299 3689/1/3298 3682/1/3291
f 3706/1/3315 3691/1/3300 3692/1/3301 3705/1/3314
f 3691/1/3300 3699/1/3308 3700/1/3309 3692/1/3301
f 3699/1/3308 3693/1/3302 3694/1/3303 3700/1/3309
f 3693/1/3302 3701/1/3310 3702/1/3311 3694/1/3303
f 3701/1/3310 3695/1/3304 3696/1/3305 3702/1/3311
f 3695/1/3304 3703/1/3312 3704/1/3313 3696/1/3305
f 3703/1/3312 3697/1/3306 3698/1/3307 3704/1/3313
f 3697/1/3306 3706/1/3315 3705/1/3314 3698/1/3307
f 3722/1/3331 3707/1/3316 3708/1/3317 3721/1/3330
f 3707/1/3316 3715/1/3324 3716/1/3325 3708/1/3317
f 3715/1/3324 3709/1/3318 3710/1/3319 3716/1/3325
f 3709/1/3318 3717/1/3326 3718/1/3327 3710/1/3319
f 3717/1/3326 3711/1/3320 3712/1/3321 3718/1/3327
f 3711/1/3320 3719/1/3328 3720/1/3329 3712/1/3321
f 3719/1/3328 3713/1/3322 3714/1/3323 3720/1/3329
f 3713/1/3322 3722/1/3331 3721/1/3330 3714/1/3323
f 3738/1/3347 3723/1/3332 3724/1/3333 3737/1/3346
f 3723/1/3332 3731/1/3340 3732/1/3341 3724/1/3333
f 3731/1/3340 3725/1/3334 3726/1/3335 3732/1/3341
f 3725/1/3334 3733/1/3342 3734/1/3343 3726/1/3335
f 3733/1/3342 3727/1/3336 3728/1/3337 3734/1/3343
f 3727/1/3336 3735/1/3344 3736/1/3345 3728/1/3337
f 3735/1/3344 3729/1/3338 3730/1/3339 3736/1/3345
f 3729/1/3338 3738/1/3347 3737/1/3346 3730/1/3339
f 3754/1/3363 3739/1/3348 3740/1/3349 3753/1/3362
f 3739/1/3348 3747/1/3356 3748/1/3357 3740/1/3349
f 3747/1/3356 3741/1/3350 3742/1/3351 3748/1/3357
f 3741/1/3350 3749/1/3358 3750/1/3359 3742/1/3351
f 3749/1/3358 3743/1/3352 3744/1/3353 3750/1/3359
f 3743/1/3352 3751/1/3360 3752/1/3361 3744/1/3353
f 3751/1/3360 3745/1/3354 3746/1/3355 3752/1/3361
f 3745/1/3354 3754/1/3363 3753/1/3362 3746/1/3355
f 3770/1/3379 3755/1/3364 3756/1/3365 3769/1/3378
f 3755/1/3364 3763/1/3372 3764/1/3373 3756/1/3365
f 3763/1/3372 3757/1/3366 3758/1/3367 3764/1/3373
f 3757/1/3366 3765/1/3374 3766/1/3375 3758/1/3367
f 3765/1/3374 3759/1/3368 3760/1/3369 3766/1/3375
f 3759/1/3368 3767/1/3376 3768/1/3377 3760/1/3369
f 3767/1/3376 3761/1/3370 3762/1/3371 3768/1/3377
f 3761/1/3370 3770/1/3379 3769/1/3378 3762/1/3371
f 3786/1/3395 3771/1/3380 3772/1/3381 3785/1/3394
f 3771/1/3380 3779/1/3388 3780/1/3389 3772/1/3381
f 3779/1/3388 3773/1/3382 3774/1/3383 3780/1/3389
f 3773/1/3382 3781/1/3390 3782/1/3391 3774/1/3383
f 3781/1/3390 3775/1/3384 3776/1/3385 3782/1/3391
f 3775/1/3384 3783/1/3392 3784/1/3393 3776/1/3385
f 3783/1/3392 3777/1/3386 3778/1/3387 3784/1/3393
f 3777/1/3386 3786/1/3395 3785/1/3394 3778/1/3387
f 3802/1/3411 3787/1/3396 3788/1/3397 3801/1/3410
f 3787/1/3396 3795/1/3404 3796/1/3405 3788/1/3397
f 3795/1/3404 3789/1/3398 3790/1/3399 3796/1/3405
f 3789/1/3398 3797/1/3406 3798/1/3407 3790/1/3399
f 3797/1/3406 3791/1/3400 3792/1/3401 3798/1/3407
f 3791/1/3400 3799/1/3408 3800/1/3409 3792/1/3401
f 3799/1/3408 3793/1/3402 3794/1/3403 3800/1/3409
f 3793/1/3402 3802/1/3411 3801/1/3410 3794/1/3403
f 3818/1/3427 3803/1/3412 3804/1/3413 3817/1/3426
f 3803/1/3412 3811/1/3420 3812/1/3421 3804/1/3413
f 3811/1/3420 3805/1/3414 3806/1/3415 3812/1/3421
f 3805/1/3414 3813/1/3422 3814/1/3423 3806/1/3415
f 3813/1/3422 3807/1/3416 3808/1/3417 3814/1/3423
f 3807/1/3416 3815/1/3424 3816/1/3425 3808/1/3417
f 3815/1/3424 3809/1/3418 3810/1/3419 3816/1/3425
f 3809/1/3418 3818/1/3427 3817/1/3426 3810/1/3419
f 3833/1/3442 3819/1/3428 3820/1/3429 3834/1/3443
f 3819/1/3428 3827/1/3436 3828/1/3437 3820/1/3429
f 3827/1/3436 3821/1/3430 3822/1/3431 3828/1/3437
f 3821/1/3430 3829/1/3438 3830/1/3439 3822/1/3431
f 3829/1/3438 3823/1/3432 3824/1/3433 3830/1/3439
f 3823/1/3432 3831/1/3440 3832/1/3441 3824/1/3433
f 3831/1/3440 3825/1/3434 3826/1/3435 3832/1/3441
f 3825/1/3434 3833/1/3442 3834/1/3443 3826/1/3435
f 3850/1/3459 3835/1/3444 3836/1/3445 3849/1/3458
f 3835/1/3444 3843/1/3452 3844/1/3453 3836/1/3445
f 3843/1/3452 3837/1/3446 3838/1/3447 3844/1/3453
f 3837/1/3446 3845/1/3454 3846/1/3455 3838/1/3447
f 3845/1/3454 3839/1/3448 3840/1/3449 3846/1/3455
f 3839/1/3448 3847/1/3456 3848/1/3457 3840/1/3449
f 3847/1/3456 3841/1/3450 3842/1/3451 3848/1/3457
f 3841/1/3450 3850/1/3459 3849/1/3458 3842/1/3451
f 3866/1/3475 3851/1/3460 3852/1/3461 3865/1/3474
f 3851/1/3460 3859/1/3468 3860/1/3469 3852/1/3461
f 3859/1/3468 3853/1/3462 3854/1/3463 3860/1/3469
f 3853/1/3462 3861/1/3470 3862/1/3471 3854/1/3463
f 3861/1/3470 3855/1/3464 3856/1/3465 3862/1/3471
f 3855/1/3464 3863/1/3472 3864/1/3473 3856/1/3465
f 3863/1/3472 3857/1/3466 3858/1/3467 3864/1/3473
f 3857/1/3466 3866/1/3475 3865/1/3474 3858/1/3467
f 3882/1/3491 3867/1/3476 3868/1/3477 3881/1/3490
f 3867/1/3476 3875/1/3484 3876/1/3485 3868/1/3477
f 3875/1/3484 3869/1/3478 3870/1/3479 3876/1/3485
f 3869/1/3478 3877/1/3486 3878/1/3487 3870/1/3479
f 3877/1/3486 3871/1/3480 3872/1/3481 3878/1/3487
f 3871/1/3480 3879/1/3488 3880/1/3489 3872/1/3481
f 3879/1/3488 3873/1/3482 3874/1/3483 3880/1/3489
f 3873/1/3482 3882/1/3491 3881/1/3490 3874/1/3483
f 3897/1/3506 3883/1/3492 3884/1/3493 3898/1/3507
f 3883/1/3492 3891/1/3500 3892/1/3501 3884/1/3493
f 3891/1/3500 3885/1/3494 3886/1/3495 3892/1/3501
f 3885/1/3494 3893/1/3502 3894/1/3503 3886/1/3495
f 3893/1/3502 3887/1/3496 3888/1/3497 3894/1/3503
f 3887/1/3496 3895/1/3504 3896/1/3505 3888/1/3497
f 3895/1/3504 3889/1/3498 3890/1/3499 3896/1/3505
f 3889/1/3498 3897/1/3506 3898/1/3507 3890/1/3499
f 3914/1/3523 3899/1/3508 3900/1/3509 3913/1/3522
f 3899/1/3508 3907/1/3516 3908/1/3517 3900/1/3509
f 3907/1/3516 3901/1/3510 3902/1/3511 3908/1/3517
f 3901/1/3510 3909/1/3518 3910/1/3519 3902/1/3511
f 3909/1/3518 3903/1/3512 3904/1/3513 3910/1/3519
f 3903/1/3512 3911/1/3520 3912/1/3521 3904/1/3513
f 3911/1/3520 3905/1/3514 3906/1/3515 3912/1/3521
f 3905/1/3514 3914/1/3523 3913/1/3522 3906/1/3515
f 3930/1/3539 3915/1/3524 3916/1/3525 3929/1/3538
f 3915/1/3524 3923/1/3532 3924/1/3533 3916/1/3525
f 3923/1/3532 3917/1/3526 3918/1/3527 3924/1/3533
f 3917/1/3526 3925/1/3534 3926/1/3535 3918/1/3527
f 3925/1/3534 3919/1/3528 3920/1/3529 3926/1/3535
f 3919/1/3528 3927/1/3536 3928/1/3537 3920/1/3529
f 3927/1/3536 3921/1/3530 3922/1/3531 3928/1/3537
f 3921/1/3530 3930/1/3539 3929/1/3538 3922/1/3531
f 3946/1/3555 3931/1/3540 3932/1/3541 3945/1/3554
f 3931/1/3540 3939/1/3548 3940/1/3549 3932/1/3541
f 3939/1/3548 3933/1/3542 3934/1/3543 3940/1/3549
f 3933/1/3542 3941/1/3550 3942/1/3551 3934/1/3543
f 3941/1/3550 3935/1/3544 3936/1/3545 3942/1/3551
f 3935/1/3544 3943/1/3552 3944/1/3553 3936/1/3545
f 3943/1/3552 3937/1/3546 3938/1/3547 3944/1/3553
f 3937/1/3546 3946/1/3555 3945/1/3554 3938/1/3547
f 3961/1/3570 3947/1/3556 3948/1/3557 3962/1/3571
f 3947/1/3556 3955/1/3564 3956/1/3565 3948/1/3557
f 3955/1/3564 3949/1/3558 3950/1/3559 3956/1/3565
f 3949/1/3558 3957/1/3566 3958/1/3567 3950/1/3559
f 3957/1/3566 3951/1/3560 3952/1/3561 3958/1/3567
f 3951/1/3560 3959/1/3568 3960/1/3569 3952/1/3561
f 3959/1/3568 3953/1/3562 3954/1/3563 3960/1/3569
f 3953/1/3562 3961/1/3570 3962/1/3571 3954/1/3563
f 3978/1/3587 3963/1/3572 3964/1/3573 3977/1/3586
f 3963/1/3572 3971/1/3580 3972/1/3581 3964/1/3573
f 3971/1/3580 3965/1/3574 3966/1/3575 3972/1/3581
f 3965/1/3574 3973/1/3582 3974/1/3583 3966/1/3575
f 3973/1/3582 3967/1/3576 3968/1/3577 3974/1/3583
f 3967/1/3576 3975/1/3584 3976/1/3585 3968/1/3577
f 3975/1/3584 3969/1/3578 3970/1/3579 3976/1/3585
f 3969/1/3578 3978/1/3587 3977/1/3586 3970/1/3579
f 3994/1/3603 3979/1/3588 3980/1/3589 3993/1/3602
f 3979/1/3588 3987/1/3596 3988/1/3597 3980/1/3589
f 3987/1/3596 3981/1/3590 3982/1/3591 3988/1/3597
f 3981/1/3590 3989/1/3598 3990/1/3599 3982/1/3591
f 3989/1/3598 3983/1/3592 3984/1/3593 3990/1/3599
f 3983/1/3592 3991/1/3600 3992/1/3601 3984/1/3593
f 3991/1/3600 3985/1/3594 3986/1/3595 3992/1/3601
f 3985/1/3594 3994/1/3603 3993/1/3602 3986/1/3595
f 4010/1/3619 3995/1/3604 3996/1/3605 4009/1/3618
f 3995/1/3604 4003/1/3612 4004/1/3613 3996/1/3605
f 4003/1/3612 3997/1/3606 3998/1/3607 4004/1/3613
f 3997/1/3606 4005/1/3614 4006/1/3615 3998/1/3607
f 4005/1/3614 3999/1/3608 4000/1/3609 4006/1/3615
f 3999/1/3608 4007/1/3616 4008/1/3617 4000/1/3609
f 4007/1/3616 4001/1/3610 4002/1/3611 4008/1/3617
f 4001/1/3610 4010/1/3619 4009/1/3618 4002/1/3611
f 4025/1/3634 4011/1/3620 4012/1/3621 4026/1/3635
f 4011/1/3620 4019/1/3628 4020/1/3629 4012/1/3621
f 4019/1/3628 4013/1/3622 4014/1/3623 4020/1/3629
f 4013/1/3622 4021/1/3630 4022/1/3631 4014/1/3623
f 4021/1/3630 4015/1/3624 4016/1/3625 4022/1/3631
f 4015/1/3624 4023/1/3632 4024/1/3633 4016/1/3625
f 4023/1/3632 4017/1/3626 4018/1/3627 4024/1/3633
f 4017/1/3626 4025/1/3634 4026/1/3635 4018/1/3627
f 4042/1/3651 4027/1/3636 4028/1/3637 4041/1/3650
f 4027/1/3636 4035/1/3644 4036/1/3645 4028/1/3637
f 4035/1/3644 4029/1/3638 4030/1/3639 4036/1/3645
f 4029/1/3638 4037/1/3646 4038/1/3647 4030/1/3639
f 4037/1/3646 4031/1/3640 4032/1/3641 4038/1/3647
f 4031/1/3640 4039/1/3648 4040/1/3649 4032/1/3641
f 4039/1/3648 4033/1/3642 4034/1/3643 4040/1/3649
f 4033/1/3642 4042/1/3651 4041/1/3650 4034/1/3643
f 4058/1/3666 4043/1/3652 4044/1/3653 4057/1/3665
f 4043/1/3652 4051/1/3659 4052/1/3660 4044/1/3653
f 4051/1/3659 4045/1/3654 4046/1/3655 4052/1/3660
f 4045/1/3654 4053/1/3661 4054/1/3662 4046/1/3655
f 4053/1/3661 4047/1/3434 4048/1/3656 4054/1/3662
f 4047/1/3434 4055/1/3663 4056/1/3664 4048/1/3656
f 4055/1/3663 4049/1/3657 4050/1/3658 4056/1/3664
f 4049/1/3657 4058/1/3666 4057/1/3665 4050/1/3658
f 4160/1/3738 4146/1/3724 4145/1/3723 4159/1/3737
f 4146/1/3724 4154/1/3732 4153/1/3731 4145/1/3723
f 4154/1/3732 4148/1/3726 4147/1/3725 4153/1/3731
f 4148/1/3726 4156/1/3734 4155/1/3733 4147/1/3725
f 4156/1/3734 4150/1/3728 4149/1/3727 4155/1/3733
f 4150/1/3728 4158/1/3736 4157/1/3735 4149/1/3727
f 4158/1/3736 4152/1/3730 4151/1/3729 4157/1/3735
f 4152/1/3730 4160/1/3738 4159/1/3737 4151/1/3729
f 4176/1/3262 4162/1/3267 4161/1/3739 4175/1/3261
f 4162/1/3267 4170/1/3260 4169/1/3259 4161/1/3739
f 4170/1/3260 4163/1/3740 4164/1/3265 4169/1/3259
f 4163/1/3740 4171/1/3675 4172/1/3258 4164/1/3265
f 4171/1/3675 4165/1/3272 4166/1/3271 4172/1/3258
f 4165/1/3272 4173/1/3263 4174/1/3742 4166/1/3271
f 4173/1/3263 4167/1/3741 4168/1/3269 4174/1/3742
f 4167/1/3741 4176/1/3262 4175/1/3261 4168/1/3269
f 4192/1/3758 4177/1/3743 4178/1/3744 4191/1/3757
f 4177/1/3743 4185/1/3751 4186/1/3752 4178/1/3744
f 4185/1/3751 4179/1/3745 4180/1/3746 4186/1/3752
f 4179/1/3745 4187/1/3753 4188/1/3754 4180/1/3746
f 4187/1/3753 4181/1/3747 4182/1/3748 4188/1/3754
f 4181/1/3747 4189/1/3755 4190/1/3756 4182/1/3748
f 4189/1/3755 4183/1/3749 4184/1/3750 4190/1/3756
f 4183/1/3749 4192/1/3758 4191/1/3757 4184/1/3750
f 4208/1/3771 4193/1/3759 4194/1/3760 4207/1/3770
f 4193/1/3759 4201/1/3765 4202/1/3766 4194/1/3760
f 4201/1/3765 4196/1/3761 4195/1/3744 4202/1/3766
f 4196/1/3761 4204/1/3767 4203/1/3752 4195/1/3744
f 4204/1/3767 4198/1/3763 4197/1/3762 4203/1/3752
f 4198/1/3763 4206/1/3769 4205/1/3768 4197/1/3762
f 4206/1/3769 4200/1/3764 4199/1/3748 4205/1/3768
f 4200/1/3764 4208/1/3771 4207/1/3770 4199/1/3748
f 4224/1/3278 4210/1/3256 4209/1/3772 4223/1/3277
f 4210/1/3256 4218/1/3276 4217/1/3773 4209/1/3772
f 4218/1/3276 4212/1/3705 4211/1/3704 4217/1/3773
f 4212/1/3705 4220/1/3668 4219/1/3706 4211/1/3704
f 4220/1/3668 4214/1/3252 4213/1/3251 4219/1/3706
f 4214/1/3252 4222/1/3279 4221/1/3280 4213/1/3251
f 4222/1/3279 4216/1/3250 4215/1/3249 4221/1/3280
f 4216/1/3250 4224/1/3278 4223/1/3277 4215/1/3249
f 4240/1/3786 4226/1/3775 4225/1/3774 4239/1/3785
f 4226/1/3775 4234/1/3781 4233/1/3780 4225/1/3774
f 4234/1/3781 4228/1/3776 4227/1/3723 4233/1/3780
f 4228/1/3776 4236/1/3783 4235/1/3782 4227/1/3723
f 4236/1/3783 4229/1/3777 4230/1/3778 4235/1/3782
f 4229/1/3777 4237/1/3784 4238/1/3733 4230/1/3778
f 4237/1/3784 4231/1/3779 4232/1/3727 4238/1/3733
f 4231/1/3779 4240/1/3786 4239/1/3785 4232/1/3727
f 4256/1/3796 4241/1/3787 4242/1/3788 4255/1/3795
f 4241/1/3787 4249/1/3791 4250/1/3792 4242/1/3788
f 4249/1/3791 4243/1/3789 4244/1/3712 4250/1/3792
f 4243/1/3789 4251/1/3793 4252/1/3719 4244/1/3712
f 4251/1/3793 4245/1/3790 4246/1/3713 4252/1/3719
f 4245/1/3790 4253/1/3794 4254/1/3722 4246/1/3713
f 4253/1/3794 4247/1/3708 4248/1/3707 4254/1/3722
f 4247/1/3708 4256/1/3796 4255/1/3795 4248/1/3707
f 4272/1/3675 4257/1/3797 4258/1/3271 4271/1/3258
f 4257/1/3797 4265/1/3263 4266/1/3799 4258/1/3271
f 4265/1/3263 4259/1/3798 4260/1/3269 4266/1/3799
f 4259/1/3798 4267/1/3262 4268/1/3261 4260/1/3269
f 4267/1/3262 4261/1/3267 4262/1/3268 4268/1/3261
f 4261/1/3267 4270/1/3260 4269/1/3259 4262/1/3268
f 4270/1/3260 4264/1/3266 4263/1/3265 4269/1/3259
f 4264/1/3266 4272/1/3675 4271/1/3258 4263/1/3265
f 4288/1/3801 4274/1/3679 4273/1/3694 4287/1/3800
f 4274/1/3679 4282/1/3687 4281/1/3686 4273/1/3694
f 4282/1/3687 4276/1/3680 4275/1/3695 4281/1/3686
f 4276/1/3680 4284/1/3701 4283/1/3702 4275/1/3695
f 4284/1/3701 4278/1/3683 4277/1/3682 4283/1/3702
f 4278/1/3683 4286/1/3690 4285/1/3691 4277/1/3682
f 4286/1/3690 4280/1/3677 4279/1/3676 4285/1/3691
f 4280/1/3677 4288/1/3801 4287/1/3800 4279/1/3676
f 4304/1/3278 4290/1/3802 4289/1/3255 4303/1/3277
f 4290/1/3802 4298/1/3247 4297/1/3248 4289/1/3255
f 4298/1/3247 4292/1/3705 4291/1/3704 4297/1/3248
f 4292/1/3705 4300/1/3668 4299/1/3667 4291/1/3704
f 4300/1/3668 4294/1/3252 4293/1/3251 4299/1/3667
f 4294/1/3252 4302/1/3279 4301/1/3280 4293/1/3251
f 4302/1/3279 4295/1/3250 4296/1/3249 4301/1/3280
f 4295/1/3250 4304/1/3278 4303/1/3277 4296/1/3249
f 4320/1/3807 4305/1/3726 4306/1/3725 4319/1/3782
f 4305/1/3726 4313/1/3784 4314/1/3804 4306/1/3725
f 4313/1/3784 4307/1/3779 4308/1/3727 4314/1/3804
f 4307/1/3779 4315/1/3805 4316/1/3735 4308/1/3727
f 4315/1/3805 4309/1/3803 4310/1/3729 4316/1/3735
f 4309/1/3803 4317/1/3806 4318/1/3780 4310/1/3729
f 4317/1/3806 4311/1/3776 4312/1/3723 4318/1/3780
f 4311/1/3776 4320/1/3807 4319/1/3782 4312/1/3723
f 4336/1/3262 4321/1/3267 4322/1/3268 4335/1/3261
f 4321/1/3267 4329/1/3260 4330/1/3259 4322/1/3268
f 4329/1/3260 4323/1/3808 4324/1/3265 4330/1/3259
f 4323/1/3808 4331/1/3675 4332/1/3258 4324/1/3265
f 4331/1/3675 4325/1/3272 4326/1/3271 4332/1/3258
f 4325/1/3272 4333/1/3263 4334/1/3264 4326/1/3271
f 4333/1/3263 4327/1/3741 4328/1/3269 4334/1/3264
f 4327/1/3741 4336/1/3262 4335/1/3261 4328/1/3269
f 4352/1/3813 4338/1/3809 4337/1/3748 4351/1/3812
f 4338/1/3809 4346/1/3755 4345/1/3756 4337/1/3748
f 4346/1/3755 4340/1/3749 4339/1/3760 4345/1/3756
f 4340/1/3749 4348/1/3810 4347/1/3757 4339/1/3760
f 4348/1/3810 4342/1/3743 4341/1/3744 4347/1/3757
f 4342/1/3743 4350/1/3811 4349/1/3752 4341/1/3744
f 4350/1/3811 4344/1/3745 4343/1/3746 4349/1/3752
f 4344/1/3745 4352/1/3813 4351/1/3812 4343/1/3746
f 4368/1/3668 4354/1/3283 4353/1/3251 4367/1/3667
f 4354/1/3283 4362/1/3279 4361/1/3814 4353/1/3251
f 4362/1/3279 4356/1/3250 4355/1/3249 4361/1/3814
f 4356/1/3250 4364/1/3278 4363/1/3277 4355/1/3249
f 4364/1/3278 4358/1/3256 4357/1/3255 4363/1/3277
f 4358/1/3256 4366/1/3276 4365/1/3248 4357/1/3255
f 4366/1/3276 4360/1/3254 4359/1/3253 4365/1/3248
f 4360/1/3254 4368/1/3668 4367/1/3667 4359/1/3253
f 4384/1/3786 4370/1/3803 4369/1/3729 4383/1/3816
f 4370/1/3803 4377/1/3806 4378/1/3780 4369/1/3729
f 4377/1/3806 4371/1/3776 4372/1/3723 4378/1/3780
f 4371/1/3776 4379/1/3807 4380/1/3731 4372/1/3723
f 4379/1/3807 4373/1/3815 4374/1/3778 4380/1/3731
f 4373/1/3815 4381/1/3784 4382/1/3733 4374/1/3778
f 4381/1/3784 4375/1/3779 4376/1/3727 4382/1/3733
f 4375/1/3779 4384/1/3786 4383/1/3816 4376/1/3727
f 4400/1/3260 4385/1/3266 4386/1/3265 4399/1/3259
f 4385/1/3266 4393/1/3257 4394/1/3258 4386/1/3265
f 4393/1/3257 4387/1/3797 4388/1/3271 4394/1/3258
f 4387/1/3797 4395/1/3263 4396/1/3799 4388/1/3271
f 4395/1/3263 4389/1/3741 4390/1/3269 4396/1/3799
f 4389/1/3741 4397/1/3262 4398/1/3261 4390/1/3269
f 4397/1/3262 4391/1/3267 4392/1/3268 4398/1/3261
f 4391/1/3267 4400/1/3260 4399/1/3259 4392/1/3268
f 4466/1/3882 4407/1/3823 4408/1532/3824 4465/1535/3881
f 4468/1/3884 4415/1/3831 4416/1508/3832 4467/1/3883
f 4470/1/3886 4423/1/3839 4424/1605/3840 4469/1607/3885
f 4472/1/3888 4431/1/3847 4432/1575/3848 4471/1577/3887
f 4474/1/3890 4439/1/3855 4440/1472/3856 4473/1475/3889
f 4476/1/3892 4447/1/3863 4448/1485/3864 4475/1488/3891
f 4478/1/3894 4455/1/3871 4456/1554/3872 4477/1557/3893
f 4480/1/3896 4463/1/3879 4464/1450/3880 4479/1/3895
f 4482/952/3898 4401/954/3817 4402/1/3818 4481/1/3897
f 4484/1/3900 4402/1/3818 4401/1519/3817 4483/1521/3899
f 4486/1/3902 4405/1/3821 4406/1526/3822 4485/1/3901
f 4488/1538/3904 4409/1540/3825 4410/1/3826 4487/1/3903
f 4490/1/3906 4410/1/3826 4409/1498/3825 4489/830/3905
f 4492/1516/3908 4411/1518/3827 4412/1/3828 4491/1/3907
f 4494/1514/3910 4417/850/3833 4418/1/3834 4493/1/3909
f 4496/1/3912 4418/1/3834 4417/1594/3833 4495/1/3911
f 4498/1/3914 4421/1/3837 4422/1612/3838 4497/1613/3913
f 4500/1600/3916 4425/1/3841 4426/1/3842 4499/1/3915
f 4502/1/3918 4426/1/3842 4425/1591/3841 4501/1590/3917
f 4504/1587/3920 4427/1589/3843 4428/1/3844 4503/1/3919
f 4506/1585/3922 4433/1586/3849 4434/1/3850 4505/1/3921
f 4508/1/3924 4434/1/3850 4433/1460/3849 4507/1462/3923
f 4510/1/3926 4437/1/3853 4438/1465/3854 4509/1468/3925
f 4512/1456/3928 4441/1455/3857 4442/1/3858 4511/1/3927
f 4514/807/3930 4448/1493/3864 4447/1/3863 4513/1/3929
f 4516/1476/3932 4443/1477/3859 4444/1/3860 4515/1/3931
f 4518/1494/3934 4449/1497/3865 4450/1/3866 4517/1/3933
f 4520/1562/3936 4456/1563/3872 4455/1/3871 4519/1/3935
f 4522/1567/3938 4451/1570/3867 4452/1/3868 4521/1/3937
f 4524/1564/3940 4457/1566/3873 4458/1/3874 4523/1/3939
f 4526/1434/3942 4464/1435/3880 4463/1/3879 4525/1/3941
f 4528/1438/3944 4459/1440/3875 4460/1/3876 4527/1/3943
f 4405/1/3821 4466/1/3882 4465/1528/3881 4406/1531/3822
f 4414/1/3830 4468/1/3884 4467/1502/3883 4413/1501/3829
f 4421/1/3837 4470/1/3886 4469/1608/3885 4422/1611/3838
f 4430/1/3846 4472/1/3888 4471/1571/3887 4429/1573/3845
f 4437/1/3853 4474/1/3890 4473/1469/3889 4438/1471/3854
f 4446/1/3862 4476/1/3892 4475/1480/3891 4445/1483/3861
f 4454/1/3870 4478/1/3894 4477/1548/3893 4453/1/3869
f 4462/1/3878 4480/1/3896 4479/1445/3895 4461/1444/3877
f 4404/1541/3820 4482/1543/3898 4481/1/3897 4403/1/3819
f 4407/1/3823 4484/1/3900 4483/1536/3899 4408/1537/3824
f 4403/1/3819 4486/1/3902 4485/1523/3901 4404/1522/3820
f 4411/1505/3827 4488/1507/3904 4487/1/3903 4412/1/3828
f 4415/1/3831 4490/1/3906 4489/1512/3905 4416/1513/3832
f 4413/1510/3829 4492/843/3908 4491/1/3907 4414/1/3830
f 4420/1596/3836 4494/1599/3910 4493/1/3909 4419/1/3835
f 4423/1/3839 4496/1/3912 4495/1602/3911 4424/1601/3840
f 4419/1/3835 4498/1/3914 4497/1614/3913 4420/1615/3836
f 4427/1574/3843 4500/911/3916 4499/1/3915 4428/1/3844
f 4431/1/3847 4502/1/3918 4501/1582/3917 4432/1584/3848
f 4429/1578/3845 4504/1581/3920 4503/1/3919 4430/1/3846
f 4436/1458/3852 4506/1457/3922 4505/1/3921 4435/1/3851
f 4439/1/3855 4508/1/3924 4507/1451/3923 4440/1454/3856
f 4435/1/3851 4510/1/3926 4509/1463/3925 4436/1/3852
f 4443/1484/3859 4512/1/3928 4511/1/3927 4444/1/3860
f 4441/1478/3857 4514/1479/3930 4513/1/3929 4442/1/3858
f 4445/1489/3861 4516/1490/3932 4515/1/3931 4446/1/3862
f 4451/1550/3867 4518/1553/3934 4517/1/3933 4452/1/3868
f 4449/1544/3865 4520/1547/3936 4519/1/3935 4450/1/3866
f 4453/1559/3869 4522/1558/3938 4521/1/3937 4454/1/3870
f 4459/1447/3875 4524/1449/3940 4523/1/3939 4460/1/3876
f 4457/1441/3873 4526/1443/3942 4525/1/3941 4458/1/3874
f 4461/1430/3877 4528/1433/3944 4527/1/3943 4462/1/3878
f 4529/766/3945 4532/1565/3948 4533/958/3949 4530/960/3946
f 4532/1448/3948 4534/1439/3950 4535/961/3951 4533/962/3949
f 4534/1439/3950 4536/1432/3952 4537/963/3953 4535/965/3951
f 4536/1432/3952 4539/1431/3955 4538/966/3954 4537/967/3953
f 4541/1002/3957 4555/1001/3971 4556/1677/3972 4542/1671/3958
f 4542/956/3958 4544/955/3960 4543/1003/3959 4541/1002/3957
f 4544/1628/3960 4546/1627/3962 4545/1004/3961 4543/1003/3959
f 4546/1011/3962 4548/1010/3964 4547/1005/3963 4545/1004/3961
f 4548/1012/3964 4550/133/3966 4549/1006/3965 4547/1005/3963
f 4550/1014/3966 4552/1013/3968 4551/343/3967 4549/1006/3965
f 4552/1016/3968 4554/1015/3970 4553/1007/3969 4551/343/3967
f 4554/1018/3970 4556/1017/3972 4555/1001/3971 4553/1007/3969
f 4558/1019/3974 4569/1020/3985 4570/1604/3986 4557/1603/3973
f 4557/1/3973 4559/1595/3975 4560/1021/3976 4558/1022/3974
f 4559/1515/3975 4561/848/3977 4562/1023/3978 4560/1024/3976
f 4561/1598/3977 4564/1597/3980 4563/1025/3979 4562/1027/3978
f 4566/1606/3982 4570/1604/3986 4569/1036/3985 4567/1037/3983
f 4571/1678/3987 4582/1666/3998 4581/1081/3997 4572/1080/3988
f 4572/1039/3988 4574/1038/3990 4573/1075/3989 4571/1074/3987
f 4574/164/3990 4576/1629/3992 4575/1076/3991 4573/1075/3989
f 4576/1083/3992 4578/1082/3994 4577/1077/3993 4575/1076/3991
f 4578/1082/3994 4580/1084/3996 4579/1078/3995 4577/1077/3993
f 4583/1580/3999 4586/1579/4002 4587/1092/4003 4584/1093/4000
f 4586/1572/4002 4588/907/4004 4589/1094/4005 4587/1096/4003
f 4588/907/4004 4590/1576/4006 4591/1097/4007 4589/1098/4005
f 4590/1576/4006 4593/1583/4009 4592/1099/4008 4591/1101/4007
f 4595/1679/4011 4609/1680/4025 4610/1139/4026 4596/1138/4012
f 4596/1091/4012 4598/1090/4014 4597/1132/4013 4595/1131/4011
f 4598/265/4014 4600/1630/4016 4599/1133/4015 4597/1132/4013
f 4600/1141/4016 4602/1140/4018 4601/1134/4017 4599/1133/4015
f 4602/1143/4018 4604/1142/4020 4603/1135/4019 4601/1134/4017
f 4604/1144/4020 4606/350/4022 4605/1136/4021 4603/1135/4019
f 4606/1146/4022 4608/1145/4024 4607/1137/4023 4605/1136/4021
f 4608/354/4024 4610/1147/4026 4609/1130/4025 4607/1137/4023
f 4612/1148/4028 4625/1149/4041 4626/1561/4042 4611/1560/4027
f 4611/1/4027 4613/1549/4029 4614/1150/4030 4612/1151/4028
f 4613/1556/4029 4615/1555/4031 4616/1152/4032 4614/1153/4030
f 4615/1555/4031 4617/1546/4033 4618/1154/4034 4616/1156/4032
f 4617/1546/4033 4619/1545/4035 4620/1157/4036 4618/1158/4034
f 4619/1496/4035 4621/1495/4037 4622/1159/4038 4620/1160/4036
f 4621/1552/4037 4623/1551/4039 4624/1161/4040 4622/1163/4038
f 4623/1569/4039 4626/1568/4042 4625/1164/4041 4624/1165/4040
f 4627/1681/4043 4639/1682/4055 4640/1196/4056 4628/1195/4044
f 4629/1634/4045 4632/1633/4048 4631/1192/4047 4630/1191/4046
f 4632/1198/4048 4634/1197/4050 4633/1193/4049 4631/1192/4047
f 4634/1201/4050 4636/1200/4052 4635/343/4051 4633/1193/4049
f 4636/1202/4052 4638/440/4054 4637/1194/4053 4635/343/4051
f 4638/437/4054 4640/1203/4056 4639/1189/4055 4637/1194/4053
f 4642/1204/4058 4655/1205/4071 4654/1525/4070 4641/1524/4057
f 4641/1/4057 4643/1527/4059 4644/1206/4060 4642/1207/4058
f 4643/1530/4059 4645/1529/4061 4646/1208/4062 4644/1209/4060
f 4645/1534/4061 4647/1533/4063 4648/1210/4064 4646/1212/4062
f 4647/1533/4063 4649/1520/4065 4650/1213/4066 4648/1214/4064
f 4649/1520/4065 4652/953/4068 4651/1215/4067 4650/1216/4066
f 4657/1681/4073 4667/1680/4083 4668/1249/4084 4658/1248/4074
f 4659/1635/4075 4662/517/4078 4661/1245/4077 4660/1244/4076
f 4662/517/4078 4664/1250/4080 4663/1246/4079 4661/1245/4077
f 4664/1254/4080 4666/1253/4082 4665/1247/4081 4663/1246/4079
f 4666/1255/4082 4668/521/4084 4667/1241/4083 4665/1247/4081
f 4670/1256/4086 4685/1257/4101 4686/1504/4102 4669/1503/4085
f 4669/1/4085 4671/1509/4087 4672/1258/4088 4670/1260/4086
f 4671/1509/4087 4673/845/4089 4674/1261/4090 4672/1263/4088
f 4673/1500/4089 4675/1499/4091 4676/1264/4092 4674/1265/4090
f 4675/1499/4091 4678/1539/4094 4677/1266/4093 4676/1267/4092
f 4680/852/4096 4683/1517/4099 4684/1270/4100 4681/1272/4097
f 4683/1511/4099 4686/1504/4102 4685/1273/4101 4684/1274/4100
f 4687/1683/4103 4701/1684/4117 4702/1311/4118 4688/1310/4104
f 4688/547/4104 4690/1276/4106 4689/1304/4105 4687/1303/4103
f 4690/1276/4106 4692/1636/4108 4691/1305/4107 4689/1304/4105
f 4692/1313/4108 4694/1312/4110 4693/1306/4109 4691/1305/4107
f 4694/595/4110 4696/1314/4112 4695/1307/4111 4693/1306/4109
f 4696/1316/4112 4698/1315/4114 4697/1308/4113 4695/1307/4111
f 4698/1318/4114 4700/1317/4116 4699/1309/4115 4697/1308/4113
f 4700/1317/4116 4702/1319/4118 4701/1302/4117 4699/1309/4115
f 4703/1487/4119 4706/1486/4122 4707/1324/4123 4704/1325/4120
f 4706/1492/4122 4709/1491/4125 4708/1326/4124 4707/1327/4123
f 4711/1685/4127 4725/1686/4141 4726/1363/4142 4712/1362/4128
f 4712/1331/4128 4714/1330/4130 4713/1357/4129 4711/1356/4127
f 4714/616/4130 4716/669/4132 4715/1358/4131 4713/1357/4129
f 4716/1364/4132 4718/668/4134 4717/1192/4133 4715/1358/4131
f 4718/1366/4134 4720/1365/4136 4719/1359/4135 4717/1192/4133
f 4721/1371/4137 4724/1370/4140 4723/1361/4139 4722/1360/4138
f 4724/1373/4140 4726/1372/4142 4725/1355/4141 4723/1361/4139
f 4727/1/4143 4730/1464/4146 4731/1378/4147 4728/1380/4144
f 4730/1467/4146 4732/1466/4148 4733/1381/4149 4731/1382/4147
f 4732/1466/4148 4734/1470/4150 4735/1383/4151 4733/1384/4149
f 4734/1474/4150 4736/1473/4152 4737/1385/4153 4735/1386/4151
f 4736/1453/4152 4739/1452/4155 4738/1387/4154 4737/1389/4153
f 4741/1679/4157 4755/1687/4171 4756/1419/4172 4742/1418/4158
f 4742/705/4158 4744/1393/4160 4743/1413/4159 4741/1412/4157
f 4744/1632/4160 4746/1631/4162 4745/1414/4161 4743/1413/4159
f 4746/1421/4162 4748/1420/4164 4747/1415/4163 4745/1414/4161
f 4748/1423/4164 4750/1422/4166 4749/1416/4165 4747/1415/4163
f 4750/1425/4166 4752/1424/4168 4751/1417/4167 4749/1416/4165
f 4752/1427/4168 4754/1426/4170 4753/344/4169 4751/1417/4167
f 4754/1429/4170 4756/1428/4172 4755/1411/4171 4753/344/4169
f 1517/1/1446 1598/1/1527 1741/1/1662 1662/1/1591
