# Blender 4.4.3
# www.blender.org
mtllib T.mtl
o T
v -1.776686 2.949944 -0.700891
v -1.102741 2.949944 -0.981347
v -0.428796 2.949944 -0.700891
v -1.102741 2.949944 0.933729
v -1.776686 2.949944 0.653272
v -2.055843 2.949944 -0.023809
v -0.149639 2.949944 -0.023809
v -0.428796 2.949944 0.653272
v -1.501362 2.949944 -0.023809
v -1.383700 2.949944 0.261575
v -1.102741 2.949944 0.378494
v -0.821782 2.949944 -0.309193
v -1.102741 2.949944 -0.426112
v -1.383700 2.949944 -0.309193
v -0.821782 2.949944 0.261575
v -0.704120 2.949944 -0.023809
v -1.136802 3.897810 -0.023809
v -1.102741 3.897810 0.010594
v -1.068680 3.897810 -0.023809
v -1.102741 3.897810 -0.058212
v -1.221751 3.897810 -0.023809
v -1.161412 3.897810 0.035901
v -1.223761 3.897810 0.099353
v -1.102741 3.897810 -0.144013
v -1.161412 3.897810 -0.083519
v -1.223761 3.897810 -0.146971
v -0.983731 3.897810 -0.023809
v -1.044070 3.897810 -0.083519
v -0.981721 3.897810 -0.146971
v -1.102741 3.897810 0.096395
v -1.044070 3.897810 0.035901
v -0.981721 3.897810 0.099353
v -1.309981 3.897810 -0.023809
v -1.276152 3.897810 0.152670
v -1.102741 3.897810 0.185518
v -0.929330 3.897810 0.152670
v -0.895501 3.897810 -0.023809
v -0.929330 3.897810 -0.200289
v -1.102741 3.897810 -0.233136
v -1.276152 3.897810 -0.200289
v -1.102741 3.897810 -0.023809
v -0.400273 2.922065 -0.266443
v -0.436556 2.922065 -0.353807
v -0.523447 2.922065 -0.391207
v -0.403469 2.938803 -0.263339
v -0.439292 2.943235 -0.350309
v -0.526189 2.946291 -0.386450
v -0.613257 2.946180 -0.350592
v -0.649492 2.942967 -0.263740
v -0.613669 2.938535 -0.176771
v -0.526772 2.935479 -0.140630
v -0.439704 2.935590 -0.176488
v -0.401718 2.966162 -0.263525
v -0.437547 2.967880 -0.349806
v -0.522592 2.982232 -0.385760
v -0.607033 3.000811 -0.350324
v -0.641407 3.012734 -0.264257
v -0.605578 3.011016 -0.177976
v -0.520533 2.996664 -0.142022
v -0.436091 2.978085 -0.177458
v -0.396065 2.989077 -0.266187
v -0.432272 2.988558 -0.351543
v -0.513223 3.014483 -0.388581
v -0.591497 3.051667 -0.355604
v -0.621242 3.078327 -0.271930
v -0.585035 3.078846 -0.186574
v -0.504085 3.052921 -0.149536
v -0.425811 3.015737 -0.182513
v -0.386961 3.008616 -0.270870
v -0.423723 3.006497 -0.355177
v -0.498263 3.043300 -0.394586
v -0.566915 3.097466 -0.366011
v -0.589465 3.137266 -0.286192
v -0.552702 3.139385 -0.201885
v -0.478163 3.102582 -0.162476
v -0.409510 3.048416 -0.191051
v -0.374136 3.025675 -0.277535
v -0.411397 3.022612 -0.360804
v -0.477538 3.068666 -0.403650
v -0.533815 3.136858 -0.380976
v -0.547262 3.187243 -0.306063
v -0.510001 3.190306 -0.222794
v -0.443860 3.144252 -0.179947
v -0.387583 3.076060 -0.202622
v -0.356835 3.040522 -0.286404
v -0.394341 3.037053 -0.368754
v -0.450727 3.090110 -0.415721
v -0.492962 3.168613 -0.399792
v -0.496306 3.226576 -0.330299
v -0.458800 3.230045 -0.247948
v -0.402415 3.176988 -0.200982
v -0.360180 3.098485 -0.216910
v -0.334208 3.052673 -0.297728
v -0.371601 3.049138 -0.379333
v -0.417597 3.106741 -0.430679
v -0.445252 3.191738 -0.421689
v -0.438366 3.254339 -0.357628
v -0.400973 3.257873 -0.276022
v -0.354977 3.200271 -0.224676
v -0.327322 3.115274 -0.233667
v -0.305622 3.061052 -0.311608
v -0.342534 3.057595 -0.392642
v -0.378141 3.117418 -0.448269
v -0.391586 3.205478 -0.445902
v -0.374992 3.270192 -0.386929
v -0.338080 3.273649 -0.305894
v -0.302472 3.213826 -0.250268
v -0.289028 3.125765 -0.252634
v -0.270784 3.064281 -0.327932
v -0.306901 3.060888 -0.408536
v -0.332583 3.120938 -0.468096
v -0.332787 3.209254 -0.471723
v -0.307392 3.274102 -0.417291
v -0.271276 3.277495 -0.336687
v -0.245594 3.217445 -0.277127
v -0.245390 3.129129 -0.273501
v -0.229720 3.060897 -0.346401
v -0.264811 3.057461 -0.426668
v -0.281321 3.116145 -0.489671
v -0.269579 3.202575 -0.498505
v -0.236462 3.266120 -0.447995
v -0.201371 3.269556 -0.367728
v -0.184861 3.210871 -0.304725
v -0.196603 3.124442 -0.295891
v -0.182691 3.049489 -0.366576
v -0.216614 3.045856 -0.446551
v -0.224856 3.101979 -0.512447
v -0.202589 3.184982 -0.525663
v -0.162855 3.246243 -0.478457
v -0.128932 3.249876 -0.398482
v -0.120690 3.193753 -0.332587
v -0.142958 3.110750 -0.319371
v -0.746477 2.922065 -0.596882
v -0.770052 2.922065 -0.688579
v -1.010516 3.014835 -0.635246
v -0.995620 3.019416 -0.539444
v -0.919826 3.016156 -0.485317
v -0.829248 3.007011 -0.503046
v -0.775735 3.000075 -0.580440
v -0.788560 2.999448 -0.673826
v -0.861943 3.002608 -0.730044
v -0.954557 3.007778 -0.714745
v -1.021099 3.101691 -0.655716
v -1.006079 3.121686 -0.567303
v -0.928120 3.128165 -0.513111
v -0.834422 3.114145 -0.527697
v -0.782547 3.088961 -0.598424
v -0.800650 3.061175 -0.690740
v -0.873913 3.063150 -0.741853
v -0.965730 3.079611 -0.727377
v -0.981752 3.188339 -0.710549
v -0.940377 3.233297 -0.642308
v -0.854896 3.235045 -0.599094
v -0.783694 3.194361 -0.601134
v -0.757978 3.137509 -0.653588
v -0.789450 3.090467 -0.732329
v -0.864498 3.098171 -0.775324
v -0.945976 3.137513 -0.764282
v -0.912185 3.235232 -0.796215
v -0.834942 3.280239 -0.771497
v -0.759143 3.271005 -0.730722
v -0.720369 3.217214 -0.700797
v -0.726910 3.148579 -0.714242
v -0.775943 3.099102 -0.766043
v -0.851092 3.111974 -0.804931
v -0.915775 3.165561 -0.812637
v -0.853536 3.234816 -0.886531
v -0.759579 3.274266 -0.880505
v -0.685207 3.264526 -0.837188
v -0.665821 3.210013 -0.786120
v -0.701814 3.145445 -0.758554
v -0.768562 3.100142 -0.781740
v -0.841871 3.114868 -0.821963
v -0.886055 3.169895 -0.859211
v -0.808531 3.204986 -0.960143
v -0.709618 3.233324 -0.971835
v -0.635259 3.224485 -0.925340
v -0.625622 3.185305 -0.849905
v -0.683930 3.136337 -0.789057
v -0.764115 3.098809 -0.789860
v -0.833755 3.112935 -0.834519
v -0.859936 3.159082 -0.899218
v -0.774097 3.150939 -1.017232
v -0.672653 3.163829 -1.038559
v -0.600420 3.159344 -0.988249
v -0.597704 3.141385 -0.897156
v -0.664373 3.120618 -0.814158
v -0.752916 3.091687 -0.803814
v -0.818635 3.102577 -0.853339
v -0.833774 3.130902 -0.936884
v -0.743888 3.078017 -1.057445
v -0.644341 3.077209 -1.081302
v -0.573707 3.078328 -1.028720
v -0.572996 3.081001 -0.931161
v -0.639943 3.090299 -0.837139
v -0.729757 3.073251 -0.822741
v -0.793395 3.076963 -0.877111
v -0.805789 3.081857 -0.970901
v -0.714117 2.986549 -1.084263
v -0.619053 2.976382 -1.106013
v -0.549545 2.982685 -1.052658
v -0.547231 3.002223 -0.955112
v -0.611485 3.032490 -0.861274
v -0.695933 3.037158 -0.841452
v -0.761819 3.028322 -0.901275
v -0.775271 3.009657 -0.999747
v -0.684904 2.872001 -1.099083
v -0.594641 2.858768 -1.116169
v -0.526145 2.868677 -1.063265
v -0.519750 2.899195 -0.970290
v -0.580461 2.940130 -0.885799
v -0.662057 2.958574 -0.867159
v -0.731633 2.939327 -0.928822
v -0.739237 2.910039 -1.022683
v -0.660098 2.733391 -1.098721
v -0.573844 2.722359 -1.111606
v -0.505967 2.734432 -1.059839
v -0.495452 2.767247 -0.973419
v -0.546148 2.814793 -0.901524
v -0.627481 2.836835 -0.891324
v -0.692329 2.818603 -0.949013
v -0.707099 2.774538 -1.032950
v -0.601041 2.674957 -0.893527
v -0.667652 2.655806 -0.946617
v -1.387662 2.922065 -0.490186
v -1.292978 2.922065 -0.492056
v -1.226717 2.922065 -0.559718
v -1.396919 3.037702 -0.518504
v -1.303287 3.047271 -0.521321
v -1.236612 3.031072 -0.585809
v -1.235952 2.998595 -0.674191
v -1.301694 2.968863 -0.734694
v -1.395326 2.959295 -0.731877
v -1.462001 2.975493 -0.667389
v -1.462661 3.007971 -0.579008
v -1.409698 3.128809 -0.565702
v -1.317389 3.142438 -0.570655
v -1.249498 3.114589 -0.628504
v -1.245795 3.061576 -0.705361
v -1.308448 3.014452 -0.756205
v -1.400757 3.000823 -0.751252
v -1.468648 3.028672 -0.693403
v -1.472352 3.081685 -0.616546
v -1.425865 3.197639 -0.632236
v -1.335224 3.215102 -0.640966
v -1.265034 3.175827 -0.687092
v -1.256410 3.102820 -0.743595
v -1.314405 3.038848 -0.777376
v -1.405046 3.021385 -0.768646
v -1.475236 3.060660 -0.722519
v -1.483860 3.133667 -0.666017
v -1.444365 3.237996 -0.715079
v -1.355645 3.257936 -0.729037
v -1.282261 3.210928 -0.758512
v -1.267201 3.124511 -0.786239
v -1.319286 3.049304 -0.795976
v -1.408006 3.029365 -0.782018
v -1.481390 3.076372 -0.752543
v -1.496451 3.162790 -0.724816
v -1.462904 3.245204 -0.805189
v -1.376070 3.265507 -0.824657
v -1.299434 3.217198 -0.835826
v -1.277890 3.128576 -0.832153
v -1.324058 3.051555 -0.815789
v -1.410892 3.031253 -0.796321
v -1.487528 3.079561 -0.785153
v -1.509072 3.168183 -0.788826
v -1.479193 3.221162 -0.892173
v -1.393953 3.240091 -0.916174
v -1.314853 3.196265 -0.911406
v -1.288229 3.115356 -0.880662
v -1.329677 3.044760 -0.841952
v -1.414917 3.025830 -0.817951
v -1.494017 3.069656 -0.822719
v -1.520641 3.150565 -0.853463
v -1.492107 3.171513 -0.970197
v -1.408122 3.188249 -0.997336
v -1.327593 3.152073 -0.980705
v -1.297694 3.084176 -0.930048
v -1.335938 3.024331 -0.875039
v -1.419923 3.007595 -0.847900
v -1.500452 3.043771 -0.864531
v -1.530351 3.111668 -0.915188
v -1.501323 3.100790 -1.037362
v -1.418330 3.115163 -1.066461
v -1.337240 3.087729 -1.041705
v -1.305555 3.034557 -0.977598
v -1.341834 2.986795 -0.911692
v -1.424826 2.972421 -0.882593
v -1.505916 2.999856 -0.907349
v -1.537602 3.053028 -0.971456
v -1.506643 3.011476 -1.092786
v -1.424469 3.023597 -1.123009
v -1.343447 3.004967 -1.092986
v -1.311040 2.966498 -1.020302
v -1.346230 2.930726 -0.947536
v -1.428404 2.918604 -0.917312
v -1.509426 2.937234 -0.947336
v -1.541833 2.975703 -1.020020
v -1.507756 2.904893 -1.135298
v -1.426287 2.914962 -1.166077
v -1.345782 2.904771 -1.132896
v -1.313399 2.880290 -1.055191
v -1.348109 2.855859 -0.978482
v -1.429578 2.845789 -0.947703
v -1.510083 2.855981 -0.980884
v -1.542466 2.880462 -1.058589
v -1.504237 2.781905 -1.163297
v -1.423399 2.790139 -1.194238
v -1.343733 2.787833 -1.159482
v -1.311907 2.776339 -1.079388
v -1.346563 2.762388 -1.000876
v -1.427402 2.754154 -0.969935
v -1.507068 2.756460 -1.004691
v -1.538894 2.767955 -1.084784
v -1.737992 3.001626 -0.371866
v -1.797053 2.992784 -0.299064
v -1.788173 2.995829 -0.205371
v -1.716552 3.008979 -0.145670
v -1.624146 3.024529 -0.154934
v -1.565084 3.033372 -0.227736
v -1.573965 3.030327 -0.321429
v -1.645585 3.017177 -0.381130
v -1.753819 3.051336 -0.373265
v -1.808192 3.029736 -0.300407
v -1.801960 3.040570 -0.207806
v -1.738774 3.077492 -0.149706
v -1.655648 3.118873 -0.160141
v -1.601276 3.140473 -0.232999
v -1.607507 3.129639 -0.325601
v -1.670693 3.092717 -0.383701
v -1.781251 3.090056 -0.377281
v -1.827924 3.058395 -0.303687
v -1.826714 3.076133 -0.212688
v -1.778330 3.132880 -0.157590
v -1.711114 3.195394 -0.170669
v -1.664441 3.227054 -0.244264
v -1.665651 3.209316 -0.335263
v -1.714035 3.152570 -0.390360
v -1.818577 3.119309 -0.383895
v -1.856395 3.081237 -0.309168
v -1.861875 3.104075 -0.220219
v -1.831809 3.174443 -0.169151
v -1.783807 3.251122 -0.185880
v -1.745989 3.289194 -0.260607
v -1.740508 3.266356 -0.349556
v -1.770575 3.195987 -0.400624
v -1.863688 3.138438 -0.393079
v -1.892896 3.097173 -0.317082
v -1.906078 3.123085 -0.230559
v -1.895512 3.200995 -0.184194
v -1.867388 3.285265 -0.205146
v -1.838181 3.326531 -0.281143
v -1.824998 3.300619 -0.367666
v -1.835564 3.222709 -0.414031
v -1.913215 3.146155 -0.404556
v -1.934592 3.104102 -0.327259
v -1.956207 3.131060 -0.243555
v -1.965398 3.211237 -0.202477
v -1.956782 3.297667 -0.228088
v -1.935405 3.339720 -0.305385
v -1.913790 3.312762 -0.389089
v -1.904598 3.232584 -0.430167
v -1.963187 3.141669 -0.417860
v -1.977594 3.100664 -0.339240
v -2.008259 3.126440 -0.258832
v -2.037220 3.203899 -0.223739
v -2.047511 3.287666 -0.254518
v -2.033104 3.328672 -0.333138
v -2.002439 3.302895 -0.413545
v -1.973478 3.225436 -0.448638
v -2.010048 3.124804 -0.432546
v -2.018410 3.086388 -0.352575
v -2.058380 3.108316 -0.276007
v -2.106542 3.177741 -0.247695
v -2.134685 3.253995 -0.284223
v -2.126322 3.292410 -0.364194
v -2.086353 3.270483 -0.440762
v -2.038190 3.201058 -0.469074
v -2.051351 3.095206 -0.448487
v -2.054850 3.060674 -0.367196
v -2.103442 3.075762 -0.294918
v -2.168661 3.131632 -0.273991
v -2.212304 3.195556 -0.316676
v -2.208805 3.230089 -0.397967
v -2.160213 3.215001 -0.470245
v -2.094994 3.159131 -0.491172
v -2.085414 3.051082 -0.466052
v -2.085564 3.021241 -0.383618
v -2.140746 3.026927 -0.315731
v -2.218634 3.064811 -0.302159
v -2.273604 3.112699 -0.350852
v -2.273454 3.142540 -0.433287
v -2.218272 3.136853 -0.501173
v -2.140384 3.098970 -0.514745
v -2.109705 2.988806 -0.485856
v -2.108108 2.963736 -0.402616
v -2.166893 2.958856 -0.338737
v -2.251626 2.977024 -0.331640
v -2.312669 3.007598 -0.385481
v -2.314266 3.032667 -0.468721
v -2.255481 3.037547 -0.532600
v -2.170749 3.019379 -0.539697
v -2.117553 2.883864 -0.424473
v -1.578742 2.922065 0.147107
v -1.756966 3.000491 0.108245
v -1.808750 2.971135 0.181205
v -1.794323 2.962343 0.273840
v -1.722135 2.979264 0.331884
v -1.634474 3.011988 0.321337
v -1.582690 3.041344 0.248377
v -1.597117 3.050137 0.155743
v -1.669305 3.033215 0.097698
v -1.783494 3.046166 0.120121
v -1.820245 2.991659 0.186526
v -1.801990 2.976106 0.276837
v -1.739422 3.008619 0.338152
v -1.669194 3.070151 0.334553
v -1.632443 3.124658 0.268148
v -1.650698 3.140211 0.177837
v -1.713265 3.107698 0.116522
v -1.825726 3.080643 0.137936
v -1.844004 3.011193 0.196584
v -1.821039 2.991664 0.284266
v -1.770285 3.033495 0.349620
v -1.721472 3.112183 0.354361
v -1.703194 3.181633 0.295713
v -1.726159 3.201162 0.208031
v -1.776913 3.159331 0.142678
v -1.881196 3.103839 0.160678
v -1.883029 3.027833 0.212479
v -1.855951 3.006587 0.297796
v -1.815825 3.052547 0.366652
v -1.786155 3.138791 0.378712
v -1.784323 3.214797 0.326912
v -1.811401 3.236043 0.241594
v -1.851527 3.190083 0.172738
v -1.946349 3.115187 0.186902
v -1.934749 3.037325 0.233102
v -1.904413 3.015612 0.316407
v -1.873112 3.062767 0.388018
v -1.859181 3.151167 0.405986
v -1.870780 3.229028 0.359786
v -1.901116 3.250741 0.276481
v -1.932418 3.203587 0.204870
v -2.017146 3.114486 0.214983
v -1.994208 3.037318 0.256447
v -1.961222 3.015796 0.337989
v -1.937510 3.062528 0.411842
v -1.936964 3.150137 0.434744
v -1.959903 3.227305 0.393280
v -1.992889 3.248827 0.311738
v -2.016600 3.202095 0.237886
v -2.089494 3.101876 0.243280
v -2.056205 3.027170 0.280442
v -2.020886 3.006275 0.360355
v -2.004225 3.051431 0.436207
v -2.015982 3.136186 0.463564
v -2.049271 3.210892 0.426402
v -2.084590 3.231787 0.346489
v -2.101251 3.186631 0.270638
v -2.159337 3.077727 0.270173
v -2.115787 3.007316 0.303137
v -2.078220 2.987477 0.381471
v -2.068644 3.029831 0.459288
v -2.092668 3.109568 0.491003
v -2.136218 3.179980 0.458039
v -2.173784 3.199819 0.379705
v -2.183361 3.157464 0.301888
v -2.222700 3.042606 0.294080
v -2.168375 2.979052 0.322762
v -2.128498 2.960851 0.399518
v -2.126427 2.998665 0.479385
v -2.163378 3.070343 0.515578
v -2.217703 3.133897 0.486896
v -2.257580 3.152097 0.410140
v -2.259650 3.114283 0.330273
v -2.275794 2.997268 0.313501
v -2.210202 2.944462 0.337900
v -2.167946 2.928773 0.413094
v -2.173778 2.959390 0.495037
v -2.224281 3.018379 0.535726
v -2.289873 3.071184 0.511328
v -2.332129 3.086874 0.436133
v -2.326298 3.056257 0.354191
v -2.315254 2.942483 0.327107
v -2.239260 2.905666 0.347831
v -2.194857 2.893651 0.421614
v -2.208055 2.913477 0.505236
v -2.271123 2.953530 0.549713
v -2.347116 2.990348 0.528990
v -2.391520 3.002363 0.455206
v -2.378322 2.982537 0.371584
v -2.255674 2.862142 0.352537
v -2.210009 2.854812 0.425311
v -1.429974 2.997103 0.646698
v -1.343544 2.996952 0.682008
v -1.258147 3.012476 0.647609
v -1.223807 3.034582 0.563650
v -1.260640 3.050321 0.479314
v -1.347070 3.050473 0.444003
v -1.432468 3.034949 0.478403
v -1.466807 3.012842 0.562362
v -1.433544 3.032725 0.658277
v -1.348274 3.030897 0.692355
v -1.266835 3.063688 0.665374
v -1.236932 3.111888 0.593137
v -1.276082 3.147264 0.517961
v -1.361352 3.149092 0.483882
v -1.442791 3.116302 0.510864
v -1.472694 3.068101 0.583100
v -1.438447 3.054887 0.674512
v -1.354069 3.051324 0.706552
v -1.278398 3.098631 0.692595
v -1.255760 3.169096 0.640815
v -1.299417 3.221442 0.581545
v -1.383794 3.225005 0.549505
v -1.459466 3.177698 0.563462
v -1.482104 3.107233 0.615242
v -1.444868 3.068997 0.696138
v -1.361143 3.064166 0.725354
v -1.292130 3.120009 0.727696
v -1.278255 3.203815 0.701793
v -1.327647 3.266490 0.662819
v -1.411372 3.271321 0.633603
v -1.480386 3.215478 0.631260
v -1.494260 3.131673 0.657163
v -1.453559 3.075725 0.726024
v -1.370380 3.070463 0.751966
v -1.307707 3.128344 0.770437
v -1.302252 3.215461 0.770616
v -1.357211 3.280784 0.752399
v -1.440389 3.286046 0.726457
v -1.503062 3.228165 0.707986
v -1.508517 3.141047 0.707807
v -1.464403 3.071880 0.764938
v -1.381808 3.067086 0.787553
v -1.324459 3.122119 0.819786
v -1.325952 3.204742 0.842754
v -1.385411 3.266556 0.843004
v -1.468007 3.271351 0.820389
v -1.525355 3.216317 0.788157
v -1.523862 3.133694 0.765188
v -1.476307 3.053662 0.810883
v -1.394425 3.050110 0.830396
v -1.341243 3.099306 0.873403
v -1.347914 3.172432 0.914709
v -1.410532 3.226651 0.930119
v -1.492414 3.230204 0.910605
v -1.545596 3.181008 0.867599
v -1.538925 3.107882 0.826292
v -1.487732 3.018090 0.860499
v -1.406745 3.016374 0.877309
v -1.356670 3.058134 0.928232
v -1.366841 3.118907 0.983437
v -1.431300 3.163094 1.010587
v -1.512287 3.164810 0.993776
v -1.562362 3.123051 0.942853
v -1.552191 3.062277 0.887648
v -1.497018 2.962934 0.910046
v -1.417132 2.963445 0.924653
v -1.369264 2.997112 0.980961
v -1.381456 3.044214 1.045986
v -1.446564 3.077160 1.081636
v -1.526450 3.076649 1.067029
v -1.574318 3.042981 1.010720
v -1.562127 2.995879 0.945696
v -1.502469 2.886412 0.955669
v -1.423889 2.889332 0.968615
v -1.377497 2.914927 1.028144
v -1.390470 2.948205 1.099385
v -1.455208 2.969671 1.140607
v -1.533789 2.966752 1.127661
v -1.580180 2.941156 1.068132
v -1.567207 2.907879 0.996891
v -1.502365 2.787086 0.993425
v -1.425270 2.792402 1.005228
v -1.379798 2.810428 1.066208
v -1.392585 2.830605 1.140643
v -1.456142 2.841113 1.184930
v -1.533237 2.835797 1.173127
v -1.578709 2.817771 1.112147
v -1.565921 2.797595 1.037712
v -0.904596 2.922065 0.443987
v -0.983470 2.922065 0.496320
v -1.003322 2.922065 0.588871
v -0.952524 2.922065 0.667425
v -0.812904 2.922065 0.462528
v -0.883058 3.093271 0.469741
v -0.962529 3.093351 0.520247
v -0.985720 3.068048 0.607931
v -0.939046 3.032182 0.681428
v -0.849849 3.006765 0.697685
v -0.770378 3.006685 0.647178
v -0.747186 3.031989 0.559494
v -0.793860 3.067854 0.485997
v -0.856892 3.189710 0.519630
v -0.937574 3.183159 0.566307
v -0.966200 3.137597 0.642700
v -0.926002 3.079715 0.704059
v -0.840526 3.043420 0.714442
v -0.759844 3.049972 0.667766
v -0.731218 3.095533 0.591372
v -0.771417 3.153415 0.530013
v -0.826171 3.260443 0.592578
v -0.908538 3.248629 0.633481
v -0.944621 3.185741 0.691273
v -0.913284 3.108617 0.732100
v -0.832884 3.062436 0.732046
v -0.750517 3.074250 0.691143
v -0.714434 3.137139 0.633351
v -0.745771 3.214263 0.592524
v -0.793157 3.299654 0.680433
v -0.877121 3.285202 0.715145
v -0.921153 3.212765 0.750889
v -0.899461 3.124774 0.766726
v -0.824751 3.072775 0.753379
v -0.740787 3.087226 0.718667
v -0.696755 3.159664 0.682923
v -0.718447 3.247654 0.667086
v -0.760422 3.308560 0.772246
v -0.845390 3.293682 0.802088
v -0.896174 3.219509 0.817928
v -0.883025 3.129492 0.810486
v -0.813647 3.076360 0.784122
v -0.728679 3.091238 0.754279
v -0.677895 3.165411 0.738440
v -0.691044 3.255428 0.745882
v -0.728845 3.293337 0.861506
v -0.814132 3.278992 0.888351
v -0.869944 3.207683 0.888929
v -0.863587 3.121182 0.862902
v -0.798785 3.070160 0.825516
v -0.713498 3.084505 0.798671
v -0.657686 3.155814 0.798092
v -0.664043 3.242315 0.824119
v -0.698016 3.259512 0.946056
v -0.783077 3.245749 0.971458
v -0.842519 3.179209 0.961007
v -0.841520 3.098869 0.920824
v -0.780666 3.051792 0.874449
v -0.695605 3.065555 0.849046
v -0.636164 3.132095 0.859498
v -0.637162 3.212435 0.899680
v -0.667267 3.210527 1.024965
v -0.751704 3.196965 1.050014
v -0.813855 3.135823 1.031574
v -0.817312 3.062918 0.980448
v -0.760050 3.020956 0.926584
v -0.675613 3.034518 0.901535
v -0.613463 3.095660 0.919975
v -0.610005 3.168565 0.971101
v -0.636067 3.148518 1.097020
v -0.719565 3.134575 1.122448
v -0.783878 3.079050 1.098082
v -0.791332 3.014468 1.038193
v -0.737561 2.978662 0.977865
v -0.654062 2.992604 0.952437
v -0.589750 3.048130 0.976803
v -0.582295 3.112711 1.036692
v -0.604044 3.075027 1.160464
v -0.686319 3.059988 1.186746
v -0.752503 3.010259 1.157891
v -0.763828 2.954970 1.090803
v -0.713659 2.926509 1.024780
v -0.631385 2.941547 0.998498
v -0.565200 2.991277 1.027353
v -0.553876 3.046566 1.094441
v -0.570946 2.991373 1.213044
v -0.651706 2.974395 1.240423
v -0.719644 2.930736 1.208202
v -0.734964 2.885970 1.135255
v -0.688691 2.866321 1.064313
v -0.607931 2.883300 1.036934
v -0.539993 2.926959 1.069155
v -0.524674 2.971725 1.142102
v -0.599294 2.922065 0.110842
v -0.654043 2.922065 0.188198
v -0.600315 3.019477 0.300480
v -0.537476 2.978837 0.347506
v -0.455656 2.946808 0.326485
v -0.402783 2.942152 0.249729
v -0.409830 2.967597 0.162202
v -0.472669 3.008236 0.115175
v -0.554490 3.040265 0.136197
v -0.607362 3.044921 0.212952
v -0.544724 3.108114 0.329085
v -0.497072 3.039657 0.367899
v -0.428337 2.984782 0.340917
v -0.378784 2.975636 0.263946
v -0.377440 3.017576 0.182075
v -0.425092 3.086033 0.143262
v -0.493827 3.140908 0.170243
v -0.543380 3.150054 0.247214
v -0.497493 3.147564 0.352119
v -0.459316 3.071913 0.386044
v -0.399708 3.010176 0.354950
v -0.353586 2.998517 0.277051
v -0.347968 3.043766 0.197979
v -0.386145 3.119417 0.164054
v -0.445753 3.181154 0.195148
v -0.491875 3.192813 0.273047
v -0.440519 3.181031 0.377580
v -0.413804 3.099344 0.406110
v -0.365607 3.031593 0.370234
v -0.324162 3.017463 0.290969
v -0.313747 3.065232 0.214747
v -0.340463 3.146918 0.186217
v -0.388659 3.214670 0.222092
v -0.430104 3.228800 0.301357
v -0.373815 3.204844 0.404290
v -0.360989 3.118873 0.426973
v -0.326926 3.046698 0.385734
v -0.291579 3.030599 0.304731
v -0.275654 3.080007 0.231414
v -0.288479 3.165978 0.208731
v -0.322542 3.238153 0.249970
v -0.357889 3.254252 0.330973
v -0.298114 3.214906 0.430722
v -0.301338 3.127448 0.447506
v -0.283849 3.053627 0.400755
v -0.255892 3.036688 0.317854
v -0.233844 3.086552 0.247367
v -0.230620 3.174010 0.230583
v -0.248109 3.247830 0.277334
v -0.276066 3.264770 0.360234
v -0.215285 3.207342 0.455020
v -0.235398 3.122045 0.466551
v -0.235544 3.050326 0.414886
v -0.215637 3.034196 0.330290
v -0.187339 3.083103 0.262318
v -0.167226 3.168400 0.250787
v -0.167079 3.240119 0.302452
v -0.186986 3.256249 0.387048
v -0.127962 3.179379 0.475364
v -0.163817 3.099736 0.482940
v -0.180552 3.033772 0.427671
v -0.168364 3.020129 0.341931
v -0.134393 3.066798 0.275947
v -0.098538 3.146441 0.268370
v -0.081803 3.212404 0.323640
v -0.093991 3.226047 0.409379
v -0.038414 3.129478 0.490394
v -0.087256 3.057728 0.495537
v -0.117802 2.999908 0.438232
v -0.112156 2.989888 0.352048
v -0.073627 3.033537 0.287470
v -0.024785 3.105286 0.282327
v 0.005760 3.163106 0.339632
v 0.000115 3.173126 0.425816
v -1.078992 -0.010149 -1.033972
v -1.799926 -0.010193 -0.755017
v -2.112452 -0.010300 -0.047989
v -1.833497 -0.010406 0.672944
v -1.126469 -0.010450 0.985470
v -0.405538 0.703772 0.706622
v -0.093013 0.999700 -0.000362
v -0.371967 0.703985 -0.721339
v -0.371962 -0.724371 -0.721552
v -0.093006 -1.020300 -0.000663
v -0.405533 -0.724584 0.706409
v -0.397702 -2.922632 -0.669347
v -1.057723 -2.922588 -0.981165
v -1.744102 -2.922628 -0.732689
v -1.147718 -2.922874 0.931795
v -0.461339 -2.922835 0.683319
v -0.150672 -2.922735 0.020105
v -2.054769 -2.922728 -0.069474
v -1.807739 -2.922830 0.619977
v -0.704540 -2.922732 -0.005952
v -0.835483 -2.922775 0.273587
v -1.121626 -2.922791 0.377173
v -1.369958 -2.922688 -0.322957
v -1.083815 -2.922671 -0.426543
v -0.808661 -2.922690 -0.296551
v -1.396780 -2.922773 0.247180
v -1.500901 -2.922730 -0.043417
v -1.068694 -3.870597 -0.023226
v -1.104334 -3.870602 0.009538
v -1.136740 -3.870597 -0.026427
v -1.101100 -3.870592 -0.059191
v -0.983839 -3.870598 -0.019234
v -1.046916 -3.870606 0.037575
v -0.987619 -3.870616 0.103886
v -1.097068 -3.870579 -0.144897
v -1.041305 -3.870589 -0.081713
v -0.976043 -3.870579 -0.142165
v -1.221595 -3.870597 -0.030419
v -1.158518 -3.870588 -0.087227
v -1.217816 -3.870578 -0.153539
v -1.108366 -3.870615 0.095245
v -1.164130 -3.870606 0.032060
v -1.229391 -3.870615 0.092512
v -0.895706 -3.870598 -0.015087
v -0.937792 -3.870624 0.159607
v -1.112554 -3.870628 0.184269
v -1.284230 -3.870622 0.143309
v -1.309729 -3.870596 -0.034565
v -1.267643 -3.870570 -0.209260
v -1.092880 -3.870566 -0.233922
v -0.921205 -3.870571 -0.192962
v -1.102717 -3.870597 -0.024826
v -1.793010 -2.894814 -0.300058
v -1.752661 -2.894801 -0.385620
v -1.664109 -2.894795 -0.418896
v -1.789963 -2.911551 -0.296810
v -1.750093 -2.915971 -0.382000
v -1.661594 -2.919022 -0.414018
v -1.576307 -2.918917 -0.374109
v -1.544194 -2.915717 -0.285649
v -1.584064 -2.911297 -0.200459
v -1.672563 -2.908247 -0.168441
v -1.757850 -2.908351 -0.208351
v -1.791704 -2.938911 -0.297081
v -1.751860 -2.940616 -0.381584
v -1.665219 -2.954963 -0.413504
v -1.582536 -2.973548 -0.374142
v -1.552245 -2.985484 -0.286557
v -1.592089 -2.983778 -0.202054
v -1.678730 -2.969431 -0.170134
v -1.761413 -2.950846 -0.209496
v -1.797225 -2.961825 -0.300010
v -1.757047 -2.961293 -0.383570
v -1.674445 -2.987214 -0.416767
v -1.597808 -3.024403 -0.380154
v -1.572027 -3.051075 -0.295178
v -1.612205 -3.051607 -0.211618
v -1.694807 -3.025687 -0.178421
v -1.771445 -2.988497 -0.215034
v -1.806099 -2.981364 -0.305119
v -1.765416 -2.979232 -0.387605
v -1.689106 -3.016030 -0.423473
v -1.621872 -3.070200 -0.391711
v -1.603099 -3.110012 -0.310926
v -1.643782 -3.112144 -0.228440
v -1.720092 -3.075346 -0.192572
v -1.787326 -3.021176 -0.224334
v -1.818596 -2.998421 -0.312381
v -1.777464 -2.995346 -0.393807
v -1.709382 -3.041394 -0.433505
v -1.654233 -3.109590 -0.408221
v -1.644321 -3.159986 -0.332766
v -1.685454 -3.163061 -0.251341
v -1.753536 -3.117014 -0.211643
v -1.808685 -3.048818 -0.236927
v -1.835461 -3.013268 -0.322056
v -1.794127 -3.009787 -0.402552
v -1.735596 -3.062836 -0.446825
v -1.694156 -3.141342 -0.428941
v -1.694081 -3.199316 -0.359375
v -1.735416 -3.202797 -0.278879
v -1.793946 -3.149746 -0.234606
v -1.835386 -3.071241 -0.252490
v -1.857531 -3.025416 -0.334433
v -1.816345 -3.021869 -0.414190
v -1.767987 -3.079465 -0.463326
v -1.740784 -3.164463 -0.453058
v -1.750673 -3.227074 -0.389401
v -1.791859 -3.230620 -0.309644
v -1.840218 -3.173025 -0.260508
v -1.867420 -3.088027 -0.270775
v -1.885434 -3.033793 -0.349641
v -1.844754 -3.030324 -0.428851
v -1.806572 -3.090139 -0.482752
v -1.793254 -3.178200 -0.479769
v -1.812600 -3.242922 -0.421650
v -1.853280 -3.246391 -0.342441
v -1.891462 -3.186576 -0.288540
v -1.904780 -3.098516 -0.291523
v -1.919466 -3.037019 -0.367585
v -1.879601 -3.033615 -0.446403
v -1.851148 -3.093656 -0.504699
v -1.850774 -3.181972 -0.508325
v -1.878698 -3.246828 -0.455157
v -1.918563 -3.250233 -0.376339
v -1.947015 -3.190192 -0.318043
v -1.947390 -3.101876 -0.314417
v -1.959617 -3.033633 -0.387963
v -1.920793 -3.030185 -0.466492
v -1.901340 -3.088860 -0.528659
v -1.912654 -3.175288 -0.538048
v -1.948107 -3.238840 -0.489159
v -1.986931 -3.242289 -0.410630
v -2.006384 -3.183614 -0.348463
v -1.995071 -3.097185 -0.339074
v -2.005646 -3.022222 -0.410324
v -1.968002 -3.018577 -0.488616
v -1.956672 -3.074691 -0.554060
v -1.978294 -3.157691 -0.568320
v -2.020201 -3.218959 -0.523043
v -2.057845 -3.222604 -0.444752
v -2.069175 -3.166491 -0.379308
v -2.047553 -3.083490 -0.365047
v -1.431660 -2.894765 -0.613863
v -1.403802 -2.894752 -0.704351
v -1.166109 -2.987531 -0.639789
v -1.185492 -2.992125 -0.544795
v -1.263745 -2.988873 -0.494288
v -1.353390 -2.979726 -0.516254
v -1.403207 -2.972778 -0.596075
v -1.386008 -2.972136 -0.688755
v -1.310063 -2.975289 -0.741463
v -1.218271 -2.980461 -0.721830
v -1.154576 -3.074384 -0.659753
v -1.173735 -3.094392 -0.572146
v -1.254154 -3.100879 -0.521679
v -1.347063 -3.086855 -0.540650
v -1.395557 -3.061661 -0.613733
v -1.373136 -3.033862 -0.705092
v -1.297552 -3.035829 -0.752706
v -1.206517 -3.052293 -0.733934
v -1.191302 -3.161022 -0.716387
v -1.235839 -3.205992 -0.650172
v -1.323256 -3.207746 -0.611023
v -1.394284 -3.167061 -0.616402
v -1.417507 -3.110201 -0.669998
v -1.382369 -3.063147 -0.747166
v -1.305384 -3.070845 -0.786587
v -1.224514 -3.110189 -0.771734
v -1.256767 -3.207903 -0.805234
v -1.335086 -3.252914 -0.784181
v -1.412717 -3.243685 -0.747011
v -1.452855 -3.189899 -0.718934
v -1.445689 -3.121262 -0.732046
v -1.394277 -3.071777 -0.781478
v -1.317383 -3.084644 -0.816793
v -1.252410 -3.138230 -0.821460
v -1.311107 -3.207473 -0.898207
v -1.405243 -3.246924 -0.896609
v -1.481568 -3.237190 -0.856834
v -1.503334 -3.182685 -0.806725
v -1.468676 -3.118120 -0.777488
v -1.400912 -3.072815 -0.797505
v -1.325794 -3.087534 -0.834240
v -1.279907 -3.142557 -0.869379
v -1.352603 -3.177633 -0.973849
v -1.450857 -3.205968 -0.990180
v -1.527319 -3.197136 -0.947229
v -1.540491 -3.157967 -0.872324
v -1.485107 -3.109008 -0.808796
v -1.404973 -3.071481 -0.805825
v -1.333310 -3.085600 -0.847163
v -1.304118 -3.131737 -0.910568
v -1.384317 -3.123577 -1.032485
v -1.484646 -3.136463 -1.058557
v -1.559163 -3.131985 -1.011696
v -1.566158 -3.114040 -0.920829
v -1.503463 -3.093286 -0.834786
v -1.415503 -3.064356 -0.820289
v -1.347530 -3.075240 -0.866672
v -1.328482 -3.103552 -0.949417
v -1.412602 -3.050648 -1.074061
v -1.510919 -3.049837 -1.102570
v -1.583945 -3.050963 -1.053365
v -1.589240 -3.053651 -0.955948
v -1.526785 -3.062963 -0.858886
v -1.437747 -3.045918 -0.840280
v -1.371625 -3.049622 -0.891600
v -1.354837 -3.054502 -0.984705
v -1.441080 -2.959176 -1.102236
v -1.535017 -2.949006 -1.128427
v -1.606956 -2.955317 -1.078399
v -1.613852 -2.974869 -0.981072
v -1.554078 -3.005151 -0.884323
v -1.470655 -3.009822 -0.860555
v -1.402030 -3.000977 -0.917214
v -1.383966 -2.982297 -1.014943
v -1.469565 -2.844626 -1.118395
v -1.558926 -2.831391 -1.139702
v -1.629832 -2.841307 -1.090077
v -1.640589 -2.871839 -0.997509
v -1.583916 -2.912786 -0.910265
v -1.503286 -2.931233 -0.887814
v -1.430889 -2.911978 -0.946136
v -1.418882 -2.882675 -1.039532
v -1.494362 -2.706016 -1.119178
v -1.579915 -2.694982 -1.136100
v -1.650149 -2.707062 -1.087583
v -1.664714 -2.739891 -1.001757
v -1.617452 -2.787447 -0.927566
v -1.536688 -2.809491 -0.913558
v -1.469201 -2.791250 -0.968134
v -1.450503 -2.747174 -1.051277
v -1.562996 -2.647613 -0.916977
v -1.493964 -2.628453 -0.966876
v -0.796197 -2.894784 -0.477154
v -0.890690 -2.894783 -0.483470
v -0.953697 -2.894773 -0.554171
v -0.785619 -3.010417 -0.505022
v -0.879016 -3.019984 -0.512238
v -0.942587 -3.003776 -0.579785
v -0.939093 -2.971285 -0.668095
v -0.870580 -2.941545 -0.725438
v -0.777184 -2.931977 -0.718222
v -0.713613 -2.948186 -0.650675
v -0.717107 -2.980677 -0.562365
v -0.770636 -3.101516 -0.551581
v -0.862610 -3.115145 -0.560868
v -0.927708 -3.087287 -0.621839
v -0.927796 -3.034262 -0.698778
v -0.862822 -2.987131 -0.746615
v -0.770848 -2.973502 -0.737327
v -0.705751 -3.001360 -0.676356
v -0.705663 -3.054385 -0.599417
v -0.751361 -3.170336 -0.617292
v -0.841491 -3.187798 -0.630274
v -0.909437 -3.148515 -0.679642
v -0.915396 -3.075500 -0.736477
v -0.855878 -3.011523 -0.767486
v -0.765747 -2.994062 -0.754503
v -0.697802 -3.033344 -0.705135
v -0.691843 -3.106360 -0.648300
v -0.728987 -3.210681 -0.699180
v -0.816954 -3.230618 -0.717295
v -0.888871 -3.183607 -0.750179
v -0.902612 -3.097184 -0.778570
v -0.850127 -3.021977 -0.785837
v -0.762161 -3.002040 -0.767723
v -0.690244 -3.049051 -0.734838
v -0.676502 -3.135474 -0.706447
v -0.706234 -3.217876 -0.788320
v -0.792058 -3.238175 -0.811851
v -0.868084 -3.189865 -0.826601
v -0.889777 -3.101243 -0.823931
v -0.844430 -3.024225 -0.805405
v -0.758606 -3.003925 -0.781875
v -0.682581 -3.052236 -0.767124
v -0.660887 -3.140857 -0.769794
v -0.685876 -3.193820 -0.874439
v -0.769894 -3.212746 -0.902422
v -0.849131 -3.168920 -0.901370
v -0.877171 -3.088016 -0.871899
v -0.837588 -3.017425 -0.831273
v -0.753570 -2.998500 -0.803291
v -0.674333 -3.042325 -0.804342
v -0.646293 -3.123230 -0.833813
v -0.669310 -3.144160 -0.951763
v -0.751927 -3.160892 -0.982820
v -0.833148 -3.124718 -0.969987
v -0.865396 -3.056829 -0.920781
v -0.829779 -2.996992 -0.864026
v -0.747162 -2.980260 -0.832969
v -0.665940 -3.016434 -0.845802
v -0.633693 -3.084323 -0.895008
v -0.656949 -3.073427 -1.018410
v -0.738482 -3.087796 -1.051378
v -0.820645 -3.060364 -1.030457
v -0.855309 -3.007202 -0.967902
v -0.822167 -2.959450 -0.900356
v -0.740634 -2.945081 -0.867388
v -0.658471 -2.972513 -0.888309
v -0.623807 -3.025676 -0.950864
v -0.649030 -2.984105 -1.073509
v -0.729693 -2.996221 -1.107563
v -0.812036 -2.977595 -1.081377
v -0.847823 -2.939138 -1.010291
v -0.816091 -2.903376 -0.935946
v -0.735428 -2.891259 -0.901892
v -0.653086 -2.909885 -0.928078
v -0.617298 -2.948343 -0.999164
v -0.645920 -2.877515 -1.115906
v -0.725853 -2.887580 -1.150481
v -0.807829 -2.877394 -1.121118
v -0.843827 -2.852924 -1.045018
v -0.812761 -2.828504 -0.966758
v -0.732828 -2.818440 -0.932183
v -0.650853 -2.828626 -0.961546
v -0.614854 -2.853096 -1.037647
v -0.648120 -2.754523 -1.144021
v -0.727415 -2.762753 -1.178728
v -0.808626 -2.760452 -1.147753
v -0.844181 -2.748969 -1.069243
v -0.813252 -2.735030 -0.989186
v -0.733957 -2.726801 -0.954479
v -0.652746 -2.729102 -0.985454
v -0.617191 -2.740585 -1.063964
v -0.451815 -2.974364 -0.342512
v -0.396240 -2.965532 -0.267014
v -0.409514 -2.968591 -0.173842
v -0.483860 -2.981750 -0.117575
v -0.575729 -2.997298 -0.131173
v -0.631305 -3.006130 -0.206671
v -0.618031 -3.003071 -0.299843
v -0.543684 -2.989913 -0.356111
v -0.435939 -3.024073 -0.343174
v -0.385051 -3.002485 -0.267838
v -0.395627 -3.013332 -0.175633
v -0.461473 -3.050262 -0.120572
v -0.544017 -3.091641 -0.134909
v -0.594905 -3.113230 -0.210245
v -0.584329 -3.102383 -0.302449
v -0.518483 -3.065452 -0.357510
v -0.408349 -3.062793 -0.345902
v -0.365186 -3.031143 -0.270191
v -0.370671 -3.048895 -0.179352
v -0.421591 -3.105649 -0.126597
v -0.488117 -3.168160 -0.142830
v -0.531280 -3.199811 -0.218541
v -0.525795 -3.182059 -0.309380
v -0.474875 -3.125305 -0.362135
v -0.370754 -3.092045 -0.350759
v -0.336489 -3.053984 -0.274332
v -0.335194 -3.076835 -0.185226
v -0.367628 -3.147212 -0.135638
v -0.414790 -3.223887 -0.154616
v -0.449054 -3.261948 -0.231043
v -0.450349 -3.239097 -0.320149
v -0.417916 -3.168720 -0.369736
v -0.325260 -3.111173 -0.357815
v -0.299657 -3.069919 -0.280524
v -0.290555 -3.095844 -0.193481
v -0.303287 -3.173761 -0.147675
v -0.330395 -3.258028 -0.169938
v -0.355999 -3.299282 -0.247230
v -0.365101 -3.273358 -0.334273
v -0.352368 -3.195440 -0.380079
v -0.275249 -3.118888 -0.366954
v -0.257528 -3.076847 -0.288731
v -0.239870 -3.103817 -0.204108
v -0.232619 -3.184000 -0.162656
v -0.240022 -3.270426 -0.188656
v -0.257743 -3.312467 -0.266878
v -0.275401 -3.285497 -0.351501
v -0.282652 -3.205314 -0.392954
v -0.224707 -3.114400 -0.377893
v -0.214011 -3.073407 -0.298677
v -0.187158 -3.099195 -0.216921
v -0.159878 -3.176660 -0.180518
v -0.148152 -3.260422 -0.210791
v -0.158848 -3.301416 -0.290008
v -0.185701 -3.275627 -0.371763
v -0.212980 -3.198163 -0.408167
v -0.177208 -3.097533 -0.390359
v -0.172612 -3.059130 -0.310078
v -0.136285 -3.081069 -0.231719
v -0.089506 -3.150498 -0.201185
v -0.059678 -3.226747 -0.236362
v -0.064273 -3.265150 -0.316643
v -0.100601 -3.243211 -0.395002
v -0.147379 -3.173782 -0.425536
v -0.135201 -3.067933 -0.404337
v -0.135526 -3.033413 -0.322967
v -0.090385 -3.048512 -0.248487
v -0.026221 -3.104385 -0.224527
v 0.019380 -3.168303 -0.265123
v 0.019705 -3.202824 -0.346493
v -0.025436 -3.187725 -0.420973
v -0.089600 -3.131852 -0.444933
v -0.100350 -3.023806 -0.420275
v -0.104074 -2.993978 -0.337920
v -0.052144 -2.999675 -0.267516
v 0.025021 -3.037560 -0.250305
v 0.082218 -3.085441 -0.296368
v 0.085942 -3.115270 -0.378723
v 0.034012 -3.109573 -0.449127
v -0.043153 -3.071687 -0.466339
v -0.075156 -2.961527 -0.438906
v -0.080663 -2.936470 -0.355829
v -0.024944 -2.931600 -0.289258
v 0.059361 -2.949769 -0.278190
v 0.122867 -2.980335 -0.329107
v 0.128374 -3.005392 -0.412184
v 0.072656 -3.010262 -0.478755
v -0.011649 -2.992093 -0.489824
v -0.070201 -2.856595 -0.377207
v -0.635278 -2.894880 0.168415
v -0.455424 -2.973300 0.137960
v -0.407125 -2.943955 0.213277
v -0.425890 -2.935176 0.305133
v -0.500726 -2.952106 0.359718
v -0.587794 -2.984828 0.345059
v -0.636093 -3.014173 0.269741
v -0.617328 -3.022952 0.177886
v -0.542492 -3.006022 0.123300
v -0.429483 -3.018977 0.151063
v -0.395894 -2.964480 0.219129
v -0.418373 -2.948941 0.308485
v -0.483752 -2.981462 0.366787
v -0.553734 -3.042994 0.359882
v -0.587323 -3.097491 0.291816
v -0.564844 -3.113030 0.202460
v -0.499465 -3.080509 0.144158
v -0.388135 -3.053457 0.170838
v -0.372634 -2.984016 0.230290
v -0.399693 -2.964499 0.316799
v -0.453462 -3.006340 0.379689
v -0.502444 -3.085028 0.382120
v -0.517945 -3.154469 0.322667
v -0.490886 -3.173985 0.236158
v -0.437116 -3.132145 0.173268
v -0.333794 -3.076656 0.196157
v -0.334398 -3.000658 0.247998
v -0.365456 -2.979424 0.331952
v -0.408773 -3.025395 0.398840
v -0.438976 -3.111640 0.409480
v -0.438372 -3.187639 0.357639
v -0.407315 -3.208872 0.273685
v -0.363997 -3.162902 0.206797
v -0.269946 -3.088008 0.225413
v -0.283704 -3.010154 0.271028
v -0.317922 -2.988453 0.352819
v -0.352554 -3.035618 0.422873
v -0.367314 -3.124021 0.440153
v -0.353555 -3.201875 0.394537
v -0.319338 -3.223576 0.312746
v -0.284706 -3.176411 0.242693
v -0.200547 -3.087311 0.256790
v -0.225409 -3.010150 0.297142
v -0.262191 -2.988640 0.377046
v -0.289346 -3.035383 0.449696
v -0.290967 -3.122996 0.472534
v -0.266105 -3.200157 0.432183
v -0.229323 -3.221667 0.352278
v -0.202168 -3.174924 0.279628
v -0.129609 -3.074706 0.288457
v -0.164608 -3.000005 0.324025
v -0.203643 -2.979122 0.402193
v -0.223850 -3.024290 0.477171
v -0.213391 -3.109049 0.505038
v -0.178392 -3.183749 0.469471
v -0.139357 -3.204633 0.391303
v -0.119150 -3.159465 0.316325
v -0.061107 -3.050562 0.318606
v -0.106159 -2.980155 0.349498
v -0.147364 -2.960327 0.425983
v -0.160587 -3.002694 0.503257
v -0.138080 -3.082436 0.536055
v -0.093028 -3.152842 0.505163
v -0.051822 -3.172669 0.428678
v -0.038600 -3.130304 0.351403
v 0.001063 -3.015444 0.345469
v -0.054550 -2.951894 0.371576
v -0.097991 -2.933705 0.446376
v -0.103812 -2.971531 0.526053
v -0.068603 -3.043215 0.563932
v -0.012990 -3.106764 0.537825
v 0.030450 -3.124953 0.463024
v 0.036271 -3.087127 0.383348
v 0.053185 -2.970109 0.367372
v -0.013481 -2.917307 0.388669
v -0.059224 -2.901628 0.461796
v -0.057250 -2.932258 0.543918
v -0.008714 -2.991253 0.586927
v 0.057952 -3.044055 0.565630
v 0.103696 -3.059734 0.492502
v 0.101721 -3.029104 0.410381
v 0.091962 -2.915327 0.382825
v 0.015078 -2.878512 0.399960
v -0.032743 -2.866508 0.471577
v -0.023489 -2.886347 0.555724
v 0.037419 -2.926407 0.603109
v 0.114302 -2.963222 0.585975
v 0.162124 -2.975226 0.514358
v 0.152870 -2.955387 0.430210
v 0.031253 -2.834989 0.405438
v -0.017782 -2.827670 0.475987
v -0.807359 -2.969991 0.660452
v -0.895352 -2.969845 0.691662
v -0.979039 -2.985363 0.653285
v -1.009395 -3.007457 0.567802
v -0.968639 -3.023184 0.485287
v -0.880645 -3.023330 0.454077
v -0.796959 -3.007811 0.492455
v -0.766603 -2.985718 0.577938
v -0.804336 -3.005615 0.672180
v -0.891113 -3.003792 0.702214
v -0.971195 -3.036578 0.671431
v -0.997670 -3.084768 0.597861
v -0.955030 -3.120132 0.524603
v -0.868253 -3.121956 0.494568
v -0.788172 -3.089170 0.525352
v -0.761696 -3.040980 0.598922
v -0.800202 -3.027780 0.688624
v -0.885992 -3.024221 0.716665
v -0.960924 -3.071526 0.699160
v -0.981103 -3.141983 0.646363
v -0.934709 -3.194319 0.589203
v -0.848919 -3.197879 0.561162
v -0.773987 -3.150574 0.578667
v -0.753808 -3.080117 0.631464
v -0.794804 -3.041893 0.710527
v -0.879809 -3.037066 0.735776
v -0.948856 -3.092909 0.734865
v -0.961498 -3.176710 0.708326
v -0.910329 -3.239380 0.671706
v -0.825323 -3.244208 0.646456
v -0.756276 -3.188364 0.647368
v -0.743635 -3.104563 0.673907
v -0.787527 -3.048625 0.740787
v -0.871833 -3.043366 0.762792
v -0.935304 -3.101250 0.778289
v -0.940762 -3.188368 0.778199
v -0.885008 -3.253688 0.762575
v -0.800702 -3.258946 0.740569
v -0.737230 -3.201063 0.725073
v -0.731773 -3.113945 0.725163
v -0.778524 -3.044786 0.780168
v -0.862090 -3.039994 0.798878
v -0.920890 -3.095032 0.828371
v -0.920478 -3.177659 0.851372
v -0.861096 -3.239473 0.854407
v -0.777529 -3.244264 0.835698
v -0.718730 -3.189227 0.806204
v -0.719142 -3.106600 0.783203
v -0.768791 -3.026575 0.826624
v -0.851500 -3.023025 0.842269
v -0.906645 -3.072228 0.882721
v -0.901921 -3.145360 0.924285
v -0.840097 -3.199582 0.942612
v -0.757388 -3.203131 0.926967
v -0.702244 -3.153929 0.886515
v -0.706967 -3.080797 0.844951
v -0.759711 -2.991010 0.876728
v -0.841399 -2.989297 0.889714
v -0.893811 -3.031064 0.938221
v -0.886245 -3.091846 0.993834
v -0.823133 -3.136036 1.023976
v -0.741446 -3.137751 1.010990
v -0.689033 -3.095984 0.962483
v -0.696599 -3.035202 0.906870
v -0.752764 -2.935861 0.926664
v -0.833248 -2.936374 0.937501
v -0.883709 -2.970050 0.991493
v -0.874587 -3.017162 1.057012
v -0.811226 -3.050112 1.095677
v -0.730741 -3.049600 1.084840
v -0.680280 -3.015924 1.030849
v -0.689403 -2.968812 0.965330
v -0.749463 -2.859347 0.972505
v -0.828565 -2.862268 0.981743
v -0.877703 -2.887872 1.039023
v -0.868092 -2.921160 1.110790
v -0.805363 -2.942633 1.155005
v -0.726261 -2.939712 1.145767
v -0.677123 -2.914108 1.088488
v -0.686734 -2.880819 1.016720
v -0.751342 -2.760026 1.010229
v -0.828906 -2.765343 1.018396
v -0.877194 -2.783378 1.077168
v -0.867919 -2.803566 1.152119
v -0.806514 -2.814081 1.199343
v -0.728949 -2.808764 1.191176
v -0.680662 -2.790729 1.132403
v -0.689937 -2.770541 1.057452
v -1.322630 -2.894921 0.433287
v -1.246302 -2.894929 0.489268
v -1.230821 -2.894943 0.582650
v -1.285255 -2.894955 0.658730
v -1.415092 -2.894924 0.447499
v -1.345354 -3.066131 0.457975
v -1.268344 -3.066219 0.512160
v -1.249299 -3.040928 0.600841
v -1.299375 -3.005074 0.672068
v -1.389239 -2.979659 0.684119
v -1.466248 -2.979570 0.629934
v -1.485293 -3.004861 0.541253
v -1.435217 -3.040716 0.470025
v -1.373835 -3.162578 0.506565
v -1.295436 -3.156033 0.556982
v -1.270431 -3.110483 0.634643
v -1.313469 -3.052610 0.694054
v -1.399338 -3.016315 0.700414
v -1.477737 -3.022861 0.649997
v -1.502742 -3.068411 0.572336
v -1.459704 -3.126283 0.512924
v -1.407950 -3.233322 0.577977
v -1.327596 -3.221514 0.622708
v -1.294269 -3.158634 0.682141
v -1.327490 -3.081516 0.721462
v -1.407799 -3.035335 0.717637
v -1.488153 -3.047143 0.672906
v -1.521480 -3.110023 0.613473
v -1.488259 -3.187141 0.574152
v -1.445056 -3.272545 0.664178
v -1.362816 -3.258098 0.702800
v -1.320512 -3.185666 0.740584
v -1.342925 -3.097678 0.755397
v -1.416926 -3.045676 0.738562
v -1.499165 -3.060123 0.699941
v -1.541469 -3.132555 0.662156
v -1.519056 -3.220543 0.647343
v -1.482069 -3.281464 0.754350
v -1.398597 -3.266591 0.788155
v -1.348614 -3.192421 0.806374
v -1.361399 -3.102402 0.798336
v -1.429462 -3.049266 0.768749
v -1.512934 -3.064140 0.734944
v -1.562917 -3.138310 0.716725
v -1.550132 -3.228328 0.724763
v -1.517806 -3.266255 0.842030
v -1.433875 -3.251914 0.872855
v -1.378152 -3.180605 0.876066
v -1.383280 -3.094100 0.849782
v -1.446253 -3.043073 0.809399
v -1.530184 -3.057413 0.778574
v -1.585907 -3.128722 0.775363
v -1.580779 -3.215227 0.801647
v -1.552575 -3.232442 0.925043
v -1.468801 -3.218683 0.954416
v -1.408934 -3.152142 0.946780
v -1.408044 -3.071796 0.906607
v -1.466651 -3.024712 0.857430
v -1.550425 -3.038470 0.828056
v -1.610291 -3.105012 0.835693
v -1.611182 -3.185358 0.875866
v -1.586998 -3.183469 1.002427
v -1.503831 -3.169911 1.031418
v -1.440883 -3.108767 1.015929
v -1.435027 -3.035854 0.965033
v -1.489694 -2.993884 0.908544
v -1.572861 -3.007442 0.879552
v -1.635809 -3.068586 0.895041
v -1.641665 -3.141499 0.945937
v -1.621550 -3.121471 1.072945
v -1.539339 -3.107532 1.102272
v -1.473952 -3.052003 1.080962
v -1.463692 -2.987412 1.021500
v -1.514569 -2.951596 0.958717
v -1.596780 -2.965535 0.929391
v -1.662167 -3.021064 0.950700
v -1.672427 -3.085655 1.010162
v -1.656519 -3.047989 1.134825
v -1.575570 -3.032954 1.164947
v -1.508103 -2.983221 1.139242
v -1.493639 -2.927922 1.072768
v -1.540650 -2.899451 1.004465
v -1.621598 -2.914485 0.974344
v -1.689065 -2.964218 1.000048
v -1.703529 -3.019517 1.066522
v -1.692051 -2.964343 1.185804
v -1.612668 -2.947369 1.216951
v -1.543291 -2.903705 1.187965
v -1.524560 -2.858928 1.115825
v -1.567448 -2.839269 1.042790
v -1.646831 -2.856243 1.011643
v -1.716209 -2.899907 1.040629
v -1.734939 -2.944684 1.112769
v -1.611939 -2.894871 0.086162
v -1.560886 -2.894882 0.166006
v -1.619830 -2.992310 0.275624
v -1.684810 -2.951678 0.319652
v -1.765552 -2.919645 0.294813
v -1.814760 -2.914978 0.215659
v -1.803607 -2.940409 0.128556
v -1.738627 -2.981041 0.084528
v -1.657885 -3.013074 0.109366
v -1.608678 -3.017741 0.188521
v -1.676704 -3.080952 0.301573
v -1.726128 -3.012500 0.338114
v -1.793519 -2.957622 0.307940
v -1.839401 -2.948463 0.228727
v -1.836895 -2.990391 0.146877
v -1.787471 -3.058842 0.110336
v -1.720080 -3.113721 0.140510
v -1.674199 -3.122879 0.219723
v -1.724965 -3.120405 0.322356
v -1.764694 -3.044759 0.354461
v -1.822775 -2.983017 0.320609
v -1.865186 -2.971346 0.240630
v -1.867081 -3.016584 0.161375
v -1.827352 -3.092230 0.129270
v -1.769271 -3.153972 0.163121
v -1.726861 -3.165642 0.243100
v -1.783073 -3.153875 0.345106
v -1.811100 -3.072193 0.372361
v -1.857557 -3.004436 0.334270
v -1.895231 -2.990294 0.253147
v -1.902053 -3.038052 0.176513
v -1.874026 -3.119734 0.149258
v -1.827568 -3.187491 0.187348
v -1.789894 -3.201633 0.268471
v -1.850958 -3.177693 0.368649
v -1.864836 -3.091725 0.390717
v -1.896924 -3.019543 0.347933
v -1.928425 -3.003432 0.265361
v -1.940887 -3.052829 0.191369
v -1.927009 -3.138797 0.169301
v -1.894922 -3.210978 0.212084
v -1.863420 -3.227089 0.294657
v -1.927817 -3.187758 0.391492
v -1.925386 -3.100302 0.408422
v -1.940659 -3.026475 0.360912
v -1.964690 -3.009522 0.276791
v -1.983401 -3.059376 0.205338
v -1.985831 -3.146832 0.188408
v -1.970559 -3.220659 0.235919
v -1.946528 -3.237612 0.320039
v -2.011697 -3.180197 0.411872
v -1.992148 -3.094902 0.424348
v -1.989575 -3.023175 0.372758
v -2.005484 -3.007032 0.287322
v -2.030557 -3.055930 0.218088
v -2.050106 -3.141225 0.205612
v -2.052679 -3.212952 0.257203
v -2.036770 -3.229095 0.342638
v -2.099879 -3.152236 0.428094
v -2.064420 -3.072595 0.437359
v -2.045107 -3.006624 0.382947
v -2.053252 -2.992967 0.296731
v -2.084085 -3.039626 0.229216
v -2.119544 -3.119268 0.219951
v -2.138857 -3.185239 0.274364
v -2.130712 -3.198895 0.360579
v -2.190035 -3.102338 0.438907
v -2.141488 -3.030589 0.446350
v -2.108284 -2.972761 0.390552
v -2.109874 -2.962728 0.304200
v -2.145325 -3.006367 0.237876
v -2.193871 -3.078115 0.230433
v -2.227075 -3.135943 0.286230
v -2.225486 -3.145977 0.372583
v 1.858909 -0.685851 0.710603
v 1.852314 -0.011948 0.991082
v 1.858904 0.662039 0.710804
v 1.897332 -0.011662 -0.923464
v 1.890741 -0.685649 -0.643185
v 1.874826 -0.964907 0.033667
v 1.874820 0.941297 0.033951
v 1.890736 0.662241 -0.642985
v 1.874824 -0.410426 0.033749
v 1.881532 -0.292722 -0.251538
v 1.884280 -0.011745 -0.368382
v 1.868114 0.269112 0.319156
v 1.865366 -0.011865 0.436001
v 1.868116 -0.292807 0.319072
v 1.881530 0.269197 -0.251454
v 1.874822 0.386816 0.033868
v 2.822427 -0.045866 0.056085
v 2.823235 -0.011800 0.021697
v 2.822427 0.022256 0.056096
v 2.821618 -0.011810 0.090484
v 2.822427 -0.130815 0.056073
v 2.823831 -0.070467 -0.003612
v 2.825322 -0.132807 -0.067055
v 2.819601 -0.011823 0.176261
v 2.821023 -0.070485 0.115775
v 2.819532 -0.132843 0.179200
v 2.822426 0.107205 0.056108
v 2.821023 0.046857 0.115792
v 2.819531 0.109197 0.179236
v 2.825252 -0.011787 -0.064080
v 2.823830 0.046875 -0.003594
v 2.825321 0.109233 -0.067019
v 2.822427 -0.219045 0.056059
v 2.826576 -0.185189 -0.120366
v 2.827347 -0.011774 -0.153178
v 2.826574 0.161632 -0.120314
v 2.822426 0.195435 0.056121
v 2.818277 0.161579 0.232547
v 2.817506 -0.011836 0.265359
v 2.818279 -0.185242 0.232495
v 2.822427 -0.011805 0.056090
v 1.841246 0.690627 0.275825
v 1.839192 0.654330 0.363159
v 1.838313 0.567434 0.400537
v 1.858051 0.687431 0.273116
v 1.860439 0.651595 0.360160
v 1.862645 0.564693 0.396350
v 1.863377 0.477631 0.360486
v 1.862207 0.441408 0.273577
v 1.859819 0.477245 0.186533
v 1.857614 0.564147 0.150343
v 1.856881 0.651209 0.186207
v 1.885399 0.689183 0.273944
v 1.885088 0.653340 0.360237
v 1.898592 0.568290 0.396505
v 1.917999 0.483854 0.361504
v 1.931941 0.449493 0.275736
v 1.932252 0.485336 0.189443
v 1.918748 0.570385 0.153175
v 1.899341 0.654822 0.188176
v 1.908245 0.694835 0.277145
v 1.905719 0.658615 0.362460
v 1.930768 0.577659 0.400085
v 1.968717 0.499390 0.367980
v 1.997337 0.469657 0.284951
v 1.999862 0.505877 0.199636
v 1.974813 0.586833 0.162011
v 1.936864 0.665102 0.194116
v 1.927668 0.703938 0.282288
v 1.923568 0.667163 0.366516
v 1.959435 0.592618 0.406768
v 2.014258 0.523969 0.379464
v 2.055924 0.501432 0.300599
v 2.060024 0.538207 0.216371
v 2.024157 0.612752 0.176119
v 1.969334 0.681401 0.203423
v 1.944566 0.716762 0.289353
v 1.939546 0.679489 0.372522
v 1.984580 0.613341 0.416429
v 2.053287 0.557068 0.395356
v 2.105420 0.543632 0.321646
v 2.110439 0.580906 0.238478
v 2.065405 0.647053 0.194570
v 1.996698 0.703326 0.215643
v 1.959201 0.734061 0.298572
v 1.953797 0.696543 0.380812
v 2.005735 0.640151 0.429005
v 2.084591 0.597918 0.414919
v 2.144172 0.594584 0.346807
v 2.149575 0.632102 0.264567
v 2.097637 0.688495 0.216374
v 2.018781 0.730728 0.230459
v 1.971081 0.756687 0.310182
v 1.965630 0.719282 0.391676
v 2.022010 0.673278 0.444355
v 2.107194 0.645625 0.437360
v 2.171284 0.652520 0.374790
v 2.176736 0.689925 0.293296
v 2.120356 0.735929 0.240617
v 2.035171 0.763583 0.247611
v 1.979132 0.785271 0.324259
v 1.973771 0.748347 0.405184
v 2.032270 0.712732 0.462196
v 2.120362 0.699288 0.461898
v 2.186443 0.715890 0.404465
v 2.191805 0.752814 0.323539
v 2.133305 0.788430 0.266527
v 2.045214 0.801874 0.266825
v 1.981976 0.820106 0.340660
v 1.976689 0.783978 0.421157
v 2.035322 0.758287 0.482108
v 2.123529 0.758082 0.487809
v 2.189639 0.783485 0.434921
v 2.194926 0.819613 0.354424
v 2.136293 0.845304 0.293473
v 2.048086 0.845509 0.287771
v 1.978159 0.861168 0.359050
v 1.972837 0.826065 0.439209
v 2.030024 0.809546 0.503572
v 2.116222 0.821286 0.514437
v 2.180937 0.854410 0.465439
v 2.186259 0.889514 0.385281
v 2.129071 0.906033 0.320917
v 2.042874 0.894292 0.310052
v 1.966280 0.908194 0.378958
v 1.960768 0.874259 0.458821
v 2.015326 0.866007 0.526016
v 2.097996 0.888273 0.541183
v 2.160349 0.928013 0.495437
v 2.165861 0.961948 0.415574
v 2.111302 0.970200 0.348379
v 2.028634 0.947934 0.333212
v 1.945078 0.960692 0.399799
v 1.939224 0.927971 0.479361
v 1.990302 0.927064 0.548825
v 2.068391 0.958500 0.567500
v 2.127749 1.003866 0.524446
v 2.133604 1.036587 0.444884
v 2.082525 1.037495 0.375420
v 2.004436 1.006058 0.356745
v 1.833479 0.344374 0.606121
v 1.831324 0.320785 0.697790
v 1.925323 0.080328 0.646616
v 1.932154 0.095239 0.550951
v 1.930167 0.171041 0.496773
v 1.920608 0.261616 0.514296
v 1.911855 0.315118 0.591513
v 1.909032 0.302279 0.684857
v 1.910870 0.228887 0.741123
v 1.916398 0.136276 0.725936
v 2.011674 0.069743 0.669121
v 2.033741 0.084776 0.581204
v 2.041492 0.162743 0.527191
v 2.027132 0.256439 0.541458
v 2.000293 0.308303 0.611581
v 1.970345 0.290186 0.703215
v 1.971118 0.216916 0.754349
v 1.987915 0.125102 0.740251
v 2.097008 0.109081 0.725981
v 2.143558 0.150467 0.658822
v 2.146322 0.235954 0.615673
v 2.105600 0.307156 0.616767
v 2.047531 0.332864 0.667875
v 1.998650 0.301380 0.745484
v 2.005342 0.226326 0.788636
v 2.044933 0.144849 0.778510
v 2.141874 0.178636 0.812736
v 2.187450 0.255883 0.789095
v 2.179177 0.331687 0.748125
v 2.126104 0.370466 0.716950
v 2.057172 0.363923 0.728777
v 2.006491 0.314882 0.779393
v 2.018445 0.239727 0.818561
v 2.071837 0.175044 0.827516
v 2.139334 0.237272 0.903026
v 2.178916 0.331229 0.897943
v 2.170196 0.405608 0.854420
v 2.116899 0.425002 0.802088
v 2.052996 0.389013 0.773006
v 2.007162 0.322261 0.795111
v 2.020938 0.248946 0.835658
v 2.075075 0.204756 0.874182
v 2.107783 0.282266 0.975923
v 2.135838 0.381177 0.988293
v 2.128094 0.455543 0.941614
v 2.090698 0.465191 0.865280
v 2.043174 0.406892 0.803289
v 2.005638 0.326707 0.803198
v 2.018710 0.257060 0.848166
v 2.063323 0.230869 0.913928
v 2.052409 0.316691 1.031731
v 2.064793 0.418132 1.053370
v 2.061492 0.490372 1.002979
v 2.045680 0.493102 0.911490
v 2.026869 0.426445 0.828017
v 1.998190 0.337904 0.816983
v 2.007914 0.272177 0.866740
v 2.034266 0.257026 0.950925
v 1.978561 0.346894 1.070223
v 1.977192 0.446438 1.094070
v 1.979547 0.517079 1.041538
v 1.984513 0.517805 0.944070
v 1.996019 0.450871 0.850282
v 1.979314 0.361059 0.835474
v 1.981747 0.297414 0.889907
v 1.984435 0.285006 0.983784
v 1.886488 0.376661 1.094889
v 1.875813 0.471722 1.116407
v 1.883368 0.541238 1.063226
v 1.905194 0.543566 0.966167
v 1.937659 0.479326 0.873056
v 1.942791 0.394881 0.853337
v 1.932551 0.328986 0.912925
v 1.911576 0.315520 1.010930
v 1.771623 0.405872 1.107016
v 1.757993 0.496132 1.123800
v 1.769142 0.564636 1.071154
v 1.801837 0.571045 0.978922
v 1.844747 0.510347 0.895408
v 1.863624 0.428753 0.877195
v 1.842934 0.359168 0.938377
v 1.811447 0.351550 1.031523
v 1.633060 0.430678 1.103400
v 1.621728 0.516930 1.116034
v 1.635014 0.584815 1.064576
v 1.669852 0.595342 0.978952
v 1.719075 0.544657 0.908187
v 1.741351 0.463325 0.898496
v 1.721768 0.398469 0.955731
v 1.675742 0.383687 1.038607
v 1.579466 0.489765 0.896897
v 1.559072 0.423146 0.949512
v 1.835990 -0.296796 0.499360
v 1.835945 -0.202112 0.501242
v 1.834355 -0.135861 0.568896
v 1.950929 -0.306057 0.530387
v 1.960429 -0.212425 0.533442
v 1.942718 -0.145760 0.597541
v 1.908172 -0.145113 0.685135
v 1.877027 -0.210864 0.744913
v 1.867527 -0.304496 0.741857
v 1.885238 -0.371161 0.677758
v 1.919784 -0.371808 0.590164
v 2.040901 -0.318843 0.579711
v 2.054410 -0.226535 0.584997
v 2.025208 -0.158652 0.642185
v 1.970403 -0.154961 0.717775
v 1.922097 -0.217621 0.767488
v 1.908589 -0.309930 0.762203
v 1.937790 -0.377812 0.705014
v 1.992595 -0.381504 0.629424
v 2.108148 -0.335020 0.647842
v 2.125401 -0.244380 0.656994
v 2.085052 -0.174196 0.702195
v 2.010737 -0.165581 0.756967
v 1.945989 -0.223581 0.789226
v 1.928736 -0.314220 0.780074
v 1.969085 -0.384404 0.734873
v 2.043400 -0.393019 0.680101
v 2.146547 -0.353532 0.731609
v 2.166152 -0.264814 0.746044
v 2.118465 -0.191435 0.774417
v 2.031420 -0.176379 0.800107
v 1.956005 -0.228465 0.808065
v 1.936399 -0.317183 0.793630
v 1.984087 -0.390563 0.765257
v 2.071133 -0.405619 0.739567
v 2.151635 -0.372085 0.821860
v 2.171474 -0.285253 0.841813
v 2.122916 -0.208619 0.851854
v 2.034405 -0.187075 0.846102
v 1.957790 -0.233240 0.827926
v 1.937950 -0.320072 0.807973
v 1.986509 -0.396705 0.797932
v 2.075019 -0.418250 0.803684
v 2.125554 -0.388387 0.908252
v 2.143914 -0.303150 0.932704
v 2.100212 -0.224049 0.926919
v 2.020048 -0.197421 0.894286
v 1.950381 -0.238863 0.853921
v 1.932021 -0.324099 0.829469
v 1.975724 -0.403200 0.835254
v 2.055887 -0.429829 0.867887
v 2.074085 -0.401312 0.985086
v 2.090178 -0.317331 1.012623
v 2.054403 -0.236800 0.995159
v 1.987715 -0.206893 0.942924
v 1.929180 -0.245129 0.886517
v 1.913087 -0.329110 0.858980
v 1.948862 -0.409641 0.876444
v 2.015550 -0.439548 0.928679
v 2.001803 -0.410538 1.050569
v 2.015488 -0.327550 1.080009
v 1.988642 -0.246456 1.054628
v 1.936992 -0.214761 0.989293
v 1.890793 -0.251030 0.922277
v 1.877108 -0.334018 0.892836
v 1.903953 -0.415112 0.918217
v 1.955603 -0.446807 0.983552
v 1.911210 -0.415866 1.103876
v 1.922618 -0.333697 1.134389
v 1.904698 -0.252671 1.103947
v 1.867949 -0.220253 1.030385
v 1.833897 -0.255432 0.956792
v 1.822490 -0.337602 0.926280
v 1.840409 -0.418627 0.956721
v 1.877158 -0.451046 1.030284
v 1.803658 -0.416986 1.143871
v 1.813000 -0.335521 1.174891
v 1.803592 -0.255011 1.141491
v 1.780944 -0.222617 1.063237
v 1.758323 -0.257315 0.985970
v 1.748981 -0.338780 0.954950
v 1.758389 -0.419290 0.988350
v 1.781037 -0.451684 1.066604
v 1.680046 -0.413471 1.168972
v 1.687550 -0.332638 1.200110
v 1.686062 -0.252966 1.165321
v 1.676453 -0.221128 1.084985
v 1.664352 -0.255773 1.006160
v 1.656848 -0.336607 0.975022
v 1.658336 -0.416278 1.009811
v 1.667945 -0.448116 1.090148
v 1.918311 -0.647108 0.382890
v 1.911182 -0.706158 0.309891
v 1.916429 -0.697264 0.216297
v 1.930978 -0.625635 0.156933
v 1.946307 -0.533230 0.166573
v 1.953436 -0.474179 0.239571
v 1.948189 -0.483073 0.333166
v 1.933640 -0.554702 0.392530
v 1.967975 -0.662935 0.385455
v 1.948093 -0.717297 0.312101
v 1.961101 -0.711051 0.219781
v 1.999378 -0.647857 0.162574
v 2.040502 -0.564733 0.173992
v 2.060383 -0.510371 0.247346
v 2.047375 -0.516616 0.339666
v 2.009098 -0.579811 0.396873
v 2.006590 -0.690368 0.390376
v 1.976668 -0.737029 0.316051
v 1.996540 -0.735806 0.225494
v 2.054565 -0.687414 0.171753
v 2.116754 -0.620200 0.186308
v 2.146676 -0.573538 0.260633
v 2.126804 -0.574762 0.351190
v 2.068779 -0.623154 0.404931
v 2.035679 -0.727694 0.397670
v 1.999374 -0.765501 0.322063
v 2.024297 -0.770969 0.233674
v 2.095846 -0.740894 0.184279
v 2.172110 -0.692895 0.202814
v 2.208415 -0.655088 0.278420
v 2.183492 -0.649621 0.366809
v 2.111943 -0.679695 0.416204
v 2.054587 -0.772807 0.407294
v 2.015120 -0.802003 0.330344
v 2.043058 -0.815173 0.244452
v 2.122037 -0.804600 0.199932
v 2.205792 -0.776479 0.222864
v 2.245259 -0.747283 0.299814
v 2.217320 -0.734114 0.385706
v 2.138341 -0.744686 0.430226
v 2.062032 -0.822336 0.418942
v 2.021808 -0.843701 0.340675
v 2.050726 -0.865304 0.257625
v 2.131846 -0.874489 0.218441
v 2.217650 -0.865876 0.246078
v 2.257874 -0.844511 0.324345
v 2.228956 -0.822908 0.407396
v 2.147836 -0.813723 0.446579
v 2.057235 -0.872310 0.432129
v 2.018089 -0.886705 0.352565
v 2.045749 -0.917358 0.272781
v 2.124011 -0.946314 0.239514
v 2.207032 -0.956609 0.272252
v 2.246178 -0.942214 0.351816
v 2.218518 -0.911561 0.431600
v 2.140255 -0.882605 0.464867
v 2.040029 -0.919173 0.446408
v 2.003505 -0.927524 0.365555
v 2.027225 -0.967482 0.289518
v 2.097297 -1.015640 0.262838
v 2.172672 -1.043788 0.301144
v 2.209196 -1.035437 0.381997
v 2.185475 -0.995479 0.458035
v 2.115404 -0.947321 0.484715
v 2.010066 -0.960479 0.461643
v 1.977453 -0.963965 0.379562
v 1.994237 -1.012546 0.307651
v 2.050583 -1.077762 0.288034
v 2.113487 -1.121412 0.332203
v 2.146099 -1.117925 0.414284
v 2.129315 -1.069344 0.486195
v 2.072969 -1.004128 0.505812
v 1.965540 -0.994544 0.478161
v 1.937645 -0.994682 0.395047
v 1.944926 -1.049853 0.327305
v 1.983118 -1.127740 0.314616
v 2.029849 -1.182717 0.364413
v 2.057744 -1.182579 0.447526
v 2.050462 -1.127407 0.515269
v 2.012271 -1.049521 0.527958
v 1.902816 -1.018838 0.496491
v 1.879710 -1.017229 0.412685
v 1.876333 -1.076004 0.348701
v 1.894663 -1.160735 0.342020
v 1.923963 -1.221787 0.396556
v 1.947069 -1.223397 0.480362
v 1.950446 -1.164621 0.544346
v 1.932115 -1.079890 0.551027
v 1.799347 -1.026677 0.432658
v 1.850971 -0.487780 -0.137786
v 1.928462 -0.666010 -0.097118
v 1.900830 -0.717784 -0.170756
v 1.894217 -0.703342 -0.263569
v 1.912498 -0.631146 -0.321189
v 1.944965 -0.543486 -0.309862
v 1.972597 -0.491713 -0.236225
v 1.979210 -0.506154 -0.143411
v 1.960929 -0.578351 -0.085792
v 1.974404 -0.692536 -0.107921
v 1.921473 -0.729277 -0.175594
v 1.908047 -0.711009 -0.266243
v 1.941992 -0.648432 -0.326767
v 2.003422 -0.578204 -0.321712
v 2.056354 -0.541463 -0.254039
v 2.069779 -0.559732 -0.163390
v 2.035835 -0.622308 -0.102866
v 2.009290 -0.734766 -0.124927
v 1.941239 -0.753035 -0.185194
v 1.923776 -0.730058 -0.273308
v 1.967131 -0.679293 -0.337652
v 2.045908 -0.630480 -0.340535
v 2.113960 -0.612210 -0.280268
v 2.131423 -0.635188 -0.192155
v 2.088067 -0.685952 -0.127810
v 2.033015 -0.790233 -0.147125
v 1.958247 -0.792058 -0.200699
v 1.939013 -0.764967 -0.286488
v 1.986579 -0.724830 -0.354239
v 2.073081 -0.695159 -0.364264
v 2.147849 -0.693335 -0.310690
v 2.167084 -0.720426 -0.224901
v 2.119518 -0.760562 -0.157150
v 2.044976 -0.855381 -0.173085
v 1.968222 -0.843775 -0.221101
v 1.948473 -0.813427 -0.304889
v 1.997298 -0.782114 -0.375367
v 2.086095 -0.768180 -0.391250
v 2.162850 -0.779787 -0.343234
v 2.182599 -0.810135 -0.259446
v 2.133774 -0.841448 -0.188968
v 2.044935 -0.926175 -0.201186
v 1.968764 -0.903230 -0.244449
v 1.949165 -0.870231 -0.326469
v 1.997619 -0.846510 -0.399199
v 2.085743 -0.845960 -0.420035
v 2.161915 -0.868905 -0.376772
v 2.181513 -0.901903 -0.294753
v 2.133059 -0.925625 -0.222022
v 2.032994 -0.998518 -0.229782
v 1.959183 -0.965223 -0.268685
v 1.940172 -0.929892 -0.349062
v 1.987098 -0.913220 -0.423828
v 2.072473 -0.924974 -0.449188
v 2.146285 -0.958268 -0.410285
v 2.165296 -0.993599 -0.329908
v 2.118369 -1.010271 -0.255141
v 2.009485 -1.068357 -0.257245
v 1.939868 -1.024802 -0.291849
v 1.921876 -0.987224 -0.370622
v 1.966047 -0.977636 -0.447420
v 2.046508 -1.001655 -0.477256
v 2.116125 -1.045210 -0.442652
v 2.134117 -1.082788 -0.363879
v 2.089945 -1.092376 -0.287081
v 1.974935 -1.131717 -0.281981
v 1.912073 -1.077388 -0.312141
v 1.895681 -1.037498 -0.389297
v 1.935363 -1.035416 -0.468253
v 2.007872 -1.072361 -0.502757
v 2.070734 -1.126690 -0.472597
v 2.087125 -1.166579 -0.395440
v 2.047444 -1.168661 -0.316484
v 1.930067 -1.184807 -0.302471
v 1.877849 -1.119212 -0.328094
v 1.863931 -1.076944 -0.403630
v 1.896466 -1.082764 -0.484831
v 1.956395 -1.133262 -0.524130
v 2.008613 -1.198857 -0.498506
v 2.022531 -1.241125 -0.422970
v 1.989996 -1.235305 -0.341770
v 1.875617 -1.224265 -0.317367
v 1.839297 -1.148269 -0.338938
v 1.829020 -1.103855 -0.412977
v 1.850806 -1.117041 -0.496112
v 1.891894 -1.180102 -0.539644
v 1.928215 -1.256098 -0.518073
v 1.938492 -1.300512 -0.444034
v 1.916705 -1.287327 -0.360899
v 1.795895 -1.164682 -0.344669
v 1.790278 -1.119007 -0.417588
v 1.937731 -0.338937 -0.635453
v 1.938409 -0.252502 -0.670744
v 1.953121 -0.167110 -0.635976
v 1.973248 -0.132783 -0.551516
v 1.987000 -0.169629 -0.466839
v 1.986321 -0.256065 -0.431547
v 1.971610 -0.341457 -0.466315
v 1.951484 -0.375784 -0.550776
v 1.973616 -0.342506 -0.646191
v 1.972589 -0.257232 -0.680291
v 2.004736 -0.175796 -0.652534
v 2.051225 -0.145904 -0.579179
v 2.084824 -0.185065 -0.503198
v 2.085851 -0.270340 -0.469099
v 2.053704 -0.351775 -0.496856
v 2.007215 -0.381668 -0.570210
v 1.996154 -0.347407 -0.661902
v 1.993344 -0.263024 -0.694005
v 2.040310 -0.187355 -0.678928
v 2.109538 -0.164725 -0.625503
v 2.160476 -0.208390 -0.565025
v 2.163285 -0.292773 -0.532922
v 2.116320 -0.368442 -0.547999
v 2.047091 -0.391072 -0.601424
v 2.010768 -0.353825 -0.683191
v 2.006625 -0.270095 -0.712500
v 2.062507 -0.201082 -0.713519
v 2.145681 -0.187211 -0.685651
v 2.207423 -0.236608 -0.645221
v 2.211566 -0.320338 -0.615913
v 2.155683 -0.389352 -0.614894
v 2.072510 -0.403222 -0.642761
v 2.018196 -0.362511 -0.712912
v 2.013546 -0.279329 -0.738958
v 2.071844 -0.216653 -0.756054
v 2.158942 -0.211197 -0.754185
v 2.223818 -0.266159 -0.734446
v 2.228469 -0.349341 -0.708399
v 2.170171 -0.412017 -0.691303
v 2.083072 -0.417472 -0.693173
v 2.015267 -0.373349 -0.751907
v 2.011005 -0.290750 -0.774617
v 2.066781 -0.233398 -0.805538
v 2.149921 -0.234887 -0.826558
v 2.211724 -0.294346 -0.825364
v 2.215986 -0.376945 -0.802655
v 2.160211 -0.434298 -0.771734
v 2.077070 -0.432809 -0.750713
v 1.998134 -0.385247 -0.798269
v 1.995041 -0.303361 -0.817849
v 2.045235 -0.250173 -0.859679
v 2.119312 -0.256839 -0.899256
v 2.173878 -0.319454 -0.913396
v 2.176971 -0.401339 -0.893817
v 2.126778 -0.454527 -0.851987
v 2.052701 -0.447862 -0.812410
v 1.963739 -0.396664 -0.848710
v 1.962418 -0.315675 -0.865544
v 2.005363 -0.265592 -0.915464
v 2.067417 -0.275755 -0.969227
v 2.112231 -0.340210 -0.995339
v 2.113552 -0.421200 -0.978505
v 2.070606 -0.471282 -0.928585
v 2.008552 -0.461119 -0.874822
v 1.909762 -0.405943 -0.899541
v 1.910616 -0.326055 -0.914120
v 1.945598 -0.278179 -0.969614
v 1.994216 -0.290360 -1.033516
v 2.027990 -0.355463 -1.068391
v 2.027136 -0.435352 -1.053812
v 1.992154 -0.483227 -0.998318
v 1.943536 -0.471046 -0.934416
v 1.834335 -0.411387 -0.946952
v 1.837557 -0.332805 -0.959813
v 1.864545 -0.286404 -1.018717
v 1.899488 -0.299366 -1.089158
v 1.921917 -0.364098 -1.129874
v 1.918695 -0.442681 -1.117012
v 1.891707 -0.489081 -1.058108
v 1.856764 -0.476119 -0.987667
v 1.735923 -0.411277 -0.987031
v 1.741515 -0.334180 -0.998695
v 1.760969 -0.288699 -1.059227
v 1.782890 -0.301475 -1.133170
v 1.794437 -0.365025 -1.177207
v 1.788845 -0.442122 -1.165543
v 1.769391 -0.487603 -1.105011
v 1.747470 -0.474827 -1.031069
v 1.857948 0.186410 -0.434484
v 1.859178 0.107544 -0.486814
v 1.861354 0.087705 -0.579342
v 1.863200 0.138515 -0.657866
v 1.858383 0.278104 -0.453006
v 2.029711 0.207951 -0.456202
v 2.030979 0.128488 -0.506705
v 2.007743 0.105310 -0.594963
v 1.973615 0.151995 -0.669276
v 1.948587 0.241195 -0.686112
v 1.947319 0.320659 -0.635609
v 1.970555 0.343837 -0.547351
v 2.004683 0.297152 -0.473039
v 2.127297 0.234125 -0.503807
v 2.121844 0.153450 -0.550637
v 2.078091 0.124835 -0.628084
v 2.021667 0.165043 -0.690781
v 1.985626 0.250520 -0.702002
v 1.991078 0.331195 -0.655172
v 2.034831 0.359810 -0.577725
v 2.091255 0.319602 -0.515027
v 2.199725 0.264857 -0.575067
v 2.188876 0.182496 -0.616249
v 2.127363 0.146421 -0.675509
v 2.051220 0.177765 -0.718133
v 2.005051 0.258165 -0.719153
v 2.015900 0.340526 -0.677970
v 2.077413 0.376600 -0.618711
v 2.153555 0.345257 -0.576087
v 2.240989 0.297884 -0.661972
v 2.227358 0.213926 -0.697026
v 2.155781 0.169898 -0.734469
v 2.068187 0.191593 -0.752367
v 2.015888 0.266301 -0.740235
v 2.029519 0.350259 -0.705180
v 2.101097 0.394287 -0.667737
v 2.188690 0.372592 -0.649840
v 2.252051 0.330632 -0.753545
v 2.237879 0.245669 -0.783741
v 2.164099 0.194888 -0.801327
v 2.073931 0.208035 -0.796001
v 2.020195 0.277410 -0.770883
v 2.034367 0.362373 -0.740687
v 2.108146 0.413155 -0.723101
v 2.198314 0.400007 -0.728427
v 2.238931 0.362223 -0.843133
v 2.225221 0.276940 -0.870320
v 2.153945 0.221129 -0.872583
v 2.066856 0.227482 -0.848596
v 2.014969 0.292278 -0.812409
v 2.028679 0.377561 -0.785222
v 2.099955 0.433372 -0.782959
v 2.187044 0.427019 -0.806947
v 2.207102 0.393065 -0.928450
v 2.193941 0.308007 -0.954182
v 2.127173 0.248564 -0.945306
v 2.045911 0.249557 -0.907023
v 1.997756 0.310404 -0.861758
v 2.010918 0.395461 -0.836027
v 2.077685 0.454904 -0.844902
v 2.158948 0.453911 -0.883185
v 2.159986 0.423826 -1.008484
v 2.147017 0.339392 -1.033858
v 2.085459 0.277239 -1.016870
v 2.011372 0.273774 -0.967472
v 1.968155 0.331027 -0.914601
v 1.981124 0.415461 -0.889228
v 2.042682 0.477614 -0.906215
v 2.116769 0.481079 -0.955613
v 2.099688 0.455037 -1.081972
v 2.086346 0.371542 -1.107734
v 2.030264 0.307226 -1.084689
v 1.964292 0.299763 -1.026336
v 1.927077 0.353525 -0.966859
v 1.940418 0.437019 -0.941097
v 1.996501 0.501336 -0.964142
v 2.062472 0.508799 -1.022495
v 2.027708 0.487068 -1.147121
v 2.013291 0.404798 -1.173762
v 1.962898 0.338609 -1.146094
v 1.906047 0.327275 -1.080326
v 1.876042 0.377434 -1.014983
v 1.890458 0.459704 -0.988343
v 1.940852 0.525893 -1.016010
v 1.997702 0.537227 -1.081779
v 1.945313 0.520174 -1.201649
v 1.928984 0.439419 -1.229432
v 1.884579 0.371476 -1.198256
v 1.838111 0.356145 -1.126383
v 1.816800 0.402408 -1.055916
v 1.833130 0.483163 -1.028133
v 1.877534 0.551106 -1.059309
v 1.924002 0.566436 -1.131181
v 1.850115 0.491662 -0.101385
v 1.851934 0.436925 -0.178728
v 1.951957 0.490669 -0.288680
v 1.912434 0.553515 -0.336640
v 1.879920 0.635333 -0.316365
v 1.873461 0.688194 -0.239732
v 1.896840 0.681134 -0.151632
v 1.936363 0.618288 -0.103673
v 1.968878 0.536470 -0.123948
v 1.975337 0.483609 -0.200580
v 2.041242 0.546264 -0.315187
v 1.973716 0.593923 -0.355591
v 1.918223 0.662654 -0.329897
v 1.907269 0.712196 -0.253155
v 1.947273 0.713527 -0.170320
v 2.014799 0.665869 -0.129916
v 2.070293 0.597138 -0.155610
v 2.081246 0.547596 -0.232352
v 2.081223 0.593499 -0.337279
v 2.006390 0.631681 -0.372968
v 1.943938 0.691284 -0.343325
v 1.930452 0.737395 -0.265714
v 1.973830 0.743001 -0.185600
v 2.048663 0.704819 -0.149911
v 2.111114 0.645216 -0.179554
v 2.124601 0.599105 -0.257165
v 2.115278 0.650477 -0.361938
v 2.034286 0.677197 -0.392376
v 1.965709 0.725388 -0.358096
v 1.949719 0.766820 -0.279179
v 1.995684 0.777224 -0.201853
v 2.076677 0.750505 -0.171415
v 2.145253 0.702314 -0.205695
v 2.161243 0.660881 -0.284612
v 2.139714 0.717185 -0.388071
v 2.054299 0.730014 -0.412767
v 1.981175 0.764071 -0.373231
v 1.963176 0.799406 -0.292623
v 2.010846 0.815320 -0.218163
v 2.096261 0.802491 -0.193467
v 2.169385 0.768434 -0.233003
v 2.187384 0.733100 -0.313611
v 2.150393 0.792890 -0.414248
v 2.063354 0.789669 -0.433084
v 1.988455 0.807151 -0.388078
v 1.969571 0.835095 -0.305594
v 2.017764 0.857133 -0.233951
v 2.104803 0.860354 -0.215115
v 2.179703 0.842871 -0.260121
v 2.198586 0.814927 -0.342604
v 2.143402 0.875723 -0.438705
v 2.058400 0.855611 -0.452240
v 1.985486 0.855457 -0.402276
v 1.967372 0.875351 -0.318079
v 2.014668 0.903640 -0.248972
v 2.099670 0.923751 -0.235436
v 2.172584 0.923905 -0.285401
v 2.190698 0.904011 -0.369598
v 2.115924 0.963048 -0.459687
v 2.036482 0.927195 -0.469139
v 1.969238 0.910451 -0.415438
v 1.953583 0.922626 -0.330041
v 1.998687 0.956588 -0.262973
v 2.078130 0.992442 -0.253521
v 2.145374 1.009185 -0.307222
v 2.161029 0.997010 -0.392619
v 2.066390 1.052599 -0.475873
v 1.994782 1.003757 -0.482708
v 1.935631 0.973203 -0.426783
v 1.923588 0.978836 -0.340857
v 1.965706 1.017355 -0.275265
v 2.037314 1.066197 -0.268430
v 2.096465 1.096750 -0.324355
v 2.108509 1.091118 -0.410281
v -1.078992 -0.075769 -1.033981
v -0.371962 -0.774370 -0.721560
v -1.799925 -0.075813 -0.755026
v -2.112451 -0.075920 -0.047999
v -1.833496 -0.076026 0.672935
v -1.126469 -0.076070 0.985460
v -0.405533 -0.774583 0.706401
v -0.093006 -1.063827 -0.000670
v -1.015869 -0.010149 -1.032488
v -0.323871 0.703985 -0.720209
v -0.323866 -0.724371 -0.720422
v -0.051135 -1.020300 0.000321
v -0.357437 -0.724584 0.707539
v -1.063346 -0.010450 0.986954
v -0.357442 0.703772 0.707752
v -0.051142 0.999700 0.000622
v -1.078993 0.065581 -1.033960
v -0.371967 0.761686 -0.721331
v -1.799926 0.065537 -0.755005
v -2.112452 0.065430 -0.047978
v -1.833497 0.065323 0.672956
v -1.126469 0.065279 0.985481
v -0.405538 0.761473 0.706630
v -0.093013 1.049934 -0.000355
v -1.078982 -2.967342 -1.034413
v -0.371954 -2.977576 -0.721888
v -1.799915 -2.967386 -0.755458
v -2.112441 -2.967492 -0.048430
v -1.833486 -2.967599 0.672503
v -1.126459 -2.967643 0.985029
v -0.405525 -2.977790 0.706073
v -0.092999 -2.981904 -0.000956
v 1.863176 -0.010149 -0.964802
v 1.869791 0.703985 -0.668636
v 1.869796 -0.724371 -0.668849
v 1.858632 -1.020300 0.045219
v 1.836224 -0.724584 0.759112
v 1.815700 -0.010450 1.054640
v 1.836219 0.703772 0.759325
v 1.858625 0.999700 0.045520
v -1.079002 2.907015 -1.033537
v -0.371975 2.926691 -0.721008
v -1.799936 2.906971 -0.754582
v -2.112462 2.906865 -0.047554
v -1.833507 2.906758 0.673379
v -1.126479 2.906714 0.985905
v -0.405546 2.926478 0.706953
v -0.093020 2.934753 -0.000074
v -1.506155 2.951836 0.255192
v -1.504092 2.949944 0.255300
v -1.638660 2.949944 0.042392
v -1.640993 2.951836 0.043518
v -1.854275 2.949944 0.176758
v -1.852668 2.951836 0.178357
v -1.718276 2.949944 0.392029
v -1.717829 2.951836 0.390031
v -1.168890 2.951836 0.519476
v -1.167783 2.949944 0.517116
v -1.378778 2.951836 0.384143
v -1.378861 2.949944 0.382078
v -1.514110 2.951836 0.594031
v -1.516107 2.949944 0.594482
v -1.302630 2.949944 0.730978
v -1.304222 2.951836 0.729364
v -1.012702 2.951836 -0.509155
v -1.014222 2.949944 -0.507754
v -0.769652 2.949944 -0.453203
v -0.768765 2.951836 -0.455652
v -0.712994 2.949944 -0.699598
v -0.715262 2.951836 -0.699588
v -0.960288 2.949944 -0.754825
v -0.959198 2.951836 -0.753092
v -1.378778 2.951836 -0.431762
v -1.378861 2.949944 -0.429696
v -1.168890 2.951836 -0.567094
v -1.167783 2.949944 -0.564734
v -1.304222 2.951836 -0.776982
v -1.302630 2.949944 -0.778597
v -1.516107 2.949944 -0.642100
v -1.514110 2.951836 -0.641650
v -0.621896 2.951836 0.067405
v -0.623279 2.949944 0.065871
v -0.677890 2.949944 0.311746
v -0.675441 2.951836 0.312600
v -0.430234 2.949944 0.368412
v -0.430245 2.951836 0.366144
v -0.374975 2.949944 0.119849
v -0.376701 2.951836 0.120949
v -0.768765 2.951836 0.408033
v -0.769652 2.949944 0.405585
v -1.012702 2.951836 0.461537
v -1.014222 2.949944 0.460135
v -0.959198 2.951836 0.705474
v -0.960288 2.949944 0.707206
v -0.712994 2.949944 0.651980
v -0.715262 2.951836 0.651970
v -1.583586 2.951836 -0.115022
v -1.582203 2.949944 -0.113489
v -1.530041 2.951836 -0.360218
v -1.527592 2.949944 -0.359364
v -1.775237 2.951836 -0.413762
v -1.775248 2.949944 -0.416030
v -1.830507 2.949944 -0.167467
v -1.828781 2.951836 -0.168567
v -0.675441 2.951836 -0.360218
v -0.677890 2.949944 -0.359364
v -0.621896 2.951836 -0.115022
v -0.623279 2.949944 -0.113489
v -0.376701 2.951836 -0.168567
v -0.374975 2.949944 -0.167467
v -0.430234 2.949944 -0.416030
v -0.430245 2.951836 -0.413762
v -1.829088 2.951836 0.312120
v -1.830161 2.949944 0.313679
v -1.437195 2.951836 0.705167
v -1.438768 2.949944 0.706228
v -0.826149 2.951836 -0.776861
v -0.826502 2.949944 -0.778725
v -1.437195 2.951836 -0.752785
v -1.438768 2.949944 -0.753847
v -0.352691 2.951836 0.254636
v -0.350831 2.949944 0.254285
v -0.826149 2.951836 0.729243
v -0.826502 2.949944 0.731107
v -1.852791 2.951836 -0.302254
v -1.854651 2.949944 -0.301903
v -0.352691 2.951836 -0.302254
v -0.350831 2.949944 -0.301903
v -1.527960 2.949944 0.119929
v -1.529735 2.951836 0.121429
v -1.584066 2.951836 0.366451
v -1.583152 2.949944 0.368209
v -1.774757 2.951836 0.067098
v -1.777242 2.949944 0.066776
v -1.244309 2.949944 0.406567
v -1.245806 2.951836 0.408340
v -1.193087 2.951836 0.652448
v -1.192819 2.949944 0.654963
v -1.491661 2.949944 0.460139
v -1.489913 2.951836 0.461059
v -0.902019 2.949944 -0.429570
v -0.901815 2.951836 -0.431883
v -1.036471 2.951836 -0.642205
v -1.038354 2.949944 -0.642800
v -0.691492 2.951836 -0.566539
v -0.689518 2.949944 -0.568113
v -1.244310 2.949944 -0.454186
v -1.245806 2.951836 -0.455959
v -1.489913 2.951836 -0.508677
v -1.491661 2.949944 -0.507757
v -1.192819 2.949944 -0.702581
v -1.193087 2.951836 -0.700066
v -0.701764 2.949944 0.178727
v -0.699450 2.951836 0.178913
v -0.488209 2.951836 0.043395
v -0.487622 2.949944 0.041502
v -0.563932 2.951836 0.390154
v -0.562389 2.949944 0.392133
v -0.902019 2.949944 0.381952
v -0.901815 2.951836 0.384264
v -0.689518 2.949944 0.520495
v -0.691492 2.951836 0.518921
v -1.038354 2.949944 0.595182
v -1.036471 2.951836 0.594586
v -1.503717 2.949944 -0.226345
v -1.506032 2.951836 -0.226531
v -1.717860 2.949944 -0.089120
v -1.717273 2.951836 -0.091013
v -1.643093 2.949944 -0.439751
v -1.641550 2.951836 -0.437772
v -0.701765 2.949944 -0.226345
v -0.699450 2.951836 -0.226531
v -0.562389 2.949944 -0.439751
v -0.563932 2.951836 -0.437772
v -0.487622 2.949944 -0.089120
v -0.488209 2.951836 -0.091013
v -1.464554 2.951835 -0.023809
v -1.466600 2.949944 -0.023809
v -1.359062 2.949944 0.237018
v -1.357613 2.951835 0.235573
v -1.102741 2.949944 0.343684
v -1.102741 2.951835 0.341636
v -0.846420 2.949944 0.237018
v -0.847869 2.951835 0.235573
v -0.738882 2.949944 -0.023809
v -0.740928 2.951835 -0.023809
v -0.846420 2.949944 -0.284636
v -0.847869 2.951835 -0.283191
v -1.102741 2.949944 -0.391302
v -1.102741 2.951835 -0.389254
v -1.357612 2.951835 -0.283191
v -1.359062 2.949944 -0.284636
v -1.508153 3.022378 0.254749
v -1.506155 3.020487 0.255192
v -1.640993 3.020487 0.043518
v -1.641437 3.022378 0.045516
v -1.852668 3.020487 0.178357
v -1.850670 3.022378 0.178800
v -1.717829 3.020487 0.390031
v -1.717386 3.022378 0.388033
v -1.170891 3.022378 0.519908
v -1.168890 3.020487 0.519476
v -1.378346 3.022378 0.386144
v -1.378778 3.020487 0.384143
v -1.512110 3.022378 0.593599
v -1.514110 3.020487 0.594031
v -1.304222 3.020487 0.729364
v -1.304655 3.022378 0.727363
v -1.010978 3.022378 -0.510259
v -1.012702 3.020487 -0.509155
v -0.768765 3.020487 -0.455652
v -0.769869 3.022378 -0.457375
v -0.715262 3.020487 -0.699588
v -0.716985 3.022378 -0.698484
v -0.959198 3.020487 -0.753092
v -0.958094 3.022378 -0.751368
v -1.378346 3.022378 -0.433763
v -1.378778 3.020487 -0.431762
v -1.170891 3.022378 -0.567526
v -1.168890 3.020487 -0.567094
v -1.304654 3.022378 -0.774981
v -1.304222 3.020487 -0.776982
v -1.514110 3.020487 -0.641650
v -1.512109 3.022378 -0.641217
v -0.620791 3.022378 0.069127
v -0.621896 3.020487 0.067405
v -0.675441 3.020487 0.312600
v -0.673718 3.022378 0.311495
v -0.430245 3.020487 0.366144
v -0.431351 3.022378 0.364421
v -0.376701 3.020487 0.120949
v -0.378424 3.022378 0.122054
v -0.769869 3.022378 0.409757
v -0.768765 3.020487 0.408033
v -1.010978 3.022378 0.462641
v -1.012702 3.020487 0.461537
v -0.958095 3.022378 0.703750
v -0.959198 3.020487 0.705474
v -0.715262 3.020487 0.651970
v -0.716985 3.022378 0.650866
v -1.584691 3.022378 -0.116745
v -1.583586 3.020487 -0.115022
v -1.531764 3.022378 -0.359113
v -1.530041 3.020487 -0.360218
v -1.774132 3.022378 -0.412040
v -1.775237 3.020487 -0.413762
v -1.828781 3.020487 -0.168567
v -1.827059 3.022378 -0.169672
v -0.673718 3.022378 -0.359113
v -0.675441 3.020487 -0.360218
v -0.620791 3.022378 -0.116745
v -0.621896 3.020487 -0.115022
v -0.378424 3.022378 -0.169672
v -0.376701 3.020487 -0.168567
v -0.430245 3.020487 -0.413762
v -0.431350 3.022378 -0.412040
v -1.827362 3.022378 0.311020
v -1.829088 3.020487 0.312120
v -1.436085 3.022378 0.703446
v -1.437195 3.020487 0.705167
v -0.826587 3.022378 -0.774862
v -0.826149 3.020487 -0.776861
v -1.436085 3.022378 -0.751065
v -1.437195 3.020487 -0.752785
v -0.354691 3.022378 0.254199
v -0.352691 3.020487 0.254636
v -0.826587 3.022378 0.727243
v -0.826149 3.020487 0.729243
v -1.850791 3.022378 -0.301817
v -1.852791 3.020487 -0.302254
v -0.354691 3.022378 -0.301817
v -0.352691 3.020487 -0.302254
v -1.529735 3.020487 0.121429
v -1.531461 3.022378 0.122529
v -1.585166 3.022378 0.364725
v -1.584066 3.020487 0.366451
v -1.773657 3.022378 0.068824
v -1.774757 3.020487 0.067098
v -1.245806 3.020487 0.408340
v -1.246915 3.022378 0.410061
v -1.194808 3.022378 0.651339
v -1.193087 3.020487 0.652448
v -1.489913 3.020487 0.461059
v -1.488193 3.022378 0.462168
v -0.901815 3.020487 -0.431883
v -0.901376 3.022378 -0.433882
v -1.034472 3.022378 -0.641766
v -1.036471 3.020487 -0.642205
v -0.693492 3.022378 -0.566977
v -0.691492 3.020487 -0.566539
v -1.245806 3.020487 -0.455959
v -1.246915 3.022378 -0.457679
v -1.488193 3.022378 -0.509787
v -1.489913 3.020487 -0.508677
v -1.193087 3.020487 -0.700066
v -1.194807 3.022378 -0.698957
v -0.699450 3.020487 0.178913
v -0.697450 3.022378 0.179349
v -0.488646 3.022378 0.045395
v -0.488209 3.020487 0.043395
v -0.563496 3.022378 0.388154
v -0.563932 3.020487 0.390154
v -0.901815 3.020487 0.384264
v -0.901376 3.022378 0.386264
v -0.691492 3.020487 0.518921
v -0.693492 3.022378 0.519359
v -1.036471 3.020487 0.594586
v -1.034472 3.022378 0.594148
v -1.506032 3.020487 -0.226531
v -1.508032 3.022378 -0.226968
v -1.717273 3.020487 -0.091013
v -1.716836 3.022378 -0.093013
v -1.641550 3.020487 -0.437772
v -1.641986 3.022378 -0.435772
v -0.699450 3.020487 -0.226531
v -0.697450 3.022378 -0.226968
v -0.563932 3.020487 -0.437772
v -0.563496 3.022378 -0.435772
v -0.488209 3.020487 -0.091013
v -0.488646 3.022378 -0.093013
v -1.462517 3.022377 -0.023809
v -1.464554 3.020486 -0.023809
v -1.357613 3.020486 0.235573
v -1.356178 3.022377 0.234113
v -1.102741 3.020486 0.341636
v -1.102741 3.022377 0.339579
v -0.847869 3.020486 0.235573
v -0.849304 3.022377 0.234113
v -0.740928 3.020486 -0.023809
v -0.742965 3.022377 -0.023809
v -0.847869 3.020486 -0.283191
v -0.849304 3.022377 -0.281731
v -1.102741 3.020486 -0.389254
v -1.102741 3.022377 -0.387197
v -1.356178 3.022377 -0.281731
v -1.357612 3.020486 -0.283191
v -1.525124 3.020487 0.250986
v -1.523126 3.022378 0.251429
v -1.644757 3.022378 0.060489
v -1.645200 3.020487 0.062487
v -1.835697 3.022378 0.182120
v -1.833699 3.020487 0.182563
v -1.714066 3.022378 0.373060
v -1.713623 3.020487 0.371062
v -1.187789 3.020487 0.523557
v -1.185788 3.022378 0.523125
v -1.374696 3.020487 0.403042
v -1.375129 3.022378 0.401042
v -1.495211 3.020487 0.589950
v -1.497212 3.022378 0.590382
v -1.307872 3.022378 0.712466
v -1.308304 3.020487 0.710465
v -0.996419 3.020487 -0.519581
v -0.998143 3.022378 -0.518477
v -0.778087 3.022378 -0.470211
v -0.779191 3.020487 -0.471935
v -0.729821 3.022378 -0.690267
v -0.731545 3.020487 -0.689163
v -0.949877 3.022378 -0.738533
v -0.948773 3.020487 -0.736809
v -1.374697 3.020487 -0.450661
v -1.375129 3.022378 -0.448660
v -1.187789 3.020487 -0.571175
v -1.185788 3.022378 -0.570743
v -1.308304 3.020487 -0.758083
v -1.307872 3.022378 -0.760084
v -1.497212 3.022378 -0.638000
v -1.495211 3.020487 -0.637568
v -0.611404 3.020487 0.083759
v -0.612509 3.022378 0.082036
v -0.660809 3.022378 0.303213
v -0.659086 3.020487 0.302108
v -0.439632 3.022378 0.351513
v -0.440737 3.020487 0.349790
v -0.391332 3.022378 0.130336
v -0.393055 3.020487 0.131441
v -0.779191 3.020487 0.424317
v -0.778087 3.022378 0.422593
v -0.996419 3.020487 0.471962
v -0.998143 3.022378 0.470859
v -0.948773 3.020487 0.689190
v -0.949877 3.022378 0.690914
v -0.729821 3.022378 0.642649
v -0.731545 3.020487 0.641545
v -1.594078 3.020487 -0.131377
v -1.592972 3.022378 -0.129654
v -1.546396 3.020487 -0.349726
v -1.544673 3.022378 -0.350831
v -1.764745 3.020487 -0.397408
v -1.765850 3.022378 -0.399131
v -1.814150 3.022378 -0.177953
v -1.812427 3.020487 -0.179059
v -0.659086 3.020487 -0.349726
v -0.660809 3.022378 -0.350831
v -0.611404 3.020487 -0.131377
v -0.612510 3.022378 -0.129654
v -0.393055 3.020487 -0.179059
v -0.391332 3.022378 -0.177953
v -0.439632 3.022378 -0.399131
v -0.440737 3.020487 -0.397408
v -1.812700 3.020487 0.301681
v -1.814427 3.022378 0.302780
v -1.426717 3.020487 0.688917
v -1.427826 3.022378 0.690637
v -0.830291 3.020487 -0.757975
v -0.829853 3.022378 -0.759975
v -1.426717 3.020487 -0.736535
v -1.427826 3.022378 -0.738255
v -0.371675 3.020487 0.250491
v -0.369675 3.022378 0.250927
v -0.830291 3.020487 0.710357
v -0.829853 3.022378 0.712356
v -1.833808 3.020487 -0.298109
v -1.835807 3.022378 -0.298545
v -0.371674 3.020487 -0.298109
v -0.369675 3.022378 -0.298545
v -1.544396 3.022378 0.130769
v -1.546123 3.020487 0.131868
v -1.594505 3.020487 0.350063
v -1.593405 3.022378 0.351790
v -1.764318 3.020487 0.083486
v -1.765417 3.022378 0.081759
v -1.255174 3.022378 0.422870
v -1.256283 3.020487 0.424590
v -1.209337 3.020487 0.641970
v -1.207616 3.022378 0.643080
v -1.475384 3.022378 0.470427
v -1.473664 3.020487 0.471537
v -0.898111 3.022378 -0.448769
v -0.897672 3.020487 -0.450768
v -1.017585 3.020487 -0.638062
v -1.019585 3.022378 -0.638501
v -0.710378 3.020487 -0.570681
v -0.708379 3.022378 -0.570243
v -1.255174 3.022378 -0.470488
v -1.256283 3.020487 -0.472208
v -1.473664 3.020487 -0.519155
v -1.475384 3.022378 -0.518046
v -1.207616 3.022378 -0.690698
v -1.209337 3.020487 -0.689589
v -0.682467 3.022378 0.182621
v -0.680467 3.020487 0.183058
v -0.492354 3.020487 0.062378
v -0.491918 3.022378 0.060379
v -0.559787 3.020487 0.371171
v -0.560224 3.022378 0.373170
v -0.898111 3.022378 0.401151
v -0.897672 3.020487 0.403150
v -0.708379 3.022378 0.522624
v -0.710378 3.020487 0.523063
v -1.019585 3.022378 0.590883
v -1.017585 3.020487 0.590444
v -1.523015 3.022378 -0.230240
v -1.525015 3.020487 -0.230676
v -1.713564 3.022378 -0.107996
v -1.713127 3.020487 -0.109996
v -1.645259 3.022378 -0.420788
v -1.645695 3.020487 -0.418789
v -0.682467 3.022378 -0.230240
v -0.680467 3.020487 -0.230676
v -0.560224 3.022378 -0.420788
v -0.559787 3.020487 -0.418789
v -0.491918 3.022378 -0.107996
v -0.492354 3.020487 -0.109996
v -1.424940 3.024268 -0.023809
v -1.426977 3.022377 -0.023809
v -1.331142 3.022377 0.208634
v -1.329707 3.024268 0.207173
v -1.102741 3.022377 0.303680
v -1.102741 3.024268 0.301623
v -0.874340 3.022377 0.208634
v -0.875775 3.024268 0.207173
v -0.778505 3.022377 -0.023809
v -0.780542 3.024268 -0.023809
v -0.874340 3.022377 -0.256252
v -0.875775 3.024268 -0.254792
v -1.102741 3.022377 -0.351298
v -1.102741 3.024268 -0.349242
v -1.329707 3.024268 -0.254792
v -1.331142 3.022377 -0.256252
v -1.422903 3.942477 -0.023809
v -1.424940 3.940586 -0.023809
v -1.329707 3.940586 0.207173
v -1.328272 3.942477 0.205713
v -1.102741 3.940586 0.301623
v -1.102741 3.942477 0.299567
v -0.875775 3.940586 0.207173
v -0.877210 3.942477 0.205713
v -0.780542 3.940586 -0.023809
v -0.782579 3.942477 -0.023809
v -0.875775 3.940586 -0.254792
v -0.877210 3.942477 -0.253332
v -1.102741 3.940586 -0.349242
v -1.102741 3.942477 -0.347185
v -1.328272 3.942477 -0.253332
v -1.329707 3.940586 -0.254792
v -1.376800 3.940586 -0.023809
v -1.378837 3.942477 -0.023809
v -1.297230 3.942477 0.174122
v -1.295796 3.940586 0.172662
v -1.102741 3.942477 0.255057
v -1.102741 3.940586 0.253000
v -0.908252 3.942477 0.174122
v -0.909686 3.940586 0.172662
v -0.826645 3.942477 -0.023809
v -0.828682 3.940586 -0.023809
v -0.908252 3.942477 -0.221740
v -0.909686 3.940586 -0.220280
v -1.102741 3.942477 -0.302675
v -1.102741 3.940586 -0.300618
v -1.295796 3.940586 -0.220280
v -1.297230 3.942477 -0.221740
v -1.374802 3.897810 -0.023528
v -1.376800 3.899701 -0.023809
v -1.295796 3.899701 0.172662
v -1.294420 3.897810 0.171262
v -1.102741 3.899701 0.253000
v -1.102474 3.897810 0.251076
v -0.909686 3.899701 0.172662
v -0.910993 3.897810 0.171332
v -0.828682 3.899701 -0.023809
v -0.830701 3.897810 -0.023525
v -0.909686 3.899701 -0.220280
v -0.911219 3.897810 -0.218720
v -1.102741 3.899701 -0.300618
v -1.103036 3.897810 -0.298492
v -1.294353 3.897810 -0.218813
v -1.295796 3.899701 -0.220280
v -1.063993 4.000166 -0.047453
v -1.066026 4.002057 -0.047211
v -1.091351 4.002057 -0.033006
v -1.092617 4.000166 -0.031398
v -1.093978 4.002057 -0.055074
v -1.095586 4.000166 -0.056340
v -1.071910 4.002057 -0.057701
v -1.070644 4.000166 -0.059310
v -1.069283 4.002057 -0.035634
v -1.067675 4.000166 -0.034367
v -1.099267 4.000166 -0.004364
v -1.097235 4.002057 -0.004122
v -1.079773 4.002057 -0.017869
v -1.079531 4.000166 -0.019901
v -1.066026 4.002057 -0.000407
v -1.063993 4.000166 -0.000165
v -1.083730 4.000166 0.015373
v -1.083488 4.002057 0.013340
v -1.091351 4.002057 -0.014612
v -1.092617 4.000166 -0.016220
v -1.067675 4.000166 -0.013251
v -1.069283 4.002057 -0.011985
v -1.071910 4.002057 0.010083
v -1.070644 4.000166 0.011691
v -1.093978 4.002057 0.007456
v -1.095586 4.000166 0.008722
v -1.125951 4.000166 -0.019901
v -1.125709 4.002057 -0.017869
v -1.108247 4.002057 -0.004122
v -1.106215 4.000166 -0.004364
v -1.121994 4.002057 0.013340
v -1.121752 4.000166 0.015372
v -1.141488 4.000166 -0.000165
v -1.139456 4.002057 -0.000407
v -1.114131 4.002057 -0.014612
v -1.112865 4.000166 -0.016220
v -1.109896 4.000166 0.008722
v -1.111504 4.002057 0.007456
v -1.133572 4.002057 0.010083
v -1.134838 4.000166 0.011691
v -1.136199 4.002057 -0.011985
v -1.137807 4.000166 -0.013251
v -1.137554 3.897810 -0.015913
v -1.137807 3.899701 -0.013251
v -1.136365 3.897810 0.013082
v -1.134838 3.899701 0.011691
v -1.107804 3.897810 0.009269
v -1.109896 3.899701 0.008722
v -1.111190 3.897810 -0.017475
v -1.112865 3.899701 -0.016220
v -1.142625 3.897810 0.001913
v -1.141488 3.899701 -0.000165
v -1.121857 3.897810 0.017169
v -1.121752 3.899701 0.015372
v -1.103934 3.897810 -0.004525
v -1.106215 3.899701 -0.004364
v -1.125951 3.899701 -0.019901
v -1.126867 3.897810 -0.021894
v -1.097678 3.897810 0.009269
v -1.095586 3.899701 0.008722
v -1.069117 3.897810 0.013082
v -1.070644 3.899701 0.011691
v -1.067928 3.897810 -0.015913
v -1.067675 3.899701 -0.013251
v -1.094292 3.897810 -0.017475
v -1.092617 3.899701 -0.016220
v -1.083625 3.897810 0.017169
v -1.083730 3.899701 0.015373
v -1.062857 3.897810 0.001913
v -1.063993 3.899701 -0.000165
v -1.078615 3.897810 -0.021894
v -1.079531 3.899701 -0.019901
v -1.099267 3.899701 -0.004364
v -1.101548 3.897810 -0.004525
v -1.067928 3.897810 -0.031705
v -1.067675 3.899701 -0.034367
v -1.069117 3.897810 -0.060700
v -1.070644 3.899701 -0.059310
v -1.097678 3.897810 -0.056888
v -1.095586 3.899701 -0.056340
v -1.094292 3.897810 -0.030143
v -1.092617 3.899701 -0.031398
v -1.062857 3.897810 -0.049531
v -1.063993 3.899701 -0.047453
v -1.083625 3.897810 -0.064787
v -1.083730 3.899701 -0.062991
v -1.101548 3.897810 -0.043093
v -1.099267 3.899701 -0.043254
v -1.079531 3.899701 -0.027717
v -1.078615 3.897810 -0.025724
v -1.111190 3.897810 -0.030143
v -1.112865 3.899701 -0.031398
v -1.107804 3.897810 -0.056888
v -1.109896 3.899701 -0.056340
v -1.136365 3.897810 -0.060700
v -1.134838 3.899701 -0.059310
v -1.137554 3.897810 -0.031705
v -1.137807 3.899701 -0.034367
v -1.103934 3.897810 -0.043093
v -1.106215 3.899701 -0.043254
v -1.121857 3.897810 -0.064787
v -1.121752 3.899701 -0.062991
v -1.142625 3.897810 -0.049531
v -1.141488 3.899701 -0.047453
v -1.125951 3.899701 -0.027717
v -1.126867 3.897810 -0.025724
v -1.250779 3.897810 -0.025683
v -1.252843 3.899701 -0.025816
v -1.271557 3.897810 -0.043505
v -1.272501 3.899701 -0.041460
v -1.290212 3.897810 -0.021992
v -1.288145 3.899701 -0.021802
v -1.267666 3.897810 -0.004222
v -1.268487 3.899701 -0.006158
v -1.258575 3.897810 -0.039766
v -1.259432 3.899701 -0.037710
v -1.286382 3.897810 -0.035316
v -1.284395 3.899701 -0.034871
v -1.282770 3.897810 -0.008546
v -1.281556 3.899701 -0.009908
v -1.256593 3.899701 -0.012747
v -1.254913 3.897810 -0.011296
v -1.179110 3.897810 -0.004228
v -1.179961 3.899701 -0.006157
v -1.162250 3.897810 -0.025665
v -1.164315 3.899701 -0.025815
v -1.182885 3.897810 -0.043488
v -1.183973 3.899701 -0.041461
v -1.201685 3.897810 -0.021990
v -1.199619 3.899701 -0.021803
v -1.166383 3.897810 -0.011287
v -1.168067 3.899701 -0.012746
v -1.170071 3.897810 -0.039795
v -1.170904 3.899701 -0.037709
v -1.197885 3.897810 -0.035208
v -1.195867 3.899701 -0.034872
v -1.193030 3.899701 -0.009909
v -1.194256 3.897810 -0.008565
v -1.198376 3.897810 0.045490
v -1.197648 3.899701 0.047648
v -1.196197 3.897810 0.073988
v -1.194678 3.899701 0.072591
v -1.167784 3.897810 0.070402
v -1.169736 3.899701 0.069621
v -1.171058 3.897810 0.043398
v -1.172705 3.899701 0.044679
v -1.203002 3.897810 0.061848
v -1.201329 3.899701 0.060734
v -1.181525 3.897810 0.078121
v -1.181592 3.899701 0.076272
v -1.163826 3.897810 0.056305
v -1.166055 3.899701 0.056535
v -1.185791 3.899701 0.040998
v -1.186740 3.897810 0.038978
v -1.104635 3.897810 -0.173532
v -1.104768 3.899701 -0.175596
v -1.083165 3.897810 -0.190383
v -1.085099 3.899701 -0.191211
v -1.100903 3.897810 -0.212946
v -1.100714 3.899701 -0.210880
v -1.122427 3.897810 -0.194309
v -1.120383 3.899701 -0.195264
v -1.090248 3.897810 -0.177648
v -1.091699 3.899701 -0.179330
v -1.087472 3.897810 -0.205493
v -1.088833 3.899701 -0.204279
v -1.114216 3.897810 -0.209136
v -1.113783 3.899701 -0.207145
v -1.116649 3.899701 -0.182196
v -1.118709 3.897810 -0.181343
v -1.122309 3.897810 -0.100970
v -1.120382 3.899701 -0.101830
v -1.100863 3.897810 -0.084151
v -1.100713 3.899701 -0.086216
v -1.083074 3.897810 -0.104781
v -1.085100 3.899701 -0.105886
v -1.104583 3.897810 -0.123566
v -1.104769 3.899701 -0.121499
v -1.115240 3.897810 -0.088264
v -1.113781 3.899701 -0.089949
v -1.086742 3.897810 -0.091990
v -1.088833 3.899701 -0.092817
v -1.091384 3.897810 -0.119789
v -1.091701 3.899701 -0.117766
v -1.116649 3.899701 -0.114898
v -1.117992 3.897810 -0.116123
v -1.167784 3.897810 -0.118020
v -1.169736 3.899701 -0.117240
v -1.196197 3.897810 -0.121607
v -1.194678 3.899701 -0.120209
v -1.198376 3.897810 -0.093108
v -1.197648 3.899701 -0.095267
v -1.171058 3.897810 -0.091017
v -1.172705 3.899701 -0.092297
v -1.181525 3.897810 -0.125739
v -1.181592 3.899701 -0.123890
v -1.203002 3.897810 -0.109467
v -1.201329 3.899701 -0.108353
v -1.186740 3.897810 -0.086597
v -1.185791 3.899701 -0.088616
v -1.163826 3.897810 -0.103923
v -1.166055 3.899701 -0.104154
v -0.954703 3.897810 -0.025683
v -0.952639 3.899701 -0.025816
v -0.937816 3.897810 -0.004222
v -0.936995 3.899701 -0.006158
v -0.915270 3.897810 -0.021992
v -0.917337 3.899701 -0.021802
v -0.933925 3.897810 -0.043505
v -0.932981 3.899701 -0.041460
v -0.950569 3.897810 -0.011296
v -0.948889 3.899701 -0.012747
v -0.922712 3.897810 -0.008546
v -0.923926 3.899701 -0.009908
v -0.919100 3.897810 -0.035316
v -0.921087 3.899701 -0.034871
v -0.946050 3.899701 -0.037710
v -0.946907 3.897810 -0.039766
v -1.022596 3.897810 -0.043488
v -1.021509 3.899701 -0.041461
v -1.043232 3.897810 -0.025665
v -1.041167 3.899701 -0.025815
v -1.026372 3.897810 -0.004228
v -1.025521 3.899701 -0.006157
v -1.003797 3.897810 -0.021990
v -1.005863 3.899701 -0.021803
v -1.035411 3.897810 -0.039795
v -1.034578 3.899701 -0.037709
v -1.039099 3.897810 -0.011287
v -1.037415 3.899701 -0.012746
v -1.011226 3.897810 -0.008565
v -1.012452 3.899701 -0.009909
v -1.009615 3.899701 -0.034872
v -1.007597 3.897810 -0.035208
v -1.007106 3.897810 -0.093108
v -1.007834 3.899701 -0.095267
v -1.009285 3.897810 -0.121607
v -1.010804 3.899701 -0.120209
v -1.037698 3.897810 -0.118020
v -1.035746 3.899701 -0.117240
v -1.034424 3.897810 -0.091017
v -1.032777 3.899701 -0.092297
v -1.002480 3.897810 -0.109467
v -1.004153 3.899701 -0.108353
v -1.023957 3.897810 -0.125739
v -1.023890 3.899701 -0.123890
v -1.041656 3.897810 -0.103923
v -1.039427 3.899701 -0.104154
v -1.019691 3.899701 -0.088616
v -1.018742 3.897810 -0.086597
v -1.104635 3.897810 0.125913
v -1.104768 3.899701 0.127978
v -1.122427 3.897810 0.146691
v -1.120383 3.899701 0.147646
v -1.100903 3.897810 0.165328
v -1.100714 3.899701 0.163261
v -1.083165 3.897810 0.142765
v -1.085099 3.899701 0.143593
v -1.118709 3.897810 0.133725
v -1.116649 3.899701 0.134578
v -1.114216 3.897810 0.161518
v -1.113783 3.899701 0.159527
v -1.087472 3.897810 0.157875
v -1.088833 3.899701 0.156661
v -1.090248 3.897810 0.130030
v -1.091699 3.899701 0.131712
v -1.083074 3.897810 0.057163
v -1.085100 3.899701 0.058267
v -1.100863 3.897810 0.036533
v -1.100713 3.899701 0.038598
v -1.122309 3.897810 0.053351
v -1.120382 3.899701 0.054211
v -1.104583 3.897810 0.075947
v -1.104769 3.899701 0.073881
v -1.086742 3.897810 0.044372
v -1.088833 3.899701 0.045199
v -1.115240 3.897810 0.040646
v -1.113781 3.899701 0.042331
v -1.117992 3.897810 0.068505
v -1.116649 3.899701 0.067280
v -1.091701 3.899701 0.070148
v -1.091384 3.897810 0.072171
v -1.037698 3.897810 0.070402
v -1.035746 3.899701 0.069621
v -1.009285 3.897810 0.073988
v -1.010804 3.899701 0.072591
v -1.007106 3.897810 0.045490
v -1.007834 3.899701 0.047648
v -1.034424 3.897810 0.043398
v -1.032777 3.899701 0.044679
v -1.023957 3.897810 0.078121
v -1.023890 3.899701 0.076272
v -1.002480 3.897810 0.061848
v -1.004153 3.899701 0.060734
v -1.018742 3.897810 0.038978
v -1.019691 3.899701 0.040998
v -1.039427 3.899701 0.056535
v -1.041656 3.897810 0.056305
v -1.345957 3.897810 -0.043508
v -1.346869 3.899701 -0.041460
v -1.364583 3.897810 -0.022093
v -1.362513 3.899701 -0.021802
v -1.342041 3.897810 -0.004220
v -1.342855 3.899701 -0.006158
v -1.325142 3.897810 -0.025575
v -1.327211 3.899701 -0.025816
v -1.360780 3.897810 -0.035320
v -1.358763 3.899701 -0.034871
v -1.357076 3.897810 -0.008525
v -1.355924 3.899701 -0.009908
v -1.329240 3.897810 -0.011321
v -1.330962 3.899701 -0.012747
v -1.333800 3.899701 -0.037710
v -1.333002 3.897810 -0.039777
v -1.229946 3.897810 0.133669
v -1.231891 3.899701 0.132876
v -1.233208 3.897810 0.106657
v -1.234860 3.899701 0.107934
v -1.260589 3.897810 0.108791
v -1.259802 3.899701 0.110903
v -1.258394 3.897810 0.137205
v -1.256833 3.899701 0.135845
v -1.225983 3.897810 0.119552
v -1.228209 3.899701 0.119790
v -1.248881 3.897810 0.102239
v -1.247946 3.899701 0.104253
v -1.265192 3.897810 0.125075
v -1.263483 3.899701 0.123989
v -1.243641 3.897810 0.141361
v -1.243747 3.899701 0.139526
v -1.101001 3.897810 0.240456
v -1.100714 3.899701 0.238386
v -1.083163 3.897810 0.217897
v -1.085099 3.899701 0.218717
v -1.104530 3.897810 0.201034
v -1.104768 3.899701 0.203103
v -1.122431 3.897810 0.221850
v -1.120383 3.899701 0.222771
v -1.087451 3.897810 0.232938
v -1.088833 3.899701 0.231786
v -1.090274 3.897810 0.205114
v -1.091700 3.899701 0.206836
v -1.118720 3.897810 0.208909
v -1.116649 3.899701 0.209703
v -1.113782 3.899701 0.234652
v -1.114220 3.897810 0.236672
v -0.944893 3.897810 0.108791
v -0.945680 3.899701 0.110903
v -0.972274 3.897810 0.106657
v -0.970622 3.899701 0.107934
v -0.975536 3.897810 0.133669
v -0.973591 3.899701 0.132876
v -0.947088 3.897810 0.137205
v -0.948649 3.899701 0.135845
v -0.956601 3.897810 0.102239
v -0.957536 3.899701 0.104253
v -0.979499 3.897810 0.119552
v -0.977272 3.899701 0.119790
v -0.961841 3.897810 0.141361
v -0.961735 3.899701 0.139526
v -0.941999 3.899701 0.123989
v -0.940290 3.897810 0.125075
v -0.840899 3.897810 -0.022093
v -0.842969 3.899701 -0.021802
v -0.859525 3.897810 -0.043508
v -0.858613 3.899701 -0.041460
v -0.880340 3.897810 -0.025575
v -0.878271 3.899701 -0.025816
v -0.863441 3.897810 -0.004220
v -0.862627 3.899701 -0.006158
v -0.844702 3.897810 -0.035320
v -0.846719 3.899701 -0.034871
v -0.872480 3.897810 -0.039777
v -0.871682 3.899701 -0.037710
v -0.876242 3.897810 -0.011321
v -0.874520 3.899701 -0.012747
v -0.849558 3.899701 -0.009908
v -0.848406 3.897810 -0.008525
v -0.975536 3.897810 -0.181287
v -0.973591 3.899701 -0.180494
v -0.972274 3.897810 -0.154275
v -0.970622 3.899701 -0.155552
v -0.944893 3.897810 -0.156409
v -0.945680 3.899701 -0.158521
v -0.947088 3.897810 -0.184823
v -0.948649 3.899701 -0.183463
v -0.979499 3.897810 -0.167170
v -0.977272 3.899701 -0.167408
v -0.956601 3.897810 -0.149857
v -0.957536 3.899701 -0.151871
v -0.940290 3.897810 -0.172694
v -0.941999 3.899701 -0.171607
v -0.961841 3.897810 -0.188980
v -0.961735 3.899701 -0.187144
v -1.104481 3.897810 -0.288074
v -1.104768 3.899701 -0.286004
v -1.122319 3.897810 -0.265515
v -1.120383 3.899701 -0.266336
v -1.100953 3.897810 -0.248652
v -1.100714 3.899701 -0.250721
v -1.083051 3.897810 -0.269468
v -1.085099 3.899701 -0.270389
v -1.118031 3.897810 -0.280556
v -1.116649 3.899701 -0.279404
v -1.115208 3.897810 -0.252732
v -1.113782 3.899701 -0.254455
v -1.086762 3.897810 -0.256527
v -1.088833 3.899701 -0.257321
v -1.091700 3.899701 -0.282270
v -1.091262 3.897810 -0.284290
v -1.258394 3.897810 -0.184823
v -1.256833 3.899701 -0.183463
v -1.260589 3.897810 -0.156409
v -1.259802 3.899701 -0.158521
v -1.233208 3.897810 -0.154275
v -1.234860 3.899701 -0.155552
v -1.229946 3.897810 -0.181287
v -1.231891 3.899701 -0.180494
v -1.265192 3.897810 -0.172693
v -1.263483 3.899701 -0.171607
v -1.248881 3.897810 -0.149857
v -1.247946 3.899701 -0.151871
v -1.225983 3.897810 -0.167170
v -1.228209 3.899701 -0.167408
v -1.243747 3.899701 -0.187144
v -1.243641 3.897810 -0.188980
v -1.083488 4.002057 -0.060958
v -1.083730 4.000166 -0.062991
v -1.097235 4.002057 -0.043496
v -1.099267 4.000166 -0.043254
v -1.079531 4.000166 -0.027717
v -1.079773 4.002057 -0.029750
v -1.114131 4.002057 -0.033006
v -1.112865 4.000166 -0.031398
v -1.111504 4.002057 -0.055074
v -1.109896 4.000166 -0.056340
v -1.134838 4.000166 -0.059310
v -1.133572 4.002057 -0.057701
v -1.136199 4.002057 -0.035634
v -1.137807 4.000166 -0.034367
v -1.106215 4.000166 -0.043254
v -1.108247 4.002057 -0.043496
v -1.121994 4.002057 -0.060958
v -1.121752 4.000166 -0.062991
v -1.139456 4.002057 -0.047211
v -1.141488 4.000166 -0.047453
v -1.125951 4.000166 -0.027717
v -1.125709 4.002057 -0.029750
v -1.254876 4.002057 -0.025585
v -1.252843 4.000165 -0.025816
v -1.272270 4.002057 -0.039426
v -1.272501 4.000165 -0.041460
v -1.288145 4.000165 -0.021802
v -1.286111 4.002057 -0.022033
v -1.268718 4.002057 -0.008192
v -1.268487 4.000165 -0.006158
v -1.259432 4.000165 -0.037710
v -1.260707 4.002057 -0.036108
v -1.282793 4.002057 -0.033596
v -1.284395 4.000165 -0.034871
v -1.280281 4.002057 -0.011510
v -1.281556 4.000165 -0.009908
v -1.256593 4.000165 -0.012747
v -1.258195 4.002057 -0.014022
v -1.180192 4.002057 -0.008191
v -1.179961 4.000166 -0.006157
v -1.166349 4.002057 -0.025584
v -1.164315 4.000166 -0.025815
v -1.183973 4.000166 -0.041461
v -1.183742 4.002057 -0.039427
v -1.197585 4.002057 -0.022034
v -1.199619 4.000166 -0.021803
v -1.168067 4.000166 -0.012746
v -1.169668 4.002057 -0.014021
v -1.172178 4.002057 -0.036108
v -1.170904 4.000166 -0.037709
v -1.194265 4.002057 -0.033598
v -1.195867 4.000166 -0.034872
v -1.193030 4.000166 -0.009909
v -1.191755 4.002057 -0.011510
v -1.196039 4.002057 0.048915
v -1.197648 4.000166 0.047648
v -1.193412 4.002057 0.070982
v -1.194678 4.000166 0.072591
v -1.169736 4.000166 0.069621
v -1.171345 4.002057 0.068355
v -1.173972 4.002057 0.046287
v -1.172705 4.000166 0.044679
v -1.201329 4.000166 0.060734
v -1.199296 4.002057 0.060492
v -1.181834 4.002057 0.074239
v -1.181592 4.000166 0.076272
v -1.168088 4.002057 0.056777
v -1.166055 4.000166 0.056535
v -1.185791 4.000166 0.040998
v -1.185549 4.002057 0.043031
v -1.104534 4.002057 -0.177629
v -1.104768 4.000165 -0.175596
v -1.087133 4.002057 -0.191445
v -1.085099 4.000165 -0.191211
v -1.100714 4.000165 -0.210880
v -1.100948 4.002057 -0.208846
v -1.118349 4.002057 -0.195031
v -1.120383 4.000165 -0.195264
v -1.091699 4.000165 -0.179330
v -1.092972 4.002057 -0.180933
v -1.090436 4.002057 -0.203007
v -1.088833 4.000165 -0.204279
v -1.112510 4.002057 -0.205542
v -1.113783 4.000165 -0.207145
v -1.116649 4.000165 -0.182196
v -1.115046 4.002057 -0.183469
v -1.118349 4.002057 -0.102063
v -1.120382 4.000166 -0.101830
v -1.100947 4.002057 -0.088250
v -1.100713 4.000166 -0.086216
v -1.087133 4.002057 -0.105652
v -1.085100 4.000166 -0.105886
v -1.104535 4.002057 -0.119465
v -1.104769 4.000166 -0.121499
v -1.112509 4.002057 -0.091553
v -1.113781 4.000166 -0.089949
v -1.090436 4.002057 -0.094090
v -1.088833 4.000166 -0.092817
v -1.092973 4.002057 -0.116163
v -1.091701 4.000166 -0.117766
v -1.115046 4.002057 -0.113625
v -1.116649 4.000166 -0.114898
v -1.171345 4.002057 -0.115973
v -1.169736 4.000166 -0.117240
v -1.194678 4.000166 -0.120209
v -1.193412 4.002057 -0.118601
v -1.197648 4.000166 -0.095267
v -1.196039 4.002057 -0.096533
v -1.172705 4.000166 -0.092297
v -1.173972 4.002057 -0.093906
v -1.181834 4.002057 -0.121857
v -1.181592 4.000166 -0.123890
v -1.201329 4.000166 -0.108353
v -1.199296 4.002057 -0.108111
v -1.185791 4.000166 -0.088616
v -1.185549 4.002057 -0.090649
v -1.168088 4.002057 -0.104396
v -1.166055 4.000166 -0.104154
v -0.952639 4.000165 -0.025816
v -0.950605 4.002057 -0.025585
v -0.936995 4.000165 -0.006158
v -0.936764 4.002057 -0.008192
v -0.917337 4.000165 -0.021802
v -0.919371 4.002057 -0.022033
v -0.932981 4.000165 -0.041460
v -0.933212 4.002057 -0.039426
v -0.948889 4.000165 -0.012747
v -0.947287 4.002057 -0.014022
v -0.923926 4.000165 -0.009908
v -0.925201 4.002057 -0.011510
v -0.921087 4.000165 -0.034871
v -0.922689 4.002057 -0.033596
v -0.944775 4.002057 -0.036108
v -0.946050 4.000165 -0.037710
v -1.021509 4.000166 -0.041461
v -1.021740 4.002057 -0.039427
v -1.039133 4.002057 -0.025584
v -1.041167 4.000166 -0.025815
v -1.025290 4.002057 -0.008191
v -1.025521 4.000166 -0.006157
v -1.007897 4.002057 -0.022034
v -1.005863 4.000166 -0.021803
v -1.034578 4.000166 -0.037709
v -1.033304 4.002057 -0.036108
v -1.035814 4.002057 -0.014021
v -1.037415 4.000166 -0.012746
v -1.013727 4.002057 -0.011510
v -1.012452 4.000166 -0.009909
v -1.011217 4.002057 -0.033598
v -1.009615 4.000166 -0.034872
v -1.009443 4.002057 -0.096533
v -1.007834 4.000166 -0.095267
v -1.012070 4.002057 -0.118601
v -1.010804 4.000166 -0.120209
v -1.034137 4.002057 -0.115973
v -1.035746 4.000166 -0.117240
v -1.031510 4.002057 -0.093906
v -1.032777 4.000166 -0.092297
v -1.006186 4.002057 -0.108111
v -1.004153 4.000166 -0.108353
v -1.023648 4.002057 -0.121857
v -1.023890 4.000166 -0.123890
v -1.037394 4.002057 -0.104396
v -1.039427 4.000166 -0.104154
v -1.019933 4.002057 -0.090649
v -1.019691 4.000166 -0.088616
v -1.104534 4.002057 0.130011
v -1.104768 4.000165 0.127978
v -1.118349 4.002057 0.147413
v -1.120383 4.000165 0.147646
v -1.100714 4.000165 0.163261
v -1.100948 4.002057 0.161228
v -1.085099 4.000165 0.143593
v -1.087133 4.002057 0.143826
v -1.115046 4.002057 0.135851
v -1.116649 4.000165 0.134578
v -1.112510 4.002057 0.157924
v -1.113783 4.000165 0.159527
v -1.088833 4.000165 0.156661
v -1.090436 4.002057 0.155388
v -1.092972 4.002057 0.133315
v -1.091699 4.000165 0.131712
v -1.085100 4.000166 0.058267
v -1.087133 4.002057 0.058034
v -1.100713 4.000166 0.038598
v -1.100947 4.002057 0.040632
v -1.120382 4.000166 0.054211
v -1.118349 4.002057 0.054445
v -1.104769 4.000166 0.073881
v -1.104535 4.002057 0.071847
v -1.088833 4.000166 0.045199
v -1.090436 4.002057 0.046472
v -1.113781 4.000166 0.042331
v -1.112509 4.002057 0.043934
v -1.116649 4.000166 0.067280
v -1.115046 4.002057 0.066007
v -1.092973 4.002057 0.068544
v -1.091701 4.000166 0.070148
v -1.035746 4.000166 0.069621
v -1.034137 4.002057 0.068355
v -1.010804 4.000166 0.072591
v -1.012070 4.002057 0.070982
v -1.007834 4.000166 0.047648
v -1.009443 4.002057 0.048915
v -1.031510 4.002057 0.046287
v -1.032777 4.000166 0.044679
v -1.023890 4.000166 0.076272
v -1.023648 4.002057 0.074239
v -1.004153 4.000166 0.060734
v -1.006186 4.002057 0.060492
v -1.019933 4.002057 0.043031
v -1.019691 4.000166 0.040998
v -1.037394 4.002057 0.056777
v -1.039427 4.000166 0.056535
v -1.346638 4.002057 -0.039426
v -1.346869 4.000165 -0.041460
v -1.360480 4.002057 -0.022033
v -1.362513 4.000165 -0.021802
v -1.343086 4.002057 -0.008191
v -1.342855 4.000165 -0.006158
v -1.329245 4.002057 -0.025585
v -1.327211 4.000165 -0.025816
v -1.357161 4.002057 -0.033596
v -1.358763 4.000165 -0.034871
v -1.354650 4.002057 -0.011510
v -1.355924 4.000165 -0.009908
v -1.332563 4.002057 -0.014021
v -1.330962 4.000165 -0.012747
v -1.335075 4.002057 -0.036108
v -1.333800 4.000165 -0.037710
v -1.233499 4.002057 0.131610
v -1.231891 4.000165 0.132876
v -1.236126 4.002057 0.109542
v -1.234860 4.000165 0.107934
v -1.258194 4.002057 0.112169
v -1.259802 4.000165 0.110903
v -1.256833 4.000165 0.135845
v -1.255567 4.002057 0.134237
v -1.230242 4.002057 0.120032
v -1.228209 4.000165 0.119790
v -1.247704 4.002057 0.106285
v -1.247946 4.000165 0.104253
v -1.261451 4.002057 0.123747
v -1.263483 4.000165 0.123989
v -1.243989 4.002057 0.137494
v -1.243747 4.000165 0.139526
v -1.100714 4.000165 0.238386
v -1.100948 4.002057 0.236353
v -1.085099 4.000165 0.218717
v -1.087133 4.002057 0.218951
v -1.104768 4.000165 0.203103
v -1.104534 4.002057 0.205136
v -1.120383 4.000165 0.222771
v -1.118349 4.002057 0.222538
v -1.088833 4.000165 0.231786
v -1.090436 4.002057 0.230513
v -1.091700 4.000165 0.206836
v -1.092972 4.002057 0.208440
v -1.116649 4.000165 0.209703
v -1.115046 4.002057 0.210976
v -1.112510 4.002057 0.233049
v -1.113782 4.000165 0.234652
v -0.945680 4.000165 0.110903
v -0.947288 4.002057 0.112169
v -0.970622 4.000165 0.107934
v -0.969356 4.002057 0.109542
v -0.973591 4.000165 0.132876
v -0.971983 4.002057 0.131610
v -0.948649 4.000165 0.135845
v -0.949915 4.002057 0.134237
v -0.957536 4.000165 0.104253
v -0.957778 4.002057 0.106285
v -0.977272 4.000165 0.119790
v -0.975240 4.002057 0.120032
v -0.961735 4.000165 0.139526
v -0.961493 4.002057 0.137494
v -0.944031 4.002057 0.123747
v -0.941999 4.000165 0.123989
v -0.845002 4.002057 -0.022033
v -0.842969 4.000165 -0.021802
v -0.858844 4.002057 -0.039426
v -0.858613 4.000165 -0.041460
v -0.876237 4.002057 -0.025585
v -0.878271 4.000165 -0.025816
v -0.862396 4.002057 -0.008191
v -0.862627 4.000165 -0.006158
v -0.848321 4.002057 -0.033597
v -0.846719 4.000165 -0.034871
v -0.870407 4.002057 -0.036108
v -0.871682 4.000165 -0.037710
v -0.872919 4.002057 -0.014021
v -0.874520 4.000165 -0.012747
v -0.850832 4.002057 -0.011510
v -0.849558 4.000165 -0.009908
v -0.971983 4.002057 -0.179228
v -0.973591 4.000165 -0.180494
v -0.969356 4.002057 -0.157160
v -0.970622 4.000165 -0.155552
v -0.947288 4.002057 -0.159787
v -0.945680 4.000165 -0.158521
v -0.949915 4.002057 -0.181855
v -0.948649 4.000165 -0.183463
v -0.975240 4.002057 -0.167650
v -0.977272 4.000165 -0.167408
v -0.957778 4.002057 -0.153903
v -0.957536 4.000165 -0.151871
v -0.944031 4.002057 -0.171365
v -0.941999 4.000165 -0.171607
v -0.961493 4.002057 -0.185112
v -0.961735 4.000165 -0.187144
v -1.104534 4.002057 -0.283971
v -1.104768 4.000165 -0.286004
v -1.120383 4.000165 -0.266336
v -1.118349 4.002057 -0.266569
v -1.100714 4.000165 -0.250721
v -1.100948 4.002057 -0.252754
v -1.085099 4.000165 -0.270389
v -1.087133 4.002057 -0.270156
v -1.116649 4.000165 -0.279404
v -1.115046 4.002057 -0.278131
v -1.113782 4.000165 -0.254455
v -1.112510 4.002057 -0.256058
v -1.088833 4.000165 -0.257321
v -1.090436 4.002057 -0.258594
v -1.092972 4.002057 -0.280667
v -1.091700 4.000165 -0.282270
v -1.256833 4.000165 -0.183463
v -1.255567 4.002057 -0.181855
v -1.259802 4.000165 -0.158521
v -1.258194 4.002057 -0.159787
v -1.234860 4.000165 -0.155552
v -1.236126 4.002057 -0.157160
v -1.231891 4.000165 -0.180494
v -1.233499 4.002057 -0.179228
v -1.263483 4.000165 -0.171607
v -1.261451 4.002057 -0.171365
v -1.247946 4.000165 -0.151871
v -1.247704 4.002057 -0.153903
v -1.228209 4.000165 -0.167408
v -1.230242 4.002057 -0.167650
v -1.243989 4.002057 -0.185112
v -1.243747 4.000165 -0.187144
v -1.527187 2.922065 0.250480
v -1.525124 2.923956 0.250986
v -1.645200 2.923956 0.062487
v -1.645702 2.922065 0.063971
v -1.833699 2.923956 0.182563
v -1.832261 2.922065 0.182382
v -1.713623 2.923956 0.371062
v -1.713768 2.922065 0.369043
v -1.188105 2.922065 0.523894
v -1.187789 2.923956 0.523557
v -1.374361 2.922065 0.403341
v -1.374696 2.923956 0.403042
v -1.494910 2.922065 0.589606
v -1.495211 2.923956 0.589950
v -1.308304 2.923956 0.710465
v -1.308649 2.922065 0.710146
v -0.995648 2.922065 -0.519865
v -0.996419 2.923956 -0.519580
v -0.779191 2.923956 -0.471935
v -0.779534 2.922065 -0.472962
v -0.731545 2.923956 -0.689163
v -0.732506 2.922065 -0.689148
v -0.948773 2.923956 -0.736809
v -0.948751 2.922065 -0.736088
v -1.374891 2.922065 -0.451255
v -1.374697 2.923956 -0.450661
v -1.188378 2.922065 -0.571002
v -1.187789 2.923956 -0.571175
v -1.308109 2.922065 -0.757489
v -1.308304 2.923956 -0.758083
v -1.495211 2.923956 -0.637568
v -1.494623 2.922065 -0.637741
v -0.610682 2.922065 0.085374
v -0.611404 2.923956 0.083759
v -0.659086 2.923956 0.302108
v -0.657837 2.922065 0.300895
v -0.440737 2.923956 0.349790
v -0.442236 2.922065 0.348106
v -0.393055 2.923956 0.131441
v -0.395081 2.922065 0.132483
v -0.780778 2.916189 0.426116
v -0.779191 2.917789 0.424317
v -0.995752 2.916216 0.473217
v -0.996419 2.917789 0.471962
v -0.948954 2.916196 0.688140
v -0.948773 2.917789 0.689190
v -0.731545 2.917789 0.641545
v -0.733748 2.916168 0.641199
v -1.595037 2.922065 -0.132214
v -1.594078 2.923956 -0.131377
v -1.547250 2.922065 -0.348793
v -1.546396 2.923956 -0.349726
v -1.763786 2.922065 -0.396570
v -1.764745 2.923956 -0.397408
v -1.812427 2.923956 -0.179059
v -1.811573 2.922065 -0.179991
v -0.658618 2.922065 -0.349793
v -0.659086 2.923956 -0.349726
v -0.611383 2.922065 -0.131912
v -0.611404 2.923956 -0.131377
v -0.393523 2.922065 -0.179072
v -0.393055 2.923956 -0.179059
v -0.440737 2.923956 -0.397408
v -0.440697 2.922065 -0.396996
v -1.811692 2.922065 0.300260
v -1.812700 2.923956 0.301681
v -1.426743 2.922065 0.688452
v -1.426717 2.923956 0.688917
v -0.830866 2.922065 -0.757414
v -0.830291 2.923956 -0.757975
v -1.426170 2.922065 -0.736239
v -1.426717 2.923956 -0.736535
v -0.373989 2.922065 0.250061
v -0.371675 2.923956 0.250491
v -0.831647 2.916172 0.709274
v -0.830291 2.917789 0.710357
v -1.832535 2.922065 -0.298174
v -1.833808 2.923956 -0.298109
v -0.371966 2.922065 -0.297785
v -0.371674 2.923956 -0.298109
v -1.546123 2.923956 0.131868
v -1.547840 2.922065 0.132670
v -1.595906 2.922065 0.348408
v -1.594505 2.923956 0.350063
v -1.763472 2.922065 0.084539
v -1.764318 2.923956 0.083486
v -1.256283 2.923956 0.424590
v -1.256264 2.922065 0.425043
v -1.209805 2.922065 0.641984
v -1.209337 2.923956 0.641970
v -1.473664 2.923956 0.471537
v -1.473214 2.922065 0.471507
v -0.897672 2.923956 -0.450768
v -0.897319 2.922065 -0.451684
v -1.017006 2.922065 -0.637619
v -1.017585 2.923956 -0.638062
v -0.711248 2.922065 -0.571313
v -0.710378 2.923956 -0.570681
v -1.256283 2.923956 -0.472208
v -1.256831 2.922065 -0.472504
v -1.473384 2.922065 -0.519704
v -1.473664 2.923956 -0.519155
v -1.209337 2.923956 -0.689589
v -1.209616 2.922065 -0.689040
v -0.680467 2.923956 0.183058
v -0.678878 2.922065 0.183367
v -0.493139 2.922065 0.064274
v -0.492354 2.923956 0.062378
v -0.559827 2.922065 0.369156
v -0.559787 2.923956 0.371171
v -0.897672 2.917789 0.403150
v -0.898012 2.916201 0.405152
v -0.710378 2.917789 0.523063
v -0.712707 2.916176 0.523874
v -1.017585 2.917789 0.590444
v -1.016814 2.916232 0.590359
v -1.525015 2.923956 -0.230676
v -1.526288 2.922065 -0.230611
v -1.713127 2.923956 -0.109996
v -1.713203 2.922065 -0.111257
v -1.645695 2.923956 -0.418789
v -1.645619 2.922065 -0.417528
v -0.680467 2.923956 -0.230676
v -0.680123 2.922065 -0.231071
v -0.559787 2.923956 -0.418789
v -0.559449 2.922065 -0.418533
v -0.492354 2.923956 -0.109996
v -0.492681 2.922065 -0.110385
v -0.610401 2.922065 -0.356686
v -0.610292 2.923910 -0.356266
v -0.608289 2.922065 -0.357436
v -0.646128 2.922065 -0.270010
v -0.645966 2.923907 -0.269983
v -0.609398 2.922065 -0.181817
v -0.609811 2.923851 -0.182523
v -0.520697 2.922065 -0.143734
v -0.523022 2.923839 -0.145136
v -0.436366 2.923870 -0.179785
v -0.429393 2.922065 -0.180107
v -0.435130 2.922065 -0.182041
v -0.129797 3.030469 -0.388994
v -0.131838 3.029433 -0.387232
v -0.161912 3.026559 -0.467229
v -0.164555 3.025450 -0.466935
v -0.162793 3.078298 -0.534233
v -0.165452 3.078161 -0.535194
v -0.131925 3.155379 -0.550757
v -0.134005 3.156685 -0.552024
v -0.087390 3.212648 -0.507120
v -0.088637 3.215024 -0.507570
v -0.055275 3.216558 -0.428886
v -0.055923 3.219007 -0.427873
v -0.054394 3.164819 -0.361881
v -0.055024 3.166302 -0.359615
v -0.085262 3.087738 -0.345358
v -0.086468 3.087778 -0.342779
v -0.998287 2.922065 -0.623292
v -0.997264 2.923955 -0.622562
v -0.970525 2.922065 -0.529132
v -0.969983 2.923922 -0.529705
v -0.884798 2.922065 -0.484077
v -0.885149 2.923901 -0.484960
v -0.793762 2.923914 -0.512883
v -0.792724 2.922065 -0.512360
v -0.792055 2.922065 -0.514756
v -0.848393 2.922065 -0.740292
v -0.852772 2.923982 -0.736086
v -0.850911 2.922065 -0.735288
v -0.948074 2.923978 -0.709345
v -0.948015 2.922065 -0.712115
v -0.643406 2.577744 -1.078284
v -0.644704 2.578699 -1.079986
v -0.558652 2.575701 -1.090034
v -0.558328 2.577165 -1.092221
v -0.492331 2.589165 -1.040086
v -0.490748 2.590770 -1.041287
v -0.482335 2.613884 -0.958567
v -0.480688 2.615332 -0.958086
v -0.528415 2.653584 -0.896054
v -0.526258 2.654910 -0.896205
v -0.689667 2.612577 -1.019755
v -0.688822 2.611916 -1.017477
v -1.227474 2.922065 -0.653971
v -1.227893 2.923907 -0.654034
v -1.227675 2.922065 -0.651647
v -1.295610 2.922065 -0.719384
v -1.295587 2.923897 -0.719188
v -1.391331 2.922065 -0.717395
v -1.390278 2.923858 -0.717419
v -1.458912 2.922065 -0.648252
v -1.456480 2.923900 -0.649656
v -1.455463 2.923905 -0.555715
v -1.457861 2.922065 -0.550187
v -1.453942 2.922065 -0.553895
v -1.494182 2.643217 -1.173398
v -1.495706 2.645030 -1.174727
v -1.415383 2.649694 -1.203665
v -1.415439 2.651628 -1.205557
v -1.338219 2.654559 -1.169176
v -1.336839 2.656584 -1.170426
v -1.307893 2.654962 -1.090135
v -1.305946 2.656994 -1.089914
v -1.342168 2.650666 -1.012843
v -1.340860 2.652619 -1.011181
v -1.420968 2.644189 -0.982576
v -1.421128 2.646020 -0.980350
v -1.498131 2.639324 -1.017065
v -1.499730 2.641065 -1.015482
v -1.528457 2.638921 -1.096106
v -1.530620 2.640655 -1.095995
v -1.738113 2.922065 -0.374146
v -1.737365 2.923956 -0.373441
v -1.798223 2.922065 -0.299941
v -1.797209 2.923956 -0.299969
v -1.788747 2.922065 -0.204913
v -1.788072 2.923956 -0.205646
v -1.715215 2.922065 -0.144718
v -1.715303 2.923956 -0.145720
v -1.620710 2.922065 -0.154639
v -1.621522 2.923956 -0.155299
v -1.560600 2.922065 -0.228843
v -1.561669 2.923956 -0.228773
v -1.570075 2.922065 -0.323872
v -1.570809 2.923956 -0.323102
v -1.643588 2.923956 -0.383025
v -1.643608 2.922065 -0.384067
v -2.119552 2.903994 -0.505540
v -2.119401 2.906462 -0.507652
v -2.176844 2.870608 -0.363400
v -2.175203 2.869257 -0.365787
v -2.262513 2.868705 -0.363772
v -2.263057 2.870063 -0.361413
v -2.323791 2.882748 -0.420474
v -2.325474 2.884367 -0.419172
v -2.325816 2.903143 -0.502615
v -2.327536 2.905143 -0.502844
v -2.267401 2.917944 -0.562079
v -2.268034 2.920220 -0.563417
v -2.182765 2.918480 -0.564033
v -2.181823 2.920767 -0.565409
v -1.749149 2.922065 0.102374
v -1.748661 2.923953 0.103357
v -1.806891 2.922065 0.179192
v -1.805667 2.923954 0.179106
v -1.793379 2.922065 0.274452
v -1.792427 2.923957 0.273020
v -1.716402 2.922065 0.332323
v -1.716748 2.923952 0.330130
v -1.620951 2.922065 0.318822
v -1.622868 2.923952 0.316944
v -1.565803 2.923951 0.241180
v -1.562895 2.922065 0.241712
v -1.565795 2.922065 0.239192
v -1.654158 2.922065 0.088970
v -1.654763 2.923953 0.090147
v -1.653001 2.922065 0.091155
v -2.335687 2.877870 0.334326
v -2.337607 2.880160 0.333558
v -2.227330 2.862459 0.509293
v -2.227445 2.860496 0.506826
v -2.299470 2.876321 0.553615
v -2.298467 2.878090 0.555493
v -2.380544 2.892258 0.535162
v -2.381056 2.894323 0.536693
v -2.425379 2.899454 0.463711
v -2.426727 2.901654 0.463908
v -2.407712 2.893695 0.381115
v -2.408732 2.895788 0.379770
v -1.429181 2.922065 0.644231
v -1.429222 2.923955 0.643910
v -1.340968 2.922065 0.680275
v -1.341481 2.923955 0.679905
v -1.252659 2.922065 0.643247
v -1.253970 2.923954 0.643373
v -1.215906 2.922065 0.553487
v -1.217948 2.923954 0.555690
v -1.254527 2.923954 0.468222
v -1.254750 2.922065 0.460661
v -1.256186 2.922065 0.467338
v -1.342333 2.922065 0.431935
v -1.342283 2.923954 0.432219
v -1.340462 2.922065 0.432761
v -1.429996 2.922065 0.468627
v -1.429803 2.923954 0.468775
v -1.465812 2.923954 0.556465
v -1.465985 2.922065 0.556562
v -1.494509 2.664241 1.021260
v -1.495098 2.665811 1.018901
v -1.420583 2.671642 1.032142
v -1.419606 2.673368 1.030013
v -1.376559 2.682616 1.091973
v -1.374651 2.684574 1.091111
v -1.388225 2.690734 1.165704
v -1.386566 2.692865 1.166400
v -1.448748 2.691242 1.210145
v -1.448369 2.693383 1.211777
v -1.522674 2.683841 1.199262
v -1.523856 2.685826 1.200665
v -1.566699 2.672867 1.139432
v -1.568811 2.674620 1.139572
v -1.555032 2.664749 1.065701
v -1.556900 2.666330 1.064283
v -0.859620 2.921821 0.686934
v -0.860590 2.923931 0.686224
v -0.862686 2.922065 0.685591
v -0.779826 2.921804 0.633968
v -0.781704 2.923923 0.633931
v -0.761854 2.923923 0.541394
v -0.759739 2.921783 0.540258
v -0.763133 2.922065 0.539494
v -0.537828 2.898140 1.250593
v -0.537294 2.900692 1.251333
v -0.615383 2.878766 1.278471
v -0.616297 2.880957 1.279730
v -0.683787 2.842191 1.244552
v -0.685977 2.843699 1.245179
v -0.702969 2.809838 1.168706
v -0.705519 2.810742 1.167916
v -0.660389 2.800371 1.093045
v -0.663473 2.801392 1.093199
v -0.584466 2.821127 1.064798
v -0.586298 2.818879 1.066412
v -0.515734 2.856610 1.101403
v -0.514784 2.858388 1.099354
v -0.496552 2.888963 1.177249
v -0.495246 2.891344 1.176620
v -0.639051 2.922065 0.282650
v -0.637255 2.923899 0.281950
v -0.638285 2.922065 0.279731
v -0.560440 2.922065 0.338150
v -0.559735 2.923896 0.336681
v -0.465576 2.922065 0.321886
v -0.466149 2.923862 0.320766
v -0.410035 2.922065 0.243368
v -0.411399 2.923818 0.243553
v -0.426366 2.922065 0.148570
v -0.427575 2.923856 0.150063
v -0.505100 2.923859 0.095263
v -0.505033 2.922065 0.093013
v -0.507653 2.922065 0.095158
v 0.051900 3.055631 0.497424
v 0.050951 3.057518 0.499131
v -0.005749 2.993755 0.501331
v -0.007772 2.994488 0.503113
v -0.046139 2.945883 0.444373
v -0.048916 2.945722 0.445094
v -0.045611 2.940057 0.359916
v -0.048378 2.939787 0.359058
v -0.004473 2.979691 0.297432
v -0.006472 2.980162 0.295407
v 0.053176 3.041567 0.293525
v 0.052252 3.043193 0.291429
v 0.093566 3.089439 0.350483
v 0.093394 3.091956 0.349450
v 0.093038 3.095265 0.434940
v 0.092856 3.097889 0.435482
v -1.079003 2.987960 -1.033525
v -1.079456 2.989089 -1.032529
v -1.799936 2.987916 -0.754570
v -1.799497 2.989054 -0.753556
v -2.112462 2.987809 -0.047542
v -2.111412 2.988963 -0.047101
v -1.833507 2.987703 0.673391
v -1.832440 2.988849 0.673014
v -1.126479 2.987659 0.985917
v -1.126026 2.988792 0.984920
v -0.405546 2.987703 0.706962
v -0.405985 2.988845 0.705949
v -0.093020 2.987809 -0.000066
v -0.094070 2.988963 -0.000505
v -0.373040 2.989060 -0.720622
v -0.371975 2.987916 -0.720999
v 1.919369 -0.010203 -0.962045
v 1.918288 -0.010149 -0.963507
v 1.912456 -0.723040 -0.666981
v 1.911338 -0.724371 -0.667873
v 1.895729 -1.018467 0.045697
v 1.894553 -1.020300 0.046064
v 1.878967 -0.723296 0.758486
v 1.877766 -0.724584 0.760088
v 1.872016 -0.010501 1.053796
v 1.870812 -0.010450 1.055935
v 1.878964 0.702388 0.758703
v 1.877761 0.703772 0.760301
v 1.895725 0.997777 0.045999
v 1.894546 0.999700 0.046365
v 1.911333 0.703985 -0.667660
v 1.912454 0.702557 -0.666773
v -1.078710 -3.008451 -1.033503
v -1.078982 -3.008258 -1.034419
v -1.799032 -3.008514 -0.754997
v -1.799915 -3.008302 -0.755464
v -2.111474 -3.008626 -0.048683
v -2.112441 -3.008409 -0.048436
v -1.832987 -3.008713 0.671683
v -1.833486 -3.008515 0.672497
v -1.126730 -3.008752 0.984108
v -1.126458 -3.008559 0.985023
v -0.406408 -3.008728 0.705602
v -0.405525 -3.008515 0.706068
v -0.093967 -3.008626 -0.000713
v -0.092999 -3.008409 -0.000959
v -0.371954 -3.008302 -0.721893
v -0.372453 -3.008500 -0.721078
v -0.712864 -2.924666 0.272966
v -0.714929 -2.922775 0.272976
v -0.570505 -2.922744 0.066628
v -0.568227 -2.924635 0.067861
v -0.361442 -2.922764 0.210977
v -0.363122 -2.924655 0.212499
v -0.507407 -2.922796 0.419620
v -0.507760 -2.924687 0.417603
v -1.062175 -2.924704 0.521108
v -1.063170 -2.922812 0.518699
v -0.846160 -2.924684 0.395788
v -0.845980 -2.922793 0.393730
v -0.720840 -2.924716 0.611804
v -0.718867 -2.922825 0.612348
v -0.938522 -2.922845 0.738662
v -0.936856 -2.924736 0.737124
v -1.169852 -2.924550 -0.513727
v -1.168399 -2.922659 -0.512255
v -1.415263 -2.922667 -0.469257
v -1.416033 -2.924557 -0.471745
v -1.460279 -2.922630 -0.718043
v -1.458015 -2.924521 -0.717927
v -1.210663 -2.922622 -0.761587
v -1.211833 -2.924514 -0.759908
v -0.807817 -2.924563 -0.419215
v -0.807832 -2.922672 -0.417148
v -1.011114 -2.924542 -0.564261
v -1.012330 -2.922651 -0.561956
v -0.866068 -2.924511 -0.767557
v -0.867582 -2.922620 -0.769245
v -0.660756 -2.922641 -0.622867
v -0.662771 -2.924532 -0.622511
v -1.587321 -2.924634 0.043831
v -1.585868 -2.922743 0.042364
v -1.542871 -2.922780 0.290534
v -1.545358 -2.924671 0.291272
v -1.792916 -2.922788 0.335499
v -1.792798 -2.924679 0.333234
v -1.836434 -2.922750 0.084614
v -1.834761 -2.924642 0.085794
v -1.456621 -2.924686 0.390985
v -1.455620 -2.922794 0.388581
v -1.215468 -2.924695 0.455893
v -1.213884 -2.922804 0.454565
v -1.280376 -2.924731 0.697046
v -1.279369 -2.922840 0.698829
v -1.523794 -2.922831 0.632042
v -1.521529 -2.924722 0.632138
v -0.618121 -2.924611 -0.093201
v -0.619574 -2.922720 -0.091734
v -0.660083 -2.924574 -0.340642
v -0.662570 -2.922683 -0.339904
v -0.412643 -2.924567 -0.382605
v -0.412525 -2.922676 -0.384869
v -0.369007 -2.922713 -0.133983
v -0.370680 -2.924603 -0.135164
v -1.513740 -2.924571 -0.380803
v -1.511333 -2.922680 -0.379834
v -1.578748 -2.924608 -0.138394
v -1.577439 -2.922717 -0.136797
v -1.821156 -2.924598 -0.203402
v -1.822932 -2.922708 -0.202384
v -1.756053 -2.922671 -0.448076
v -1.756148 -2.924562 -0.445811
v -0.392963 -2.924675 0.345006
v -0.391964 -2.922785 0.346614
v -0.802893 -2.924733 0.719202
v -0.801372 -2.922842 0.720337
v -1.343619 -2.924510 -0.789903
v -1.343178 -2.922618 -0.791748
v -0.734379 -2.924515 -0.737138
v -0.732758 -2.922624 -0.738125
v -1.865026 -2.924662 0.218205
v -1.866868 -2.922770 0.217767
v -1.414395 -2.924734 0.714536
v -1.414130 -2.922843 0.716415
v -0.340414 -2.924584 -0.267575
v -0.338573 -2.922693 -0.267136
v -1.838856 -2.924578 -0.338070
v -1.840731 -2.922688 -0.337806
v -0.684726 -2.922755 0.138877
v -0.683024 -2.924646 0.140458
v -0.640267 -2.924683 0.387763
v -0.641262 -2.922792 0.389476
v -0.435719 -2.924639 0.097702
v -0.433222 -2.922747 0.097497
v -0.981533 -2.922796 0.411869
v -0.980122 -2.924688 0.413710
v -1.044254 -2.924724 0.655070
v -1.044640 -2.922833 0.657570
v -0.736973 -2.922805 0.477005
v -0.738761 -2.924696 0.477842
v -1.284153 -2.922670 -0.439430
v -1.284248 -2.924561 -0.441750
v -1.139857 -2.924530 -0.645512
v -1.137948 -2.922639 -0.646018
v -1.488010 -2.924540 -0.586141
v -1.489908 -2.922649 -0.587807
v -0.941084 -2.922668 -0.447933
v -0.939505 -2.924559 -0.449634
v -0.693190 -2.924552 -0.490823
v -0.691488 -2.922661 -0.489822
v -0.980844 -2.922631 -0.698474
v -0.980695 -2.924522 -0.695949
v -1.512772 -2.922761 0.158784
v -1.515093 -2.924652 0.158861
v -1.719732 -2.924631 0.013566
v -1.720229 -2.922740 0.011648
v -1.660387 -2.924683 0.363500
v -1.662022 -2.922792 0.365404
v -1.322289 -2.922792 0.371195
v -1.322602 -2.924683 0.373495
v -1.541065 -2.922811 0.499599
v -1.539019 -2.924702 0.498119
v -1.196125 -2.922824 0.590596
v -1.197978 -2.924715 0.589913
v -0.692669 -2.922703 -0.208154
v -0.690349 -2.924594 -0.208231
v -0.485212 -2.922724 -0.061017
v -0.485709 -2.924615 -0.062936
v -0.543419 -2.922672 -0.414774
v -0.545054 -2.924563 -0.412870
v -1.493736 -2.922700 -0.245841
v -1.496039 -2.924591 -0.246135
v -1.622929 -2.922668 -0.465560
v -1.621480 -2.924559 -0.463511
v -1.714090 -2.922719 -0.118831
v -1.713415 -2.924610 -0.120694
v -0.741307 -2.924623 -0.007682
v -0.739264 -2.922732 -0.007586
v -0.858940 -2.922771 0.247899
v -0.860320 -2.924662 0.246387
v -1.119990 -2.922786 0.342402
v -1.119894 -2.924677 0.340356
v -1.371016 -2.922769 0.223808
v -1.369500 -2.924660 0.222433
v -1.466177 -2.922730 -0.041784
v -1.464134 -2.924621 -0.041688
v -1.346501 -2.922691 -0.297269
v -1.345121 -2.924582 -0.295758
v -1.085451 -2.922676 -0.391772
v -1.085547 -2.924568 -0.389726
v -0.835941 -2.924584 -0.271804
v -0.834425 -2.922693 -0.273179
v -0.710847 -2.995208 0.272606
v -0.712864 -2.993317 0.272955
v -0.568226 -2.993286 0.067851
v -0.567878 -2.995177 0.069868
v -0.363122 -2.993306 0.212488
v -0.365139 -2.995198 0.212837
v -0.507759 -2.993338 0.417593
v -0.508108 -2.995229 0.415576
v -1.060197 -2.995246 0.521623
v -1.062175 -2.993355 0.521098
v -0.846685 -2.995227 0.397756
v -0.846159 -2.993335 0.395778
v -0.722818 -2.995258 0.611268
v -0.720840 -2.993367 0.611794
v -0.936855 -2.993387 0.737113
v -0.936330 -2.995278 0.735135
v -1.171522 -2.995092 -0.514921
v -1.169852 -2.993201 -0.513737
v -1.416033 -2.993208 -0.471756
v -1.414850 -2.995099 -0.473426
v -1.458014 -2.993172 -0.717937
v -1.456344 -2.995063 -0.716754
v -1.211833 -2.993165 -0.759918
v -1.213017 -2.995056 -0.758248
v -0.808155 -2.995105 -0.421245
v -0.807817 -2.993214 -0.419225
v -1.009094 -2.995084 -0.564609
v -1.011113 -2.993193 -0.564271
v -0.865730 -2.995054 -0.765549
v -0.866067 -2.993162 -0.767568
v -0.662771 -2.993183 -0.622522
v -0.664790 -2.995074 -0.622184
v -1.588505 -2.995177 0.045490
v -1.587320 -2.993285 0.043821
v -1.545357 -2.993322 0.291261
v -1.547027 -2.995213 0.290076
v -1.792798 -2.993330 0.333224
v -1.791613 -2.995220 0.331555
v -1.834761 -2.993293 0.085784
v -1.833092 -2.995184 0.086968
v -1.455599 -2.995228 0.392749
v -1.456621 -2.993337 0.390975
v -1.217242 -2.995237 0.456904
v -1.215468 -2.993346 0.455883
v -1.281397 -2.995273 0.695262
v -1.280376 -2.993382 0.697036
v -1.521529 -2.993373 0.632128
v -1.519755 -2.995264 0.631106
v -0.616935 -2.995153 -0.094881
v -0.618120 -2.993262 -0.093212
v -0.658414 -2.995116 -0.339468
v -0.660083 -2.993225 -0.340652
v -0.413827 -2.995110 -0.380946
v -0.412642 -2.993218 -0.382615
v -0.370679 -2.993255 -0.135174
v -0.372348 -2.995145 -0.136360
v -1.515512 -2.995114 -0.379790
v -1.513739 -2.993222 -0.380813
v -1.579770 -2.995150 -0.140178
v -1.578747 -2.993259 -0.138405
v -1.819383 -2.995141 -0.204436
v -1.821156 -2.993250 -0.203412
v -1.756148 -2.993213 -0.445821
v -1.755125 -2.995105 -0.444048
v -0.394635 -2.995217 0.343816
v -0.392962 -2.993326 0.344996
v -0.803920 -2.995275 0.717421
v -0.802893 -2.993384 0.719192
v -1.343274 -2.995052 -0.787896
v -1.343618 -2.993160 -0.789913
v -0.735568 -2.995058 -0.735483
v -0.734379 -2.993166 -0.737149
v -1.863008 -2.995204 0.217852
v -1.865026 -2.993313 0.218195
v -1.413863 -2.995276 0.712549
v -1.414395 -2.993385 0.714526
v -0.342432 -2.995126 -0.267243
v -0.340414 -2.993235 -0.267585
v -1.836879 -2.995121 -0.337550
v -1.838856 -2.993230 -0.338080
v -0.683024 -2.993297 0.140448
v -0.681351 -2.995188 0.141627
v -0.639087 -2.995224 0.386079
v -0.640267 -2.993334 0.387753
v -0.436898 -2.995181 0.099364
v -0.435719 -2.993289 0.097691
v -0.980122 -2.993339 0.413700
v -0.979095 -2.995230 0.415470
v -1.042483 -2.995266 0.654033
v -1.044253 -2.993375 0.655060
v -0.738761 -2.993347 0.477832
v -0.740532 -2.995239 0.478858
v -1.284248 -2.993212 -0.441760
v -1.284592 -2.995103 -0.443778
v -1.141874 -2.995073 -0.645178
v -1.139856 -2.993181 -0.645522
v -1.485992 -2.995082 -0.586496
v -1.488010 -2.993191 -0.586152
v -0.939505 -2.993210 -0.449644
v -0.938316 -2.995101 -0.451311
v -0.694856 -2.995094 -0.492023
v -0.693190 -2.993203 -0.490834
v -0.980694 -2.993173 -0.695960
v -0.979028 -2.995064 -0.694771
v -1.515092 -2.993303 0.158850
v -1.517110 -2.995194 0.159192
v -1.719389 -2.995173 0.015573
v -1.719731 -2.993282 0.013556
v -1.660729 -2.995224 0.361471
v -1.660387 -2.993334 0.363489
v -1.322601 -2.993334 0.373485
v -1.323133 -2.995225 0.375461
v -1.539019 -2.993353 0.498109
v -1.537042 -2.995244 0.498640
v -1.197977 -2.993366 0.589903
v -1.199954 -2.995257 0.589370
v -0.690348 -2.993245 -0.208241
v -0.688330 -2.995136 -0.208584
v -0.485709 -2.993266 -0.062946
v -0.486051 -2.995157 -0.064965
v -0.545053 -2.993214 -0.412880
v -0.544711 -2.995106 -0.410863
v -1.496039 -2.993242 -0.246145
v -1.498016 -2.995133 -0.246676
v -1.621480 -2.993210 -0.463521
v -1.622010 -2.995101 -0.461544
v -1.713415 -2.993261 -0.120704
v -1.712885 -2.995152 -0.122681
v -0.743341 -2.995166 -0.007788
v -0.741307 -2.993275 -0.007692
v -0.860319 -2.993313 0.246377
v -0.861684 -2.995203 0.244851
v -1.119894 -2.993328 0.340345
v -1.119797 -2.995219 0.338291
v -1.369499 -2.993311 0.222423
v -1.367998 -2.995202 0.221031
v -1.464134 -2.993272 -0.041698
v -1.462099 -2.995163 -0.041603
v -1.345121 -2.993234 -0.295768
v -1.343757 -2.995125 -0.294243
v -1.085547 -2.993219 -0.389736
v -1.085643 -2.995110 -0.387682
v -0.837443 -2.995127 -0.270423
v -0.835941 -2.993236 -0.271814
v -0.693717 -2.993316 0.269645
v -0.695734 -2.995208 0.269994
v -0.565265 -2.995179 0.084980
v -0.564916 -2.993289 0.086998
v -0.380252 -2.995198 0.215450
v -0.382269 -2.993307 0.215799
v -0.510721 -2.995226 0.400463
v -0.511070 -2.993335 0.398446
v -1.043489 -2.993356 0.526063
v -1.045467 -2.995247 0.525537
v -0.851124 -2.993338 0.414464
v -0.850599 -2.995229 0.412486
v -0.739526 -2.993367 0.606829
v -0.737548 -2.995258 0.607354
v -0.932416 -2.995275 0.720405
v -0.931890 -2.993384 0.718427
v -1.185627 -2.993200 -0.524916
v -1.183957 -2.995091 -0.523732
v -1.406038 -2.995097 -0.485861
v -1.404854 -2.993206 -0.487531
v -1.443909 -2.995064 -0.707942
v -1.442239 -2.993173 -0.706758
v -1.221828 -2.995058 -0.745813
v -1.223012 -2.993167 -0.744143
v -0.811006 -2.993211 -0.438295
v -0.810668 -2.995102 -0.436277
v -0.992043 -2.993192 -0.567460
v -0.994062 -2.995083 -0.567123
v -0.862879 -2.993165 -0.748498
v -0.863216 -2.995056 -0.750517
v -0.679822 -2.995075 -0.619671
v -0.681841 -2.993184 -0.619333
v -1.598569 -2.993288 0.059664
v -1.597384 -2.995179 0.057995
v -1.559532 -2.995212 0.281197
v -1.561201 -2.993321 0.280013
v -1.782734 -2.995219 0.319050
v -1.781549 -2.993327 0.317381
v -1.820587 -2.995185 0.095847
v -1.818918 -2.993294 0.097032
v -1.446972 -2.993340 0.407730
v -1.447994 -2.995230 0.405956
v -1.232223 -2.993347 0.465532
v -1.230449 -2.995238 0.464510
v -1.290024 -2.993380 0.680281
v -1.289003 -2.995271 0.682054
v -1.506547 -2.995263 0.623501
v -1.504773 -2.993372 0.622479
v -0.606872 -2.993260 -0.109055
v -0.608057 -2.995151 -0.107386
v -0.644240 -2.993227 -0.329404
v -0.645909 -2.995118 -0.330589
v -0.423891 -2.993221 -0.366772
v -0.422706 -2.995111 -0.368441
v -0.384854 -2.995145 -0.145238
v -0.386523 -2.993253 -0.146423
v -1.530569 -2.993224 -0.371101
v -1.528796 -2.995115 -0.372125
v -1.588459 -2.993256 -0.155234
v -1.587436 -2.995147 -0.153461
v -1.804326 -2.993248 -0.213124
v -1.806099 -2.995140 -0.212101
v -1.747459 -2.995107 -0.430765
v -1.746436 -2.993216 -0.428991
v -0.408841 -2.993325 0.333798
v -0.407169 -2.995216 0.334977
v -0.812595 -2.993382 0.702468
v -0.811568 -2.995273 0.704238
v -1.340368 -2.993163 -0.770854
v -1.340712 -2.995054 -0.772872
v -0.745609 -2.993169 -0.721409
v -0.744420 -2.995059 -0.723076
v -1.845869 -2.993312 0.214946
v -1.847887 -2.995203 0.215288
v -1.409370 -2.993382 0.695856
v -1.409902 -2.995274 0.697832
v -0.359571 -2.993236 -0.264337
v -0.357553 -2.995126 -0.264679
v -1.820089 -2.993231 -0.333047
v -1.822066 -2.995121 -0.333578
v -0.668817 -2.995189 0.150466
v -0.667144 -2.993299 0.151646
v -0.629069 -2.993331 0.371873
v -0.630249 -2.995223 0.373546
v -0.446917 -2.993292 0.113571
v -0.445737 -2.995183 0.111897
v -0.971446 -2.995232 0.428653
v -0.970419 -2.993341 0.430424
v -1.027529 -2.993373 0.645358
v -1.029300 -2.995265 0.646385
v -0.753715 -2.995240 0.486506
v -0.755485 -2.993349 0.487534
v -1.287154 -2.995101 -0.458802
v -1.287498 -2.993210 -0.460820
v -1.158916 -2.993182 -0.642272
v -1.156898 -2.995073 -0.642616
v -1.468950 -2.993191 -0.589402
v -1.470968 -2.995082 -0.589058
v -0.929465 -2.995099 -0.463718
v -0.928276 -2.993207 -0.465384
v -0.708929 -2.993201 -0.502063
v -0.707263 -2.995093 -0.500874
v -0.966621 -2.995066 -0.685919
v -0.964955 -2.993175 -0.684730
v -1.532231 -2.995194 0.161757
v -1.534249 -2.993303 0.162099
v -1.716483 -2.993285 0.032713
v -1.716825 -2.995175 0.030694
v -1.663636 -2.993331 0.344332
v -1.663293 -2.995222 0.346350
v -1.327094 -2.995228 0.390178
v -1.327626 -2.993337 0.392155
v -1.522325 -2.995245 0.502602
v -1.520349 -2.993354 0.503134
v -1.214671 -2.995256 0.585409
v -1.216648 -2.993365 0.584877
v -0.673210 -2.995136 -0.211148
v -0.671191 -2.993245 -0.211490
v -0.488616 -2.995155 -0.080085
v -0.488958 -2.993263 -0.082103
v -0.542147 -2.995108 -0.395742
v -0.541804 -2.993217 -0.393723
v -1.512829 -2.995132 -0.250648
v -1.514806 -2.993241 -0.251178
v -1.625983 -2.995104 -0.446731
v -1.626513 -2.993213 -0.444754
v -1.708912 -2.995150 -0.137495
v -1.708382 -2.993259 -0.139471
v -0.780877 -2.997057 -0.009555
v -0.778843 -2.995166 -0.009459
v -0.885495 -2.995200 0.218223
v -0.886860 -2.997091 0.216697
v -1.118110 -2.995213 0.302432
v -1.118013 -2.997104 0.300377
v -1.341792 -2.995198 0.196757
v -1.340290 -2.997089 0.195365
v -1.426598 -2.995163 -0.039933
v -1.424563 -2.997054 -0.039837
v -1.319945 -2.995129 -0.267615
v -1.318581 -2.997020 -0.266089
v -1.087330 -2.995116 -0.351823
v -1.087427 -2.997007 -0.349769
v -0.865150 -2.997022 -0.244758
v -0.863649 -2.995131 -0.246148
v -0.782909 -3.915265 -0.009787
v -0.780874 -3.913374 -0.009691
v -0.886856 -3.913409 0.216561
v -0.888221 -3.915299 0.215034
v -1.118010 -3.913422 0.300240
v -1.117913 -3.915312 0.298186
v -1.340287 -3.913407 0.195229
v -1.338785 -3.915298 0.193837
v -1.424560 -3.913372 -0.039974
v -1.422525 -3.915263 -0.039878
v -1.318578 -3.913338 -0.266226
v -1.317213 -3.915229 -0.264700
v -1.087424 -3.913325 -0.349906
v -1.087520 -3.915216 -0.347851
v -0.866649 -3.915231 -0.243503
v -0.865147 -3.913339 -0.244894
v -0.828961 -3.913374 -0.011954
v -0.826926 -3.915265 -0.011858
v -0.917744 -3.915295 0.182019
v -0.919108 -3.913403 0.180494
v -1.115822 -3.915306 0.253725
v -1.115725 -3.913414 0.251671
v -1.306293 -3.915293 0.163740
v -1.304791 -3.913402 0.162349
v -1.378508 -3.915263 -0.037807
v -1.376473 -3.913372 -0.037711
v -1.287690 -3.915234 -0.231685
v -1.286326 -3.913343 -0.230159
v -1.089612 -3.915222 -0.303391
v -1.089709 -3.913332 -0.301336
v -0.900643 -3.913344 -0.212015
v -0.899141 -3.915236 -0.213406
v -0.830970 -3.870598 -0.011761
v -0.828961 -3.872489 -0.011947
v -0.919109 -3.872518 0.180500
v -0.920417 -3.870627 0.179037
v -1.115725 -3.872529 0.251677
v -1.115901 -3.870637 0.249743
v -1.304791 -3.872517 0.162355
v -1.303423 -3.870626 0.161088
v -1.376473 -3.872487 -0.037705
v -1.374470 -3.870596 -0.037327
v -1.286326 -3.872458 -0.230153
v -1.284868 -3.870567 -0.228522
v -1.089709 -3.872447 -0.301330
v -1.089514 -3.870556 -0.299192
v -0.902153 -3.870569 -0.210610
v -0.900643 -3.872459 -0.212008
v -1.140311 -3.972949 -0.050281
v -1.138292 -3.974840 -0.049944
v -1.113662 -3.974842 -0.034564
v -1.112473 -3.972951 -0.032898
v -1.110001 -3.974839 -0.056484
v -1.108335 -3.972948 -0.057673
v -1.131921 -3.974839 -0.060145
v -1.133110 -3.972947 -0.061811
v -1.135582 -3.974842 -0.038225
v -1.137248 -3.972951 -0.037036
v -1.107101 -3.972956 -0.005581
v -1.109142 -3.974847 -0.005435
v -1.125939 -3.974845 -0.019987
v -1.126085 -3.972953 -0.022029
v -1.140491 -3.974847 -0.003191
v -1.142533 -3.972956 -0.003044
v -1.123548 -3.972958 0.013403
v -1.123694 -3.974849 0.011361
v -1.114527 -3.974845 -0.016190
v -1.113186 -3.972954 -0.017737
v -1.138241 -3.972954 -0.015943
v -1.136694 -3.974846 -0.014603
v -1.135107 -3.974849 0.007564
v -1.136447 -3.972958 0.009111
v -1.112940 -3.974848 0.005977
v -1.111393 -3.972957 0.007318
v -1.079716 -3.972953 -0.019847
v -1.080053 -3.974845 -0.017829
v -1.098142 -3.974847 -0.004918
v -1.100161 -3.972956 -0.005255
v -1.085231 -3.974849 0.013171
v -1.085568 -3.972959 0.015190
v -1.065123 -3.972956 0.000597
v -1.067142 -3.974848 0.000260
v -1.091771 -3.974845 -0.015119
v -1.092960 -3.972954 -0.016785
v -1.097098 -3.972957 0.007990
v -1.095433 -3.974849 0.006801
v -1.073513 -3.974849 0.010462
v -1.072323 -3.972958 0.012128
v -1.069851 -3.974846 -0.011458
v -1.068185 -3.972955 -0.012647
v -1.068314 -3.870598 -0.015303
v -1.068186 -3.872490 -0.012632
v -1.070864 -3.870603 0.013604
v -1.072324 -3.872494 0.012143
v -1.099214 -3.870602 0.008454
v -1.097099 -3.872493 0.008005
v -1.094575 -3.870598 -0.018102
v -1.092961 -3.872489 -0.016770
v -1.064086 -3.870601 0.002741
v -1.065124 -3.872492 0.000612
v -1.085548 -3.870603 0.017005
v -1.085568 -3.872494 0.015205
v -1.102431 -3.870600 -0.005507
v -1.100161 -3.872491 -0.005240
v -1.079716 -3.872488 -0.019832
v -1.078708 -3.870597 -0.021780
v -1.109329 -3.870602 0.007978
v -1.111393 -3.872493 0.007333
v -1.138038 -3.870602 0.010444
v -1.136447 -3.872493 0.009126
v -1.137863 -3.870598 -0.018575
v -1.138241 -3.872489 -0.015928
v -1.111455 -3.870598 -0.018897
v -1.113187 -3.872489 -0.017722
v -1.123737 -3.870603 0.015208
v -1.123549 -3.872494 0.013418
v -1.143766 -3.870600 -0.001007
v -1.142533 -3.872491 -0.003029
v -1.126906 -3.870597 -0.024047
v -1.126085 -3.872488 -0.022014
v -1.107101 -3.872491 -0.005566
v -1.104815 -3.870600 -0.005619
v -1.137120 -3.870596 -0.034349
v -1.137249 -3.872486 -0.037021
v -1.134570 -3.870592 -0.063257
v -1.133111 -3.872483 -0.061796
v -1.106220 -3.870592 -0.058106
v -1.108335 -3.872483 -0.057658
v -1.110860 -3.870596 -0.031550
v -1.112473 -3.872487 -0.032883
v -1.141348 -3.870593 -0.052394
v -1.140311 -3.872484 -0.050266
v -1.119886 -3.870591 -0.066657
v -1.119866 -3.872482 -0.064858
v -1.103003 -3.870594 -0.044145
v -1.105273 -3.872485 -0.044414
v -1.125718 -3.872488 -0.029821
v -1.126726 -3.870597 -0.027873
v -1.093979 -3.870596 -0.030756
v -1.092248 -3.872487 -0.031931
v -1.096105 -3.870592 -0.057630
v -1.094041 -3.872483 -0.056986
v -1.067397 -3.870592 -0.060097
v -1.068987 -3.872483 -0.058779
v -1.067572 -3.870596 -0.031078
v -1.067193 -3.872487 -0.033725
v -1.100619 -3.870594 -0.044033
v -1.098333 -3.872485 -0.044087
v -1.081697 -3.870591 -0.064861
v -1.081886 -3.872482 -0.063071
v -1.061669 -3.870594 -0.048645
v -1.062901 -3.872485 -0.046624
v -1.079349 -3.872488 -0.027639
v -1.078528 -3.870597 -0.025605
v -0.954755 -3.870597 -0.019741
v -0.952687 -3.872488 -0.019778
v -0.933162 -3.870594 -0.036567
v -0.932315 -3.872486 -0.034481
v -0.915539 -3.870598 -0.014201
v -0.917612 -3.872489 -0.014109
v -0.938895 -3.870601 0.002490
v -0.937984 -3.872491 0.000594
v -0.946306 -3.870595 -0.033443
v -0.945546 -3.872486 -0.031348
v -0.918738 -3.870595 -0.027690
v -0.920744 -3.872487 -0.027340
v -0.923604 -3.870600 -0.001120
v -0.924753 -3.872491 -0.002538
v -0.949555 -3.872490 -0.006547
v -0.951302 -3.870600 -0.005176
v -1.027353 -3.870600 -0.001678
v -1.026412 -3.872491 -0.003565
v -1.043187 -3.870597 -0.023883
v -1.041117 -3.872488 -0.023937
v -1.021737 -3.870594 -0.040717
v -1.020746 -3.872486 -0.038641
v -1.003968 -3.870598 -0.018360
v -1.006041 -3.872488 -0.018270
v -1.039734 -3.870599 -0.009327
v -1.037984 -3.872490 -0.010706
v -1.034711 -3.870595 -0.037631
v -1.033977 -3.872486 -0.035508
v -1.007143 -3.870596 -0.031741
v -1.009174 -3.872487 -0.031501
v -1.013181 -3.872490 -0.006699
v -1.012020 -3.870599 -0.005298
v -1.010445 -3.870608 0.048890
v -1.011274 -3.872499 0.051012
v -1.013960 -3.870612 0.077255
v -1.015411 -3.872503 0.075787
v -1.042174 -3.870611 0.072337
v -1.040187 -3.872502 0.071649
v -1.037634 -3.870608 0.045517
v -1.036049 -3.872499 0.046874
v -1.006593 -3.870611 0.065448
v -1.008211 -3.872501 0.064256
v -1.028810 -3.870612 0.080693
v -1.028656 -3.872503 0.078849
v -1.045464 -3.870609 0.058070
v -1.043249 -3.872500 0.058404
v -1.022804 -3.872498 0.043812
v -1.021762 -3.870607 0.041839
v -1.093789 -3.870575 -0.174294
v -1.093560 -3.872465 -0.176350
v -1.114444 -3.870572 -0.192136
v -1.112473 -3.872463 -0.192873
v -1.095665 -3.870569 -0.213841
v -1.095950 -3.872460 -0.211786
v -1.075040 -3.870572 -0.194213
v -1.077038 -3.872463 -0.195263
v -1.107966 -3.870574 -0.179082
v -1.106438 -3.872465 -0.180694
v -1.109431 -3.870570 -0.207027
v -1.108129 -3.872461 -0.205751
v -1.082546 -3.870569 -0.209410
v -1.083072 -3.872461 -0.207441
v -1.081382 -3.872464 -0.182385
v -1.079364 -3.870574 -0.181436
v -1.079545 -3.870586 -0.100982
v -1.081429 -3.872477 -0.101932
v -1.101758 -3.870588 -0.085190
v -1.101810 -3.872478 -0.087260
v -1.118557 -3.870585 -0.106633
v -1.116482 -3.872476 -0.107641
v -1.096189 -3.870582 -0.124386
v -1.096101 -3.872473 -0.122313
v -1.087203 -3.870587 -0.088622
v -1.088581 -3.872478 -0.090375
v -1.115494 -3.870587 -0.093684
v -1.113367 -3.872478 -0.094412
v -1.109551 -3.870583 -0.121234
v -1.109330 -3.872474 -0.119198
v -1.084544 -3.872474 -0.115161
v -1.083145 -3.870583 -0.116321
v -1.033319 -3.870584 -0.115876
v -1.031405 -3.872474 -0.115006
v -1.004768 -3.870583 -0.118124
v -1.006351 -3.872474 -0.116799
v -1.003932 -3.870587 -0.089554
v -1.004557 -3.872478 -0.091745
v -1.031318 -3.870587 -0.088749
v -1.029612 -3.872478 -0.089951
v -1.019230 -3.870583 -0.122941
v -1.019250 -3.872473 -0.121091
v -0.998542 -3.870585 -0.105678
v -1.000265 -3.872476 -0.104644
v -1.015860 -3.870588 -0.083597
v -1.016713 -3.872478 -0.085659
v -1.037935 -3.870585 -0.101981
v -1.035697 -3.872476 -0.102107
v -1.250503 -3.870596 -0.033655
v -1.252559 -3.872487 -0.033885
v -1.268380 -3.870599 -0.013011
v -1.269109 -3.872490 -0.014984
v -1.290066 -3.870597 -0.031821
v -1.288011 -3.872488 -0.031534
v -1.270421 -3.870593 -0.052434
v -1.271461 -3.872485 -0.050436
v -1.255309 -3.870598 -0.019478
v -1.256919 -3.872489 -0.021007
v -1.283264 -3.870599 -0.018040
v -1.281988 -3.872489 -0.019344
v -1.285615 -3.870595 -0.044950
v -1.283650 -3.872486 -0.044413
v -1.258582 -3.872485 -0.046075
v -1.257629 -3.870594 -0.048089
v -1.181848 -3.870594 -0.048250
v -1.183030 -3.872485 -0.046276
v -1.162073 -3.870597 -0.029476
v -1.164129 -3.872488 -0.029724
v -1.179922 -3.870600 -0.008855
v -1.180681 -3.872490 -0.010823
v -1.201637 -3.870597 -0.027659
v -1.199582 -3.872488 -0.027375
v -1.169221 -3.870594 -0.043959
v -1.170151 -3.872486 -0.041915
v -1.166877 -3.870598 -0.015308
v -1.168491 -3.872489 -0.016845
v -1.194847 -3.870599 -0.013899
v -1.193560 -3.872490 -0.015185
v -1.195220 -3.872486 -0.040254
v -1.197220 -3.870595 -0.040683
v -1.194990 -3.870587 -0.098543
v -1.194161 -3.872477 -0.100665
v -1.191475 -3.870582 -0.126907
v -1.190023 -3.872473 -0.125440
v -1.163261 -3.870583 -0.121990
v -1.165248 -3.872474 -0.121302
v -1.167800 -3.870587 -0.095170
v -1.169386 -3.872478 -0.096527
v -1.198842 -3.870584 -0.115101
v -1.197223 -3.872475 -0.113910
v -1.176625 -3.870582 -0.130346
v -1.176778 -3.872473 -0.128502
v -1.159970 -3.870585 -0.107722
v -1.162186 -3.872476 -0.108058
v -1.182630 -3.872478 -0.093465
v -1.183673 -3.870587 -0.091492
v -1.107861 -3.870619 0.124820
v -1.107826 -3.872510 0.126888
v -1.091065 -3.870622 0.146411
v -1.093152 -3.872514 0.147268
v -1.113442 -3.870625 0.164016
v -1.113533 -3.872516 0.161942
v -1.130100 -3.870622 0.140644
v -1.128206 -3.872513 0.141561
v -1.094170 -3.870621 0.133284
v -1.096268 -3.872512 0.134039
v -1.099964 -3.870624 0.160835
v -1.100303 -3.872515 0.158826
v -1.126507 -3.870624 0.155939
v -1.125090 -3.872515 0.154791
v -1.122425 -3.870620 0.128255
v -1.121055 -3.872511 0.130004
v -1.126168 -3.870609 0.055132
v -1.124196 -3.872500 0.056330
v -1.107429 -3.870606 0.035361
v -1.107676 -3.872498 0.037416
v -1.086797 -3.870609 0.053169
v -1.088762 -3.872500 0.053937
v -1.105565 -3.870612 0.074906
v -1.105282 -3.872503 0.072851
v -1.121902 -3.870608 0.042527
v -1.119853 -3.872499 0.043452
v -1.093261 -3.870607 0.040145
v -1.094797 -3.872498 0.041759
v -1.091822 -3.870611 0.068102
v -1.093105 -3.872502 0.066815
v -1.118161 -3.872502 0.068507
v -1.118572 -3.870612 0.070514
v -1.172115 -3.870611 0.066224
v -1.174029 -3.872502 0.065352
v -1.200666 -3.870611 0.068471
v -1.199083 -3.872502 0.067146
v -1.201503 -3.870607 0.039902
v -1.200877 -3.872499 0.042092
v -1.174117 -3.870607 0.039097
v -1.175823 -3.872498 0.040298
v -1.186205 -3.870612 0.073289
v -1.186185 -3.872503 0.071438
v -1.206892 -3.870609 0.056025
v -1.205169 -3.872500 0.054991
v -1.189574 -3.870606 0.033945
v -1.188721 -3.872498 0.036006
v -1.169737 -3.872500 0.052454
v -1.167500 -3.870609 0.052328
v -0.858844 -3.870595 -0.033074
v -0.858029 -3.872486 -0.030986
v -0.841245 -3.870598 -0.010807
v -0.843326 -3.872489 -0.010614
v -0.864602 -3.870601 0.005987
v -0.863698 -3.872491 0.004089
v -0.880479 -3.870598 -0.016139
v -0.878401 -3.872488 -0.016283
v -0.844422 -3.870596 -0.024199
v -0.846459 -3.872487 -0.023845
v -0.849381 -3.870600 0.002393
v -0.850467 -3.872491 0.000957
v -0.877056 -3.870600 -0.001708
v -0.875269 -3.872490 -0.003052
v -0.871260 -3.872487 -0.027853
v -0.871960 -3.870596 -0.029956
v -0.983053 -3.870621 0.138455
v -0.981073 -3.872512 0.137755
v -0.978525 -3.870617 0.111627
v -0.976935 -3.872508 0.112979
v -0.951275 -3.870617 0.115045
v -0.952160 -3.872509 0.117117
v -0.954802 -3.870621 0.143325
v -0.956298 -3.872512 0.141892
v -0.986349 -3.870619 0.124168
v -0.984136 -3.872510 0.124510
v -0.962662 -3.870617 0.107950
v -0.963691 -3.872508 0.109917
v -0.947442 -3.870619 0.131528
v -0.949098 -3.872510 0.130362
v -0.969734 -3.870622 0.146783
v -0.969543 -3.872513 0.144955
v -1.116874 -3.870637 0.239065
v -1.117063 -3.872527 0.236984
v -1.133632 -3.870633 0.215692
v -1.131737 -3.872524 0.216603
v -1.111497 -3.870630 0.199852
v -1.111356 -3.872522 0.201930
v -1.094593 -3.870634 0.221486
v -1.096683 -3.872525 0.222310
v -1.130056 -3.870635 0.230919
v -1.128621 -3.872526 0.229832
v -1.125929 -3.870631 0.203258
v -1.124585 -3.872522 0.205045
v -1.097692 -3.870632 0.208385
v -1.099798 -3.872523 0.209081
v -1.103834 -3.872527 0.233868
v -1.103491 -3.870636 0.235907
v -1.266622 -3.870616 0.100210
v -1.265935 -3.872508 0.102356
v -1.239171 -3.870616 0.099364
v -1.240881 -3.872507 0.100562
v -1.237182 -3.870620 0.126500
v -1.239087 -3.872511 0.125616
v -1.265765 -3.870620 0.128695
v -1.264142 -3.872511 0.127410
v -1.254619 -3.870615 0.094215
v -1.253780 -3.872507 0.096270
v -1.232560 -3.870618 0.112585
v -1.234795 -3.872509 0.112718
v -1.251224 -3.870621 0.133540
v -1.251243 -3.872512 0.131702
v -1.270227 -3.872509 0.115254
v -1.271985 -3.870618 0.116259
v -1.364351 -3.870596 -0.035417
v -1.362297 -3.872487 -0.035029
v -1.344739 -3.870593 -0.055933
v -1.345746 -3.872484 -0.053931
v -1.324790 -3.870596 -0.037042
v -1.326845 -3.872487 -0.037380
v -1.342674 -3.870599 -0.016504
v -1.343395 -3.872490 -0.018478
v -1.359930 -3.870594 -0.048451
v -1.357936 -3.872485 -0.047908
v -1.331973 -3.870593 -0.051597
v -1.332868 -3.872485 -0.049570
v -1.329553 -3.870598 -0.022996
v -1.331205 -3.872489 -0.024501
v -1.356274 -3.872489 -0.022839
v -1.357490 -3.870598 -0.021511
v -1.222381 -3.870573 -0.188108
v -1.224361 -3.872464 -0.187408
v -1.226909 -3.870577 -0.161279
v -1.228499 -3.872468 -0.162633
v -1.254159 -3.870577 -0.164698
v -1.253274 -3.872467 -0.166770
v -1.250632 -3.870573 -0.192977
v -1.249136 -3.872464 -0.191546
v -1.219086 -3.870575 -0.173821
v -1.221299 -3.872466 -0.174163
v -1.242773 -3.870578 -0.157603
v -1.241743 -3.872468 -0.159570
v -1.257992 -3.870574 -0.181180
v -1.256336 -3.872465 -0.180015
v -1.235700 -3.870572 -0.196436
v -1.235892 -3.872463 -0.194608
v -1.088561 -3.870558 -0.288718
v -1.088371 -3.872449 -0.286637
v -1.071803 -3.870561 -0.265345
v -1.073698 -3.872452 -0.266256
v -1.093938 -3.870564 -0.249505
v -1.094079 -3.872454 -0.251583
v -1.110841 -3.870560 -0.271139
v -1.108752 -3.872451 -0.271963
v -1.075379 -3.870559 -0.280571
v -1.076813 -3.872450 -0.279485
v -1.079506 -3.870563 -0.252910
v -1.080849 -3.872454 -0.254698
v -1.107742 -3.870562 -0.258038
v -1.105636 -3.872453 -0.258734
v -1.101600 -3.872449 -0.283521
v -1.101943 -3.870559 -0.285559
v -0.939669 -3.870574 -0.178348
v -0.941293 -3.872465 -0.177063
v -0.938813 -3.870578 -0.149862
v -0.939499 -3.872468 -0.152009
v -0.966263 -3.870578 -0.149017
v -0.964553 -3.872468 -0.150215
v -0.968252 -3.870574 -0.176152
v -0.966347 -3.872465 -0.175269
v -0.933449 -3.870576 -0.165912
v -0.935207 -3.872467 -0.164907
v -0.950815 -3.870579 -0.143868
v -0.951655 -3.872469 -0.145923
v -0.972874 -3.870577 -0.162237
v -0.970639 -3.872467 -0.162371
v -0.954191 -3.872464 -0.181355
v -0.954210 -3.870573 -0.183193
v -1.120203 -3.974838 -0.062855
v -1.119866 -3.972947 -0.064873
v -1.107292 -3.974841 -0.044766
v -1.105273 -3.972950 -0.044429
v -1.125718 -3.972952 -0.029836
v -1.125381 -3.974843 -0.031855
v -1.090907 -3.974843 -0.033494
v -1.092247 -3.972951 -0.031946
v -1.092494 -3.974839 -0.055661
v -1.094041 -3.972948 -0.057001
v -1.068987 -3.972947 -0.058794
v -1.070327 -3.974838 -0.057248
v -1.068740 -3.974842 -0.035081
v -1.067193 -3.972951 -0.033740
v -1.098333 -3.972950 -0.044102
v -1.096291 -3.974841 -0.044248
v -1.081739 -3.974838 -0.061045
v -1.081885 -3.972947 -0.063086
v -1.064943 -3.974840 -0.046493
v -1.062901 -3.972949 -0.046639
v -1.079349 -3.972952 -0.027654
v -1.079495 -3.974843 -0.029696
v -0.950666 -3.974844 -0.019466
v -0.952686 -3.972953 -0.019793
v -0.932641 -3.974842 -0.032475
v -0.932315 -3.972951 -0.034495
v -0.917612 -3.972954 -0.014124
v -0.919632 -3.974845 -0.014450
v -0.937657 -3.974847 -0.001442
v -0.937984 -3.972956 0.000579
v -0.945546 -3.972951 -0.031363
v -0.944348 -3.974843 -0.029704
v -0.922404 -3.974843 -0.026157
v -0.920744 -3.972951 -0.027355
v -0.925951 -3.974846 -0.004213
v -0.924753 -3.972956 -0.002553
v -0.949554 -3.972955 -0.006562
v -0.947895 -3.974846 -0.007760
v -1.026085 -3.974847 -0.005601
v -1.026412 -3.972956 -0.003580
v -1.039096 -3.974844 -0.023625
v -1.041117 -3.972953 -0.023952
v -1.020745 -3.972950 -0.038656
v -1.021072 -3.974842 -0.036636
v -1.008061 -3.974844 -0.018612
v -1.006041 -3.972953 -0.018285
v -1.037983 -3.972955 -0.010721
v -1.036324 -3.974846 -0.011919
v -1.032778 -3.974843 -0.033864
v -1.033976 -3.972951 -0.035523
v -1.010833 -3.974843 -0.030318
v -1.009174 -3.972951 -0.031516
v -1.013181 -3.972955 -0.006714
v -1.014379 -3.974846 -0.008374
v -1.012939 -3.974855 0.052186
v -1.011273 -3.972964 0.050997
v -1.016600 -3.974858 0.074106
v -1.015411 -3.972967 0.075772
v -1.040186 -3.972967 0.071634
v -1.038520 -3.974858 0.070445
v -1.034859 -3.974854 0.048525
v -1.036048 -3.972963 0.046859
v -1.008211 -3.972966 0.064242
v -1.010230 -3.974857 0.063904
v -1.028318 -3.974859 0.076815
v -1.028656 -3.972968 0.078834
v -1.041229 -3.974856 0.058727
v -1.043248 -3.972965 0.058390
v -1.022804 -3.972963 0.043797
v -1.023141 -3.974854 0.045815
v -1.093697 -3.974821 -0.178408
v -1.093560 -3.972930 -0.176365
v -1.110430 -3.974818 -0.193026
v -1.112472 -3.972927 -0.192888
v -1.095950 -3.972925 -0.211801
v -1.095812 -3.974816 -0.209759
v -1.079080 -3.974818 -0.195141
v -1.077037 -3.972927 -0.195278
v -1.106438 -3.972929 -0.180709
v -1.105091 -3.974820 -0.182251
v -1.106587 -3.974817 -0.204420
v -1.108128 -3.972926 -0.205766
v -1.084418 -3.974817 -0.205915
v -1.083072 -3.972926 -0.207456
v -1.081381 -3.972929 -0.182400
v -1.082923 -3.974820 -0.183747
v -1.083449 -3.974832 -0.102276
v -1.081429 -3.972941 -0.101947
v -1.101481 -3.974834 -0.089296
v -1.101810 -3.972943 -0.087275
v -1.114461 -3.974832 -0.107328
v -1.116482 -3.972941 -0.107656
v -1.096429 -3.974829 -0.120308
v -1.096100 -3.972938 -0.122328
v -1.089776 -3.974833 -0.092051
v -1.088581 -3.972943 -0.090390
v -1.111706 -3.974833 -0.095623
v -1.113367 -3.972942 -0.094427
v -1.108134 -3.974830 -0.117552
v -1.109329 -3.972939 -0.119213
v -1.086205 -3.974830 -0.113980
v -1.084543 -3.972939 -0.115176
v -1.029858 -3.974831 -0.113681
v -1.031405 -3.972939 -0.115021
v -1.006351 -3.972939 -0.116814
v -1.007691 -3.974830 -0.115268
v -1.004557 -3.972942 -0.091760
v -1.006104 -3.974833 -0.093101
v -1.029611 -3.972943 -0.089966
v -1.028271 -3.974834 -0.091514
v -1.019103 -3.974830 -0.119065
v -1.019249 -3.972938 -0.121106
v -1.000265 -3.972941 -0.104659
v -1.002307 -3.974832 -0.104513
v -1.016713 -3.972943 -0.085674
v -1.016859 -3.974834 -0.087716
v -1.033655 -3.974832 -0.102268
v -1.035697 -3.972941 -0.102122
v -1.252558 -3.972952 -0.033900
v -1.254601 -3.974843 -0.033765
v -1.269109 -3.972955 -0.014999
v -1.269244 -3.974845 -0.017041
v -1.288010 -3.972952 -0.031549
v -1.285968 -3.974844 -0.031685
v -1.271460 -3.972949 -0.050451
v -1.271325 -3.974841 -0.048409
v -1.256919 -3.972954 -0.021022
v -1.258459 -3.974844 -0.022371
v -1.281987 -3.972954 -0.019359
v -1.280639 -3.974845 -0.020900
v -1.283650 -3.972950 -0.044428
v -1.282110 -3.974842 -0.043079
v -1.259930 -3.974841 -0.044551
v -1.258582 -3.972950 -0.046090
v -1.183029 -3.972950 -0.046291
v -1.182894 -3.974841 -0.044249
v -1.166171 -3.974843 -0.029604
v -1.164128 -3.972952 -0.029739
v -1.180816 -3.974846 -0.012881
v -1.180681 -3.972955 -0.010838
v -1.197539 -3.974844 -0.027526
v -1.199582 -3.972953 -0.027390
v -1.170151 -3.972951 -0.041930
v -1.171499 -3.974842 -0.040390
v -1.170030 -3.974845 -0.018209
v -1.168490 -3.972954 -0.016860
v -1.192211 -3.974846 -0.016740
v -1.193559 -3.972955 -0.015200
v -1.193680 -3.974842 -0.038921
v -1.195220 -3.972951 -0.040269
v -1.192495 -3.974833 -0.101870
v -1.194161 -3.972942 -0.100680
v -1.188833 -3.974829 -0.123789
v -1.190023 -3.972938 -0.125455
v -1.166913 -3.974829 -0.120128
v -1.165247 -3.972938 -0.121317
v -1.170575 -3.974833 -0.098208
v -1.169385 -3.972942 -0.096542
v -1.195204 -3.974831 -0.113588
v -1.197223 -3.972940 -0.113925
v -1.177115 -3.974829 -0.126499
v -1.176778 -3.972937 -0.128517
v -1.164204 -3.974832 -0.108410
v -1.162185 -3.972941 -0.108073
v -1.182293 -3.974834 -0.095499
v -1.182630 -3.972943 -0.093480
v -1.108154 -3.974867 0.128893
v -1.107825 -3.972975 0.126873
v -1.095172 -3.974869 0.146924
v -1.093152 -3.972978 0.147253
v -1.113532 -3.972980 0.161927
v -1.113203 -3.974871 0.159906
v -1.128206 -3.972977 0.141546
v -1.126186 -3.974869 0.141875
v -1.097929 -3.974868 0.135220
v -1.096268 -3.972976 0.134024
v -1.101499 -3.974871 0.157150
v -1.100303 -3.972980 0.158811
v -1.125090 -3.972979 0.154776
v -1.123429 -3.974870 0.153579
v -1.119859 -3.974867 0.131649
v -1.121055 -3.972975 0.129989
v -1.124196 -3.972965 0.056315
v -1.122153 -3.974856 0.056177
v -1.107675 -3.972962 0.037401
v -1.107537 -3.974854 0.039443
v -1.088761 -3.972965 0.053922
v -1.090804 -3.974856 0.054059
v -1.105282 -3.972967 0.072836
v -1.105420 -3.974858 0.070793
v -1.119853 -3.972963 0.043437
v -1.118311 -3.974854 0.044783
v -1.094797 -3.972963 0.041744
v -1.096143 -3.974854 0.043286
v -1.093104 -3.972966 0.066800
v -1.094646 -3.974857 0.065453
v -1.116814 -3.974858 0.066951
v -1.118160 -3.972966 0.068493
v -1.174029 -3.972966 0.065337
v -1.175576 -3.974857 0.063997
v -1.199083 -3.972967 0.067131
v -1.197742 -3.974858 0.065584
v -1.200877 -3.972963 0.042077
v -1.199330 -3.974854 0.043417
v -1.177163 -3.974854 0.041830
v -1.175822 -3.972963 0.040283
v -1.186184 -3.972967 0.071423
v -1.186330 -3.974858 0.069381
v -1.205169 -3.972965 0.054976
v -1.203127 -3.974856 0.054829
v -1.188575 -3.974854 0.038033
v -1.188721 -3.972962 0.035991
v -1.171778 -3.974856 0.052585
v -1.169737 -3.972965 0.052439
v -0.858355 -3.974842 -0.028980
v -0.858029 -3.972951 -0.031001
v -0.845346 -3.974845 -0.010956
v -0.843326 -3.972954 -0.010629
v -0.863371 -3.974847 0.002053
v -0.863698 -3.972956 0.004074
v -0.876380 -3.974844 -0.015971
v -0.878401 -3.972953 -0.016298
v -0.848118 -3.974843 -0.022662
v -0.846458 -3.972952 -0.023860
v -0.851664 -3.974846 -0.000718
v -0.850467 -3.972956 0.000942
v -0.873609 -3.974846 -0.004265
v -0.875268 -3.972955 -0.003067
v -0.870062 -3.974843 -0.026209
v -0.871260 -3.972951 -0.027868
v -0.979407 -3.974868 0.136550
v -0.981073 -3.972976 0.137740
v -0.975746 -3.974864 0.114630
v -0.976935 -3.972973 0.112964
v -0.953826 -3.974864 0.118291
v -0.952160 -3.972973 0.117102
v -0.956298 -3.972977 0.141878
v -0.957487 -3.974868 0.140211
v -0.982116 -3.974866 0.124832
v -0.984135 -3.972975 0.124495
v -0.964028 -3.974864 0.111921
v -0.963691 -3.972972 0.109902
v -0.951117 -3.974866 0.130009
v -0.949098 -3.972975 0.130347
v -0.969205 -3.974869 0.142920
v -0.969542 -3.972977 0.144940
v -1.117063 -3.972992 0.236969
v -1.116734 -3.974883 0.234948
v -1.131736 -3.972989 0.216588
v -1.129716 -3.974880 0.216917
v -1.111355 -3.972986 0.201915
v -1.111684 -3.974878 0.203935
v -1.096682 -3.972989 0.222295
v -1.098702 -3.974880 0.221966
v -1.128621 -3.972991 0.229817
v -1.126959 -3.974882 0.228621
v -1.124585 -3.972987 0.205030
v -1.123389 -3.974879 0.206691
v -1.099798 -3.972987 0.209066
v -1.101459 -3.974879 0.210262
v -1.105029 -3.974882 0.232192
v -1.103834 -3.972991 0.233853
v -1.265935 -3.972972 0.102341
v -1.264388 -3.974864 0.103681
v -1.240881 -3.972972 0.100547
v -1.242221 -3.974863 0.102094
v -1.239087 -3.972975 0.125601
v -1.240634 -3.974866 0.124261
v -1.264141 -3.972976 0.127395
v -1.262801 -3.974867 0.125848
v -1.253779 -3.972971 0.096255
v -1.253633 -3.974863 0.098296
v -1.234795 -3.972974 0.112703
v -1.236837 -3.974865 0.112849
v -1.251243 -3.972976 0.131687
v -1.251389 -3.974867 0.129645
v -1.268185 -3.974865 0.115093
v -1.270227 -3.972974 0.115239
v -1.360254 -3.974843 -0.035180
v -1.362297 -3.972952 -0.035044
v -1.345610 -3.974841 -0.051903
v -1.345746 -3.972949 -0.053946
v -1.328887 -3.974843 -0.037260
v -1.326844 -3.972951 -0.037395
v -1.343531 -3.974845 -0.020536
v -1.343395 -3.972955 -0.018493
v -1.356396 -3.974842 -0.046574
v -1.357936 -3.972950 -0.047923
v -1.334216 -3.974841 -0.048045
v -1.332867 -3.972950 -0.049585
v -1.332745 -3.974844 -0.025865
v -1.331205 -3.972953 -0.024516
v -1.354925 -3.974845 -0.024394
v -1.356274 -3.972954 -0.022854
v -1.226027 -3.974820 -0.186234
v -1.224361 -3.972929 -0.187423
v -1.229688 -3.974823 -0.164314
v -1.228498 -3.972932 -0.162648
v -1.251608 -3.974823 -0.167975
v -1.253274 -3.972932 -0.166785
v -1.247947 -3.974820 -0.189895
v -1.249136 -3.972928 -0.191561
v -1.223317 -3.974822 -0.174516
v -1.221298 -3.972931 -0.174178
v -1.241406 -3.974824 -0.161605
v -1.241743 -3.972933 -0.159585
v -1.254317 -3.974821 -0.179693
v -1.256336 -3.972930 -0.180030
v -1.236229 -3.974819 -0.192604
v -1.235891 -3.972928 -0.194623
v -1.088700 -3.974805 -0.284632
v -1.088371 -3.972914 -0.286652
v -1.073697 -3.972917 -0.266271
v -1.075718 -3.974808 -0.266600
v -1.094078 -3.972919 -0.251598
v -1.093749 -3.974810 -0.253618
v -1.108751 -3.972916 -0.271978
v -1.106731 -3.974807 -0.271650
v -1.076813 -3.972915 -0.279500
v -1.078474 -3.974806 -0.278305
v -1.080849 -3.972918 -0.254713
v -1.082045 -3.974809 -0.256375
v -1.105636 -3.972918 -0.258749
v -1.103975 -3.974809 -0.259945
v -1.100404 -3.974805 -0.281875
v -1.101600 -3.972914 -0.283536
v -0.941292 -3.972929 -0.177078
v -0.942633 -3.974820 -0.175531
v -0.939499 -3.972933 -0.152024
v -0.941046 -3.974823 -0.153364
v -0.964553 -3.972933 -0.150230
v -0.963213 -3.974824 -0.151777
v -0.966347 -3.972930 -0.175284
v -0.964800 -3.974821 -0.173944
v -0.935207 -3.972931 -0.164922
v -0.937248 -3.974822 -0.164776
v -0.951654 -3.972934 -0.145938
v -0.951801 -3.974824 -0.147980
v -0.970639 -3.972932 -0.162386
v -0.968597 -3.974823 -0.162532
v -0.954045 -3.974820 -0.179329
v -0.954191 -3.972929 -0.181370
v -0.691633 -2.894895 0.269251
v -0.693718 -2.896786 0.269660
v -0.564916 -2.896758 0.087012
v -0.564485 -2.894867 0.088517
v -0.382269 -2.896776 0.215813
v -0.383696 -2.894885 0.215565
v -0.511070 -2.896804 0.398461
v -0.510831 -2.894913 0.396452
v -1.043189 -2.894934 0.526428
v -1.043489 -2.896825 0.526077
v -0.851474 -2.894917 0.414762
v -0.851125 -2.896808 0.414479
v -0.739811 -2.894945 0.606486
v -0.739527 -2.896837 0.606843
v -0.931891 -2.896854 0.718441
v -0.931531 -2.894963 0.718139
v -1.186384 -2.894778 -0.525221
v -1.185627 -2.896669 -0.524901
v -1.404855 -2.896676 -0.487516
v -1.404463 -2.894784 -0.488526
v -1.442239 -2.896643 -0.706744
v -1.441280 -2.894752 -0.706684
v -1.223012 -2.896636 -0.744128
v -1.223068 -2.894745 -0.743409
v -0.810784 -2.894789 -0.438865
v -0.811006 -2.896681 -0.438281
v -0.991464 -2.894771 -0.567245
v -0.992044 -2.896662 -0.567446
v -0.863101 -2.894744 -0.747899
v -0.862879 -2.896635 -0.748483
v -0.681841 -2.896653 -0.619318
v -0.682421 -2.894762 -0.619519
v -1.599367 -2.894867 0.061258
v -1.598569 -2.896758 0.059678
v -1.561201 -2.896791 0.280027
v -1.562392 -2.894899 0.278757
v -1.781550 -2.896797 0.317395
v -1.779974 -2.894906 0.315784
v -1.818918 -2.896764 0.097047
v -1.816943 -2.894873 0.098183
v -1.445471 -2.889042 0.409618
v -1.446973 -2.890642 0.407746
v -1.232949 -2.889077 0.466769
v -1.232223 -2.890650 0.465547
v -1.289794 -2.889089 0.679255
v -1.290025 -2.890682 0.680296
v -1.504774 -2.890674 0.622495
v -1.502557 -2.889053 0.622253
v -0.605875 -2.894838 -0.109832
v -0.606872 -2.896729 -0.109040
v -0.643431 -2.894806 -0.328417
v -0.644240 -2.896697 -0.329389
v -0.424889 -2.894799 -0.365965
v -0.423891 -2.896690 -0.366757
v -0.386523 -2.896723 -0.146409
v -0.387333 -2.894832 -0.147380
v -1.531033 -2.894802 -0.371175
v -1.530569 -2.896693 -0.371087
v -1.588455 -2.894835 -0.155755
v -1.588459 -2.896726 -0.155220
v -1.803859 -2.894827 -0.213101
v -1.804327 -2.896718 -0.213110
v -1.746436 -2.896685 -0.428977
v -1.746495 -2.894794 -0.428567
v -0.409782 -2.894903 0.332346
v -0.408842 -2.896794 0.333812
v -0.812548 -2.894959 0.702020
v -0.812596 -2.896851 0.702482
v -1.339821 -2.894742 -0.770252
v -1.340368 -2.896633 -0.770839
v -0.746170 -2.894747 -0.721124
v -0.745609 -2.896638 -0.721395
v -1.843538 -2.894890 0.214640
v -1.845869 -2.896781 0.214960
v -1.407965 -2.889067 0.694854
v -1.409370 -2.890685 0.695871
v -0.360840 -2.894814 -0.264447
v -0.359571 -2.896705 -0.264322
v -1.819813 -2.894809 -0.332696
v -1.820089 -2.896700 -0.333033
v -0.667145 -2.896768 0.151660
v -0.665467 -2.894877 0.152542
v -0.627592 -2.894910 0.370300
v -0.629069 -2.896801 0.371888
v -0.447811 -2.894871 0.114597
v -0.446917 -2.896761 0.113585
v -0.970420 -2.896811 0.430438
v -0.970460 -2.894919 0.430890
v -1.027063 -2.894952 0.645408
v -1.027530 -2.896843 0.645372
v -0.755486 -2.896818 0.487548
v -0.755933 -2.894927 0.487497
v -1.287498 -2.896679 -0.460805
v -1.287809 -2.894788 -0.461736
v -1.159516 -2.894760 -0.641842
v -1.158916 -2.896652 -0.642257
v -1.468052 -2.894769 -0.589977
v -1.468951 -2.896661 -0.589387
v -0.928276 -2.896677 -0.465369
v -0.927715 -2.894786 -0.465639
v -0.709183 -2.894780 -0.502610
v -0.708930 -2.896671 -0.502049
v -0.964955 -2.896645 -0.684716
v -0.964702 -2.894754 -0.684154
v -1.534250 -2.896773 0.162113
v -1.535851 -2.894882 0.162348
v -1.715788 -2.894863 0.034658
v -1.716483 -2.896754 0.032727
v -1.663502 -2.894909 0.342336
v -1.663636 -2.896800 0.344347
v -1.327627 -2.890639 0.392170
v -1.327382 -2.889051 0.394186
v -1.520349 -2.890656 0.503149
v -1.518062 -2.889043 0.504069
v -1.216648 -2.890668 0.584893
v -1.217415 -2.889110 0.584772
v -0.671192 -2.896714 -0.211476
v -0.669923 -2.894823 -0.211350
v -0.488958 -2.896733 -0.082089
v -0.488823 -2.894842 -0.083345
v -0.541805 -2.896687 -0.393709
v -0.541940 -2.894796 -0.392453
v -1.514807 -2.896711 -0.251164
v -1.515132 -2.894820 -0.251574
v -1.626513 -2.896683 -0.444739
v -1.626862 -2.894791 -0.444499
v -1.708382 -2.896728 -0.139457
v -1.708038 -2.894837 -0.139830
v -1.578874 -2.894801 -0.380326
v -1.579002 -2.896645 -0.379913
v -1.580948 -2.894801 -0.381175
v -1.547259 -2.894814 -0.292068
v -1.547423 -2.896655 -0.292049
v -1.588094 -2.894827 -0.205698
v -1.587648 -2.896612 -0.206385
v -1.678486 -2.894832 -0.171826
v -1.676098 -2.896606 -0.173117
v -1.761030 -2.896631 -0.211800
v -1.767979 -2.894827 -0.212449
v -1.762158 -2.894827 -0.214111
v -2.057427 -3.003198 -0.435200
v -2.055472 -3.002163 -0.433344
v -2.021672 -2.999276 -0.511839
v -2.019045 -2.998168 -0.511421
v -2.017643 -3.051006 -0.578736
v -2.014942 -3.050869 -0.579570
v -2.047700 -3.128084 -0.596703
v -2.045563 -3.129390 -0.597871
v -2.094236 -3.185360 -0.555216
v -2.092969 -3.187735 -0.555607
v -2.129992 -3.189281 -0.478577
v -2.129393 -3.191730 -0.477536
v -2.134021 -3.137552 -0.411681
v -2.133499 -3.139035 -0.409387
v -2.103964 -3.060474 -0.393714
v -2.102880 -3.060514 -0.391081
v -1.178888 -2.894763 -0.628410
v -1.179943 -2.896652 -0.627729
v -1.211043 -2.894776 -0.535658
v -1.211558 -2.896633 -0.536257
v -1.298793 -2.894783 -0.494682
v -1.298401 -2.896618 -0.495548
v -1.388375 -2.896627 -0.527735
v -1.389436 -2.894778 -0.527261
v -1.389992 -2.894778 -0.529685
v -1.323117 -2.894745 -0.752325
v -1.318941 -2.896662 -0.747918
v -1.320838 -2.894746 -0.747208
v -1.225001 -2.896662 -0.716727
v -1.224930 -2.894749 -0.719497
v -1.511996 -2.550372 -1.099525
v -1.510620 -2.551327 -1.101165
v -1.596104 -2.548327 -1.115244
v -1.596325 -2.549791 -1.117445
v -1.664699 -2.561799 -1.068471
v -1.666223 -2.563404 -1.069744
v -1.678514 -2.586529 -0.987515
v -1.680182 -2.587977 -0.987112
v -1.635423 -2.626239 -0.922911
v -1.637570 -2.627565 -0.923164
v -1.468536 -2.585215 -1.038892
v -1.469487 -2.584553 -1.036656
v -0.948512 -2.894759 -0.648285
v -0.948090 -2.896600 -0.648329
v -0.948421 -2.894759 -0.645953
v -0.877378 -2.894749 -0.710424
v -0.877410 -2.896581 -0.710229
v -0.781855 -2.894750 -0.703939
v -0.782906 -2.896543 -0.704012
v -0.717598 -2.894761 -0.631696
v -0.719962 -2.896595 -0.633213
v -0.725392 -2.896614 -0.539424
v -0.723256 -2.894775 -0.533789
v -0.726997 -2.894775 -0.537677
v -0.657690 -2.615833 -1.154563
v -0.656105 -2.617646 -1.155818
v -0.734980 -2.622306 -1.188500
v -0.734834 -2.624240 -1.190387
v -0.813679 -2.627176 -1.157676
v -0.814999 -2.629200 -1.158991
v -0.847686 -2.627591 -1.080148
v -0.849641 -2.629623 -1.080019
v -0.817080 -2.623307 -1.001330
v -0.818466 -2.625260 -0.999731
v -0.739791 -2.616835 -0.967393
v -0.739735 -2.618666 -0.965161
v -0.661092 -2.611964 -0.998216
v -0.659569 -2.613705 -0.996560
v -0.627085 -2.611549 -1.075745
v -0.624929 -2.613283 -1.075533
v -0.451587 -2.894802 -0.344772
v -0.452367 -2.896693 -0.344103
v -0.395031 -2.894814 -0.267825
v -0.396043 -2.896704 -0.267900
v -0.408962 -2.894828 -0.173347
v -0.409602 -2.896719 -0.174111
v -0.485242 -2.894837 -0.116674
v -0.485106 -2.896727 -0.117671
v -0.579176 -2.894835 -0.131025
v -0.578334 -2.896725 -0.131646
v -0.635733 -2.894823 -0.207972
v -0.634668 -2.896714 -0.207852
v -0.621802 -2.894809 -0.302451
v -0.621104 -2.896700 -0.301647
v -0.545590 -2.896691 -0.358084
v -0.545522 -2.894800 -0.359124
v -0.064396 -2.876712 -0.458093
v -0.064447 -2.879180 -0.460210
v -0.013846 -2.843349 -0.313413
v -0.015373 -2.841997 -0.315874
v 0.071746 -2.841444 -0.309759
v 0.072178 -2.842803 -0.307377
v 0.135621 -2.855479 -0.363520
v 0.137241 -2.857100 -0.362141
v 0.141504 -2.875863 -0.445479
v 0.143232 -2.877863 -0.445626
v 0.085948 -2.890655 -0.507624
v 0.086643 -2.892931 -0.508931
v 0.001498 -2.891190 -0.513553
v 0.000620 -2.893477 -0.514973
v -0.462957 -2.894873 0.131740
v -0.463490 -2.896761 0.132699
v -0.408888 -2.894885 0.211186
v -0.410107 -2.896774 0.211043
v -0.426862 -2.894899 0.305706
v -0.427745 -2.896790 0.304231
v -0.506473 -2.894907 0.359896
v -0.506025 -2.896794 0.357721
v -0.601185 -2.894905 0.341924
v -0.599181 -2.896791 0.340138
v -0.652623 -2.896780 0.261776
v -0.655552 -2.894894 0.262171
v -0.652537 -2.894893 0.259790
v -0.557213 -2.894871 0.113887
v -0.556664 -2.896759 0.115091
v -0.558471 -2.894871 0.116015
v 0.112033 -2.850714 0.391005
v 0.113987 -2.853005 0.390328
v -0.004427 -2.835330 0.560689
v -0.004196 -2.833366 0.558230
v 0.065551 -2.849199 0.608350
v 0.064460 -2.850967 0.610179
v 0.147402 -2.865133 0.593726
v 0.147842 -2.867199 0.595279
v 0.195545 -2.872319 0.524459
v 0.196883 -2.874518 0.524719
v 0.181779 -2.866547 0.441125
v 0.182862 -2.868640 0.439829
v -0.808034 -2.894953 0.657961
v -0.807978 -2.896843 0.657643
v -0.897844 -2.894958 0.689821
v -0.897315 -2.896848 0.689475
v -0.984315 -2.894952 0.648683
v -0.983012 -2.896841 0.648871
v -1.016810 -2.894939 0.557295
v -1.014873 -2.896828 0.559592
v -0.974224 -2.896815 0.473939
v -0.973646 -2.894925 0.466398
v -0.972526 -2.894926 0.473135
v -0.884810 -2.894921 0.441819
v -0.884873 -2.896810 0.442100
v -0.886718 -2.894921 0.442556
v -0.798969 -2.894927 0.482590
v -0.799168 -2.896816 0.482729
v -0.767320 -2.896829 0.572014
v -0.767151 -2.894940 0.572119
v -0.760497 -2.637186 1.037683
v -0.759799 -2.638755 1.035353
v -0.834853 -2.644588 1.045078
v -0.835729 -2.646314 1.042904
v -0.881641 -2.655570 1.102772
v -0.883506 -2.657529 1.101820
v -0.873452 -2.663699 1.176968
v -0.875142 -2.665830 1.177585
v -0.815084 -2.664213 1.224204
v -0.815540 -2.666355 1.225817
v -0.740728 -2.656811 1.216809
v -0.739614 -2.658796 1.218265
v -0.693941 -2.645829 1.159115
v -0.691838 -2.647582 1.159353
v -0.702130 -2.637699 1.084918
v -0.700198 -2.639281 1.083589
v -1.378973 -2.894713 0.673852
v -1.377971 -2.896823 0.673188
v -1.375848 -2.894957 0.672655
v -1.456190 -2.894688 0.617195
v -1.454312 -2.896807 0.617245
v -1.469792 -2.896794 0.523878
v -1.471851 -2.894653 0.522644
v -1.468425 -2.894935 0.522041
v -1.726898 -2.871114 1.221770
v -1.727466 -2.873667 1.222483
v -1.650739 -2.851746 1.253264
v -1.649885 -2.853937 1.254565
v -1.580817 -2.815165 1.222603
v -1.578659 -2.816674 1.223332
v -1.558092 -2.782802 1.147746
v -1.555507 -2.783705 1.147078
v -1.597069 -2.773323 1.070169
v -1.593996 -2.774344 1.070468
v -1.671581 -2.794074 1.038383
v -1.669826 -2.791826 1.040082
v -1.741957 -2.829562 1.071712
v -1.742810 -2.831340 1.069620
v -1.764682 -2.861926 1.146568
v -1.765957 -2.864308 1.145878
v -1.580300 -2.894897 0.259650
v -1.582061 -2.896730 0.258865
v -1.580928 -2.894896 0.256697
v -1.661432 -2.894904 0.311394
v -1.662067 -2.896735 0.309893
v -1.755427 -2.894902 0.290689
v -1.754802 -2.896698 0.289598
v -1.807217 -2.894890 0.209649
v -1.805863 -2.896642 0.209897
v -1.786449 -2.894876 0.115723
v -1.785311 -2.896667 0.117270
v -1.705297 -2.896662 0.066174
v -1.705258 -2.894867 0.063924
v -1.702742 -2.894868 0.066190
v -2.280580 -3.028491 0.441696
v -2.279713 -3.030378 0.443445
v -2.223179 -2.966616 0.448317
v -2.221241 -2.967350 0.450192
v -2.180157 -2.918735 0.393328
v -2.177416 -2.918575 0.394178
v -2.176715 -2.912897 0.308939
v -2.173911 -2.912627 0.308213
v -2.214871 -2.952522 0.244586
v -2.212779 -2.952993 0.242657
v -2.272273 -3.014397 0.237964
v -2.271252 -3.016023 0.235913
v -2.315295 -3.062278 0.292954
v -2.315074 -3.064795 0.291930
v -2.318736 -3.068116 0.377342
v -2.318579 -3.070740 0.377891
v 1.883274 -0.415177 -0.245131
v 1.881386 -0.413114 -0.245283
v 1.876381 -0.547714 -0.032454
v 1.878298 -0.550047 -0.033535
v 1.879541 -0.763309 -0.166814
v 1.881469 -0.761702 -0.168368
v 1.884601 -0.627278 -0.382006
v 1.886444 -0.626831 -0.379964
v 1.889485 -0.077873 -0.509291
v 1.887539 -0.076766 -0.506976
v 1.886305 -0.287781 -0.374027
v 1.884366 -0.287864 -0.372007
v 1.891239 -0.423082 -0.583877
v 1.889359 -0.425079 -0.584372
v 1.892567 -0.211582 -0.720799
v 1.894419 -0.213174 -0.719141
v 1.865305 0.078162 0.519079
v 1.863447 0.076642 0.517633
v 1.864729 0.321220 0.463134
v 1.866562 0.322106 0.465626
v 1.858936 0.377841 0.709470
v 1.860827 0.375574 0.709504
v 1.857639 0.130539 0.764644
v 1.859570 0.131629 0.762956
v 1.867125 -0.287903 0.441652
v 1.865283 -0.287986 0.439543
v 1.863943 -0.078035 0.576978
v 1.862108 -0.076928 0.574575
v 1.859010 -0.213399 0.786788
v 1.857081 -0.211807 0.788358
v 1.860291 -0.425263 0.651867
v 1.862192 -0.423266 0.651462
v 1.878857 0.469054 -0.057263
v 1.876930 0.467671 -0.055775
v 1.882710 0.413097 -0.301590
v 1.884620 0.415546 -0.302399
v 1.884041 0.660761 -0.358203
v 1.885878 0.660749 -0.355892
v 1.878198 0.715983 -0.109700
v 1.880114 0.714257 -0.110756
v 1.886864 0.322235 -0.397820
v 1.884916 0.321348 -0.395416
v 1.888123 0.078306 -0.451345
v 1.886199 0.076786 -0.449988
v 1.893857 0.131847 -0.695206
v 1.892007 0.130757 -0.696983
v 1.890708 0.378042 -0.641735
v 1.892598 0.375775 -0.641681
v 1.874572 -0.492663 0.124970
v 1.872717 -0.491281 0.123393
v 1.868808 -0.439155 0.370106
v 1.866937 -0.436706 0.369208
v 1.867550 -0.684359 0.423599
v 1.865606 -0.684371 0.425821
v 1.871449 -0.739593 0.177318
v 1.873314 -0.737867 0.178463
v 1.868804 0.415445 0.370233
v 1.866934 0.412996 0.369335
v 1.874568 0.469026 0.125113
v 1.872714 0.467644 0.123535
v 1.873309 0.714214 0.178680
v 1.871444 0.715940 0.177535
v 1.865601 0.660644 0.426022
v 1.867545 0.660633 0.423799
v 1.884613 -0.738102 -0.302091
v 1.882759 -0.739175 -0.303694
v 1.893851 -0.346150 -0.694970
v 1.891985 -0.347723 -0.696077
v 1.859011 0.264675 0.786739
v 1.857077 0.264321 0.788557
v 1.859579 -0.346367 0.762578
v 1.857664 -0.347941 0.763595
v 1.883257 0.738286 -0.244403
v 1.881358 0.740146 -0.244096
v 1.894415 0.264900 -0.718949
v 1.892568 0.264546 -0.720857
v 1.870171 -0.761896 0.312110
v 1.868289 -0.763757 0.311714
v 1.870166 0.738203 0.312333
v 1.868284 0.740064 0.311938
v 1.878204 -0.437003 -0.109953
v 1.880130 -0.438777 -0.111408
v 1.885890 -0.493072 -0.356370
v 1.884040 -0.492158 -0.358172
v 1.878853 -0.683807 -0.057128
v 1.876955 -0.686292 -0.056851
v 1.884941 -0.153309 -0.396470
v 1.886873 -0.154805 -0.398198
v 1.892611 -0.102050 -0.642230
v 1.890780 -0.101782 -0.644789
v 1.886201 -0.400653 -0.450063
v 1.888113 -0.398905 -0.450938
v 1.865284 0.188856 0.439488
v 1.867121 0.189060 0.441844
v 1.862177 0.054373 0.652088
v 1.860273 0.052490 0.652639
v 1.863955 0.399363 0.576495
v 1.862027 0.401337 0.578025
v 1.864707 -0.153438 0.464045
v 1.866556 -0.154934 0.465862
v 1.865318 -0.399050 0.518530
v 1.863449 -0.400797 0.517566
v 1.858868 -0.101984 0.712380
v 1.860818 -0.102252 0.709910
v 1.879583 0.389202 -0.168611
v 1.881478 0.391516 -0.168752
v 1.878292 0.602737 -0.033241
v 1.876356 0.603324 -0.031393
v 1.886443 0.527065 -0.379914
v 1.884599 0.528609 -0.381937
v 1.884361 0.188978 -0.371810
v 1.886306 0.189182 -0.374077
v 1.887617 0.401499 -0.510283
v 1.889470 0.399524 -0.508665
v 1.889374 0.052675 -0.585001
v 1.891250 0.054557 -0.584361
v 1.870064 -0.412812 0.236230
v 1.871950 -0.415126 0.236459
v 1.873290 -0.626933 0.099011
v 1.875136 -0.626347 0.100947
v 1.865048 -0.552220 0.449555
v 1.866985 -0.550676 0.447621
v 1.870061 0.389141 0.236349
v 1.871947 0.391456 0.236579
v 1.865044 0.528485 0.449716
v 1.866981 0.526942 0.447782
v 1.873286 0.603304 0.099194
v 1.875132 0.602717 0.101131
v 1.876715 -0.373618 0.033799
v 1.874824 -0.375664 0.033755
v 1.880955 -0.268087 -0.226984
v 1.882812 -0.266638 -0.225495
v 1.883461 -0.011750 -0.333582
v 1.885304 -0.011750 -0.331490
v 1.880953 0.244555 -0.226908
v 1.882810 0.243105 -0.225419
v 1.874822 0.352054 0.033863
v 1.876712 0.350008 0.033907
v 1.868691 0.244477 0.294602
v 1.870615 0.243028 0.293202
v 1.866184 -0.011860 0.401201
v 1.868123 -0.011860 0.399197
v 1.870617 -0.266715 0.293126
v 1.868693 -0.268165 0.294526
v 1.953786 -0.417175 -0.243030
v 1.951906 -0.415177 -0.243517
v 1.946930 -0.550047 -0.031921
v 1.948868 -0.550490 -0.033875
v 1.950101 -0.761702 -0.166754
v 1.952002 -0.759703 -0.167153
v 1.955076 -0.626831 -0.378350
v 1.956920 -0.626389 -0.376308
v 1.960018 -0.079874 -0.508065
v 1.958117 -0.077873 -0.507677
v 1.956874 -0.287349 -0.374369
v 1.954936 -0.287781 -0.372414
v 1.961751 -0.421081 -0.581787
v 1.959871 -0.423082 -0.582264
v 1.963051 -0.213174 -0.717527
v 1.964895 -0.213607 -0.715482
v 1.935801 0.079885 0.521841
v 1.933936 0.078162 0.520693
v 1.935194 0.322106 0.467240
v 1.937044 0.321002 0.469008
v 1.929459 0.375574 0.711117
v 1.931376 0.373850 0.710058
v 1.928202 0.131629 0.764570
v 1.930133 0.132733 0.762891
v 1.937601 -0.287471 0.445311
v 1.935757 -0.287903 0.443266
v 1.934456 -0.080036 0.579068
v 1.932575 -0.078035 0.578592
v 1.929580 -0.213831 0.786446
v 1.927642 -0.213399 0.788402
v 1.930824 -0.423266 0.653076
v 1.932725 -0.421266 0.652688
v 1.949419 0.470159 -0.057327
v 1.947488 0.469054 -0.055649
v 1.953253 0.415546 -0.300785
v 1.955117 0.417268 -0.299635
v 1.954510 0.660749 -0.354278
v 1.956360 0.659644 -0.352511
v 1.948746 0.714257 -0.109143
v 1.950663 0.712534 -0.110203
v 1.957427 0.321132 -0.397885
v 1.955496 0.322235 -0.396206
v 1.958671 0.080030 -0.450790
v 1.956755 0.078306 -0.449731
v 1.964339 0.132950 -0.691824
v 1.962488 0.131847 -0.693592
v 1.961230 0.375775 -0.640067
v 1.963095 0.374051 -0.638919
v 1.945054 -0.493769 0.128350
v 1.943204 -0.492663 0.126584
v 1.939356 -0.440878 0.370659
v 1.937440 -0.439155 0.371719
v 1.938113 -0.683253 0.423535
v 1.936182 -0.684359 0.425213
v 1.941946 -0.737867 0.180077
v 1.943810 -0.736144 0.181226
v 1.939353 0.417168 0.370787
v 1.937436 0.415445 0.371847
v 1.945050 0.470131 0.128494
v 1.943200 0.469026 0.126727
v 1.943805 0.712491 0.181442
v 1.941941 0.714214 0.180293
v 1.936177 0.660633 0.425413
v 1.938108 0.659528 0.423735
v 1.955110 -0.736376 -0.299333
v 1.953245 -0.738102 -0.300477
v 1.964333 -0.345041 -0.691592
v 1.962483 -0.346150 -0.693357
v 1.929581 0.264237 0.786398
v 1.927643 0.264675 0.788352
v 1.930142 -0.345258 0.762516
v 1.928211 -0.346367 0.764192
v 1.953769 0.736286 -0.242308
v 1.951889 0.738286 -0.242789
v 1.964890 0.264461 -0.715292
v 1.963047 0.264900 -0.717335
v 1.940704 -0.759896 0.313332
v 1.938803 -0.761896 0.313723
v 1.940699 0.736204 0.313555
v 1.938798 0.738203 0.313947
v 1.948761 -0.438777 -0.109794
v 1.950678 -0.440503 -0.110849
v 1.956371 -0.494172 -0.352986
v 1.954521 -0.493072 -0.354757
v 1.949416 -0.682707 -0.057196
v 1.947485 -0.683807 -0.055515
v 1.955505 -0.154805 -0.396584
v 1.957436 -0.155914 -0.398260
v 1.963108 -0.103771 -0.639463
v 1.961243 -0.102050 -0.640616
v 1.956745 -0.398905 -0.449325
v 1.958662 -0.397184 -0.450389
v 1.935753 0.189060 0.443458
v 1.937596 0.189499 0.445501
v 1.932710 0.056372 0.653308
v 1.930809 0.054373 0.653702
v 1.934467 0.397363 0.578591
v 1.932587 0.399363 0.578108
v 1.935188 -0.154934 0.467476
v 1.937038 -0.156044 0.469240
v 1.935814 -0.397330 0.521298
v 1.933950 -0.399050 0.520144
v 1.929449 -0.102252 0.711524
v 1.931366 -0.103972 0.710459
v 1.950110 0.391516 -0.167138
v 1.952011 0.393516 -0.167530
v 1.948861 0.602301 -0.033582
v 1.946923 0.602737 -0.031627
v 1.956919 0.527502 -0.376257
v 1.955075 0.527065 -0.378301
v 1.954938 0.189182 -0.372463
v 1.956875 0.189621 -0.374418
v 1.958102 0.399524 -0.507051
v 1.960003 0.397525 -0.507445
v 1.959882 0.054557 -0.582747
v 1.961763 0.056556 -0.582264
v 1.940582 -0.415126 0.238073
v 1.942462 -0.417126 0.238554
v 1.943768 -0.626347 0.102561
v 1.945612 -0.625911 0.104605
v 1.935617 -0.550676 0.449235
v 1.937554 -0.551112 0.447280
v 1.940579 0.391456 0.238193
v 1.942459 0.393455 0.238674
v 1.935613 0.526942 0.449396
v 1.937551 0.527379 0.447441
v 1.943764 0.602717 0.102744
v 1.945608 0.602280 0.104788
v 1.947238 -0.371581 0.035458
v 1.945347 -0.373618 0.035413
v 1.951444 -0.266638 -0.223881
v 1.953300 -0.265203 -0.222377
v 1.953936 -0.011750 -0.329876
v 1.955778 -0.011751 -0.327776
v 1.951442 0.243105 -0.223805
v 1.953298 0.241670 -0.222301
v 1.945344 0.350008 0.035521
v 1.947235 0.347971 0.035565
v 1.939247 0.243028 0.294816
v 1.941172 0.241593 0.293400
v 1.936755 -0.011860 0.400811
v 1.938694 -0.011859 0.398799
v 1.941174 -0.265280 0.293325
v 1.939249 -0.266715 0.294740
v 1.951807 -0.434147 -0.239315
v 1.953708 -0.432149 -0.239713
v 1.949220 -0.553808 -0.048844
v 1.947376 -0.554251 -0.050886
v 1.952080 -0.744730 -0.170469
v 1.950200 -0.742732 -0.170957
v 1.956568 -0.623071 -0.361339
v 1.954630 -0.622628 -0.359385
v 1.958213 -0.096771 -0.511760
v 1.960093 -0.094771 -0.511284
v 1.955381 -0.283697 -0.391307
v 1.957224 -0.284129 -0.389262
v 1.959775 -0.404184 -0.578180
v 1.961676 -0.406185 -0.578568
v 1.964545 -0.216826 -0.700590
v 1.962607 -0.217258 -0.698634
v 1.933692 0.094443 0.531117
v 1.935608 0.092720 0.530058
v 1.936742 0.312783 0.481839
v 1.934811 0.311679 0.483517
v 1.931569 0.361016 0.701841
v 1.929704 0.359292 0.700693
v 1.930435 0.140953 0.750061
v 1.928585 0.142057 0.748293
v 1.935313 -0.283824 0.462160
v 1.937251 -0.284256 0.460204
v 1.932479 -0.096935 0.582670
v 1.934380 -0.094934 0.582282
v 1.928086 -0.217477 0.769507
v 1.929930 -0.217046 0.771552
v 1.932800 -0.406368 0.649474
v 1.930920 -0.404367 0.648998
v 1.947873 0.479548 -0.071998
v 1.949723 0.478442 -0.070231
v 1.954922 0.430176 -0.291354
v 1.953006 0.431898 -0.290293
v 1.956057 0.651360 -0.339607
v 1.954126 0.650255 -0.337930
v 1.950858 0.699627 -0.118484
v 1.948993 0.697904 -0.119634
v 1.955879 0.311812 -0.412486
v 1.957729 0.312916 -0.410718
v 1.957000 0.094591 -0.460151
v 1.958864 0.092867 -0.459003
v 1.962106 0.142269 -0.677312
v 1.964037 0.141166 -0.678991
v 1.962901 0.361214 -0.630706
v 1.960985 0.359490 -0.629647
v 1.942819 -0.503158 0.142932
v 1.944750 -0.502052 0.141254
v 1.937686 -0.455508 0.361228
v 1.939551 -0.453786 0.362378
v 1.936566 -0.673865 0.408864
v 1.938416 -0.674970 0.410631
v 1.943615 -0.723237 0.189507
v 1.941699 -0.721514 0.190568
v 1.937683 0.431801 0.361360
v 1.939548 0.430078 0.362510
v 1.942816 0.479516 0.143079
v 1.944747 0.478411 0.141400
v 1.941694 0.697858 0.190780
v 1.943610 0.699581 0.189720
v 1.938412 0.651248 0.410829
v 1.936561 0.650143 0.409062
v 1.953000 -0.721715 -0.290038
v 1.954916 -0.723442 -0.291094
v 1.962101 -0.335675 -0.677110
v 1.964032 -0.336784 -0.678785
v 1.928087 0.260535 0.769471
v 1.929930 0.260974 0.771515
v 1.928593 -0.335887 0.747948
v 1.930443 -0.336997 0.749712
v 1.951791 0.719302 -0.238648
v 1.953692 0.721302 -0.239039
v 1.962603 0.260754 -0.698455
v 1.964541 0.261193 -0.700409
v 1.938901 -0.742913 0.309582
v 1.940781 -0.744912 0.310063
v 1.938896 0.719221 0.309800
v 1.940776 0.721220 0.310281
v 1.950872 -0.453437 -0.119089
v 1.949007 -0.455163 -0.120233
v 1.954136 -0.503513 -0.338375
v 1.956067 -0.502413 -0.340056
v 1.947870 -0.673366 -0.071897
v 1.949720 -0.674466 -0.070126
v 1.957737 -0.164172 -0.411066
v 1.955887 -0.165281 -0.412831
v 1.960997 -0.118302 -0.630144
v 1.962914 -0.116581 -0.631208
v 1.958856 -0.384374 -0.458644
v 1.956991 -0.382654 -0.459797
v 1.937247 0.192762 0.460385
v 1.935309 0.193200 0.462339
v 1.930907 0.073259 0.649563
v 1.932787 0.071260 0.650046
v 1.932489 0.380476 0.582247
v 1.934390 0.382476 0.581853
v 1.936737 -0.164305 0.482044
v 1.934806 -0.165414 0.483720
v 1.933703 -0.382802 0.530621
v 1.935620 -0.384522 0.529556
v 1.931560 -0.116780 0.702201
v 1.929696 -0.118500 0.701047
v 1.952088 0.408500 -0.170799
v 1.950207 0.410500 -0.171280
v 1.947370 0.598594 -0.050605
v 1.949213 0.599031 -0.048562
v 1.954629 0.531208 -0.359322
v 1.956566 0.530771 -0.361277
v 1.957225 0.192888 -0.389300
v 1.955382 0.193327 -0.391343
v 1.960080 0.382639 -0.510712
v 1.958200 0.380639 -0.511195
v 1.961686 0.071443 -0.578997
v 1.959785 0.073442 -0.578603
v 1.942385 -0.432110 0.241822
v 1.940485 -0.434110 0.242214
v 1.945260 -0.622641 0.119585
v 1.943322 -0.622204 0.121540
v 1.937907 -0.554382 0.432301
v 1.936063 -0.554818 0.430257
v 1.942383 0.408438 0.241948
v 1.940482 0.410438 0.242340
v 1.937903 0.530653 0.432462
v 1.936059 0.531090 0.430419
v 1.945255 0.599006 0.119767
v 1.943318 0.598569 0.121722
v 1.949128 -0.334004 0.035508
v 1.947237 -0.336041 0.035463
v 1.952701 -0.240171 -0.196901
v 1.954557 -0.238737 -0.195396
v 1.954934 -0.011756 -0.291887
v 1.956776 -0.011756 -0.289786
v 1.952699 0.216630 -0.196833
v 1.954556 0.215195 -0.195329
v 1.947235 0.312431 0.035560
v 1.949125 0.310394 0.035604
v 1.941771 0.216561 0.267924
v 1.943696 0.215127 0.266509
v 1.939538 -0.011854 0.362911
v 1.941477 -0.011854 0.360899
v 1.943698 -0.238805 0.266441
v 1.941773 -0.240240 0.267856
v 2.867083 -0.331967 0.057093
v 2.865192 -0.334004 0.057048
v 2.870621 -0.238737 -0.173857
v 2.872478 -0.237302 -0.172352
v 2.872841 -0.011756 -0.268247
v 2.874683 -0.011757 -0.266146
v 2.870620 0.215195 -0.173789
v 2.872476 0.213761 -0.172285
v 2.865190 0.310394 0.057144
v 2.867080 0.308357 0.057188
v 2.859761 0.215127 0.288049
v 2.861685 0.213692 0.286633
v 2.857541 -0.011854 0.382439
v 2.859480 -0.011853 0.380427
v 2.861687 -0.237371 0.286566
v 2.859762 -0.238805 0.287981
v 2.865192 -0.285864 0.057055
v 2.867083 -0.287901 0.057099
v 2.871735 -0.206265 -0.140765
v 2.869810 -0.204830 -0.139350
v 2.873637 -0.011763 -0.221649
v 2.871698 -0.011764 -0.219637
v 2.871733 0.182714 -0.140707
v 2.869808 0.181279 -0.139292
v 2.867081 0.264291 0.057181
v 2.865190 0.262254 0.057137
v 2.862428 0.182655 0.255046
v 2.860572 0.181221 0.253542
v 2.860526 -0.011847 0.335929
v 2.858684 -0.011846 0.333829
v 2.860573 -0.204889 0.253484
v 2.862429 -0.206324 0.254988
v 2.822434 -0.283866 0.055769
v 2.824318 -0.285864 0.056094
v 2.828936 -0.204830 -0.140311
v 2.827013 -0.203455 -0.138956
v 2.830824 -0.011764 -0.220598
v 2.828888 -0.011497 -0.218719
v 2.828935 0.181279 -0.140253
v 2.827013 0.179972 -0.138968
v 2.824316 0.262254 0.056176
v 2.822432 0.260235 0.055847
v 2.819698 0.181221 0.252581
v 2.817844 0.179688 0.250976
v 2.817810 -0.011846 0.332868
v 2.815969 -0.012141 0.330698
v 2.817843 -0.203446 0.251011
v 2.819700 -0.204889 0.252523
v 2.924198 0.026939 0.082140
v 2.926094 0.024906 0.081942
v 2.926429 -0.000416 0.067737
v 2.924576 -0.001682 0.066085
v 2.925910 -0.003046 0.089799
v 2.923989 -0.004655 0.091020
v 2.925848 0.019021 0.092428
v 2.923919 0.020287 0.093992
v 2.926367 0.021651 0.070367
v 2.924506 0.023260 0.069057
v 2.925211 -0.008328 0.039057
v 2.927107 -0.006296 0.038860
v 2.926784 0.011164 0.052606
v 2.924846 0.011406 0.054593
v 2.927195 0.024913 0.035151
v 2.925310 0.026946 0.034865
v 2.925675 0.007212 0.019329
v 2.927518 0.007454 0.021405
v 2.926861 -0.000413 0.049348
v 2.924932 -0.001680 0.050911
v 2.925002 0.023263 0.047946
v 2.926923 0.021655 0.046725
v 2.927441 0.019031 0.024663
v 2.925588 0.020298 0.023011
v 2.927380 -0.003037 0.027286
v 2.925519 -0.004645 0.025975
v 2.924846 -0.035015 0.054586
v 2.926785 -0.034772 0.052599
v 2.927107 -0.017309 0.038858
v 2.925211 -0.015276 0.039056
v 2.927518 -0.031053 0.021399
v 2.925675 -0.030810 0.019323
v 2.925310 -0.050549 0.034853
v 2.927195 -0.048516 0.035140
v 2.926861 -0.023194 0.049344
v 2.924932 -0.021928 0.050908
v 2.925519 -0.018955 0.025973
v 2.927380 -0.020564 0.027283
v 2.927441 -0.042631 0.024654
v 2.925589 -0.043897 0.023001
v 2.926923 -0.045261 0.046715
v 2.925003 -0.046870 0.047936
v 2.822612 -0.046617 0.048192
v 2.824565 -0.046870 0.045574
v 2.823294 -0.045424 0.019204
v 2.825152 -0.043897 0.020639
v 2.823204 -0.016863 0.023020
v 2.825082 -0.018955 0.023612
v 2.822576 -0.020253 0.049757
v 2.824496 -0.021928 0.048546
v 2.823031 -0.051685 0.030370
v 2.824873 -0.050549 0.032491
v 2.823390 -0.030915 0.015121
v 2.825238 -0.030810 0.016961
v 2.822880 -0.012996 0.036811
v 2.824775 -0.015276 0.036695
v 2.824409 -0.035015 0.052225
v 2.822472 -0.035930 0.054173
v 2.823204 -0.006737 0.023022
v 2.825082 -0.004645 0.023614
v 2.823294 0.021824 0.019214
v 2.825152 0.020298 0.020649
v 2.822612 0.023009 0.048202
v 2.824565 0.023263 0.045585
v 2.822575 -0.003355 0.049760
v 2.824496 -0.001680 0.048549
v 2.823390 0.007317 0.015127
v 2.825238 0.007212 0.016967
v 2.823031 0.028083 0.030382
v 2.824873 0.026946 0.032503
v 2.822472 0.012321 0.054180
v 2.824409 0.011406 0.052232
v 2.824775 -0.008328 0.036696
v 2.822880 -0.010609 0.036812
v 2.822241 0.023007 0.063989
v 2.824069 0.023260 0.066695
v 2.821560 0.021814 0.092977
v 2.823483 0.020287 0.091630
v 2.821649 -0.006747 0.089161
v 2.823552 -0.004655 0.088658
v 2.822278 -0.003356 0.062424
v 2.824139 -0.001682 0.063723
v 2.821822 0.028075 0.081811
v 2.823761 0.026939 0.079778
v 2.821463 0.007305 0.097060
v 2.823396 0.007200 0.095308
v 2.821973 -0.010614 0.075370
v 2.823860 -0.008334 0.075575
v 2.824226 0.011405 0.060045
v 2.822382 0.012320 0.058008
v 2.822278 -0.020255 0.062421
v 2.824139 -0.021930 0.063720
v 2.821649 -0.016873 0.089159
v 2.823552 -0.018965 0.088656
v 2.821560 -0.045434 0.092967
v 2.823483 -0.043907 0.091621
v 2.822241 -0.046619 0.063979
v 2.824069 -0.046873 0.066685
v 2.821973 -0.013001 0.075369
v 2.823860 -0.015282 0.075574
v 2.821464 -0.030927 0.097054
v 2.823397 -0.030822 0.095303
v 2.821822 -0.051693 0.081799
v 2.823761 -0.050556 0.079767
v 2.824226 -0.035016 0.060038
v 2.822382 -0.035931 0.058001
v 2.822383 -0.159843 0.057942
v 2.824270 -0.161907 0.058119
v 2.821964 -0.180624 0.075756
v 2.823903 -0.181568 0.073756
v 2.822470 -0.199276 0.054245
v 2.824365 -0.197209 0.054100
v 2.822888 -0.176727 0.036484
v 2.824733 -0.177548 0.038464
v 2.822052 -0.167641 0.072020
v 2.823991 -0.168498 0.070008
v 2.822157 -0.195448 0.067567
v 2.824058 -0.193460 0.067166
v 2.822786 -0.191832 0.040804
v 2.824645 -0.190618 0.042211
v 2.824578 -0.165656 0.045053
v 2.822721 -0.163975 0.043558
v 2.822888 -0.088171 0.036503
v 2.824733 -0.089022 0.038476
v 2.822383 -0.071314 0.057936
v 2.824270 -0.073379 0.058131
v 2.821965 -0.091952 0.075752
v 2.823903 -0.093039 0.073770
v 2.822470 -0.110749 0.054257
v 2.824365 -0.108682 0.054115
v 2.822721 -0.075445 0.043562
v 2.824578 -0.077129 0.045065
v 2.822051 -0.079137 0.072062
v 2.823991 -0.079970 0.070021
v 2.822159 -0.106951 0.067472
v 2.824057 -0.104933 0.067181
v 2.824645 -0.102092 0.042225
v 2.822786 -0.103317 0.040836
v 2.824056 -0.107429 -0.013203
v 2.825998 -0.106701 -0.015317
v 2.824726 -0.105247 -0.041694
v 2.826584 -0.103728 -0.040252
v 2.824642 -0.076834 -0.038104
v 2.826514 -0.078786 -0.037280
v 2.824007 -0.080112 -0.011109
v 2.825927 -0.081759 -0.012345
v 2.824441 -0.112053 -0.029558
v 2.826305 -0.110380 -0.028400
v 2.824823 -0.090574 -0.045823
v 2.826670 -0.090642 -0.043930
v 2.824310 -0.072878 -0.024010
v 2.826206 -0.075107 -0.024197
v 2.825841 -0.094846 -0.008667
v 2.823903 -0.095795 -0.006692
v 2.818907 -0.013721 0.205771
v 2.820749 -0.013854 0.207879
v 2.818511 0.007746 0.222621
v 2.820382 0.005812 0.223493
v 2.817981 -0.009995 0.245176
v 2.819920 -0.009806 0.243154
v 2.818419 -0.031517 0.226540
v 2.820287 -0.029472 0.227540
v 2.818811 0.000664 0.209888
v 2.820662 -0.000786 0.211614
v 2.818156 0.003437 0.237726
v 2.820075 0.002076 0.236557
v 2.818070 -0.023307 0.241365
v 2.820008 -0.022874 0.239419
v 2.820594 -0.025736 0.214476
v 2.818724 -0.027797 0.213579
v 2.820613 -0.031385 0.133227
v 2.822484 -0.029458 0.134131
v 2.821008 -0.009936 0.116416
v 2.822850 -0.009786 0.118525
v 2.820524 0.007850 0.137043
v 2.822388 0.005824 0.138191
v 2.820082 -0.013662 0.155819
v 2.822021 -0.013848 0.153797
v 2.820911 -0.024314 0.120525
v 2.822762 -0.022855 0.122255
v 2.820824 0.004184 0.124255
v 2.822695 0.002093 0.125126
v 2.820170 -0.000462 0.152046
v 2.822109 -0.000779 0.150067
v 2.822176 -0.025727 0.147196
v 2.820257 -0.027069 0.148376
v 2.820212 -0.076862 0.150265
v 2.822121 -0.078814 0.149530
v 2.820128 -0.105276 0.153847
v 2.822052 -0.103757 0.152494
v 2.820798 -0.107450 0.125356
v 2.822638 -0.106722 0.127558
v 2.820847 -0.080132 0.123269
v 2.822708 -0.081779 0.124594
v 2.820031 -0.090605 0.157981
v 2.821965 -0.090671 0.156176
v 2.820413 -0.112078 0.141709
v 2.822330 -0.110405 0.140640
v 2.820951 -0.095813 0.118848
v 2.822794 -0.094865 0.120912
v 2.820544 -0.072902 0.136173
v 2.822429 -0.075131 0.136448
v 2.822382 0.136233 0.057986
v 2.824270 0.138297 0.058164
v 2.822887 0.153123 0.036533
v 2.824732 0.153943 0.038513
v 2.822469 0.175666 0.054301
v 2.824364 0.173599 0.054156
v 2.821963 0.157008 0.075806
v 2.823902 0.157953 0.073806
v 2.822720 0.140369 0.043604
v 2.824577 0.142049 0.045099
v 2.822784 0.168226 0.040858
v 2.824643 0.167012 0.042265
v 2.822155 0.171834 0.067621
v 2.824056 0.169847 0.067221
v 2.823990 0.144884 0.070055
v 2.822051 0.144027 0.072066
v 2.821964 0.068336 0.075776
v 2.823902 0.069424 0.073794
v 2.822383 0.047704 0.057954
v 2.824270 0.049769 0.058150
v 2.822887 0.064567 0.036526
v 2.824732 0.065418 0.038499
v 2.822469 0.087139 0.054287
v 2.824364 0.085073 0.054144
v 2.822050 0.055522 0.072082
v 2.823990 0.056356 0.070041
v 2.822721 0.051839 0.043581
v 2.824577 0.053522 0.045084
v 2.822785 0.079712 0.040864
v 2.824644 0.078486 0.042252
v 2.824057 0.081319 0.067209
v 2.822158 0.083337 0.067500
v 2.820797 0.083820 0.125384
v 2.822637 0.083091 0.127587
v 2.820127 0.081637 0.153875
v 2.822051 0.080118 0.152522
v 2.820212 0.053224 0.150285
v 2.822121 0.055176 0.149550
v 2.820847 0.056502 0.123290
v 2.822707 0.058149 0.124615
v 2.820413 0.088443 0.141739
v 2.822330 0.086770 0.140670
v 2.820030 0.066964 0.158004
v 2.821965 0.067032 0.156200
v 2.820543 0.049268 0.136191
v 2.822428 0.051497 0.136467
v 2.822793 0.071236 0.120937
v 2.820950 0.072185 0.118873
v 2.825946 -0.013677 -0.093591
v 2.827885 -0.013809 -0.095610
v 2.826435 -0.031466 -0.114365
v 2.828348 -0.029421 -0.115276
v 2.826873 -0.009938 -0.132994
v 2.828715 -0.009751 -0.130884
v 2.826342 0.007796 -0.110435
v 2.828252 0.005862 -0.111218
v 2.826130 -0.027750 -0.101403
v 2.828040 -0.025689 -0.102210
v 2.826783 -0.023252 -0.129187
v 2.828627 -0.022819 -0.127152
v 2.826697 0.003491 -0.125541
v 2.828559 0.002130 -0.124283
v 2.826043 0.000710 -0.097704
v 2.827973 -0.000740 -0.099341
v 2.824330 0.007874 -0.024856
v 2.826247 0.005849 -0.025916
v 2.823845 -0.009918 -0.004235
v 2.825784 -0.009768 -0.006255
v 2.824241 -0.031362 -0.021052
v 2.826152 -0.029435 -0.021867
v 2.824772 -0.013632 -0.043639
v 2.826614 -0.013818 -0.041528
v 2.824029 0.004204 -0.012069
v 2.825939 0.002114 -0.012852
v 2.823942 -0.024295 -0.008348
v 2.825872 -0.022835 -0.009989
v 2.824597 -0.027042 -0.036200
v 2.826459 -0.025700 -0.034931
v 2.826526 -0.000751 -0.037794
v 2.824683 -0.000434 -0.039862
v 2.824641 0.053252 -0.038085
v 2.826513 0.055204 -0.037260
v 2.824725 0.081666 -0.041666
v 2.826583 0.080147 -0.040224
v 2.824055 0.083840 -0.013175
v 2.825997 0.083112 -0.015289
v 2.824007 0.056522 -0.011088
v 2.825927 0.058170 -0.012324
v 2.824823 0.066995 -0.045800
v 2.826670 0.067061 -0.043906
v 2.824440 0.088469 -0.029528
v 2.826304 0.086796 -0.028371
v 2.823902 0.072204 -0.006667
v 2.825840 0.071255 -0.008642
v 2.826206 0.051521 -0.024178
v 2.824310 0.049292 -0.023992
v 2.821965 -0.255024 0.075748
v 2.823903 -0.255936 0.073745
v 2.822468 -0.273647 0.054335
v 2.824366 -0.271577 0.054089
v 2.822888 -0.251102 0.036471
v 2.824733 -0.251916 0.038453
v 2.822386 -0.234207 0.057823
v 2.824271 -0.236275 0.058108
v 2.822157 -0.269846 0.067560
v 2.824058 -0.267828 0.067156
v 2.822787 -0.266138 0.040772
v 2.824645 -0.264986 0.042200
v 2.822721 -0.238302 0.043572
v 2.824578 -0.240024 0.045042
v 2.823991 -0.242866 0.069997
v 2.822052 -0.242068 0.072020
v 2.826129 -0.138987 -0.101363
v 2.828001 -0.140931 -0.100526
v 2.825494 -0.142253 -0.074359
v 2.827415 -0.143904 -0.075591
v 2.825544 -0.169633 -0.076497
v 2.827485 -0.168846 -0.078563
v 2.826212 -0.167434 -0.104902
v 2.828071 -0.165873 -0.103498
v 2.825797 -0.135025 -0.087249
v 2.827693 -0.137252 -0.087443
v 2.825390 -0.157927 -0.069945
v 2.827328 -0.156991 -0.071913
v 2.825927 -0.174234 -0.092777
v 2.827792 -0.172525 -0.091646
v 2.826310 -0.152681 -0.109055
v 2.828157 -0.152787 -0.107176
v 2.828639 -0.010026 -0.208102
v 2.830481 -0.009739 -0.205987
v 2.828108 0.007809 -0.185546
v 2.830018 0.005873 -0.186322
v 2.827712 -0.013560 -0.168691
v 2.829651 -0.013798 -0.170714
v 2.828202 -0.031458 -0.189503
v 2.830114 -0.029410 -0.190380
v 2.828462 0.003523 -0.200584
v 2.830326 0.002141 -0.199387
v 2.827807 0.000696 -0.172767
v 2.829739 -0.000729 -0.174445
v 2.827897 -0.027749 -0.176565
v 2.829807 -0.025678 -0.177315
v 2.830393 -0.022808 -0.202257
v 2.828549 -0.023245 -0.204320
v 2.825543 0.146062 -0.076449
v 2.827483 0.145276 -0.078516
v 2.825493 0.118682 -0.074320
v 2.827414 0.120333 -0.075552
v 2.826128 0.115424 -0.101325
v 2.828000 0.117368 -0.100488
v 2.826211 0.143873 -0.104856
v 2.828069 0.142311 -0.103452
v 2.825389 0.134354 -0.069901
v 2.827327 0.133419 -0.071870
v 2.825796 0.111458 -0.087213
v 2.827692 0.113685 -0.087406
v 2.826309 0.129120 -0.109013
v 2.828156 0.129225 -0.107134
v 2.827791 0.148959 -0.091598
v 2.825926 0.150668 -0.092729
v 2.822466 0.250038 0.054414
v 2.824364 0.247968 0.054167
v 2.821963 0.231409 0.075821
v 2.823901 0.232321 0.073818
v 2.822384 0.210596 0.057889
v 2.824269 0.212664 0.058175
v 2.822886 0.227498 0.036542
v 2.824731 0.228312 0.038524
v 2.822155 0.246232 0.067637
v 2.824056 0.244215 0.067232
v 2.822051 0.218454 0.072088
v 2.823990 0.219252 0.070066
v 2.822719 0.214696 0.043639
v 2.824576 0.216417 0.045110
v 2.824643 0.241380 0.042276
v 2.822785 0.242533 0.040848
v 2.818724 0.115377 0.213544
v 2.820633 0.117321 0.212796
v 2.819360 0.118643 0.186540
v 2.821220 0.120294 0.187861
v 2.819309 0.146023 0.188677
v 2.821150 0.145236 0.190833
v 2.818641 0.143824 0.217083
v 2.820564 0.142263 0.215768
v 2.819056 0.111415 0.199430
v 2.820941 0.113642 0.199713
v 2.819463 0.134317 0.182126
v 2.821306 0.133381 0.184183
v 2.818926 0.150624 0.204958
v 2.820843 0.148915 0.203916
v 2.818543 0.129071 0.221236
v 2.820477 0.129177 0.219446
v 2.816215 -0.013584 0.320282
v 2.818154 -0.013871 0.318257
v 2.816745 -0.031419 0.297726
v 2.818616 -0.029483 0.298592
v 2.817141 -0.010050 0.280871
v 2.818983 -0.009812 0.282984
v 2.816652 0.007848 0.301684
v 2.818521 0.005800 0.302650
v 2.816391 -0.027133 0.312764
v 2.818309 -0.025751 0.311657
v 2.817045 -0.024306 0.284948
v 2.818896 -0.022881 0.286715
v 2.816957 0.004139 0.288746
v 2.818828 0.002068 0.289584
v 2.818242 -0.000802 0.314526
v 2.816303 -0.000364 0.316501
v 2.818642 -0.167483 0.217037
v 2.820565 -0.165921 0.215722
v 2.819310 -0.169672 0.188630
v 2.821151 -0.168886 0.190786
v 2.819360 -0.142292 0.186501
v 2.821221 -0.143943 0.187822
v 2.818725 -0.139034 0.213506
v 2.820634 -0.140978 0.212757
v 2.818927 -0.174278 0.204910
v 2.820843 -0.172569 0.203868
v 2.819464 -0.157964 0.182082
v 2.821307 -0.157029 0.184139
v 2.819057 -0.135068 0.199394
v 2.820942 -0.137295 0.199676
v 2.820478 -0.152835 0.219404
v 2.818545 -0.152730 0.221194
v 2.925771 0.007443 0.095683
v 2.923833 0.007200 0.097670
v 2.926182 -0.006301 0.078224
v 2.924297 -0.008334 0.077937
v 2.924662 0.011405 0.062407
v 2.926505 0.011162 0.064483
v 2.926429 -0.023197 0.067734
v 2.924576 -0.021930 0.066082
v 2.925910 -0.020573 0.089796
v 2.923990 -0.018965 0.091018
v 2.923919 -0.043907 0.093982
v 2.925848 -0.042641 0.092419
v 2.926367 -0.045265 0.070357
v 2.924506 -0.046873 0.069047
v 2.924297 -0.015282 0.077936
v 2.926182 -0.017314 0.078222
v 2.925771 -0.031064 0.095677
v 2.923833 -0.030822 0.097664
v 2.926094 -0.048523 0.081931
v 2.924198 -0.050556 0.082128
v 2.924662 -0.035016 0.062400
v 2.926505 -0.034774 0.064476
v 2.926603 -0.163941 0.060294
v 2.924707 -0.161907 0.060481
v 2.926278 -0.181336 0.074129
v 2.924340 -0.181568 0.076117
v 2.924802 -0.197209 0.056462
v 2.926687 -0.195175 0.056738
v 2.927012 -0.177780 0.042903
v 2.925169 -0.177548 0.040825
v 2.924428 -0.168498 0.072370
v 2.926356 -0.169773 0.070813
v 2.926415 -0.191858 0.068299
v 2.924495 -0.193460 0.069528
v 2.926934 -0.189343 0.046219
v 2.925081 -0.190618 0.044573
v 2.925014 -0.165656 0.047415
v 2.926875 -0.167258 0.048733
v 2.927012 -0.089253 0.042916
v 2.925169 -0.089022 0.040838
v 2.926603 -0.075413 0.060306
v 2.924707 -0.073379 0.060493
v 2.924340 -0.093039 0.076131
v 2.926278 -0.092808 0.074143
v 2.926687 -0.106649 0.056752
v 2.924802 -0.108682 0.056477
v 2.925014 -0.077129 0.047427
v 2.926875 -0.078731 0.048745
v 2.926356 -0.081244 0.070826
v 2.924428 -0.079970 0.072383
v 2.926415 -0.103331 0.068313
v 2.924495 -0.104933 0.069543
v 2.925081 -0.102092 0.044587
v 2.926934 -0.100818 0.046232
v 2.928355 -0.105093 -0.014176
v 2.926434 -0.106701 -0.012955
v 2.928873 -0.102462 -0.036238
v 2.927020 -0.103728 -0.037890
v 2.926950 -0.078786 -0.034918
v 2.928811 -0.080395 -0.033608
v 2.928293 -0.083025 -0.011547
v 2.926364 -0.081759 -0.009983
v 2.926742 -0.110380 -0.026038
v 2.928627 -0.108348 -0.025752
v 2.928950 -0.090884 -0.039492
v 2.927107 -0.090642 -0.041568
v 2.928539 -0.077140 -0.022033
v 2.926643 -0.075107 -0.021835
v 2.926278 -0.094846 -0.006305
v 2.928216 -0.094603 -0.008293
v 2.923029 -0.013621 0.212318
v 2.921186 -0.013854 0.210241
v 2.922704 0.003778 0.226132
v 2.920819 0.005812 0.225855
v 2.920357 -0.009806 0.245516
v 2.922295 -0.010039 0.243527
v 2.922620 -0.027439 0.229713
v 2.920724 -0.029472 0.229902
v 2.921098 -0.000786 0.213976
v 2.922951 -0.002059 0.215623
v 2.922432 0.000473 0.237691
v 2.920511 0.002076 0.238919
v 2.922373 -0.021601 0.240223
v 2.920444 -0.022874 0.241781
v 2.921031 -0.025736 0.216838
v 2.922891 -0.024134 0.218155
v 2.924805 -0.027424 0.136771
v 2.922920 -0.029458 0.136493
v 2.925130 -0.010020 0.122964
v 2.923287 -0.009786 0.120887
v 2.924721 0.003791 0.140363
v 2.922825 0.005824 0.140553
v 2.924396 -0.013614 0.154170
v 2.922457 -0.013848 0.156159
v 2.925052 -0.021583 0.126264
v 2.923199 -0.022855 0.124617
v 2.924993 0.000490 0.128804
v 2.923132 0.002093 0.127488
v 2.924474 -0.002051 0.150870
v 2.922546 -0.000779 0.152429
v 2.924534 -0.024123 0.148330
v 2.922613 -0.025727 0.149558
v 2.924478 -0.080422 0.150670
v 2.922558 -0.078814 0.151891
v 2.922488 -0.103757 0.154856
v 2.924417 -0.102490 0.153293
v 2.923075 -0.106722 0.129920
v 2.924936 -0.105114 0.131231
v 2.923144 -0.081779 0.126955
v 2.924997 -0.083046 0.128608
v 2.924340 -0.090913 0.156550
v 2.922402 -0.090671 0.158538
v 2.922767 -0.110405 0.143002
v 2.924663 -0.108373 0.142805
v 2.923231 -0.094865 0.123273
v 2.925074 -0.094624 0.125350
v 2.924751 -0.077164 0.139095
v 2.922866 -0.075131 0.138809
v 2.924706 0.138297 0.060526
v 2.926602 0.140330 0.060339
v 2.925169 0.153943 0.040875
v 2.927011 0.154174 0.042953
v 2.924801 0.173599 0.056517
v 2.926686 0.171566 0.056793
v 2.924339 0.157953 0.076168
v 2.926277 0.157722 0.074179
v 2.925014 0.142049 0.047461
v 2.926874 0.143650 0.048779
v 2.925080 0.167012 0.044626
v 2.926933 0.165737 0.046272
v 2.924494 0.169847 0.069582
v 2.926414 0.168246 0.068352
v 2.926355 0.146159 0.070860
v 2.924427 0.144884 0.072417
v 2.924339 0.069424 0.076155
v 2.926277 0.069193 0.074167
v 2.926603 0.051803 0.060325
v 2.924707 0.049769 0.060511
v 2.927012 0.065648 0.042939
v 2.925169 0.065418 0.040861
v 2.926686 0.083039 0.056781
v 2.924801 0.085073 0.056505
v 2.924427 0.056356 0.072403
v 2.926356 0.057630 0.070846
v 2.926874 0.055124 0.048765
v 2.925014 0.053522 0.047446
v 2.926934 0.077211 0.046259
v 2.925081 0.078486 0.044614
v 2.926414 0.079718 0.068340
v 2.924494 0.081319 0.069571
v 2.924935 0.081483 0.131258
v 2.923074 0.083091 0.129948
v 2.924416 0.078852 0.153320
v 2.922487 0.080118 0.154883
v 2.924478 0.056785 0.150690
v 2.922557 0.055176 0.151911
v 2.924997 0.059415 0.128629
v 2.923144 0.058149 0.126976
v 2.924663 0.084738 0.142834
v 2.922766 0.086770 0.143031
v 2.924340 0.067274 0.156574
v 2.922401 0.067032 0.158561
v 2.924750 0.053530 0.139115
v 2.922865 0.051497 0.138828
v 2.925073 0.070994 0.125375
v 2.923230 0.071236 0.123298
v 2.930260 -0.013575 -0.095237
v 2.928322 -0.013809 -0.093249
v 2.930669 -0.027388 -0.112636
v 2.928784 -0.029421 -0.112914
v 2.929152 -0.009751 -0.128522
v 2.930994 -0.009984 -0.126445
v 2.928689 0.005862 -0.108857
v 2.930585 0.003828 -0.109046
v 2.930398 -0.024086 -0.101076
v 2.928477 -0.025689 -0.099849
v 2.930917 -0.021547 -0.123144
v 2.929064 -0.022819 -0.124791
v 2.928997 0.002130 -0.121922
v 2.930857 0.000526 -0.120605
v 2.930338 -0.002013 -0.098538
v 2.928410 -0.000740 -0.096980
v 2.926683 0.005849 -0.023555
v 2.928568 0.003815 -0.023277
v 2.926221 -0.009768 -0.003893
v 2.928159 -0.010001 -0.005882
v 2.926588 -0.029435 -0.019505
v 2.928484 -0.027401 -0.019694
v 2.927050 -0.013818 -0.039167
v 2.928893 -0.013585 -0.037089
v 2.926376 0.002114 -0.010491
v 2.928297 0.000511 -0.011719
v 2.926309 -0.022835 -0.007627
v 2.928237 -0.021562 -0.009185
v 2.926895 -0.025700 -0.032569
v 2.928756 -0.024097 -0.031252
v 2.928816 -0.002024 -0.033786
v 2.926963 -0.000751 -0.035433
v 2.926950 0.055204 -0.034898
v 2.928811 0.056812 -0.033588
v 2.927020 0.080147 -0.037863
v 2.928873 0.078880 -0.036211
v 2.926433 0.083112 -0.012927
v 2.928354 0.081504 -0.014149
v 2.928292 0.059436 -0.011526
v 2.926364 0.058170 -0.009962
v 2.927106 0.067061 -0.041545
v 2.928949 0.067303 -0.039468
v 2.926741 0.086796 -0.026009
v 2.928626 0.084763 -0.025723
v 2.928216 0.071014 -0.008268
v 2.926277 0.071255 -0.006280
v 2.928539 0.053554 -0.022013
v 2.926642 0.051521 -0.021816
v 2.926278 -0.255704 0.074118
v 2.924340 -0.255936 0.076106
v 2.926687 -0.269543 0.056727
v 2.924802 -0.271577 0.056451
v 2.927013 -0.252148 0.042892
v 2.925170 -0.251916 0.040814
v 2.926604 -0.238309 0.060282
v 2.924708 -0.236275 0.060469
v 2.926415 -0.266227 0.068288
v 2.924495 -0.267828 0.069517
v 2.926934 -0.263712 0.046208
v 2.925081 -0.264986 0.044562
v 2.926875 -0.241626 0.048722
v 2.925015 -0.240024 0.047403
v 2.926356 -0.244140 0.070802
v 2.924428 -0.242866 0.072359
v 2.930298 -0.142540 -0.096855
v 2.928437 -0.140931 -0.098165
v 2.929780 -0.145170 -0.074793
v 2.927851 -0.143904 -0.073230
v 2.929842 -0.167237 -0.077423
v 2.927921 -0.168846 -0.076202
v 2.928507 -0.165873 -0.101136
v 2.930360 -0.164607 -0.099484
v 2.930026 -0.139285 -0.085279
v 2.928130 -0.137252 -0.085082
v 2.929703 -0.156748 -0.071539
v 2.927765 -0.156991 -0.069551
v 2.930114 -0.170493 -0.088998
v 2.928229 -0.172525 -0.089285
v 2.930437 -0.153029 -0.102738
v 2.928594 -0.152787 -0.104815
v 2.930917 -0.009739 -0.203626
v 2.932760 -0.009973 -0.201549
v 2.930455 0.005873 -0.183960
v 2.932351 0.003839 -0.184150
v 2.930088 -0.013798 -0.168353
v 2.932026 -0.013564 -0.170341
v 2.930550 -0.029410 -0.188018
v 2.932436 -0.027376 -0.187740
v 2.930762 0.002141 -0.197026
v 2.932623 0.000538 -0.195709
v 2.930175 -0.000729 -0.172084
v 2.932104 -0.002002 -0.173642
v 2.930243 -0.025678 -0.174953
v 2.932164 -0.024075 -0.176181
v 2.932683 -0.021535 -0.198248
v 2.930830 -0.022808 -0.199895
v 2.927920 0.145276 -0.076155
v 2.929840 0.143668 -0.077376
v 2.927850 0.120333 -0.073190
v 2.929779 0.121600 -0.074753
v 2.928437 0.117368 -0.098126
v 2.930298 0.118976 -0.096816
v 2.928507 0.142311 -0.101091
v 2.930359 0.141045 -0.099438
v 2.927764 0.133419 -0.069508
v 2.929702 0.133177 -0.071496
v 2.928129 0.113685 -0.085044
v 2.930025 0.115718 -0.085241
v 2.928593 0.129225 -0.104773
v 2.930436 0.129467 -0.102696
v 2.930113 0.146927 -0.088951
v 2.928227 0.148959 -0.089237
v 2.926685 0.245934 0.056804
v 2.924800 0.247968 0.056529
v 2.926276 0.232090 0.074190
v 2.924338 0.232321 0.076179
v 2.926602 0.214698 0.060350
v 2.924706 0.212664 0.060536
v 2.927011 0.228543 0.042963
v 2.925168 0.228312 0.040886
v 2.926414 0.242614 0.068364
v 2.924493 0.244215 0.069594
v 2.926355 0.220527 0.070871
v 2.924426 0.219252 0.072428
v 2.926874 0.218019 0.048790
v 2.925014 0.216417 0.047471
v 2.926933 0.240106 0.046283
v 2.925080 0.241380 0.044637
v 2.922991 0.118930 0.213936
v 2.921070 0.117321 0.215158
v 2.923510 0.121560 0.191875
v 2.921657 0.120294 0.190223
v 2.923448 0.143627 0.194505
v 2.921587 0.145236 0.193195
v 2.922929 0.140997 0.216566
v 2.921000 0.142263 0.218129
v 2.923263 0.115675 0.202361
v 2.921378 0.113642 0.202075
v 2.923586 0.133139 0.188621
v 2.921743 0.133381 0.186544
v 2.923175 0.146883 0.206080
v 2.921279 0.148915 0.206278
v 2.922853 0.129419 0.219820
v 2.920914 0.129177 0.221808
v 2.920529 -0.013637 0.318630
v 2.918591 -0.013871 0.320619
v 2.919053 -0.029483 0.300953
v 2.920938 -0.027449 0.301232
v 2.919420 -0.009812 0.285346
v 2.921263 -0.010046 0.287423
v 2.918957 0.005800 0.305011
v 2.920854 0.003767 0.304822
v 2.918746 -0.025751 0.314018
v 2.920666 -0.024148 0.312791
v 2.919332 -0.022881 0.289077
v 2.921185 -0.021608 0.290724
v 2.919265 0.002068 0.291946
v 2.921125 0.000465 0.293263
v 2.920607 -0.002075 0.315329
v 2.918678 -0.000802 0.316888
v 2.921001 -0.165921 0.218084
v 2.922930 -0.164654 0.216520
v 2.921588 -0.168886 0.193148
v 2.923449 -0.167278 0.194458
v 2.921658 -0.143943 0.190183
v 2.923510 -0.145210 0.191835
v 2.921071 -0.140978 0.215119
v 2.922992 -0.142586 0.213897
v 2.921280 -0.172569 0.206230
v 2.923177 -0.170537 0.206032
v 2.921744 -0.157029 0.186501
v 2.923587 -0.156787 0.188578
v 2.921379 -0.137295 0.202037
v 2.923264 -0.139328 0.202323
v 2.922853 -0.153077 0.219778
v 2.920915 -0.152835 0.221766
v 1.853401 -0.436210 -0.241122
v 1.855303 -0.434147 -0.241584
v 1.850873 -0.554251 -0.053155
v 1.849017 -0.554752 -0.054683
v 1.853696 -0.742732 -0.173226
v 1.851801 -0.741294 -0.173089
v 1.858127 -0.622628 -0.361654
v 1.856189 -0.622773 -0.359681
v 1.859827 -0.097087 -0.514410
v 1.861709 -0.096771 -0.514029
v 1.856994 -0.283362 -0.393919
v 1.858877 -0.283697 -0.393576
v 1.861373 -0.403883 -0.580150
v 1.863271 -0.404184 -0.580449
v 1.866104 -0.217258 -0.700903
v 1.864205 -0.217603 -0.700629
v 1.835291 0.095214 0.529088
v 1.837188 0.094443 0.528848
v 1.838307 0.311679 0.481248
v 1.836393 0.311335 0.482231
v 1.833201 0.359292 0.698424
v 1.831311 0.358331 0.698364
v 1.832081 0.142057 0.746024
v 1.830208 0.142079 0.745259
v 1.836905 -0.284019 0.460440
v 1.838809 -0.283824 0.459891
v 1.834089 -0.097523 0.580183
v 1.835976 -0.096935 0.580401
v 1.829706 -0.217282 0.766600
v 1.831583 -0.217477 0.767238
v 1.834416 -0.404367 0.646729
v 1.832522 -0.403778 0.646858
v 1.849517 0.480270 -0.075926
v 1.851369 0.479548 -0.074267
v 1.856502 0.431898 -0.292563
v 1.854583 0.433147 -0.291394
v 1.857622 0.650255 -0.340199
v 1.855692 0.648756 -0.338560
v 1.852489 0.697904 -0.121903
v 1.850623 0.695878 -0.122989
v 1.851652 0.310225 -0.416737
v 1.853210 0.311812 -0.414900
v 1.852787 0.095258 -0.463857
v 1.854331 0.094591 -0.462565
v 1.857819 0.142088 -0.678713
v 1.859437 0.142269 -0.679726
v 1.858316 0.359490 -0.632061
v 1.856687 0.357288 -0.631754
v 1.844405 -0.504117 0.141456
v 1.846316 -0.503158 0.140663
v 1.839314 -0.456363 0.357982
v 1.841183 -0.455508 0.358959
v 1.838192 -0.672906 0.405713
v 1.840063 -0.673865 0.406595
v 1.845195 -0.721514 0.188299
v 1.843283 -0.720660 0.189187
v 1.839287 0.432269 0.359114
v 1.841179 0.431801 0.359091
v 1.844409 0.479537 0.141300
v 1.846312 0.479516 0.140809
v 1.843300 0.697390 0.188480
v 1.845190 0.697858 0.188511
v 1.840058 0.650143 0.406792
v 1.838177 0.650183 0.406336
v 1.854572 -0.720707 -0.290931
v 1.856496 -0.721715 -0.292307
v 1.863696 -0.335701 -0.678959
v 1.865597 -0.335675 -0.679379
v 1.829706 0.259961 0.766597
v 1.831583 0.260535 0.767202
v 1.830206 -0.335340 0.745338
v 1.832090 -0.335887 0.745679
v 1.853387 0.716988 -0.240532
v 1.855288 0.719302 -0.240917
v 1.858292 0.259399 -0.699825
v 1.859934 0.260754 -0.700869
v 1.840505 -0.741640 0.307334
v 1.842397 -0.742913 0.307313
v 1.840509 0.718929 0.307163
v 1.842392 0.719221 0.307531
v 1.852503 -0.455163 -0.122502
v 1.850632 -0.456880 -0.123349
v 1.855703 -0.504915 -0.339034
v 1.857633 -0.503513 -0.340644
v 1.849501 -0.672520 -0.075263
v 1.851367 -0.673365 -0.074166
v 1.859383 -0.165281 -0.415100
v 1.857504 -0.165261 -0.415598
v 1.862603 -0.118769 -0.632471
v 1.864493 -0.118302 -0.632413
v 1.860488 -0.382654 -0.462066
v 1.858596 -0.382205 -0.462080
v 1.838805 0.193200 0.460070
v 1.836893 0.193554 0.460941
v 1.832523 0.073838 0.646807
v 1.834403 0.073259 0.647294
v 1.834080 0.379606 0.580564
v 1.835986 0.380476 0.579978
v 1.838302 -0.165414 0.481450
v 1.836405 -0.165962 0.481702
v 1.835296 -0.382522 0.528856
v 1.837200 -0.382802 0.528352
v 1.833192 -0.118500 0.698778
v 1.831315 -0.118780 0.698184
v 1.853704 0.410500 -0.173549
v 1.851820 0.412089 -0.173902
v 1.849020 0.597810 -0.054815
v 1.850866 0.598594 -0.052874
v 1.856187 0.531168 -0.359621
v 1.858125 0.531208 -0.361591
v 1.852713 0.193327 -0.393757
v 1.851172 0.192988 -0.395796
v 1.855531 0.380639 -0.513609
v 1.853937 0.378311 -0.514458
v 1.857116 0.073442 -0.581017
v 1.855557 0.074214 -0.580969
v 1.843981 -0.434110 0.239945
v 1.842092 -0.435383 0.239835
v 1.846819 -0.622204 0.119270
v 1.844898 -0.622280 0.120487
v 1.839560 -0.554818 0.427988
v 1.837699 -0.554742 0.426682
v 1.843978 0.410438 0.240071
v 1.842078 0.410782 0.240421
v 1.839556 0.531090 0.428149
v 1.837671 0.531428 0.427849
v 1.846814 0.598569 0.119452
v 1.844915 0.598242 0.119797
v 1.839125 0.480486 0.366012
v 1.840979 0.480594 0.365636
v 1.839107 0.482597 0.366762
v 1.841163 0.444772 0.279355
v 1.843004 0.444934 0.279371
v 1.843236 0.481515 0.191192
v 1.845004 0.481102 0.191940
v 1.844131 0.570221 0.153133
v 1.845871 0.567896 0.154575
v 1.845087 0.654547 0.189229
v 1.843275 0.661519 0.189509
v 1.843230 0.655783 0.191442
v 1.832859 0.092560 0.632486
v 1.834766 0.093583 0.631801
v 1.835073 0.120335 0.538356
v 1.836915 0.120878 0.538973
v 1.836132 0.206070 0.493327
v 1.837946 0.205718 0.494253
v 1.837303 0.297101 0.522182
v 1.835467 0.298139 0.521616
v 1.835410 0.298808 0.524011
v 1.830109 0.242436 0.749477
v 1.832123 0.238058 0.745316
v 1.830226 0.239919 0.744473
v 1.832749 0.142760 0.718568
v 1.830771 0.142819 0.721292
v 1.477937 0.447373 1.079311
v 1.478852 0.446075 1.081036
v 1.475618 0.532125 1.091023
v 1.477030 0.532448 1.093244
v 1.490252 0.598454 1.041415
v 1.491829 0.600036 1.042654
v 1.516880 0.608461 0.960501
v 1.518339 0.610108 0.960055
v 1.558039 0.562391 0.898932
v 1.559361 0.564548 0.899115
v 1.514137 0.401120 1.021611
v 1.513528 0.401965 1.019318
v 1.832139 -0.136632 0.663123
v 1.833979 -0.137051 0.663230
v 1.832194 -0.136833 0.660799
v 1.830602 -0.204777 0.728508
v 1.832437 -0.204755 0.728355
v 1.830649 -0.300499 0.726505
v 1.832440 -0.299446 0.726571
v 1.832274 -0.368069 0.657371
v 1.834075 -0.365637 0.658818
v 1.836289 -0.364607 0.564904
v 1.834579 -0.367004 0.559333
v 1.834492 -0.363085 0.563041
v 1.541158 -0.403417 1.175812
v 1.542940 -0.404941 1.177182
v 1.546922 -0.324623 1.206234
v 1.548811 -0.324680 1.208171
v 1.552596 -0.247454 1.171881
v 1.554591 -0.246074 1.173178
v 1.554857 -0.217116 1.092876
v 1.556894 -0.215169 1.092702
v 1.552380 -0.251380 1.015499
v 1.554371 -0.250071 1.013883
v 1.546616 -0.330175 0.985076
v 1.548499 -0.330335 0.982893
v 1.540942 -0.407343 1.019430
v 1.542719 -0.408942 1.017888
v 1.538681 -0.437681 1.098435
v 1.540416 -0.439844 1.098365
v 1.838719 -0.647229 0.383299
v 1.840626 -0.646482 0.382639
v 1.840463 -0.707328 0.309106
v 1.842353 -0.706314 0.309178
v 1.842697 -0.697838 0.214105
v 1.844570 -0.697163 0.214883
v 1.844112 -0.624297 0.153938
v 1.845978 -0.624385 0.154984
v 1.843878 -0.529793 0.163871
v 1.845753 -0.530605 0.164574
v 1.842134 -0.469694 0.238063
v 1.844025 -0.470763 0.238037
v 1.839900 -0.479184 0.333064
v 1.841808 -0.479918 0.332339
v 1.840400 -0.552706 0.392234
v 1.838485 -0.552725 0.393232
v 1.817564 -1.028687 0.514175
v 1.819983 -1.028537 0.516344
v 1.787530 -1.085958 0.371281
v 1.786123 -1.084318 0.373636
v 1.785618 -1.171627 0.371595
v 1.787032 -1.172171 0.369269
v 1.798325 -1.232915 0.428602
v 1.799975 -1.234597 0.427339
v 1.816784 -1.234951 0.511200
v 1.818778 -1.236671 0.511476
v 1.830183 -1.176546 0.571005
v 1.832427 -1.177179 0.572395
v 1.830672 -1.091910 0.572983
v 1.832926 -1.090968 0.574413
v 1.849920 -0.658194 -0.093091
v 1.851831 -0.657706 -0.094029
v 1.851726 -0.715925 -0.169896
v 1.853613 -0.714701 -0.169766
v 1.853965 -0.702398 -0.265128
v 1.855823 -0.701447 -0.263652
v 1.855325 -0.625413 -0.322971
v 1.857160 -0.625759 -0.320734
v 1.855008 -0.529963 -0.309460
v 1.856850 -0.531882 -0.307539
v 1.855068 -0.474828 -0.231787
v 1.853195 -0.471920 -0.232362
v 1.853136 -0.474820 -0.229843
v 1.849605 -0.563205 -0.079677
v 1.851520 -0.563810 -0.080809
v 1.849656 -0.562048 -0.081860
v 1.811191 -1.244697 -0.326105
v 1.813463 -1.246617 -0.325284
v 1.799898 -1.136314 -0.501370
v 1.797877 -1.136430 -0.498949
v 1.814798 -1.208448 -0.545364
v 1.816610 -1.207444 -0.547200
v 1.830296 -1.289524 -0.526554
v 1.832397 -1.290036 -0.528036
v 1.835811 -1.334370 -0.454960
v 1.838015 -1.335719 -0.455106
v 1.828112 -1.316715 -0.372520
v 1.830173 -1.317736 -0.371126
v 1.862656 -0.338146 -0.634750
v 1.864538 -0.338187 -0.634385
v 1.863503 -0.249927 -0.670772
v 1.865384 -0.250439 -0.670357
v 1.862633 -0.161624 -0.633740
v 1.864524 -0.162935 -0.633822
v 1.860523 -0.124884 -0.543999
v 1.862463 -0.126926 -0.546158
v 1.860407 -0.163518 -0.458719
v 1.858341 -0.163742 -0.451205
v 1.858498 -0.165176 -0.457881
v 1.857666 -0.251329 -0.422500
v 1.859561 -0.251279 -0.422740
v 1.857685 -0.249458 -0.423326
v 1.858528 -0.338986 -0.459195
v 1.860420 -0.338794 -0.459299
v 1.862482 -0.374789 -0.546970
v 1.860596 -0.374963 -0.547111
v 1.613767 -0.403417 -1.017745
v 1.615281 -0.404006 -1.015350
v 1.621421 -0.329490 -1.028440
v 1.623096 -0.328513 -1.026270
v 1.633798 -0.285456 -1.087989
v 1.635736 -0.283549 -1.087081
v 1.643647 -0.297112 -1.161511
v 1.645793 -0.295453 -1.162156
v 1.645199 -0.357628 -1.205936
v 1.647378 -0.357248 -1.207518
v 1.637545 -0.431556 -1.195242
v 1.639562 -0.432737 -1.196598
v 1.625168 -0.475589 -1.135693
v 1.626924 -0.477701 -1.135791
v 1.615319 -0.463934 -1.062171
v 1.616866 -0.465801 -1.060716
v 1.863414 0.231422 -0.677362
v 1.865507 0.230452 -0.676603
v 1.863627 0.228356 -0.676014
v 1.862152 0.311208 -0.624399
v 1.864269 0.309330 -0.624312
v 1.862095 0.329167 -0.531798
v 1.859928 0.331281 -0.530713
v 1.860192 0.327887 -0.529943
v 1.852988 0.553298 -1.241374
v 1.855557 0.553832 -1.242053
v 1.834275 0.475747 -1.269712
v 1.836495 0.474834 -1.270919
v 1.796913 0.407339 -1.236672
v 1.798436 0.405149 -1.237263
v 1.762787 0.388145 -1.161610
v 1.763672 0.385595 -1.160800
v 1.751543 0.430714 -1.086186
v 1.752567 0.427630 -1.086316
v 1.771629 0.506633 -1.057448
v 1.769420 0.504800 -1.059114
v 1.807963 0.575370 -1.093198
v 1.809692 0.576320 -1.091108
v 1.842089 0.594563 -1.168260
v 1.844455 0.595869 -1.167574
v 1.854154 0.451931 -0.273152
v 1.855971 0.453727 -0.272408
v 1.854085 0.452697 -0.270233
v 1.855458 0.530550 -0.328625
v 1.857254 0.531255 -0.327113
v 1.855076 0.625411 -0.312350
v 1.856846 0.624838 -0.311189
v 1.853230 0.680941 -0.233846
v 1.854986 0.679577 -0.233990
v 1.851002 0.664596 -0.139077
v 1.852827 0.663387 -0.140527
v 1.851542 0.585854 -0.085754
v 1.849696 0.585920 -0.083547
v 1.849746 0.583301 -0.085692
v 1.992729 1.142914 -0.484623
v 1.994655 1.141966 -0.486285
v 1.930962 1.085266 -0.489992
v 1.931738 1.083243 -0.491757
v 1.881764 1.044867 -0.434182
v 1.881621 1.042089 -0.434907
v 1.873955 1.045383 -0.349884
v 1.873665 1.042615 -0.349034
v 1.912109 1.086511 -0.286480
v 1.912532 1.084512 -0.284445
v 1.973875 1.144159 -0.281111
v 1.975452 1.143235 -0.278977
v 2.023073 1.184558 -0.336922
v 2.025566 1.184386 -0.335830
v 2.030883 1.184042 -0.421219
v 2.033520 1.183860 -0.421699
vn 0.2778 0.9268 0.2526
vn 0.0239 0.9230 0.3839
vn -0.2475 0.9256 0.2863
vn -0.0239 0.9238 -0.3822
vn 0.2468 0.9262 -0.2852
vn 0.3679 0.9296 -0.0213
vn -0.3681 0.9295 0.0216
vn -0.2772 0.9273 -0.2516
vn -0.0000 1.0000 -0.0000
vn 0.5237 0.8517 -0.0203
vn 0.3628 0.8589 -0.3615
vn 0.0183 0.8556 -0.5174
vn 0.9981 0.0571 0.0248
vn 0.7039 0.0949 -0.7040
vn -0.0194 0.1113 -0.9936
vn -0.7328 0.0696 -0.6769
vn -0.9983 -0.0490 0.0327
vn -0.7033 -0.1515 0.6946
vn -0.0461 -0.1640 0.9854
vn 0.6650 -0.0571 0.7446
vn 0.9879 -0.1544 0.0141
vn 0.6902 -0.1383 -0.7103
vn -0.0254 -0.0282 -0.9993
vn -0.7131 0.1151 -0.6915
vn -0.9786 0.2058 0.0084
vn -0.6898 0.1910 0.6983
vn -0.0097 0.0791 0.9968
vn 0.6871 -0.0654 0.7237
vn 0.9433 -0.3306 0.0306
vn 0.6394 -0.3342 -0.6924
vn -0.0496 -0.1241 -0.9910
vn -0.6926 0.1744 -0.6999
vn -0.9234 0.3835 -0.0140
vn -0.6303 0.3863 0.6734
vn 0.0226 0.1821 0.9830
vn 0.6764 -0.1155 0.7274
vn 0.8631 -0.5007 0.0664
vn 0.5513 -0.5188 -0.6533
vn -0.0893 -0.2112 -0.9734
vn -0.6581 0.2324 -0.7161
vn -0.8338 0.5493 -0.0560
vn -0.5344 0.5652 0.6285
vn 0.0729 0.2724 0.9594
vn 0.6542 -0.1690 0.7372
vn 0.7508 -0.6497 0.1190
vn 0.4316 -0.6766 -0.5966
vn -0.1409 -0.2833 -0.9486
vn -0.6108 0.2834 -0.7393
vn -0.7151 0.6897 -0.1140
vn -0.4096 0.7138 0.5681
vn 0.1357 0.3433 0.9294
vn 0.6193 -0.2207 0.7535
vn 0.6158 -0.7664 0.1830
vn 0.2915 -0.7969 -0.5291
vn -0.1988 -0.3372 -0.9202
vn -0.5538 0.3230 -0.7674
vn -0.5770 0.7962 -0.1817
vn -0.2671 0.8244 0.4991
vn 0.2039 0.3924 0.8969
vn 0.5730 -0.2655 0.7754
vn 0.4693 -0.8463 0.2518
vn 0.1436 -0.8772 -0.4581
vn -0.2576 -0.3730 -0.8914
vn -0.4910 0.3492 -0.7981
vn -0.4304 0.8665 -0.2529
vn -0.1185 0.8959 0.4282
vn 0.2710 0.4212 0.8655
vn 0.5182 -0.2995 0.8011
vn 0.3216 -0.8911 0.3201
vn -0.0020 -0.9211 -0.3894
vn -0.3133 -0.3932 -0.8644
vn -0.4264 0.3620 -0.8290
vn -0.2843 0.9029 -0.3224
vn 0.0266 0.9324 0.3605
vn 0.3327 0.4335 0.8375
vn 0.4585 -0.3212 0.8286
vn 0.1798 -0.9057 0.3838
vn -0.1389 -0.9349 -0.3265
vn -0.3635 -0.4014 -0.8407
vn -0.3628 0.3626 -0.8584
vn -0.1452 0.9108 -0.3865
vn 0.1622 0.9403 0.2993
vn 0.3868 0.4338 0.8138
vn 0.3974 -0.3306 0.8560
vn 0.0481 -0.8963 0.4409
vn -0.2634 -0.9258 -0.2712
vn -0.4072 -0.4009 -0.8206
vn -0.3023 0.3532 -0.8854
vn -0.0168 0.8961 -0.4435
vn 0.2849 0.9265 0.2460
vn 0.4327 0.4260 0.7946
vn 0.3376 -0.3290 0.8820
vn -0.0711 -0.8686 0.4904
vn -0.3740 -0.8999 -0.2241
vn -0.4446 -0.3947 -0.8041
vn -0.2463 0.3356 -0.9092
vn 0.0990 0.8646 -0.4927
vn 0.3937 0.8970 0.2010
vn 0.4707 0.4133 0.7795
vn 0.2808 -0.3181 0.9055
vn 0.4751 0.8780 0.0573
vn 0.3996 0.8757 -0.2711
vn -0.9711 -0.1619 -0.1753
vn -0.8266 -0.0429 0.5611
vn -0.2081 0.0794 0.9749
vn 0.5198 0.1727 0.8366
vn 0.9459 0.2256 0.2330
vn 0.8492 0.1614 -0.5028
vn 0.2187 -0.0251 -0.9755
vn -0.5527 -0.1670 -0.8165
vn -0.9771 0.0893 -0.1934
vn -0.8071 0.3537 0.4728
vn -0.2035 0.4455 0.8718
vn 0.5098 0.3030 0.8052
vn 0.9559 -0.0102 0.2935
vn 0.8313 -0.3350 -0.4435
vn 0.0800 -0.4639 -0.8823
vn -0.6161 -0.2431 -0.7492
vn -0.8563 0.4352 -0.2779
vn -0.5135 0.8187 0.2571
vn 0.0532 0.8033 0.5932
vn 0.6523 0.3866 0.6519
vn 0.8972 -0.3076 0.3168
vn 0.5239 -0.8258 -0.2088
vn -0.1300 -0.7776 -0.6152
vn -0.6787 -0.2507 -0.6903
vn -0.7114 0.5960 -0.3723
vn -0.2230 0.9744 -0.0287
vn 0.3125 0.8999 0.3041
vn 0.7791 0.3245 0.5363
vn 0.7753 -0.4940 0.3936
vn 0.2902 -0.9569 -0.0083
vn -0.2890 -0.8696 -0.4004
vn -0.7568 -0.2630 -0.5985
vn -0.6243 0.5958 -0.5052
vn -0.0590 0.9577 -0.2818
vn 0.5058 0.8582 0.0881
vn 0.8407 0.2521 0.4792
vn 0.6808 -0.5403 0.4946
vn 0.1533 -0.9757 0.1565
vn -0.4080 -0.8845 -0.2262
vn -0.8191 -0.2682 -0.5070
vn -0.5712 0.4934 -0.6560
vn 0.0508 0.8210 -0.5686
vn 0.6552 0.7380 -0.1612
vn 0.8866 0.2318 0.4002
vn 0.6146 -0.4907 0.6177
vn 0.0353 -0.9368 0.3481
vn -0.5217 -0.8517 -0.0503
vn -0.8602 -0.2587 -0.4395
vn -0.5519 0.3115 -0.7736
vn 0.1306 0.5981 -0.7907
vn 0.7559 0.5600 -0.3391
vn 0.9164 0.2292 0.3283
vn 0.5841 -0.3289 0.7421
vn -0.0573 -0.8264 0.5601
vn -0.6132 -0.7816 0.1147
vn -0.8849 -0.2784 -0.3734
vn -0.5484 0.1372 -0.8249
vn 0.1745 0.3774 -0.9095
vn 0.8072 0.4024 -0.4319
vn 0.9337 0.2323 0.2724
vn 0.5814 -0.1399 0.8015
vn -0.1225 -0.6429 0.7561
vn -0.6739 -0.6845 0.2780
vn -0.9061 -0.3068 -0.2912
vn -0.5508 0.0079 -0.8346
vn 0.2023 0.2045 -0.9577
vn 0.8300 0.2824 -0.4810
vn 0.9481 0.2187 0.2306
vn 0.5816 -0.0449 0.8122
vn -0.1437 -0.4340 0.8894
vn -0.7314 -0.5303 0.4288
vn -0.9304 -0.2886 -0.2261
vn -0.5493 -0.0723 -0.8325
vn 0.2275 0.0692 -0.9713
vn 0.8429 0.1736 -0.5093
vn 0.9616 0.1922 0.1959
vn 0.5668 0.0047 0.8238
vn -0.2005 -0.3029 0.9317
vn -0.7879 -0.3755 0.4882
vn -0.9491 -0.2536 -0.1867
vn -0.5365 -0.1257 -0.8345
vn 0.2444 -0.0466 -0.9685
vn 0.8534 0.0691 -0.5166
vn 0.9728 0.1420 0.1829
vn 0.5557 0.0728 0.8282
vn -0.2533 -0.1526 0.9553
vn -0.8162 -0.2250 0.5321
vn -0.9715 -0.1762 -0.1585
vn -0.2272 -0.4372 0.8702
vn -0.6350 -0.5256 0.5662
vn -0.1750 0.8554 0.4875
vn 0.1970 0.8651 0.4612
vn 0.4815 0.8500 0.2137
vn -0.3695 0.2909 0.8826
vn 0.3691 0.3606 0.8566
vn 0.9046 0.2395 0.3526
vn 0.9288 -0.0234 -0.3700
vn 0.3887 -0.3016 -0.8706
vn -0.3714 -0.3999 -0.8379
vn -0.9165 -0.2414 -0.3189
vn -0.9128 0.0544 0.4047
vn -0.3998 0.4852 0.7776
vn 0.3333 0.5911 0.7345
vn 0.8834 0.3753 0.2806
vn 0.9364 -0.0491 -0.3474
vn 0.4272 -0.4366 -0.7917
vn -0.3528 -0.5501 -0.7569
vn -0.9124 -0.3199 -0.2553
vn -0.9177 0.1129 0.3810
vn -0.4436 0.6729 0.5919
vn 0.2783 0.8079 0.5195
vn 0.8491 0.5047 0.1559
vn 0.9461 -0.0823 -0.3133
vn 0.4730 -0.6185 -0.6275
vn -0.3058 -0.7680 -0.5628
vn -0.8888 -0.4344 -0.1462
vn -0.9290 0.1682 0.3295
vn -0.5035 0.8000 0.3262
vn 0.2076 0.9546 0.2137
vn 0.8066 0.5906 -0.0238
vn 0.9581 -0.1107 -0.2642
vn 0.5349 -0.7575 -0.3741
vn -0.2381 -0.9356 -0.2607
vn -0.8543 -0.5196 0.0126
vn -0.9463 0.2040 0.2510
vn -0.5667 0.8233 0.0324
vn 0.1365 0.9829 -0.1236
vn 0.7662 0.6035 -0.2207
vn 0.9708 -0.1261 -0.2042
vn 0.5960 -0.7994 -0.0757
vn -0.1614 -0.9825 0.0931
vn -0.8141 -0.5479 0.1926
vn -0.9651 0.2046 0.1635
vn -0.6190 0.7523 -0.2255
vn 0.0801 0.9042 -0.4196
vn 0.7363 0.5532 -0.3897
vn 0.9820 -0.1227 -0.1439
vn 0.6435 -0.7419 0.1883
vn -0.0997 -0.9111 0.3999
vn -0.7793 -0.5182 0.3523
vn -0.9805 0.1753 0.0892
vn -0.6548 0.6291 -0.4188
vn 0.0428 0.7660 -0.6414
vn 0.7181 0.4709 -0.5123
vn 0.9904 -0.1030 -0.0927
vn 0.6750 -0.6290 0.3857
vn -0.0591 -0.7780 0.6255
vn -0.7551 -0.4541 0.4729
vn -0.9906 0.1322 0.0359
vn -0.6761 0.4881 -0.5519
vn 0.0214 0.6076 -0.7940
vn 0.7087 0.3804 -0.5941
vn 0.9959 -0.0736 -0.0534
vn 0.6935 -0.4948 0.5237
vn -0.0351 -0.6228 0.7816
vn -0.7402 -0.3765 0.5571
vn -0.9963 0.0861 0.0005
vn -0.6868 0.3458 -0.6393
vn 0.0115 0.4481 -0.8939
vn 0.7051 0.2919 -0.6462
vn 0.9989 -0.0395 -0.0252
vn 0.7023 -0.3564 0.6163
vn -0.0230 -0.4646 0.8852
vn -0.7321 -0.2963 0.6133
vn -0.9989 0.0411 -0.0220
vn -0.6898 0.2091 -0.6931
vn 0.0096 0.2951 -0.9554
vn 0.7055 0.2089 -0.6773
vn 1.0000 -0.0038 -0.0062
vn 0.7041 -0.2214 0.6747
vn -0.0194 -0.3115 0.9501
vn -0.7289 -0.2184 0.6488
vn -0.9994 -0.0017 -0.0354
vn -0.6874 0.0804 -0.7218
vn 0.0135 0.1516 -0.9883
vn 0.7086 0.1322 -0.6931
vn 0.9995 0.0316 0.0055
vn 0.7008 -0.0932 0.7073
vn -0.0219 -0.1671 0.9857
vn -0.7292 -0.1450 0.6688
vn -0.9983 -0.0417 -0.0417
vn -0.4390 -0.0732 -0.8955
vn -0.9447 -0.1433 -0.2949
vn -0.8621 -0.1190 0.4925
vn -0.2554 -0.0146 0.9667
vn 0.4845 0.1070 0.8682
vn 0.9421 0.1750 0.2862
vn 0.8785 0.1520 -0.4529
vn 0.3199 0.0499 -0.9461
vn -0.3856 -0.2490 -0.8884
vn -0.8561 -0.4336 -0.2813
vn -0.7940 -0.3408 0.5034
vn -0.2525 -0.0333 0.9670
vn 0.4196 0.2952 0.8584
vn 0.8446 0.4610 0.2724
vn 0.8014 0.3788 -0.4629
vn 0.3048 0.0901 -0.9482
vn -0.2830 -0.4066 -0.8687
vn -0.6873 -0.6819 -0.2501
vn -0.6692 -0.5265 0.5244
vn -0.2503 -0.0469 0.9670
vn 0.3000 0.4554 0.8382
vn 0.6703 0.7015 0.2422
vn 0.6653 0.5652 -0.4877
vn 0.2804 0.1148 -0.9530
vn -0.1471 -0.5232 -0.8395
vn -0.4746 -0.8557 -0.2063
vn -0.5154 -0.6542 0.5535
vn -0.2509 -0.0551 0.9664
vn 0.1480 0.5683 0.8094
vn 0.4530 0.8689 0.1996
vn 0.5004 0.6909 -0.5218
vn 0.2585 0.1238 -0.9580
vn 0.0063 -0.5948 -0.8039
vn -0.2473 -0.9565 -0.1547
vn -0.3557 -0.7264 0.5881
vn -0.2565 -0.0588 0.9647
vn -0.0179 0.6333 0.7737
vn 0.2213 0.9638 0.1489
vn 0.3306 0.7593 -0.5604
vn 0.2458 0.1232 -0.9615
vn 0.1701 -0.6241 -0.7626
vn -0.0163 -0.9952 -0.0963
vn -0.1995 -0.7531 0.6269
vn -0.2693 -0.0608 0.9611
vn -0.1907 0.6551 0.7310
vn -0.0128 0.9958 0.0912
vn 0.1656 0.7813 -0.6017
vn 0.2439 0.1196 -0.9624
vn 0.3420 -0.6107 -0.7142
vn 0.2161 -0.9759 -0.0296
vn -0.0491 -0.7404 0.6704
vn -0.2902 -0.0652 0.9547
vn -0.3685 0.6338 0.6801
vn -0.2463 0.9689 0.0254
vn 0.0071 0.7631 -0.6462
vn 0.2518 0.1182 -0.9605
vn 0.5169 -0.5485 -0.6572
vn 0.4448 -0.8944 0.0471
vn 0.0924 -0.6892 0.7187
vn -0.3182 -0.0775 0.9449
vn -0.5460 0.5634 0.6200
vn -0.4724 0.8800 -0.0496
vn -0.1416 0.7050 -0.6949
vn 0.2675 0.1225 -0.9557
vn 0.6800 -0.4327 -0.5920
vn 0.6526 -0.7461 0.1321
vn 0.2163 -0.6004 0.7699
vn -0.3483 -0.1023 0.9318
vn -0.7076 0.4398 0.5530
vn -0.6737 0.7272 -0.1319
vn -0.2700 0.6075 -0.7470
vn 0.2880 0.1353 -0.9480
vn 0.8081 -0.2704 -0.5234
vn 0.8118 -0.5419 0.2176
vn 0.3098 -0.4826 0.8192
vn -0.3724 -0.1403 0.9174
vn -0.8311 0.2712 0.4854
vn -0.8250 0.5228 -0.2145
vn -0.3632 0.4796 -0.7988
vn 0.3093 0.1572 -0.9379
vn 0.8838 -0.0863 -0.4599
vn 0.9031 -0.3141 0.2930
vn 0.3650 -0.3536 0.8612
vn -0.3843 -0.1855 0.9044
vn -0.9011 0.0822 0.4257
vn -0.9104 0.2968 -0.2882
vn -0.4127 0.3414 -0.8445
vn 0.3266 0.1865 -0.9266
vn 0.6891 -0.7177 0.1000
vn 0.4627 0.8445 -0.2697
vn -0.4591 -0.0123 -0.8883
vn -0.9244 -0.2303 -0.3041
vn -0.8153 -0.2956 0.4980
vn -0.1801 -0.1704 0.9688
vn 0.5341 0.0740 0.8422
vn 0.9244 0.2903 0.2473
vn 0.8058 0.3538 -0.4748
vn 0.2490 0.2301 -0.9408
vn -0.4499 -0.0573 -0.8912
vn -0.7770 -0.5199 -0.3549
vn -0.6265 -0.6587 0.4166
vn -0.0890 -0.3718 0.9240
vn 0.4863 0.1358 0.8631
vn 0.7679 0.5583 0.3140
vn 0.6202 0.6756 -0.3987
vn 0.1281 0.4298 -0.8938
vn -0.4281 -0.0944 -0.8988
vn -0.5919 -0.6870 -0.4215
vn -0.3978 -0.8588 0.3229
vn 0.0319 -0.4929 0.8695
vn 0.4335 0.1646 0.8860
vn 0.5758 0.7161 0.3946
vn 0.3906 0.8673 -0.3085
vn -0.0181 0.5421 -0.8401
vn -0.4022 -0.1177 -0.9079
vn -0.4249 -0.7656 -0.4830
vn -0.1952 -0.9504 0.2422
vn 0.1447 -0.5521 0.8211
vn 0.3894 0.1725 0.9048
vn 0.4014 0.7880 0.4669
vn 0.1811 0.9568 -0.2276
vn -0.1483 0.5906 -0.7933
vn -0.3766 -0.1297 -0.9172
vn -0.2839 -0.7955 -0.5353
vn -0.0254 -0.9841 0.1757
vn 0.2408 -0.5756 0.7815
vn 0.3551 0.1717 0.9189
vn 0.2568 0.8112 0.5253
vn 0.0074 0.9869 -0.1611
vn -0.2533 0.6046 -0.7552
vn -0.3524 -0.1337 -0.9262
vn -0.1613 -0.7977 -0.5811
vn 0.1218 -0.9854 0.1190
vn 0.3243 -0.5785 0.7485
vn 0.3260 0.1676 0.9304
vn 0.1325 0.8081 0.5740
vn -0.1413 0.9844 -0.1046
vn -0.3415 0.6010 -0.7227
vn -0.3289 -0.1315 -0.9351
vn -0.0467 -0.7798 -0.6242
vn 0.2590 -0.9635 0.0673
vn 0.4017 -0.5669 0.7192
vn 0.2981 0.1608 0.9409
vn 0.0162 0.7861 0.6179
vn -0.2792 0.9588 -0.0526
vn -0.4223 0.5852 -0.6923
vn -0.3051 -0.1234 -0.9443
vn 0.0688 -0.7411 -0.6679
vn 0.3973 -0.9176 0.0165
vn 0.4790 -0.5408 0.6914
vn 0.2683 0.1504 0.9515
vn -0.1023 0.7434 0.6609
vn -0.4183 0.9083 -0.0007
vn -0.5033 0.5562 -0.6613
vn -0.2803 -0.1077 -0.9538
vn 0.1917 -0.6733 -0.7141
vn 0.5446 -0.8379 -0.0360
vn 0.5602 -0.4953 0.6639
vn 0.2343 0.1330 0.9630
vn -0.2299 0.6707 0.7052
vn -0.5665 0.8224 0.0535
vn -0.5897 0.5075 -0.6282
vn -0.2550 -0.0821 -0.9635
vn 0.3225 -0.5612 -0.7623
vn 0.7021 -0.7065 -0.0894
vn 0.6454 -0.4211 0.6373
vn 0.1960 0.1032 0.9752
vn -0.3660 0.5513 0.7497
vn -0.7231 0.6821 0.1087
vn -0.6817 0.4277 -0.5937
vn -0.2315 -0.0442 -0.9718
vn 0.4486 -0.3856 -0.8063
vn 0.8552 -0.4999 -0.1368
vn 0.7259 -0.3077 0.6151
vn 0.1586 0.0544 0.9858
vn -0.4936 0.3686 0.7877
vn -0.8692 0.4691 0.1560
vn -0.7679 0.3046 -0.5635
vn 0.2566 -0.7674 -0.5875
vn 0.5565 -0.8249 -0.0991
vn -0.7097 -0.1637 0.6852
vn 0.0229 -0.1638 0.9862
vn 0.7344 -0.0518 0.6767
vn 0.9932 0.1141 -0.0231
vn 0.6825 0.2333 -0.6927
vn -0.0044 0.2349 -0.9720
vn -0.6935 0.1177 -0.7107
vn -0.9982 -0.0495 -0.0328
vn -0.6798 -0.4201 0.6011
vn 0.0566 -0.4336 0.8993
vn 0.7492 -0.1658 0.6412
vn 0.9747 0.2226 0.0218
vn 0.6396 0.4988 -0.5848
vn -0.0464 0.5125 -0.8574
vn -0.7138 0.2567 -0.6516
vn -0.9897 -0.1313 -0.0578
vn -0.6207 -0.6568 0.4282
vn 0.1224 -0.6873 0.7160
vn 0.7779 -0.2784 0.5633
vn 0.9461 0.3075 0.1014
vn 0.5698 0.7239 -0.3890
vn -0.1193 0.7510 -0.6494
vn -0.7511 0.3759 -0.5427
vn -0.9726 -0.2064 -0.1073
vn -0.5378 -0.8226 0.1847
vn 0.2106 -0.8675 0.4507
vn 0.8164 -0.3648 0.4477
vn 0.9137 0.3533 0.2007
vn 0.4848 0.8643 -0.1342
vn -0.2115 0.9018 -0.3768
vn -0.8000 0.4485 -0.3986
vn -0.9491 -0.2624 -0.1744
vn -0.4517 -0.8888 -0.0770
vn 0.3017 -0.9397 0.1608
vn 0.8580 -0.4066 0.3137
vn 0.8851 0.3594 0.2957
vn 0.4021 0.9065 0.1287
vn -0.3036 0.9484 -0.0921
vn -0.8495 0.4658 -0.2477
vn -0.9243 -0.2912 -0.2467
vn -0.3778 -0.8706 -0.3151
vn 0.3812 -0.9184 -0.1064
vn 0.8967 -0.4035 0.1822
vn 0.8637 0.3389 0.3731
vn 0.3331 0.8701 0.3633
vn -0.3823 0.9090 0.1660
vn -0.8920 0.4382 -0.1107
vn -0.9026 -0.2954 -0.3130
vn -0.3204 -0.7953 -0.5146
vn 0.4437 -0.8320 -0.3330
vn 0.9287 -0.3651 0.0650
vn 0.8493 0.3049 0.4309
vn 0.2810 0.7819 0.5565
vn -0.4431 0.8111 0.3819
vn -0.9250 0.3800 0.0046
vn -0.8857 -0.2826 -0.3683
vn -0.2794 -0.6845 -0.6733
vn 0.4887 -0.7039 -0.5155
vn 0.9528 -0.3018 -0.0332
vn 0.8408 0.2655 0.4718
vn 0.2450 0.6628 0.7075
vn -0.4859 0.6765 0.5534
vn -0.9484 0.3020 0.0969
vn -0.8736 -0.2596 -0.4117
vn -0.2532 -0.5540 -0.7931
vn 0.5172 -0.5515 -0.6545
vn 0.9686 -0.2227 -0.1105
vn 0.8368 0.2250 0.4991
vn 0.2236 0.5277 0.8195
vn -0.5123 0.5217 0.6822
vn -0.9628 0.2127 0.1666
vn -0.8654 -0.2315 -0.4443
vn -0.2399 -0.4160 -0.8772
vn 0.5309 -0.3890 -0.7529
vn 0.9766 -0.1355 -0.1671
vn 0.8363 0.1865 0.5156
vn 0.2147 0.3878 0.8964
vn -0.5245 0.3595 0.7718
vn -0.9694 0.1189 0.2148
vn -0.8606 -0.2017 -0.4676
vn -0.2370 -0.2801 -0.9303
vn 0.5323 -0.2281 -0.8153
vn 0.9777 -0.0471 -0.2046
vn 0.8383 0.1515 0.5238
vn 0.2159 0.2519 0.9434
vn -0.5249 0.2004 0.8272
vn -0.9694 0.0268 0.2440
vn -0.8583 -0.1723 -0.4833
vn -0.1441 0.7848 -0.6028
vn -0.5779 0.7357 -0.3531
vn -0.7437 0.6529 0.1438
vn -0.5165 0.6007 0.6102
vn 0.3302 0.7750 -0.5388
vn -0.1515 0.3298 -0.9318
vn -0.7762 0.3238 -0.5410
vn -0.9775 0.1441 0.1539
vn -0.6116 -0.1121 0.7832
vn 0.1425 -0.3020 0.9426
vn 0.8032 -0.3059 0.5112
vn 0.9684 -0.1119 -0.2227
vn 0.5633 0.1539 -0.8118
vn -0.0680 0.6088 -0.7904
vn -0.7102 0.5613 -0.4249
vn -0.9606 0.2054 0.1872
vn -0.6500 -0.2672 0.7114
vn 0.0713 -0.5723 0.8169
vn 0.7508 -0.5162 0.4122
vn 0.9629 -0.1371 -0.2323
vn 0.6148 0.3263 -0.7180
vn 0.0252 0.8228 -0.5677
vn -0.6331 0.7348 -0.2436
vn -0.9439 0.2407 0.2262
vn -0.7077 -0.3987 0.5833
vn -0.0252 -0.8001 0.5994
vn 0.6790 -0.6931 0.2420
vn 0.9552 -0.1578 -0.2502
vn 0.6738 0.4637 -0.5753
vn 0.1277 0.9465 -0.2963
vn -0.5491 0.8356 -0.0160
vn -0.9237 0.2582 0.2830
vn -0.7650 -0.4803 0.4290
vn -0.1321 -0.9374 0.3221
vn 0.5905 -0.8067 0.0227
vn 0.9427 -0.1816 -0.2799
vn 0.7388 0.5374 -0.4066
vn 0.2194 0.9747 -0.0419
vn -0.4739 0.8568 0.2033
vn -0.9041 0.2551 0.3429
vn -0.8124 -0.5061 0.2896
vn -0.2247 -0.9722 0.0655
vn 0.5077 -0.8403 -0.1901
vn 0.9262 -0.1978 -0.3210
vn 0.7953 0.5490 -0.2570
vn 0.2923 0.9426 0.1614
vn -0.4126 0.8257 0.3847
vn -0.8860 0.2382 0.3977
vn -0.8476 -0.4976 0.1842
vn -0.2971 -0.9450 -0.1369
vn 0.4400 -0.8193 -0.3676
vn 0.9081 -0.2002 -0.3678
vn 0.8373 0.5266 -0.1468
vn 0.3490 0.8825 0.3152
vn -0.3623 0.7679 0.5283
vn -0.8687 0.2128 0.4474
vn -0.8731 -0.4749 0.1103
vn -0.3538 -0.8890 -0.2906
vn 0.3846 -0.7692 -0.5103
vn 0.8897 -0.1891 -0.4155
vn 0.8669 0.4933 -0.0719
vn 0.3951 0.8103 0.4328
vn -0.3182 0.6953 0.6444
vn -0.8506 0.1799 0.4941
vn -0.8918 -0.4485 0.0600
vn -0.4007 -0.8199 -0.4089
vn 0.3368 -0.7020 -0.6275
vn 0.8709 -0.1658 -0.4627
vn 0.8879 0.4595 -0.0216
vn 0.4356 0.7303 0.5262
vn -0.2763 0.6105 0.7423
vn -0.8306 0.1381 0.5395
vn -0.9059 -0.4227 0.0263
vn -0.4423 -0.7426 -0.5029
vn 0.2922 -0.6212 -0.7272
vn 0.8508 -0.1306 -0.5090
vn 0.9035 0.4285 0.0124
vn 0.4739 0.6420 0.6027
vn -0.2334 0.5115 0.8270
vn -0.8073 0.0848 0.5840
vn -0.9168 -0.3992 0.0044
vn -0.4822 -0.6568 -0.5797
vn 0.2476 -0.5253 -0.8141
vn 0.8284 -0.0822 -0.5541
vn 0.9155 0.4008 0.0356
vn 0.5127 0.5429 0.6651
vn -0.1870 0.3944 0.8997
vn -0.7797 0.0168 0.6259
vn -0.9254 -0.3789 -0.0088
vn -0.5229 -0.5604 -0.6422
vn 0.1998 -0.4106 -0.8896
vn 0.8024 -0.0180 -0.5965
vn 0.9251 0.3763 0.0510
vn -0.2538 0.8921 -0.3739
vn -0.4292 0.8968 -0.1073
vn -0.8046 0.2645 0.5316
vn -0.2674 -0.1197 0.9561
vn 0.4121 -0.4715 0.7797
vn 0.8368 -0.5241 0.1587
vn 0.7915 -0.2362 -0.5637
vn 0.2324 0.1643 -0.9586
vn -0.4530 0.4348 -0.7783
vn -0.8631 0.4714 -0.1811
vn -0.7263 0.3757 0.5756
vn -0.3016 -0.1510 0.9414
vn 0.3046 -0.6036 0.7368
vn 0.7276 -0.6796 0.0931
vn 0.7216 -0.3277 -0.6098
vn 0.2636 0.2124 -0.9409
vn -0.3315 0.6128 -0.7174
vn -0.7284 0.6773 -0.1030
vn -0.6182 0.4529 0.6423
vn -0.3044 -0.1743 0.9365
vn 0.2020 -0.6987 0.6863
vn 0.5994 -0.8000 0.0254
vn 0.6410 -0.4127 -0.6472
vn 0.3086 0.2236 -0.9245
vn -0.1901 0.7299 -0.6566
vn -0.5690 0.8222 -0.0125
vn -0.5253 0.5065 0.6838
vn -0.3056 -0.1752 0.9359
vn 0.1078 -0.7570 0.6445
vn 0.4696 -0.8822 -0.0344
vn 0.5529 -0.4681 -0.6894
vn 0.3140 0.2267 -0.9219
vn -0.0938 0.7863 -0.6107
vn -0.4364 0.8984 0.0487
vn -0.4058 0.5481 0.7313
vn -0.3014 -0.1738 0.9375
vn -0.0068 -0.8008 0.5990
vn 0.3057 -0.9466 -0.1023
vn 0.4384 -0.5123 -0.7385
vn 0.3162 0.2275 -0.9210
vn 0.0233 0.8274 -0.5611
vn -0.2712 0.9554 0.1166
vn -0.2619 0.5661 0.7816
vn -0.2921 -0.1733 0.9405
vn -0.1404 -0.8219 0.5520
vn 0.1085 -0.9788 -0.1737
vn 0.2981 -0.5346 -0.7908
vn 0.3153 0.2265 -0.9216
vn 0.1595 0.8445 -0.5113
vn -0.0763 0.9795 0.1863
vn -0.1059 0.5503 0.8282
vn -0.2794 -0.1769 0.9437
vn -0.2831 -0.8132 0.5084
vn -0.1065 -0.9650 -0.2395
vn 0.1429 -0.5252 -0.8389
vn 0.3111 0.2244 -0.9235
vn 0.3039 0.8300 -0.4677
vn 0.1327 0.9593 0.2493
vn 0.0433 0.5007 0.8645
vn -0.2664 -0.1852 0.9459
vn -0.4183 -0.7750 0.4737
vn -0.3121 -0.9046 -0.2903
vn -0.0081 -0.4828 -0.8757
vn 0.3036 0.2223 -0.9265
vn 0.4397 0.7851 -0.4361
vn 0.3315 0.8954 0.2972
vn 0.1694 0.4282 0.8877
vn -0.2559 -0.1966 0.9465
vn -0.5321 -0.7169 0.4504
vn -0.4854 -0.8129 -0.3220
vn -0.1377 -0.4174 -0.8982
vn 0.2941 0.2218 -0.9297
vn 0.5530 0.7206 -0.4182
vn 0.4997 0.8022 0.3268
vn -0.0721 0.0001 -0.9974
vn -0.6903 0.0001 -0.7235
vn -0.9997 -0.0000 -0.0235
vn -0.7235 -0.0001 0.6903
vn -0.1188 -0.0001 0.9929
vn 0.3170 0.3376 0.8863
vn 0.7069 0.7071 0.0167
vn 0.3583 0.3379 -0.8703
vn 0.3583 -0.3376 -0.8704
vn 0.7069 -0.7071 0.0165
vn 0.3170 -0.3379 0.8862
vn -0.4303 -0.8245 0.3673
vn -0.0491 -0.8200 0.5702
vn 0.3629 -0.8235 0.4361
vn 0.0491 -0.8198 -0.5705
vn -0.3629 -0.8233 -0.4364
vn -0.5587 -0.8280 -0.0474
vn 0.5587 -0.8280 0.0471
vn 0.4304 -0.8244 -0.3676
vn -0.0000 -1.0000 -0.0001
vn -0.0000 -1.0000 -0.0002
vn -0.5221 -0.8517 -0.0451
vn -0.3454 -0.8588 -0.3783
vn 0.0061 -0.8555 -0.5178
vn -0.9981 -0.0571 -0.0222
vn -0.6700 -0.0948 -0.7363
vn 0.0660 -0.1111 -0.9916
vn 0.7638 -0.0695 -0.6417
vn 0.9956 0.0490 0.0796
vn 0.6699 0.1514 0.7269
vn -0.0003 0.1639 0.9865
vn -0.6993 0.0570 0.7126
vn -0.9875 0.1544 -0.0323
vn -0.6560 0.1384 -0.7419
vn 0.0724 0.0283 -0.9970
vn 0.7448 -0.1150 -0.6573
vn 0.9771 -0.2058 0.0544
vn 0.6563 -0.1911 0.7299
vn -0.0371 -0.0792 0.9962
vn -0.7203 0.0653 0.6906
vn -0.9437 0.3306 -0.0137
vn -0.6062 0.3343 -0.7217
vn 0.0961 0.1242 -0.9876
vn 0.7247 -0.1743 -0.6666
vn 0.9231 -0.3835 0.0293
vn 0.5979 -0.3864 0.7023
vn -0.0688 -0.1823 0.9808
vn -0.7098 0.1154 0.6948
vn -0.8653 0.5007 0.0258
vn -0.5200 0.5189 -0.6785
vn 0.1350 0.2113 -0.9680
vn 0.6911 -0.2323 -0.6844
vn 0.8355 -0.5493 -0.0169
vn 0.5043 -0.5653 0.6528
vn -0.1179 -0.2725 0.9549
vn -0.6881 0.1689 0.7057
vn -0.7556 0.6497 0.0836
vn -0.4031 0.6766 -0.6162
vn 0.1853 0.2835 -0.9409
vn 0.6449 -0.2833 -0.7098
vn 0.7196 -0.6897 -0.0803
vn 0.3824 -0.7139 0.5866
vn -0.1792 -0.3434 0.9219
vn -0.6540 0.2206 0.7236
vn -0.6237 0.7664 0.1539
vn -0.2664 0.7970 -0.5421
vn 0.2419 0.3373 -0.9098
vn 0.5893 -0.3229 -0.7406
vn 0.5849 -0.7962 -0.1545
vn 0.2433 -0.8244 0.5110
vn -0.2458 -0.3925 0.8863
vn -0.6088 0.2654 0.7476
vn -0.4807 0.8463 0.2296
vn -0.1219 0.8773 -0.4642
vn 0.2992 0.3731 -0.8782
vn 0.5280 -0.3491 -0.7742
vn 0.4418 -0.8664 -0.2326
vn 0.0983 -0.8960 0.4331
vn -0.3114 -0.4213 0.8518
vn -0.5553 0.2994 0.7759
vn -0.3363 0.8911 0.3047
vn 0.0203 0.9211 -0.3887
vn 0.3535 0.3933 -0.8487
vn 0.4649 -0.3619 -0.8081
vn 0.2992 -0.9029 -0.3088
vn -0.0435 -0.9324 0.3587
vn -0.3717 -0.4336 0.8209
vn -0.4970 0.3211 0.8062
vn -0.1976 0.9057 0.3751
vn 0.1541 0.9350 -0.3195
vn 0.4026 0.4015 -0.8226
vn 0.4027 -0.3625 -0.8405
vn 0.1632 -0.9107 -0.3794
vn -0.1760 -0.9403 0.2912
vn -0.4246 -0.4339 0.7946
vn -0.4372 0.3305 0.8364
vn -0.0688 0.8962 0.4383
vn 0.2758 0.9258 -0.2584
vn 0.4454 0.4011 -0.8005
vn 0.3436 -0.3530 -0.8702
vn 0.0376 -0.8960 -0.4424
vn -0.2961 -0.9265 0.2322
vn -0.4695 -0.4261 0.7733
vn -0.3786 0.3288 0.8652
vn 0.0479 0.8685 0.4933
vn 0.3842 0.9000 -0.2061
vn 0.4819 0.3948 -0.7822
vn 0.2888 -0.3355 -0.8967
vn -0.0757 -0.8645 -0.4969
vn -0.4027 -0.8970 0.1821
vn -0.5069 -0.4134 0.7564
vn -0.3230 0.3180 0.8914
vn -0.4773 -0.8781 0.0347
vn -0.3864 -0.8756 -0.2897
vn 0.9783 0.1619 -0.1295
vn 0.7993 0.0428 0.5994
vn 0.1620 -0.0795 0.9836
vn -0.5586 -0.1729 0.8112
vn -0.9558 -0.2257 0.1883
vn -0.8246 -0.1613 -0.5422
vn -0.1727 0.0253 -0.9847
vn 0.5905 0.1671 -0.7896
vn 0.9851 -0.0892 -0.1473
vn 0.7839 -0.3538 0.5101
vn 0.1623 -0.4456 0.8804
vn -0.5470 -0.3032 0.7803
vn -0.9686 0.0101 0.2483
vn -0.8095 0.3351 -0.4820
vn -0.0384 0.4640 -0.8850
vn 0.6506 0.2432 -0.7194
vn 0.8685 -0.4352 -0.2375
vn 0.5009 -0.8187 0.2808
vn -0.0810 -0.8034 0.5899
vn -0.6823 -0.3866 0.6205
vn -0.9111 0.3076 0.2743
vn -0.5135 0.8258 -0.2331
vn 0.1588 0.7777 -0.6083
vn 0.7104 0.2508 -0.6576
vn 0.7282 -0.5959 -0.3386
vn 0.2241 -0.9744 -0.0183
vn -0.3264 -0.9000 0.2889
vn -0.8035 -0.3246 0.4991
vn -0.7929 0.4939 0.3568
vn -0.2895 0.9569 -0.0218
vn 0.3075 0.8696 -0.3862
vn 0.7840 0.2631 -0.5622
vn 0.6474 -0.5957 -0.4754
vn 0.0722 -0.9576 -0.2789
vn -0.5094 -0.8582 0.0641
vn -0.8623 -0.2522 0.4391
vn -0.7033 0.5402 0.4622
vn -0.1605 0.9757 0.1492
vn 0.4182 0.8846 -0.2066
vn 0.8420 0.2683 -0.4679
vn 0.6014 -0.4933 -0.6285
vn -0.0240 -0.8209 -0.5705
vn -0.6469 -0.7380 -0.1919
vn -0.9044 -0.2318 0.3581
vn -0.6429 0.4906 0.5882
vn -0.0517 0.9367 0.3462
vn 0.5235 0.8517 -0.0256
vn 0.8799 0.2588 -0.3985
vn 0.5876 -0.3114 -0.7468
vn -0.0933 -0.5980 -0.7960
vn -0.7391 -0.5599 -0.3743
vn -0.9308 -0.2292 0.2848
vn -0.6183 0.3288 0.7138
vn 0.0309 0.8263 0.5623
vn 0.6071 0.7815 0.1435
vn 0.9015 0.2785 -0.3314
vn 0.5866 -0.1371 -0.7982
vn -0.1316 -0.3773 -0.9167
vn -0.7860 -0.4024 -0.4694
vn -0.9455 -0.2324 0.2281
vn -0.6184 0.1398 0.7733
vn 0.0868 0.6428 0.7611
vn 0.6601 0.6845 0.3095
vn 0.9188 0.3069 -0.2483
vn 0.5895 -0.0078 -0.8078
vn -0.1571 -0.2044 -0.9662
vn -0.8065 -0.2823 -0.5196
vn -0.9579 -0.2187 0.1858
vn -0.6192 0.0448 0.7840
vn 0.1018 0.4339 0.8952
vn 0.7104 0.5302 0.4628
vn 0.9400 0.2886 -0.1821
vn 0.5878 0.0724 -0.8057
vn -0.1816 -0.0691 -0.9809
vn -0.8180 -0.1735 -0.5484
vn -0.9697 -0.1923 0.1504
vn -0.6049 -0.0048 0.7963
vn 0.1565 0.3027 0.9401
vn 0.7640 0.3754 0.5247
vn 0.9569 0.2536 -0.1418
vn 0.5751 0.1258 -0.8083
vn -0.1986 0.0468 -0.9790
vn -0.8282 -0.0690 -0.5562
vn -0.9803 -0.1420 0.1370
vn -0.5940 -0.0729 0.8012
vn 0.2081 0.1525 0.9662
vn 0.7903 0.2249 0.5699
vn 0.9779 0.1762 -0.1127
vn 0.1861 0.4371 0.8800
vn 0.6077 0.5255 0.5955
vn 0.1519 -0.8555 0.4950
vn -0.2184 -0.8652 0.4513
vn -0.4910 -0.8500 0.1907
vn 0.3276 -0.2910 0.8989
vn -0.4089 -0.3608 0.8382
vn -0.9202 -0.2396 0.3097
vn -0.9103 0.0235 -0.4132
vn -0.3474 0.3017 -0.8879
vn 0.4103 0.4001 -0.8195
vn 0.9305 0.2415 -0.2754
vn 0.8928 -0.0545 0.4472
vn 0.3628 -0.4854 0.7955
vn -0.3674 -0.5912 0.7180
vn -0.8956 -0.3753 0.2387
vn -0.9191 0.0491 -0.3910
vn -0.3895 0.4367 -0.8109
vn 0.3880 0.5502 -0.7394
vn 0.9234 0.3200 -0.2121
vn 0.8988 -0.1130 0.4236
vn 0.4153 -0.6730 0.6120
vn -0.3024 -0.8080 0.5057
vn -0.8555 -0.5048 0.1158
vn -0.9303 0.0824 -0.3574
vn -0.4430 0.6186 -0.6490
vn 0.3319 0.7681 -0.5477
vn 0.8947 0.4344 -0.1042
vn 0.9125 -0.1683 0.3728
vn 0.4876 -0.8001 0.3494
vn -0.2174 -0.9546 0.2035
vn -0.8046 -0.5906 -0.0618
vn -0.9446 0.1107 -0.3089
vn -0.5168 0.7576 -0.3987
vn 0.2501 0.9356 -0.2491
vn 0.8528 0.5196 0.0528
vn 0.9334 -0.2040 0.2951
vn 0.5646 -0.8233 0.0589
vn -0.1305 -0.9829 -0.1300
vn -0.7550 -0.6035 -0.2566
vn -0.9601 0.1261 -0.2496
vn -0.5918 0.7994 -0.1035
vn 0.1569 0.9825 0.1007
vn 0.8041 0.5479 0.2307
vn 0.9563 -0.2046 0.2087
vn 0.6289 -0.7523 -0.1963
vn -0.0603 -0.9041 -0.4230
vn -0.7172 -0.5531 -0.4239
vn -0.9741 0.1227 -0.1899
vn -0.6516 0.7419 0.1580
vn 0.0808 0.9111 0.4043
vn 0.7619 0.5182 0.3887
vn 0.9752 -0.1754 0.1351
vn 0.6738 -0.6291 -0.3877
vn -0.0126 -0.7659 -0.6428
vn -0.6933 -0.4709 -0.5456
vn -0.9849 0.1030 -0.1391
vn -0.6924 0.6289 0.3536
vn 0.0297 0.7779 0.6277
vn 0.7321 0.4540 0.5079
vn 0.9878 -0.1322 0.0824
vn 0.7013 -0.4880 -0.5196
vn 0.0159 -0.6075 -0.7942
vn -0.6800 -0.3803 -0.6268
vn -0.9922 0.0736 -0.1002
vn -0.7173 0.4947 0.4906
vn -0.0017 0.6227 0.7825
vn 0.7132 0.3764 0.5913
vn 0.9952 -0.0861 0.0473
vn 0.7161 -0.3457 -0.6064
vn 0.0305 -0.4480 -0.8935
vn -0.6740 -0.2918 -0.6787
vn -0.9966 0.0395 -0.0721
vn -0.7305 0.3563 0.5826
vn -0.0186 0.4644 0.8854
vn 0.7025 0.2962 0.6471
vn 0.9988 -0.0411 0.0249
vn 0.7216 -0.2090 -0.6600
vn 0.0353 -0.2950 -0.9549
vn -0.6729 -0.2088 -0.7097
vn -0.9986 0.0038 -0.0532
vn -0.7350 0.2213 0.6409
vn -0.0253 0.3113 0.9500
vn 0.6976 0.2183 0.6824
vn 0.9999 0.0017 0.0116
vn 0.7206 -0.0803 -0.6887
vn 0.0330 -0.1515 -0.9879
vn -0.6752 -0.1321 -0.7257
vn -0.9986 -0.0316 -0.0415
vn -0.7332 0.0931 0.6736
vn -0.0244 0.1670 0.9857
vn 0.6969 0.1449 0.7023
vn 0.9991 0.0417 0.0052
vn 0.4806 0.0733 -0.8739
vn 0.9575 0.1433 -0.2502
vn 0.8380 0.1190 0.5325
vn 0.2097 0.0144 0.9777
vn -0.5248 -0.1072 0.8444
vn -0.9545 -0.1751 0.2416
vn -0.8562 -0.1519 -0.4937
vn -0.2751 -0.0497 -0.9601
vn 0.4270 0.2491 -0.8693
vn 0.8684 0.4336 -0.2407
vn 0.7695 0.3407 0.5402
vn 0.2067 0.0332 0.9778
vn -0.4594 -0.2953 0.8377
vn -0.8564 -0.4610 0.2323
vn -0.7787 -0.3787 -0.5001
vn -0.2599 -0.0899 -0.9614
vn 0.3235 0.4067 -0.8544
vn 0.6983 0.6820 -0.2174
vn 0.6438 0.5264 0.5553
vn 0.2046 0.0468 0.9777
vn -0.3391 -0.4555 0.8231
vn -0.6809 -0.7015 0.2103
vn -0.6417 -0.5652 -0.5185
vn -0.2354 -0.1146 -0.9651
vn 0.1864 0.5233 -0.8315
vn 0.4838 0.8557 -0.1836
vn 0.4889 0.6541 0.5772
vn 0.2052 0.0550 0.9772
vn -0.1859 -0.5684 0.8015
vn -0.4619 -0.8689 0.1780
vn -0.4753 -0.6908 -0.5449
vn -0.2132 -0.1236 -0.9692
vn 0.0315 0.5949 -0.8032
vn 0.2543 0.9565 -0.1428
vn 0.3277 0.7263 0.6042
vn 0.2109 0.0587 0.9757
vn -0.0184 -0.6334 0.7736
vn -0.2281 -0.9638 0.1382
vn -0.3039 -0.7592 -0.5755
vn -0.2004 -0.1230 -0.9720
vn -0.1341 0.6242 -0.7696
vn 0.0208 0.9952 -0.0953
vn 0.1698 0.7530 0.6357
vn 0.2238 0.0607 0.9727
vn 0.1561 -0.6553 0.7391
vn 0.0085 -0.9958 0.0915
vn -0.1371 -0.7813 -0.6090
vn -0.1984 -0.1195 -0.9728
vn -0.3081 0.6108 -0.7294
vn -0.2145 0.9759 -0.0396
vn 0.0175 0.7403 0.6720
vn 0.2450 0.0651 0.9673
vn 0.3361 -0.6339 0.6966
vn 0.2448 -0.9689 0.0368
vn 0.0233 -0.7630 -0.6459
vn -0.2064 -0.1180 -0.9713
vn -0.4855 0.5486 -0.6807
vn -0.4466 0.8944 0.0263
vn -0.1261 0.6891 0.7136
vn 0.2734 0.0774 0.9588
vn 0.5162 -0.5635 0.6449
vn 0.4742 -0.8800 -0.0275
vn 0.1741 -0.7049 -0.6876
vn -0.2223 -0.1224 -0.9673
vn -0.6514 0.4328 -0.6232
vn -0.6581 0.7461 0.1014
vn -0.2522 0.6003 0.7590
vn 0.3041 0.1022 0.9471
vn 0.6809 -0.4399 0.5856
vn 0.6791 -0.7272 -0.1002
vn 0.3048 -0.6074 -0.7336
vn -0.2432 -0.1351 -0.9605
vn -0.7826 0.2705 -0.5607
vn -0.8211 0.5419 0.1793
vn -0.3480 0.4824 0.8038
vn 0.3289 0.1402 0.9339
vn 0.8074 -0.2713 0.5239
vn 0.8342 -0.5228 -0.1756
vn 0.4004 -0.4795 -0.7809
vn -0.2649 -0.1571 -0.9514
vn -0.8612 0.0864 -0.5009
vn -0.9158 0.3141 0.2502
vn -0.4051 0.3535 0.8432
vn 0.3414 0.1854 0.9215
vn 0.8801 -0.0823 0.4675
vn 0.9230 -0.2968 -0.2451
vn 0.4520 -0.3412 -0.8242
vn -0.2827 -0.1864 -0.9409
vn -0.6931 0.7177 0.0676
vn -0.4496 -0.8444 -0.2913
vn 0.5004 0.0124 -0.8657
vn 0.9376 0.2304 -0.2603
vn 0.7910 0.2955 0.5358
vn 0.1344 0.1702 0.9762
vn -0.5730 -0.0742 0.8162
vn -0.9350 -0.2903 0.2035
vn -0.7826 -0.3537 -0.5122
vn -0.2045 -0.2299 -0.9515
vn 0.4913 0.0575 -0.8691
vn 0.7928 0.5200 -0.3179
vn 0.6062 0.6586 0.4457
vn 0.0455 0.3717 0.9273
vn -0.5264 -0.1359 0.8393
vn -0.7818 -0.5584 0.2775
vn -0.6008 -0.6755 -0.4275
vn -0.0860 -0.4296 -0.8989
vn 0.4698 0.0945 -0.8777
vn 0.6110 0.6871 -0.3931
vn 0.3822 0.8587 0.3413
vn -0.0727 0.4927 0.8671
vn -0.4747 -0.1647 0.8646
vn -0.5937 -0.7161 0.3670
vn -0.3757 -0.8673 -0.3267
vn 0.0576 -0.5420 -0.8384
vn 0.4444 0.1179 -0.8880
vn 0.4471 0.7657 -0.4624
vn 0.1836 0.9504 0.2512
vn -0.1831 0.5520 0.8135
vn -0.4315 -0.1726 0.8854
vn -0.4229 -0.7881 0.4474
vn -0.1702 -0.9567 -0.2360
vn 0.1854 -0.5904 -0.7855
vn 0.4193 0.1298 -0.8985
vn 0.3087 0.7956 -0.5212
vn 0.0171 0.9841 0.1768
vn -0.2772 0.5754 0.7694
vn -0.3979 -0.1719 0.9012
vn -0.2812 -0.8113 0.5125
vn 0.0002 -0.9869 -0.1614
vn 0.2885 -0.6045 -0.7425
vn 0.3956 0.1338 -0.9086
vn 0.1884 0.7978 -0.5728
vn -0.1273 0.9854 0.1133
vn -0.3591 0.5784 0.7325
vn -0.3693 -0.1677 0.9140
vn -0.1594 -0.8082 0.5670
vn 0.1460 -0.9844 -0.0980
vn 0.3750 -0.6009 -0.7059
vn 0.3725 0.1317 -0.9186
vn 0.0760 0.7799 -0.6212
vn -0.2619 0.9635 0.0552
vn -0.4351 0.5668 0.6996
vn -0.3419 -0.1610 0.9258
vn -0.0452 -0.7862 0.6163
vn 0.2814 -0.9588 -0.0395
vn 0.4543 -0.5851 -0.6718
vn 0.3492 0.1235 -0.9289
vn -0.0373 0.7412 -0.6703
vn -0.3976 0.9176 -0.0021
vn -0.5110 0.5407 0.6682
vn -0.3127 -0.1505 0.9379
vn 0.0711 -0.7435 0.6649
vn 0.4178 -0.9083 0.0189
vn 0.5338 -0.5561 -0.6370
vn 0.3248 0.1079 -0.9396
vn -0.1579 0.6734 -0.7222
vn -0.5423 0.8380 -0.0614
vn -0.5908 0.4952 0.6370
vn -0.2793 -0.1331 0.9509
vn 0.1965 -0.6708 0.7151
vn 0.5633 -0.8224 0.0800
vn 0.6186 -0.5074 -0.5999
vn 0.3000 0.0823 -0.9504
vn -0.2864 0.5613 -0.7765
vn -0.6971 0.7065 -0.1222
vn -0.6746 0.4210 0.6063
vn -0.2416 -0.1033 0.9649
vn 0.3303 -0.5514 0.7660
vn 0.7172 -0.6821 0.1425
vn 0.7088 -0.4276 -0.5610
vn 0.2769 0.0443 -0.9599
vn -0.4102 0.3858 -0.8264
vn -0.8479 0.4999 -0.1767
vn -0.7540 0.3077 0.5803
vn -0.2048 -0.0546 0.9773
vn 0.4560 -0.3687 0.8100
vn 0.8610 -0.4692 0.1966
vn 0.7935 -0.3046 -0.5268
vn -0.2287 0.7675 -0.5988
vn -0.5512 0.8249 -0.1250
vn 0.6767 0.1636 0.7178
vn -0.0692 0.1636 0.9841
vn -0.7654 0.0517 0.6414
vn -0.9910 -0.1141 -0.0698
vn -0.6492 -0.2332 -0.7240
vn 0.0500 -0.2348 -0.9708
vn 0.7262 -0.1176 -0.6774
vn 0.9987 0.0495 0.0141
vn 0.6508 0.4200 0.6325
vn -0.0988 0.4335 0.8957
vn -0.7785 0.1657 0.6053
vn -0.9746 -0.2226 -0.0240
vn -0.6114 -0.4988 -0.6143
vn 0.0867 -0.5124 -0.8544
vn 0.7436 -0.2566 -0.6174
vn 0.9913 0.1313 -0.0112
vn 0.5999 0.6567 0.4570
vn -0.1560 0.6872 0.7095
vn -0.8035 0.2784 0.5261
vn -0.9498 -0.3075 0.0568
vn -0.5509 -0.7238 -0.4154
vn 0.1497 -0.7509 -0.6432
vn 0.7758 -0.3758 -0.5068
vn 0.9765 0.2064 -0.0614
vn 0.5285 0.8226 0.2099
vn -0.2315 0.8674 0.4404
vn -0.8365 0.3647 0.4089
vn -0.9221 -0.3533 0.1574
vn -0.4779 -0.8643 -0.1570
vn 0.2289 -0.9018 -0.3666
vn 0.8179 -0.4484 -0.3606
vn 0.9562 0.2624 -0.1295
vn 0.4548 0.8889 -0.0555
vn -0.3090 0.9397 0.1466
vn -0.8718 0.4066 0.2731
vn -0.8980 -0.3594 0.2538
vn -0.4077 -0.9065 0.1095
vn 0.3076 -0.9483 -0.0779
vn 0.8602 -0.4658 -0.2076
vn 0.9349 0.2913 -0.2029
vn 0.3922 0.8707 -0.2969
vn -0.3758 0.9184 -0.1240
vn -0.9042 0.4034 0.1399
vn -0.8803 -0.3389 0.3321
vn -0.3498 -0.8701 0.3471
vn 0.3741 -0.9090 0.1836
vn 0.8962 -0.4382 -0.0688
vn 0.9163 0.2954 -0.2702
vn 0.3442 0.7954 -0.4988
vn -0.4276 0.8320 -0.3534
vn -0.9307 0.3651 0.0213
vn -0.8686 -0.3050 0.3904
vn -0.3068 -0.7820 0.5426
vn 0.4246 -0.8111 0.4022
vn 0.9238 -0.3800 0.0480
vn 0.9021 0.2826 -0.3262
vn 0.3107 0.6846 -0.6593
vn -0.4640 0.7039 -0.5378
vn -0.9502 0.3018 -0.0779
vn -0.8620 -0.2655 0.4317
vn -0.2780 -0.6629 0.6952
vn 0.4594 -0.6766 0.5755
vn 0.9428 -0.3020 0.1413
vn 0.8919 0.2597 -0.3702
vn 0.2902 0.5541 -0.7802
vn -0.4859 0.5516 -0.6780
vn -0.9624 0.2227 -0.1559
vn -0.8593 -0.2251 0.4592
vn -0.2619 -0.5278 0.8080
vn 0.4797 -0.5218 0.7054
vn 0.9539 -0.2127 0.2116
vn 0.8854 0.2316 -0.4031
vn 0.2808 0.4161 -0.8649
vn -0.4949 0.3891 -0.7769
vn -0.9676 0.1356 -0.2128
vn -0.8596 -0.1865 0.4757
vn -0.2566 -0.3879 0.8853
vn 0.4876 -0.3596 0.7956
vn 0.9582 -0.1190 0.2601
vn 0.8816 0.2017 -0.4266
vn 0.2804 0.2803 -0.9180
vn -0.4934 0.2283 -0.8393
vn -0.9670 0.0472 -0.2503
vn -0.8619 -0.1516 0.4838
vn -0.2600 -0.2521 0.9321
vn 0.4855 -0.2005 0.8509
vn 0.9569 -0.0268 0.2893
vn 0.8801 0.1724 -0.4424
vn 0.1723 -0.7847 -0.5955
vn 0.5939 -0.7357 -0.3256
vn 0.7361 -0.6529 0.1785
vn 0.4872 -0.6008 0.6338
vn -0.3045 -0.7749 -0.5538
vn 0.1951 -0.3297 -0.9237
vn 0.8007 -0.3238 -0.5040
vn 0.9692 -0.1441 0.1996
vn 0.5741 0.1120 0.8111
vn -0.1866 0.3019 0.9349
vn -0.8263 0.3058 0.4730
vn -0.9569 0.1120 -0.2679
vn -0.5245 -0.1538 -0.8374
vn 0.1051 -0.6086 -0.7865
vn 0.7294 -0.5613 -0.3911
vn 0.9507 -0.2055 0.2321
vn 0.6159 0.2671 0.7412
vn -0.1096 0.5722 0.8128
vn -0.7693 0.5161 0.3766
vn -0.9509 0.1372 -0.2773
vn -0.5804 -0.3262 -0.7462
vn 0.0015 -0.8228 -0.5684
vn 0.6438 -0.7348 -0.2137
vn 0.9322 -0.2407 0.2702
vn 0.6795 0.3987 0.6160
vn -0.0030 0.8000 0.6000
vn -0.6896 0.6931 0.2099
vn -0.9424 0.1578 -0.2948
vn -0.6460 -0.4636 -0.6064
vn -0.1136 -0.9465 -0.3021
vn 0.5493 -0.8356 0.0097
vn 0.9094 -0.2582 0.3261
vn 0.7440 0.4802 0.4645
vn 0.1168 0.9374 0.3281
vn -0.5909 0.8067 -0.0049
vn -0.9285 0.1816 -0.3238
vn -0.7189 -0.5373 -0.4409
vn -0.2172 -0.9747 -0.0523
vn 0.4638 -0.8568 0.2252
vn 0.8870 -0.2551 0.3850
vn 0.7979 0.5060 0.3276
vn 0.2214 0.9722 0.0761
vn -0.4982 0.8403 -0.2137
vn -0.9101 0.1979 -0.3642
vn -0.7824 -0.5489 -0.2942
vn -0.2995 -0.9426 0.1474
vn 0.3941 -0.8257 0.4036
vn 0.8664 -0.2382 0.4389
vn 0.8380 0.4976 0.2239
vn 0.3032 0.9450 -0.1226
vn -0.4223 0.8194 -0.3877
vn -0.8898 0.2003 -0.4100
vn -0.8295 -0.5266 -0.1861
vn -0.3634 -0.8826 0.2983
vn 0.3370 -0.7680 0.5446
vn 0.8467 -0.2128 0.4877
vn 0.8669 0.4749 0.1513
vn 0.3671 0.8891 -0.2735
vn -0.3602 0.7692 -0.5277
vn -0.8692 0.1891 -0.4569
vn -0.8626 -0.4933 -0.1126
vn -0.4150 -0.8103 0.4136
vn 0.2875 -0.6954 0.6586
vn 0.8264 -0.1799 0.5335
vn 0.8880 0.4484 0.1019
vn 0.4194 0.8200 -0.3895
vn -0.3069 0.7021 -0.6425
vn -0.8482 0.1659 -0.5031
vn -0.8859 -0.4595 -0.0634
vn -0.4598 -0.7304 0.5051
vn 0.2411 -0.6106 0.7543
vn 0.8043 -0.1382 0.5780
vn 0.9037 0.4227 0.0689
vn 0.4654 0.7427 -0.4815
vn -0.2578 0.6213 -0.7400
vn -0.8259 0.1307 -0.5484
vn -0.9030 -0.4285 -0.0301
vn -0.5017 -0.6421 0.5796
vn 0.1943 -0.5116 0.8370
vn 0.7790 -0.0849 0.6213
vn 0.9156 0.3992 0.0476
vn 0.5089 0.6569 -0.5563
vn -0.2090 0.5254 -0.8248
vn -0.8014 0.0823 -0.5924
vn -0.9161 -0.4008 -0.0076
vn -0.5434 -0.5430 0.6402
vn 0.1445 -0.3946 0.9074
vn 0.7494 -0.0169 0.6619
vn 0.9248 0.3789 0.0347
vn 0.5525 0.5605 -0.6169
vn -0.1577 0.4108 -0.8980
vn -0.7735 0.0181 -0.6336
vn -0.9265 -0.3763 0.0075
vn 0.2711 -0.8920 -0.3617
vn 0.4337 -0.8968 -0.0872
vn 0.7787 -0.2646 0.5688
vn 0.2222 0.1195 0.9677
vn -0.4483 0.4714 0.7595
vn -0.8433 0.5240 0.1193
vn -0.7642 0.2363 -0.6002
vn -0.1871 -0.1641 -0.9685
vn 0.4891 -0.4347 -0.7562
vn 0.8707 -0.4714 -0.1404
vn 0.6984 -0.3758 0.6091
vn 0.2570 0.1509 0.9546
vn -0.3389 0.6034 0.7218
vn -0.7312 0.6796 0.0590
vn -0.6922 0.3278 -0.6430
vn -0.2191 -0.2123 -0.9523
vn 0.3648 -0.6127 -0.7011
vn 0.7325 -0.6773 -0.0687
vn 0.5874 -0.4530 0.6706
vn 0.2600 0.1741 0.9498
vn -0.2340 0.6986 0.6762
vn -0.6000 0.8000 -0.0026
vn -0.6098 0.4128 -0.6765
vn -0.2648 -0.2235 -0.9380
vn 0.2207 -0.7298 -0.6470
vn 0.5690 -0.8222 0.0141
vn 0.4926 -0.5066 0.7076
vn 0.2612 0.1750 0.9493
vn -0.1379 0.7569 0.6388
vn -0.4674 0.8822 -0.0563
vn -0.5199 0.4682 -0.7145
vn -0.2704 -0.2266 -0.9357
vn 0.1224 -0.7862 -0.6058
vn 0.4336 -0.8984 0.0690
vn 0.3710 -0.5482 0.7495
vn 0.2571 0.1736 0.9507
vn -0.0214 0.8007 0.5987
vn -0.3006 0.9466 -0.1164
vn -0.4032 0.5124 -0.7582
vn -0.2726 -0.2273 -0.9349
vn 0.0031 -0.8274 -0.5617
vn 0.2654 -0.9555 0.1290
vn 0.2249 -0.5662 0.7930
vn 0.2476 0.1732 0.9533
vn 0.1143 0.8219 0.5581
vn -0.1002 0.9788 -0.1784
vn -0.2606 0.5347 -0.8038
vn -0.2716 -0.2263 -0.9354
vn -0.1353 -0.8444 -0.5183
vn 0.0674 -0.9796 0.1896
vn 0.0668 -0.5505 0.8322
vn 0.2347 0.1768 0.9559
vn 0.2589 0.8132 0.5213
vn 0.1177 0.9651 -0.2341
vn -0.1034 0.5253 -0.8446
vn -0.2673 -0.2242 -0.9372
vn -0.2816 -0.8299 -0.4816
vn -0.1443 -0.9593 0.2426
vn -0.0839 -0.5009 0.8615
vn 0.2216 0.1851 0.9574
vn 0.3955 0.7750 0.4929
vn 0.3254 0.9046 -0.2751
vn 0.0492 0.4830 -0.8743
vn -0.2598 -0.2222 -0.9398
vn -0.4188 -0.7850 -0.4564
vn -0.3451 -0.8955 0.2812
vn -0.2109 -0.4283 0.8787
vn 0.2111 0.1965 0.9575
vn 0.5104 0.7168 0.4750
vn 0.5000 0.8129 -0.2987
vn 0.1797 0.4175 -0.8907
vn -0.2501 -0.2217 -0.9425
vn -0.5327 -0.7205 -0.4439
vn -0.5145 -0.8023 0.3028
vn 0.9808 0.1541 -0.1197
vn 0.9841 0.0017 -0.1775
vn 0.9821 -0.1473 -0.1170
vn 0.9476 0.0034 0.3196
vn 0.9547 0.1834 0.2343
vn 0.9707 0.2370 0.0401
vn 0.9734 -0.2258 0.0386
vn 0.9574 -0.1752 0.2296
vn 0.9997 -0.0000 0.0235
vn 0.8510 0.5237 0.0404
vn 0.8501 0.3627 0.3817
vn 0.8432 0.0182 0.5373
vn 0.0577 0.9981 -0.0233
vn 0.0784 0.7038 0.7061
vn 0.0879 -0.0195 0.9959
vn 0.0537 -0.7329 0.6782
vn -0.0483 -0.9983 -0.0340
vn -0.1351 -0.7032 -0.6980
vn -0.1408 -0.0459 -0.9890
vn -0.0396 0.6651 -0.7457
vn -0.1540 0.9879 -0.0176
vn -0.1550 0.6901 0.7070
vn -0.0517 -0.0256 0.9983
vn 0.0988 -0.7132 0.6940
vn 0.2059 -0.9786 -0.0037
vn 0.2073 -0.6897 -0.6937
vn 0.1025 -0.0096 -0.9947
vn -0.0483 0.6872 -0.7249
vn -0.3298 0.9433 -0.0382
vn -0.3504 0.6393 0.6845
vn -0.1473 -0.0497 0.9878
vn 0.1579 -0.6927 0.7037
vn 0.3830 -0.9234 0.0229
vn 0.4020 -0.6302 -0.6643
vn 0.2052 0.0228 -0.9785
vn -0.0984 0.6765 -0.7298
vn -0.4990 0.8631 -0.0780
vn -0.5340 0.5512 0.6411
vn -0.2340 -0.0895 0.9681
vn 0.2155 -0.6582 0.7213
vn 0.5478 -0.8338 0.0688
vn 0.5798 -0.5343 -0.6151
vn 0.2948 0.0731 -0.9528
vn -0.1516 0.6543 -0.7409
vn -0.6467 0.7508 -0.1341
vn -0.6904 0.4315 0.5806
vn -0.3055 -0.1411 0.9417
vn 0.2660 -0.6109 0.7457
vn 0.6869 -0.7151 0.1300
vn 0.7269 -0.4095 -0.5512
vn 0.3650 0.1358 -0.9210
vn -0.2029 0.6194 -0.7584
vn -0.7619 0.6158 -0.2008
vn -0.8091 0.2915 0.5103
vn -0.3587 -0.1990 0.9120
vn 0.3049 -0.5539 0.7747
vn 0.7918 -0.5771 0.2003
vn 0.8359 -0.2670 -0.4796
vn 0.4134 0.2040 -0.8874
vn -0.2472 0.5731 -0.7813
vn -0.8402 0.4694 -0.2716
vn -0.8877 0.1436 0.4374
vn -0.3938 -0.2578 0.8823
vn 0.3304 -0.4912 0.8060
vn 0.8603 -0.4305 0.2732
vn 0.9057 -0.1185 -0.4070
vn 0.4414 0.2711 -0.8553
vn -0.2806 0.5183 -0.8078
vn -0.8834 0.3217 -0.3409
vn -0.9300 -0.0021 0.3676
vn -0.4134 -0.3134 0.8549
vn 0.3424 -0.4265 0.8372
vn 0.8951 -0.2844 0.3435
vn 0.9406 0.0266 -0.3385
vn 0.4531 0.3328 -0.8270
vn -0.3016 0.4587 -0.8358
vn -0.8965 0.1798 -0.4050
vn -0.9424 -0.1389 0.3044
vn -0.4210 -0.3636 0.8310
vn 0.3424 -0.3629 0.8667
vn 0.9014 -0.1452 0.4078
vn 0.9471 0.1622 -0.2771
vn 0.4528 0.3869 -0.8033
vn -0.3104 0.3976 -0.8635
vn -0.8856 0.0482 -0.4618
vn -0.9319 -0.2634 0.2493
vn -0.4201 -0.4074 0.8109
vn 0.3322 -0.3025 0.8934
vn 0.8854 -0.0169 0.4645
vn 0.9320 0.2849 -0.2241
vn 0.4445 0.4328 -0.7843
vn -0.3081 0.3377 -0.8894
vn -0.8568 -0.0710 -0.5107
vn -0.9050 -0.3741 0.2028
vn -0.4135 -0.4447 0.7945
vn 0.3142 -0.2464 0.9168
vn 0.8528 0.0989 0.5129
vn 0.9015 0.3937 -0.1798
vn 0.4315 0.4709 -0.7695
vn -0.2968 0.2809 -0.9127
vn -0.8371 -0.1274 -0.5320
vn -0.8867 -0.4253 0.1811
vn -0.4094 -0.4619 0.7868
vn 0.3028 -0.2197 0.9274
vn 0.8313 0.1533 0.5342
vn 0.8817 0.4440 -0.1596
vn 0.4237 0.4879 -0.7632
vn -0.2893 0.2531 -0.9232
vn 0.8791 0.4752 -0.0365
vn 0.8691 0.3995 0.2917
vn -0.1659 -0.9711 0.1713
vn -0.0297 -0.8265 -0.5621
vn 0.1022 -0.2079 -0.9728
vn 0.1923 0.5200 -0.8322
vn 0.2311 0.9460 -0.2275
vn 0.1495 0.8491 0.5066
vn -0.0480 0.2186 0.9746
vn -0.1862 -0.5528 0.8122
vn 0.0847 -0.9771 0.1953
vn 0.3648 -0.8070 -0.4645
vn 0.4659 -0.2034 -0.8612
vn 0.3219 0.5099 -0.7978
vn -0.0033 0.9559 -0.2935
vn -0.3454 0.8312 0.4356
vn -0.4845 0.0798 0.8712
vn -0.2607 -0.6162 0.7432
vn 0.4286 -0.8564 0.2880
vn 0.8245 -0.5135 -0.2379
vn 0.8170 0.0533 -0.5741
vn 0.4018 0.6524 -0.6426
vn -0.3001 0.8973 -0.3238
vn -0.8305 0.5239 0.1894
vn -0.7918 -0.1301 0.5967
vn -0.2668 -0.6788 0.6841
vn 0.5871 -0.7115 0.3861
vn 0.9735 -0.2230 0.0516
vn 0.9068 0.3125 -0.2828
vn 0.3370 0.7792 -0.5284
vn -0.4846 0.7753 -0.4050
vn -0.9569 0.2902 -0.0141
vn -0.8788 -0.2891 0.3798
vn -0.2770 -0.7568 0.5920
vn 0.5838 -0.6244 0.5190
vn 0.9508 -0.0590 0.3042
vn 0.8600 0.5058 -0.0678
vn 0.2633 0.8408 -0.4730
vn -0.5285 0.6808 -0.5071
vn -0.9718 0.1533 -0.1793
vn -0.8896 -0.4080 0.2053
vn -0.2801 -0.8192 0.5005
vn 0.4778 -0.5713 0.6673
vn 0.8074 0.0507 0.5878
vn 0.7340 0.6552 0.1786
vn 0.2411 0.8867 -0.3945
vn -0.4760 0.6146 -0.6290
vn -0.9284 0.0354 -0.3700
vn -0.8526 -0.5217 0.0302
vn -0.2690 -0.8603 0.4331
vn 0.2932 -0.5520 0.7806
vn 0.5794 0.1305 0.8045
vn 0.5519 0.7559 0.3523
vn 0.2368 0.9164 -0.3227
vn -0.3114 0.5842 -0.7495
vn -0.8130 -0.0572 -0.5794
vn -0.7787 -0.6132 -0.1331
vn -0.2871 -0.8850 0.3666
vn 0.1178 -0.5486 0.8278
vn 0.3559 0.1744 0.9181
vn 0.3922 0.8071 0.4414
vn 0.2387 0.9338 -0.2667
vn -0.1211 0.5815 -0.8045
vn -0.6250 -0.1224 -0.7710
vn -0.6778 -0.6739 -0.2942
vn -0.3136 -0.9062 0.2838
vn -0.0117 -0.5510 0.8344
vn 0.1820 0.2022 0.9623
vn 0.2710 0.8299 0.4877
vn 0.2241 0.9482 -0.2253
vn -0.0258 0.5818 -0.8129
vn -0.4130 -0.1436 -0.8993
vn -0.5201 -0.7313 -0.4413
vn -0.2938 -0.9304 0.2191
vn -0.0918 -0.5494 0.8305
vn 0.0464 0.2274 0.9727
vn 0.1615 0.8428 0.5134
vn 0.1968 0.9616 -0.1912
vn 0.0241 0.5669 -0.8234
vn -0.2809 -0.2003 -0.9386
vn -0.3639 -0.7878 -0.4970
vn -0.2579 -0.9492 0.1805
vn -0.1453 -0.5366 0.8312
vn -0.0694 0.2443 0.9672
vn 0.0569 0.8533 0.5182
vn 0.1462 0.9729 -0.1794
vn 0.0923 0.5558 -0.8262
vn -0.1301 -0.2531 -0.9586
vn -0.2124 -0.8162 -0.5374
vn -0.1798 -0.9715 0.1542
vn -0.4166 -0.2271 -0.8802
vn -0.5121 -0.6349 -0.5785
vn 0.8666 -0.1749 -0.4673
vn 0.8758 0.1970 -0.4407
vn 0.8548 0.4815 -0.1936
vn 0.3115 -0.3693 -0.8755
vn 0.3807 0.3692 -0.8478
vn 0.2478 0.9046 -0.3468
vn -0.0321 0.9287 0.3694
vn -0.3220 0.3886 0.8633
vn -0.4195 -0.3715 0.8283
vn -0.2489 -0.9166 0.3130
vn 0.0639 -0.9128 -0.4035
vn 0.5034 -0.3997 -0.7661
vn 0.6082 0.3334 -0.7204
vn 0.3817 0.8835 -0.2716
vn -0.0572 0.9364 0.3463
vn -0.4551 0.4271 0.7813
vn -0.5677 -0.3530 0.7437
vn -0.3259 -0.9124 0.2476
vn 0.1218 -0.9176 -0.3783
vn 0.6867 -0.4435 -0.5760
vn 0.8199 0.2784 -0.5003
vn 0.5083 0.8491 -0.1439
vn -0.0897 0.9460 0.3115
vn -0.6331 0.4729 0.6129
vn -0.7810 -0.3059 0.5445
vn -0.4377 -0.8888 0.1358
vn 0.1759 -0.9290 -0.3256
vn 0.8075 -0.5035 -0.3074
vn 0.9594 0.2076 -0.1911
vn 0.5899 0.8066 0.0378
vn -0.1169 0.9581 0.2616
vn -0.7661 0.5349 0.3563
vn -0.9415 -0.2381 0.2386
vn -0.5192 -0.8543 -0.0250
vn 0.2098 -0.9462 -0.2463
vn 0.8238 -0.5667 -0.0131
vn 0.9797 0.1365 0.1467
vn 0.5982 0.7662 0.2350
vn -0.1308 0.9707 0.2013
vn -0.8009 0.5960 0.0570
vn -0.9800 -0.1614 -0.1162
vn -0.5432 -0.8140 -0.2056
vn 0.2084 -0.9651 -0.1588
vn 0.7468 -0.6190 0.2431
vn 0.8941 0.0800 0.4407
vn 0.5439 0.7362 0.4027
vn -0.1260 0.9819 0.1411
vn -0.7373 0.6435 -0.2056
vn -0.9015 -0.0996 -0.4212
vn -0.5098 -0.7792 -0.3645
vn 0.1774 -0.9804 -0.0852
vn 0.6191 -0.6549 0.4334
vn 0.7507 0.0427 0.6592
vn 0.4588 0.7181 0.5234
vn -0.1052 0.9903 0.0904
vn -0.6197 0.6751 -0.4002
vn -0.7631 -0.0590 -0.6436
vn -0.4428 -0.7550 -0.4835
vn 0.1330 -0.9906 -0.0329
vn 0.4749 -0.6762 0.5632
vn 0.5888 0.0213 0.8080
vn 0.3663 0.7086 0.6030
vn -0.0748 0.9958 0.0518
vn -0.4824 0.6935 -0.5351
vn -0.6043 -0.0350 -0.7960
vn -0.3633 -0.7401 -0.5659
vn 0.0861 -0.9963 0.0013
vn 0.3307 -0.6869 0.6472
vn 0.4270 0.0114 0.9042
vn 0.2767 0.7050 0.6530
vn -0.0401 0.9989 0.0245
vn -0.3418 0.7024 -0.6244
vn -0.4436 -0.0229 -0.8959
vn -0.2818 -0.7321 -0.6202
vn 0.0405 -0.9989 0.0228
vn 0.1927 -0.6899 0.6978
vn 0.2726 0.0094 0.9621
vn 0.1929 0.7054 0.6821
vn -0.0040 1.0000 0.0062
vn -0.2054 0.7042 -0.6796
vn -0.2891 -0.0192 -0.9571
vn -0.2031 -0.7288 -0.6539
vn -0.0025 -0.9994 0.0352
vn 0.0634 -0.6875 0.7234
vn 0.1284 0.0133 0.9916
vn 0.1158 0.7085 0.6962
vn 0.0317 0.9995 -0.0046
vn -0.0765 0.7009 -0.7092
vn -0.1439 -0.0217 -0.9893
vn -0.1292 -0.7291 -0.6721
vn -0.0427 -0.9983 0.0406
vn -0.0942 -0.4392 0.8935
vn -0.1502 -0.9448 0.2913
vn -0.1074 -0.8621 -0.4953
vn 0.0082 -0.2553 -0.9668
vn 0.1274 0.4847 -0.8654
vn 0.1817 0.9421 -0.2818
vn 0.1413 0.8784 0.4565
vn 0.0276 0.3197 0.9471
vn -0.2698 -0.3858 0.8823
vn -0.4401 -0.8561 0.2709
vn -0.3289 -0.7940 -0.5113
vn -0.0106 -0.2523 -0.9676
vn 0.3153 0.4197 -0.8511
vn 0.4672 0.8446 -0.2614
vn 0.3678 0.8013 0.4718
vn 0.0677 0.3046 0.9501
vn -0.4269 -0.2831 0.8588
vn -0.6876 -0.6874 0.2339
vn -0.5140 -0.6691 -0.5367
vn -0.0242 -0.2501 -0.9679
vn 0.4750 0.3002 -0.8272
vn 0.7070 0.6703 -0.2255
vn 0.5536 0.6653 0.5009
vn 0.0923 0.2803 0.9555
vn -0.5427 -0.1472 0.8269
vn -0.8603 -0.4747 0.1861
vn -0.6410 -0.5154 -0.5688
vn -0.0324 -0.2508 -0.9675
vn 0.5872 0.1481 -0.7958
vn 0.8733 0.4530 -0.1791
vn 0.6784 0.5003 0.5380
vn 0.1012 0.2584 0.9607
vn -0.6135 0.0062 0.7897
vn -0.9599 -0.2473 0.1322
vn -0.7124 -0.3556 -0.6050
vn -0.0361 -0.2564 -0.9659
vn 0.6513 -0.0178 -0.7586
vn 0.9670 0.2213 -0.1261
vn 0.7459 0.3305 0.5782
vn 0.1005 0.2457 0.9641
vn -0.6419 0.1700 0.7477
vn -0.9972 -0.0163 0.0729
vn -0.7382 -0.1994 -0.6445
vn -0.0382 -0.2691 -0.9623
vn 0.6722 -0.1906 -0.7155
vn 0.9976 -0.0128 -0.0678
vn 0.7670 0.1655 0.6200
vn 0.0970 0.2438 0.9650
vn -0.6273 0.3419 0.6997
vn -0.9763 0.2161 0.0067
vn -0.7244 -0.0490 -0.6876
vn -0.0428 -0.2901 -0.9560
vn 0.6496 -0.3684 -0.6651
vn 0.9692 -0.2463 -0.0027
vn 0.7477 0.0070 0.6640
vn 0.0955 0.2516 0.9631
vn -0.5638 0.5168 0.6442
vn -0.8930 0.4448 -0.0680
vn -0.6721 0.0925 -0.7347
vn -0.0553 -0.3181 -0.9465
vn 0.5779 -0.5459 -0.6067
vn 0.8786 -0.4724 0.0702
vn 0.6885 -0.1417 0.7113
vn 0.1000 0.2673 0.9584
vn -0.4465 0.6799 0.5817
vn -0.7428 0.6526 -0.1495
vn -0.5821 0.2164 -0.7838
vn -0.0804 -0.3481 -0.9340
vn 0.4527 -0.7076 -0.5426
vn 0.7239 -0.6737 0.1488
vn 0.5898 -0.2701 0.7611
vn 0.1129 0.2879 0.9510
vn -0.2826 0.8080 0.5170
vn -0.5367 0.8118 -0.2302
vn -0.4632 0.3099 -0.8303
vn -0.1187 -0.3722 -0.9205
vn 0.2826 -0.8311 -0.4790
vn 0.5176 -0.8251 0.2266
vn 0.4607 -0.3633 0.8098
vn 0.1351 0.3092 0.9414
vn -0.0971 0.8837 0.4578
vn -0.3071 0.9031 -0.3001
vn -0.3333 0.3652 -0.8692
vn -0.1642 -0.3842 -0.9085
vn 0.0922 -0.9011 -0.4237
vn 0.2899 -0.9105 0.2949
vn 0.3214 -0.4129 0.8522
vn 0.1647 0.3265 0.9307
vn -0.7152 0.6891 -0.1168
vn 0.8379 0.4627 0.2895
vn -0.0331 -0.4592 0.8877
vn -0.2374 -0.9244 0.2985
vn -0.2838 -0.8152 -0.5049
vn -0.1475 -0.1799 -0.9725
vn 0.0938 0.5342 -0.8401
vn 0.2960 0.9245 -0.2403
vn 0.3425 0.8058 0.4831
vn 0.2079 0.2489 0.9460
vn -0.0783 -0.4501 0.8896
vn -0.5281 -0.7771 0.3424
vn -0.6487 -0.6265 -0.4321
vn -0.3500 -0.0889 -0.9325
vn 0.1561 0.4865 -0.8596
vn 0.5656 0.7679 -0.3007
vn 0.6660 0.6201 0.4146
vn 0.4087 0.1280 0.9037
vn -0.1155 -0.4282 0.8963
vn -0.6967 -0.5920 0.4051
vn -0.8510 -0.3978 -0.3430
vn -0.4723 0.0320 -0.8809
vn 0.1854 0.4336 -0.8818
vn 0.7252 0.5758 -0.3776
vn 0.8598 0.3906 0.3289
vn 0.5222 -0.0183 0.8526
vn -0.1390 -0.4023 0.9049
vn -0.7768 -0.4249 0.4648
vn -0.9444 -0.1952 -0.2645
vn -0.5326 0.1448 -0.8339
vn 0.1937 0.3896 -0.9004
vn 0.7988 0.4014 -0.4481
vn 0.9512 0.1810 0.2500
vn 0.5717 -0.1484 0.8069
vn -0.1512 -0.3768 0.9139
vn -0.8079 -0.2840 0.5164
vn -0.9797 -0.0253 -0.1988
vn -0.5570 0.2409 -0.7948
vn 0.1933 0.3552 -0.9146
vn 0.8234 0.2569 -0.5060
vn 0.9828 0.0073 0.1843
vn 0.5867 -0.2534 0.7692
vn -0.1554 -0.3526 0.9228
vn -0.8111 -0.1614 0.5622
vn -0.9823 0.1218 -0.1422
vn -0.5607 0.3244 -0.7618
vn 0.1894 0.3261 -0.9262
vn 0.8214 0.1326 -0.5548
vn 0.9817 -0.1413 0.1277
vn 0.5838 -0.3416 0.7365
vn -0.1535 -0.3291 0.9317
vn -0.7943 -0.0468 0.6057
vn -0.9617 0.2590 -0.0899
vn -0.5499 0.4018 -0.7322
vn 0.1829 0.2982 -0.9368
vn 0.8004 0.0163 -0.5993
vn 0.9573 -0.2792 0.0751
vn 0.5688 -0.4224 0.7058
vn -0.1455 -0.3053 0.9411
vn -0.7566 0.0687 0.6503
vn -0.9169 0.3973 -0.0380
vn -0.5244 0.4791 -0.7039
vn 0.1727 0.2684 -0.9477
vn 0.7588 -0.1022 -0.6433
vn 0.9081 -0.4183 0.0220
vn 0.5405 -0.5034 0.6742
vn -0.1301 -0.2805 0.9510
vn -0.6899 0.1916 0.6981
vn -0.8386 0.5446 0.0163
vn -0.4796 0.5603 -0.6753
vn 0.1556 0.2345 -0.9596
vn 0.6871 -0.2298 -0.6893
vn 0.8234 -0.5664 -0.0343
vn 0.4926 -0.5898 0.6399
vn -0.1047 -0.2551 0.9612
vn -0.5789 0.3224 0.7489
vn -0.7084 0.7021 0.0729
vn -0.4060 0.6455 -0.6469
vn 0.1261 0.1961 -0.9724
vn 0.5688 -0.3659 -0.7366
vn 0.6845 -0.7231 -0.0928
vn 0.4136 -0.6817 0.6034
vn -0.0670 -0.2316 0.9705
vn -0.4045 0.4484 0.7971
vn -0.5029 0.8552 0.1251
vn -0.2932 0.7260 -0.6220
vn 0.0776 0.1588 -0.9843
vn 0.3870 -0.4935 -0.7789
vn 0.4727 -0.8692 -0.1450
vn 0.2913 -0.7680 0.5704
vn -0.7810 0.2565 0.5694
vn -0.8270 0.5565 0.0798
vn -0.1476 -0.7096 -0.6890
vn -0.1406 0.0231 -0.9898
vn -0.0359 0.7345 -0.6776
vn 0.1136 0.9932 0.0259
vn 0.2170 0.6824 0.6981
vn 0.2120 -0.0045 0.9773
vn 0.1010 -0.6937 0.7132
vn -0.0503 -0.9982 0.0315
vn -0.4059 -0.6797 -0.6109
vn -0.4124 0.0567 -0.9092
vn -0.1507 0.7493 -0.6448
vn 0.2230 0.9747 -0.0165
vn 0.4850 0.6395 0.5965
vn 0.4922 -0.0466 0.8692
vn 0.2414 -0.7139 0.6574
vn -0.1326 -0.9897 0.0545
vn -0.6465 -0.6206 -0.4436
vn -0.6703 0.1226 -0.7319
vn -0.2651 0.7780 -0.5696
vn 0.3098 0.9461 -0.0940
vn 0.7145 0.5697 0.4060
vn 0.7356 -0.1194 0.6669
vn 0.3630 -0.7512 0.5513
vn -0.2088 -0.9726 0.1023
vn -0.8181 -0.5377 -0.2040
vn -0.8566 0.2106 -0.4709
vn -0.3542 0.8164 -0.4561
vn 0.3579 0.9138 -0.1922
vn 0.8609 0.4848 0.1546
vn 0.8927 -0.2115 0.3979
vn 0.4390 -0.8001 0.4089
vn -0.2664 -0.9491 0.1680
vn -0.8904 -0.4517 0.0560
vn -0.9357 0.3018 -0.1828
vn -0.3991 0.8581 -0.3231
vn 0.3662 0.8851 -0.2871
vn 0.9093 0.4022 -0.1073
vn 0.9459 -0.3036 0.1143
vn 0.4599 -0.8495 0.2585
vn -0.2969 -0.9243 0.2396
vn -0.8778 -0.3778 0.2945
vn -0.9206 0.3812 0.0848
vn -0.3991 0.8967 -0.1915
vn 0.3476 0.8637 -0.3649
vn 0.8784 0.3332 -0.3427
vn 0.9127 -0.3823 -0.1446
vn 0.4355 -0.8920 0.1209
vn -0.3027 -0.9027 0.3059
vn -0.8072 -0.3205 0.4957
vn -0.8396 0.4437 0.3134
vn -0.3634 0.9287 -0.0734
vn 0.3150 0.8494 -0.4235
vn 0.7948 0.2810 -0.5379
vn 0.8198 -0.4430 -0.3628
vn 0.3800 -0.9250 0.0042
vn -0.2911 -0.8858 0.3614
vn -0.7002 -0.2795 0.6570
vn -0.7158 0.4887 0.4989
vn -0.3025 0.9528 0.0262
vn 0.2765 0.8409 -0.4653
vn 0.6793 0.2451 -0.6917
vn 0.6894 -0.4858 -0.5374
vn 0.3042 -0.9483 -0.0899
vn -0.2692 -0.8736 0.4054
vn -0.5725 -0.2533 0.7798
vn -0.5667 0.5171 0.6415
vn -0.2252 0.9686 0.1054
vn 0.2367 0.8369 -0.4936
vn 0.5468 0.2237 -0.8068
vn 0.5375 -0.5122 -0.6698
vn 0.2165 -0.9628 -0.1617
vn -0.2419 -0.8655 0.4386
vn -0.4365 -0.2400 0.8671
vn -0.4066 0.5307 0.7436
vn -0.1394 0.9765 0.1641
vn 0.1985 0.8364 -0.5110
vn 0.4087 0.2149 -0.8870
vn 0.3775 -0.5244 -0.7632
vn 0.1240 -0.9693 -0.2121
vn -0.2126 -0.8607 0.4626
vn -0.3019 -0.2371 0.9234
vn -0.2472 0.5321 0.8098
vn -0.0519 0.9777 0.2036
vn 0.1637 0.8383 -0.5200
vn 0.2740 0.2161 -0.9371
vn 0.2198 -0.5248 -0.8224
vn 0.0325 -0.9694 -0.2434
vn -0.1836 -0.8584 0.4789
vn 0.7704 -0.1442 0.6210
vn 0.7272 -0.5780 0.3702
vn 0.6561 -0.7437 -0.1285
vn 0.6149 -0.5164 -0.5960
vn 0.7621 0.3301 0.5569
vn 0.3078 -0.1516 0.9393
vn 0.3110 -0.7763 0.5483
vn 0.1477 -0.9775 -0.1506
vn -0.0937 -0.6115 -0.7857
vn -0.2798 0.1426 -0.9494
vn -0.2938 0.8033 -0.5182
vn -0.1172 0.9684 0.2201
vn 0.1348 0.5631 0.8153
vn 0.5900 -0.0681 0.8045
vn 0.5512 -0.7103 0.4378
vn 0.2098 -0.9606 -0.1824
vn -0.2504 -0.6499 -0.7176
vn -0.5530 0.0714 -0.8301
vn -0.5063 0.7508 -0.4242
vn -0.1426 0.9629 0.2292
vn 0.3094 0.6147 0.7256
vn 0.8093 0.0251 0.5869
vn 0.7289 -0.6331 0.2607
vn 0.2460 -0.9439 -0.2206
vn -0.3849 -0.7076 -0.5926
vn -0.7858 -0.0251 -0.6180
vn -0.6873 0.6790 -0.2581
vn -0.1636 0.9552 0.2466
vn 0.4501 0.6737 0.5862
vn 0.9393 0.1277 0.3185
vn 0.8350 -0.5491 0.0356
vn 0.2648 -0.9237 -0.2770
vn -0.4701 -0.7650 -0.4403
vn -0.9296 -0.1320 -0.3441
vn -0.8060 0.5905 -0.0416
vn -0.1881 0.9427 0.2757
vn 0.5277 0.7388 0.4192
vn 0.9735 0.2194 0.0648
vn 0.8613 -0.4739 -0.1832
vn 0.2630 -0.9040 -0.3370
vn -0.4991 -0.8123 -0.3016
vn -0.9704 -0.2247 -0.0883
vn -0.8445 0.5077 0.1704
vn -0.2053 0.9261 0.3164
vn 0.5428 0.7953 0.2699
vn 0.9461 0.2923 -0.1392
vn 0.8345 -0.4125 -0.3653
vn 0.2475 -0.8860 -0.3922
vn -0.4931 -0.8476 -0.1960
vn -0.9480 -0.2971 0.1146
vn -0.8277 0.4400 0.3483
vn -0.2088 0.9080 0.3631
vn 0.5230 0.8373 0.1593
vn 0.8897 0.3490 -0.2943
vn 0.7801 -0.3622 -0.5102
vn 0.2232 -0.8686 -0.4424
vn -0.4722 -0.8731 -0.1216
vn -0.8956 -0.3538 0.2695
vn -0.7809 0.3846 0.4922
vn -0.1988 0.8896 0.4111
vn 0.4915 0.8669 0.0836
vn 0.8202 0.3952 -0.4136
vn 0.7103 -0.3181 -0.6280
vn 0.1914 -0.8505 -0.4899
vn -0.4469 -0.8918 -0.0707
vn -0.8293 -0.4007 0.3894
vn -0.7166 0.3367 0.6109
vn -0.1766 0.8708 0.4588
vn 0.4589 0.8879 0.0325
vn 0.7425 0.4357 -0.5088
vn 0.6278 -0.2761 -0.7277
vn 0.1507 -0.8305 -0.5363
vn -0.4219 -0.9059 -0.0364
vn -0.7542 -0.4424 0.4853
vn -0.6381 0.2921 0.7124
vn -0.1426 0.8507 0.5059
vn 0.4287 0.9035 -0.0022
vn 0.6560 0.4740 -0.5873
vn 0.5308 -0.2332 -0.8148
vn 0.0985 -0.8072 -0.5819
vn -0.3990 -0.9168 -0.0139
vn -0.6703 -0.4823 0.5640
vn -0.5443 0.2474 0.8016
vn -0.0952 0.8283 0.5521
vn 0.4015 0.9155 -0.0260
vn 0.5584 0.5128 -0.6521
vn 0.4155 -0.1868 -0.8902
vn 0.0315 -0.7796 -0.6255
vn -0.3790 -0.9254 -0.0002
vn -0.5754 -0.5230 0.6288
vn -0.4314 0.1996 0.8798
vn -0.0321 0.8023 0.5960
vn 0.3774 0.9251 -0.0420
vn 0.8830 -0.2538 0.3947
vn 0.8941 -0.4292 0.1283
vn 0.2769 -0.8045 -0.5254
vn -0.0972 -0.2672 -0.9587
vn -0.4531 0.4122 -0.7905
vn -0.5202 0.8368 -0.1709
vn -0.2494 0.7914 0.5581
vn 0.1417 0.2323 0.9623
vn 0.4164 -0.4531 0.7882
vn 0.4670 -0.8631 0.1920
vn 0.3892 -0.7262 -0.5667
vn -0.1288 -0.3015 -0.9447
vn -0.5861 0.3047 -0.7508
vn -0.6773 0.7276 -0.1090
vn -0.3419 0.7215 0.6021
vn 0.1903 0.2635 0.9457
vn 0.5958 -0.3316 0.7315
vn 0.6747 -0.7285 0.1187
vn 0.4679 -0.6182 -0.6316
vn -0.1522 -0.3042 -0.9404
vn -0.6824 0.2021 -0.7025
vn -0.7992 0.5994 -0.0442
vn -0.4278 0.6409 0.6374
vn 0.2018 0.3085 0.9296
vn 0.7143 -0.1902 0.6735
vn 0.8217 -0.5690 0.0317
vn 0.5224 -0.5252 -0.6717
vn -0.1531 -0.3054 -0.9398
vn -0.7416 0.1079 -0.6621
vn -0.8828 0.4695 0.0138
vn -0.4842 0.5528 0.6782
vn 0.2050 0.3139 0.9271
vn 0.7717 -0.0939 0.6290
vn 0.8993 -0.4364 -0.0276
vn 0.5652 -0.4057 -0.7183
vn -0.1517 -0.3013 -0.9414
vn -0.7865 -0.0067 -0.6176
vn -0.9488 0.3057 0.0801
vn -0.5295 0.4383 0.7263
vn 0.2058 0.3161 0.9261
vn 0.8140 0.0232 0.5804
vn 0.9579 -0.2712 -0.0941
vn 0.5843 -0.2618 -0.7682
vn -0.1512 -0.2920 -0.9444
vn -0.8087 -0.1403 -0.5712
vn -0.9826 0.1085 0.1506
vn -0.5530 0.2980 0.7780
vn 0.2048 0.3152 0.9267
vn 0.8322 0.1594 0.5310
vn 0.9836 -0.0762 -0.1633
vn 0.5697 -0.1057 -0.8151
vn -0.1547 -0.2792 -0.9477
vn -0.8011 -0.2830 -0.5274
vn -0.9704 -0.1066 0.2168
vn -0.5447 0.1428 0.8264
vn 0.2026 0.3109 0.9286
vn 0.8188 0.3039 0.4871
vn 0.9649 0.1328 -0.2267
vn 0.5209 0.0434 -0.8525
vn -0.1630 -0.2662 -0.9500
vn -0.7637 -0.4182 -0.4918
vn -0.9112 -0.3122 0.2689
vn -0.5033 -0.0082 0.8641
vn 0.2005 0.3035 0.9315
vn 0.7746 0.4397 0.4545
vn 0.9021 0.3316 -0.2760
vn 0.4490 0.1695 -0.8773
vn -0.1743 -0.2558 -0.9509
vn -0.7061 -0.5321 -0.4672
vn -0.8202 -0.4854 0.3027
vn -0.4384 -0.1378 0.8881
vn 0.1999 0.2940 0.9347
vn 0.7106 0.5529 0.4352
vn 0.8097 0.4997 -0.3078
vn 0.0235 0.0001 -0.9997
vn 0.7235 0.0001 -0.6903
vn -0.0235 -0.0001 0.9997
vn 0.6903 -0.0001 0.7235
vn 0.0166 0.7072 -0.7068
vn 0.0166 -0.7070 -0.7070
vn -0.0166 -0.7072 0.7068
vn -0.0166 0.7070 0.7070
vn -0.0000 1.0000 0.0001
vn 0.8736 0.4387 0.2106
vn 0.2756 0.9597 0.0542
vn 0.1039 0.9544 -0.2798
vn 0.1096 0.2950 -0.9492
vn -0.2715 0.9587 -0.0844
vn -0.9062 0.3987 -0.1409
vn -0.0608 0.9598 0.2740
vn -0.1940 0.4419 0.8758
vn 0.9523 0.2872 -0.1030
vn 0.2813 0.9540 -0.1035
vn -0.2064 0.4385 -0.8747
vn -0.0525 0.9597 -0.2760
vn -0.8770 0.4419 0.1885
vn -0.2743 0.9598 0.0596
vn 0.0830 0.9587 0.2719
vn 0.1359 0.3985 0.9071
vn -0.7662 0.4384 0.4699
vn -0.2327 0.9597 0.1574
vn 0.1249 0.9541 0.2723
vn 0.5977 0.2885 0.7480
vn 0.2514 0.9587 -0.1328
vn 0.7392 0.3986 -0.5428
vn -0.1511 0.9598 -0.2365
vn -0.4844 0.4419 -0.7550
vn -0.2064 0.4385 0.8747
vn -0.0524 0.9597 0.2760
vn 0.9523 0.2872 0.1030
vn 0.2814 0.9540 0.1035
vn 0.1359 0.3985 -0.9071
vn 0.0830 0.9587 -0.2719
vn -0.2743 0.9598 -0.0596
vn -0.8770 0.4419 -0.1885
vn -0.4715 0.4389 -0.7649
vn -0.1572 0.9597 -0.2328
vn -0.2711 0.9544 0.1252
vn -0.7469 0.2937 0.5965
vn 0.1330 0.9587 0.2513
vn 0.5436 0.3985 0.7387
vn 0.2363 0.9598 -0.1514
vn 0.7549 0.4419 -0.4846
vn 0.5977 0.2885 -0.7480
vn 0.1249 0.9541 -0.2723
vn -0.7662 0.4384 -0.4699
vn -0.2327 0.9597 -0.1574
vn -0.4844 0.4419 0.7550
vn -0.1511 0.9598 0.2365
vn 0.2514 0.9587 0.1328
vn 0.7392 0.3986 0.5429
vn 0.4715 0.4389 0.7649
vn 0.1572 0.9597 0.2328
vn 0.7469 0.2938 -0.5965
vn 0.2711 0.9544 -0.1252
vn -0.5436 0.3985 -0.7387
vn -0.1330 0.9587 -0.2513
vn -0.2363 0.9598 0.1514
vn -0.7549 0.4419 0.4846
vn -0.7469 0.2937 -0.5965
vn -0.2711 0.9544 -0.1252
vn -0.4715 0.4389 0.7649
vn -0.1572 0.9597 0.2328
vn 0.7549 0.4419 0.4846
vn 0.2363 0.9598 0.1514
vn 0.1330 0.9587 -0.2513
vn 0.5436 0.3985 -0.7387
vn -0.7987 0.3855 0.4620
vn -0.3325 0.9125 0.2381
vn -0.4660 0.3856 0.7963
vn -0.2399 0.9127 0.3307
vn 0.2363 0.3857 -0.8919
vn 0.0656 0.9127 -0.4032
vn -0.4660 0.3856 -0.7963
vn -0.2399 0.9128 -0.3307
vn 0.8922 0.3854 0.2353
vn 0.4037 0.9126 0.0654
vn 0.2363 0.3856 0.8919
vn 0.0656 0.9127 0.4033
vn -0.8922 0.3854 -0.2353
vn -0.4037 0.9126 -0.0654
vn 0.8922 0.3854 -0.2353
vn 0.4037 0.9126 -0.0654
vn 0.2856 0.9393 -0.1900
vn 0.7505 0.4729 -0.4617
vn 0.4921 0.4312 0.7562
vn 0.2015 0.9240 0.3250
vn -0.4299 0.2962 -0.8529
vn -0.2569 0.9164 -0.3070
vn 0.1914 0.9392 -0.2850
vn 0.4664 0.4728 -0.7476
vn 0.8535 0.2886 0.4339
vn 0.3057 0.9159 0.2601
vn -0.3246 0.9237 -0.2037
vn -0.7539 0.4303 -0.4965
vn -0.0672 0.9393 0.3364
vn -0.2015 0.4731 0.8577
vn -0.8837 0.4302 -0.1846
vn -0.3733 0.9236 -0.0868
vn 0.9091 0.2899 0.2992
vn 0.3998 0.9160 0.0337
vn 0.1914 0.9392 0.2850
vn 0.4664 0.4728 0.7476
vn -0.7539 0.4303 0.4965
vn -0.3246 0.9237 0.2037
vn 0.3056 0.9159 -0.2602
vn 0.8535 0.2886 -0.4339
vn -0.3367 0.9393 -0.0666
vn -0.8579 0.4727 -0.2015
vn 0.1842 0.4314 -0.8832
vn 0.0860 0.9240 -0.3725
vn -0.2967 0.2950 0.9083
vn -0.0340 0.9163 0.3990
vn -0.0672 0.9393 -0.3364
vn -0.2015 0.4731 -0.8577
vn 0.3998 0.9160 -0.0337
vn 0.9091 0.2899 -0.2992
vn -0.3733 0.9236 0.0868
vn -0.8837 0.4302 0.1846
vn 0.3367 0.9393 0.0666
vn 0.8579 0.4727 0.2015
vn -0.0860 0.9240 0.3725
vn -0.1842 0.4314 0.8832
vn 0.0340 0.9163 -0.3990
vn 0.2967 0.2950 -0.9083
vn -0.3367 0.9393 0.0666
vn -0.8579 0.4727 0.2015
vn -0.0340 0.9163 -0.3990
vn -0.2967 0.2950 -0.9083
vn 0.0860 0.9240 0.3725
vn 0.1841 0.4314 0.8832
vn -0.8972 0.4416 -0.0000
vn -0.2811 0.9597 -0.0000
vn -0.1988 0.9598 0.1981
vn -0.6353 0.4419 0.6333
vn -0.0000 0.9600 0.2802
vn -0.0000 0.4423 0.8969
vn 0.1988 0.9598 0.1981
vn 0.6353 0.4419 0.6333
vn 0.2811 0.9597 -0.0000
vn 0.8972 0.4416 -0.0000
vn 0.1988 0.9598 -0.1981
vn 0.6353 0.4419 -0.6333
vn -0.0000 0.9600 -0.2802
vn -0.0000 0.4423 -0.8969
vn -0.6353 0.4419 -0.6333
vn -0.1988 0.9598 -0.1981
vn 0.4273 0.8991 0.0948
vn 0.9075 0.3688 0.2012
vn 0.2012 0.3688 -0.9074
vn 0.0948 0.8991 -0.4273
vn -0.9074 0.3688 -0.2012
vn -0.4273 0.8991 -0.0948
vn -0.2012 0.3689 0.9074
vn -0.0947 0.8991 0.4273
vn 0.4278 0.8991 -0.0924
vn 0.9085 0.3689 -0.1962
vn -0.0924 0.8991 -0.4278
vn -0.1962 0.3688 -0.9085
vn -0.4278 0.8991 0.0924
vn -0.9085 0.3689 0.1962
vn 0.1962 0.3688 0.9085
vn 0.0924 0.8991 0.4278
vn -0.3686 0.8991 0.2360
vn -0.7828 0.3688 0.5012
vn 0.5012 0.3688 0.7828
vn 0.2360 0.8991 0.3686
vn 0.7828 0.3688 -0.5012
vn 0.3686 0.8991 -0.2360
vn -0.5012 0.3688 -0.7828
vn -0.2360 0.8991 -0.3686
vn -0.0924 0.8991 0.4278
vn -0.1962 0.3688 0.9085
vn 0.4278 0.8991 0.0924
vn 0.9085 0.3689 0.1962
vn 0.0924 0.8991 -0.4278
vn 0.1962 0.3689 -0.9085
vn -0.9085 0.3688 -0.1962
vn -0.4279 0.8991 -0.0924
vn -0.2363 0.8991 -0.3684
vn -0.5019 0.3689 -0.7823
vn -0.7823 0.3688 0.5019
vn -0.3684 0.8991 0.2363
vn 0.5019 0.3689 0.7823
vn 0.2363 0.8991 0.3684
vn 0.7823 0.3688 -0.5019
vn 0.3684 0.8991 -0.2363
vn 0.2360 0.8991 -0.3686
vn 0.5012 0.3688 -0.7828
vn -0.3686 0.8991 -0.2360
vn -0.7828 0.3688 -0.5012
vn -0.2360 0.8991 0.3686
vn -0.5012 0.3689 0.7828
vn 0.7828 0.3688 0.5012
vn 0.3686 0.8991 0.2360
vn 0.7824 0.3688 -0.5019
vn -0.7823 0.3689 0.5019
vn -0.3684 0.8991 -0.2363
vn -0.7824 0.3688 -0.5019
vn -0.2363 0.8991 0.3684
vn -0.5019 0.3689 0.7823
vn 0.3684 0.8991 0.2363
vn 0.7823 0.3689 0.5019
vn 0.5019 0.3688 -0.7823
vn 0.2363 0.8991 -0.3684
vn -0.3692 0.8991 0.2352
vn -0.7839 0.3688 0.4994
vn -0.2372 0.8991 0.3679
vn -0.5037 0.3689 0.7812
vn 0.0938 0.8991 -0.4275
vn 0.1991 0.3689 -0.9079
vn -0.2372 0.8991 -0.3679
vn -0.5037 0.3689 -0.7812
vn 0.4276 0.8991 0.0934
vn 0.9081 0.3689 0.1983
vn 0.0938 0.8991 0.4275
vn 0.1991 0.3688 0.9079
vn -0.4276 0.8991 -0.0934
vn -0.9081 0.3689 -0.1983
vn 0.4276 0.8991 -0.0934
vn 0.9081 0.3689 -0.1983
vn 0.7839 0.3688 -0.4994
vn 0.3692 0.8991 -0.2352
vn 0.2352 0.8991 0.3692
vn 0.4994 0.3688 0.7839
vn -0.2352 0.8991 -0.3692
vn -0.4994 0.3689 -0.7839
vn 0.5037 0.3689 -0.7812
vn 0.2372 0.8991 -0.3679
vn 0.3679 0.8991 0.2372
vn 0.7812 0.3688 0.5037
vn -0.7812 0.3688 -0.5037
vn -0.3679 0.8991 -0.2372
vn -0.1991 0.3689 0.9079
vn -0.0938 0.8991 0.4275
vn -0.4276 0.8991 -0.0938
vn -0.9079 0.3688 -0.1991
vn 0.4275 0.8991 0.0938
vn 0.9079 0.3688 0.1991
vn 0.5037 0.3689 0.7812
vn 0.2372 0.8991 0.3679
vn -0.3679 0.8991 0.2372
vn -0.7812 0.3688 0.5037
vn 0.7812 0.3689 -0.5037
vn 0.3679 0.8991 -0.2372
vn -0.9081 0.3688 -0.1983
vn 0.0934 0.8991 -0.4276
vn 0.1983 0.3688 -0.9081
vn -0.0934 0.8991 0.4276
vn -0.1983 0.3689 0.9081
vn -0.1991 0.3689 -0.9079
vn -0.0938 0.8991 -0.4275
vn 0.9079 0.3688 -0.1991
vn 0.4276 0.8991 -0.0938
vn -0.9079 0.3688 0.1991
vn -0.4276 0.8991 0.0938
vn -0.1983 0.3688 0.9081
vn -0.9081 0.3688 0.1983
vn -0.4276 0.8991 0.0934
vn -0.1983 0.3688 -0.9081
vn -0.0934 0.8991 -0.4276
vn 0.1983 0.3688 0.9081
vn 0.0934 0.8991 0.4276
vn -0.4387 0.8986 -0.0000
vn -0.9298 0.3680 -0.0000
vn -0.6580 0.3689 0.6565
vn -0.3108 0.8991 0.3082
vn -0.0000 0.3697 0.9292
vn -0.0000 0.8996 0.4367
vn 0.6580 0.3689 0.6565
vn 0.3108 0.8991 0.3082
vn 0.9298 0.3680 -0.0000
vn 0.4387 0.8986 -0.0000
vn 0.6580 0.3689 -0.6565
vn 0.3108 0.8991 -0.3082
vn -0.0000 0.3697 -0.9292
vn -0.0000 0.8996 -0.4367
vn -0.3108 0.8991 -0.3082
vn -0.6580 0.3689 -0.6565
vn -0.8758 0.4419 -0.1942
vn -0.2740 0.9598 -0.0608
vn -0.1942 0.4419 0.8758
vn 0.2740 0.9598 0.0608
vn 0.8758 0.4419 0.1942
vn 0.0607 0.9598 -0.2740
vn 0.1942 0.4419 -0.8758
vn -0.8768 0.4420 0.1894
vn -0.2743 0.9598 0.0592
vn 0.1894 0.4419 0.8768
vn 0.0592 0.9598 0.2743
vn 0.8768 0.4419 -0.1894
vn 0.2743 0.9598 -0.0592
vn -0.0592 0.9598 -0.2743
vn -0.1894 0.4419 -0.8768
vn 0.7555 0.4419 -0.4837
vn 0.2364 0.9598 -0.1513
vn -0.1513 0.9598 -0.2364
vn -0.4837 0.4419 -0.7555
vn -0.2364 0.9598 0.1513
vn -0.7555 0.4419 0.4837
vn 0.1513 0.9598 0.2364
vn 0.4837 0.4419 0.7555
vn 0.1894 0.4419 -0.8768
vn 0.0592 0.9598 -0.2743
vn -0.8768 0.4419 -0.1894
vn -0.2743 0.9598 -0.0592
vn -0.1894 0.4419 0.8768
vn -0.0592 0.9598 0.2743
vn 0.2743 0.9598 0.0592
vn 0.8768 0.4419 0.1894
vn 0.4844 0.4419 0.7550
vn 0.1516 0.9598 0.2362
vn 0.2362 0.9598 -0.1515
vn 0.7550 0.4419 -0.4844
vn -0.1516 0.9598 -0.2362
vn -0.2362 0.9598 0.1515
vn -0.7550 0.4419 0.4844
vn -0.4837 0.4419 0.7555
vn -0.1513 0.9598 0.2364
vn 0.7555 0.4419 0.4837
vn 0.2364 0.9598 0.1513
vn 0.4837 0.4419 -0.7555
vn 0.1513 0.9598 -0.2364
vn -0.2364 0.9598 -0.1513
vn -0.7555 0.4419 -0.4837
vn 0.7550 0.4419 0.4844
vn 0.2362 0.9598 0.1515
vn 0.4844 0.4419 -0.7550
vn 0.1516 0.9598 -0.2362
vn -0.7550 0.4419 -0.4844
vn -0.2362 0.9598 -0.1515
vn -0.1516 0.9598 0.2362
vn 0.7566 0.4419 -0.4820
vn 0.2367 0.9598 -0.1508
vn 0.4861 0.4419 -0.7539
vn 0.1521 0.9598 -0.2359
vn -0.1922 0.4419 0.8762
vn -0.0601 0.9598 0.2741
vn 0.4861 0.4419 0.7539
vn 0.1521 0.9598 0.2359
vn -0.8764 0.4419 -0.1914
vn -0.2742 0.9598 -0.0599
vn -0.1922 0.4419 -0.8762
vn -0.0601 0.9598 -0.2741
vn 0.8764 0.4419 0.1914
vn 0.2742 0.9598 0.0599
vn -0.8764 0.4419 0.1914
vn -0.2742 0.9598 0.0599
vn -0.2367 0.9598 0.1508
vn -0.7566 0.4419 0.4820
vn -0.4819 0.4419 -0.7566
vn -0.1508 0.9598 -0.2367
vn 0.4820 0.4419 0.7566
vn 0.1508 0.9598 0.2367
vn -0.1521 0.9598 0.2359
vn -0.4861 0.4419 0.7539
vn -0.7539 0.4420 -0.4861
vn -0.2359 0.9598 -0.1521
vn 0.2359 0.9598 0.1521
vn 0.7539 0.4419 0.4861
vn 0.0601 0.9598 -0.2741
vn 0.1922 0.4419 -0.8762
vn 0.8762 0.4419 0.1922
vn 0.2741 0.9598 0.0601
vn -0.8762 0.4419 -0.1922
vn -0.2741 0.9598 -0.0601
vn -0.1521 0.9598 -0.2359
vn -0.4861 0.4419 -0.7539
vn 0.7539 0.4420 -0.4861
vn 0.2358 0.9598 -0.1521
vn -0.2359 0.9598 0.1521
vn -0.7539 0.4419 0.4861
vn -0.1914 0.4419 0.8764
vn -0.0599 0.9598 0.2742
vn 0.1914 0.4419 -0.8764
vn 0.0599 0.9598 -0.2742
vn 0.0601 0.9598 0.2741
vn 0.1922 0.4419 0.8762
vn -0.2741 0.9598 0.0601
vn -0.8762 0.4420 0.1922
vn 0.2741 0.9598 -0.0601
vn 0.8762 0.4419 -0.1922
vn 0.2742 0.9598 -0.0599
vn 0.8764 0.4419 -0.1914
vn 0.0599 0.9598 0.2742
vn 0.1914 0.4419 0.8764
vn -0.0599 0.9598 -0.2742
vn -0.1914 0.4419 -0.8764
vn -0.8978 0.4404 -0.0000
vn -0.2819 0.9594 -0.0000
vn -0.1985 0.9598 0.1984
vn -0.6361 0.4419 0.6325
vn -0.0000 0.9602 0.2794
vn -0.0000 0.4435 0.8963
vn 0.1985 0.9598 0.1984
vn 0.6361 0.4419 0.6325
vn 0.2819 0.9594 -0.0000
vn 0.8978 0.4404 -0.0000
vn 0.1985 0.9598 -0.1984
vn 0.6361 0.4419 -0.6325
vn -0.0000 0.9602 -0.2794
vn -0.0000 0.4435 -0.8963
vn -0.6361 0.4419 -0.6325
vn -0.1985 0.9598 -0.1984
vn -0.6580 0.3688 0.6565
vn 0.6580 0.3688 0.6565
vn 0.6580 0.3688 -0.6565
vn -0.6580 0.3688 -0.6565
vn 0.6360 0.4419 -0.6326
vn -0.6360 0.4419 -0.6326
vn 0.4442 0.8958 -0.0134
vn 0.9311 0.3648 0.0079
vn 0.6611 0.3603 -0.6581
vn 0.3197 0.8936 -0.3151
vn 0.0078 0.3569 -0.9341
vn -0.0135 0.8906 -0.4546
vn -0.6625 0.3499 -0.6623
vn -0.3272 0.8869 -0.3262
vn -0.9303 0.3666 0.0060
vn -0.4426 0.8966 -0.0158
vn -0.6547 0.3820 0.6522
vn -0.2991 0.9074 0.2952
vn -0.0076 0.3770 0.9262
vn 0.0137 0.9034 0.4285
vn 0.3088 0.8998 0.3082
vn 0.6569 0.3699 0.6570
vn 0.9230 0.3688 -0.1099
vn 0.4347 0.8991 -0.0517
vn -0.2707 0.8991 0.3439
vn -0.5749 0.3689 0.7303
vn -0.3439 0.8991 -0.2707
vn -0.7303 0.3688 -0.5749
vn 0.2707 0.8991 -0.3439
vn 0.5749 0.3688 -0.7303
vn 0.3439 0.8991 0.2707
vn 0.7303 0.3688 0.5749
vn -0.9230 0.3688 -0.1099
vn -0.4347 0.8991 -0.0517
vn 0.0517 0.8991 -0.4346
vn 0.1099 0.3688 -0.9230
vn 0.4346 0.8991 0.0517
vn 0.9230 0.3688 0.1099
vn -0.1099 0.3688 0.9230
vn -0.0517 0.8991 0.4346
vn -0.2708 0.8991 -0.3439
vn -0.5750 0.3688 -0.7303
vn 0.7303 0.3688 -0.5749
vn 0.3439 0.8991 -0.2708
vn 0.2707 0.8991 0.3439
vn 0.5749 0.3689 0.7303
vn -0.3439 0.8991 0.2708
vn -0.7303 0.3688 0.5749
vn -0.1099 0.3688 -0.9230
vn -0.0518 0.8991 -0.4346
vn 0.4346 0.8991 -0.0517
vn 0.0517 0.8991 0.4346
vn 0.1099 0.3689 0.9230
vn -0.9230 0.3688 0.1099
vn -0.4346 0.8991 0.0517
vn 0.7303 0.3689 0.5750
vn -0.5750 0.3688 0.7303
vn -0.3439 0.8991 -0.2708
vn -0.7303 0.3688 -0.5750
vn -0.2105 0.9512 -0.2255
vn -0.8241 0.2442 -0.5112
vn -0.1790 0.9597 0.2165
vn -0.5429 0.4388 0.7160
vn 0.2319 0.9593 0.1609
vn 0.6863 0.4208 0.5932
vn 0.1822 0.9596 -0.2142
vn 0.5367 0.4339 -0.7237
vn -0.4180 0.9018 0.1095
vn -0.9699 0.2430 0.0141
vn 0.0388 0.9125 0.4073
vn 0.1253 0.3995 0.9081
vn 0.3435 0.9384 -0.0385
vn 0.8749 0.4718 -0.1091
vn -0.0741 0.4399 -0.8950
vn -0.0592 0.9310 -0.3601
vn -0.2319 0.9593 0.1609
vn -0.6863 0.4208 0.5932
vn 0.1790 0.9597 0.2165
vn 0.5429 0.4388 0.7160
vn 0.2105 0.9512 -0.2255
vn 0.8241 0.2442 -0.5112
vn -0.1822 0.9596 -0.2142
vn -0.5367 0.4339 -0.7237
vn -0.0388 0.9125 0.4073
vn -0.1253 0.3995 0.9081
vn 0.4180 0.9018 0.1095
vn 0.9699 0.2429 0.0141
vn 0.0592 0.9310 -0.3601
vn 0.0741 0.4399 -0.8950
vn -0.8749 0.4718 -0.1091
vn -0.3435 0.9384 -0.0385
vn 0.2105 0.9512 0.2255
vn 0.8241 0.2442 0.5112
vn 0.1790 0.9597 -0.2165
vn 0.5430 0.4388 -0.7160
vn -0.2319 0.9593 -0.1609
vn -0.6863 0.4208 -0.5932
vn -0.1822 0.9596 0.2142
vn -0.5367 0.4339 0.7237
vn 0.4180 0.9018 -0.1095
vn 0.9699 0.2429 -0.0141
vn -0.0388 0.9125 -0.4073
vn -0.1253 0.3995 -0.9081
vn -0.3435 0.9384 0.0385
vn -0.8749 0.4718 0.1091
vn 0.0741 0.4399 0.8950
vn 0.0592 0.9310 0.3601
vn 0.1822 0.9596 0.2142
vn 0.5367 0.4339 0.7237
vn 0.2319 0.9593 -0.1609
vn 0.6863 0.4208 -0.5932
vn -0.1790 0.9597 -0.2165
vn -0.5429 0.4388 -0.7160
vn -0.2105 0.9512 0.2255
vn -0.8241 0.2442 0.5111
vn 0.3435 0.9384 0.0385
vn 0.8749 0.4718 0.1091
vn 0.0388 0.9125 -0.4073
vn 0.1253 0.3995 -0.9081
vn -0.4180 0.9018 -0.1095
vn -0.9699 0.2429 -0.0142
vn -0.0741 0.4399 0.8950
vn -0.0592 0.9310 0.3601
vn 0.2798 0.9597 -0.0246
vn 0.8909 0.4383 -0.1190
vn -0.0092 0.9588 -0.2839
vn -0.1591 0.4019 -0.9017
vn -0.2800 0.9597 0.0235
vn -0.8912 0.4371 0.1218
vn 0.0435 0.9596 0.2780
vn 0.0734 0.4321 0.8988
vn 0.2122 0.9333 -0.2896
vn 0.5786 0.4487 -0.6811
vn -0.3234 0.9189 -0.2257
vn -0.6892 0.3954 -0.6072
vn -0.2532 0.9153 0.3134
vn -0.5639 0.4092 0.7173
vn 0.6957 0.4640 0.5484
vn 0.2749 0.9357 0.2213
vn 0.0440 0.9596 0.2780
vn 0.0719 0.4310 0.8995
vn 0.2799 0.9597 -0.0242
vn 0.8910 0.4379 -0.1198
vn -0.0066 0.9585 -0.2851
vn -0.1662 0.3908 -0.9053
vn -0.8911 0.4371 0.1216
vn 0.2741 0.9360 0.2209
vn 0.6954 0.4649 0.5480
vn 0.2108 0.9338 -0.2891
vn 0.5798 0.4490 -0.6799
vn -0.3286 0.9171 -0.2256
vn -0.6890 0.3842 -0.6146
vn -0.5634 0.4081 0.7184
vn -0.2543 0.9148 0.3137
vn -0.2077 0.9586 -0.1946
vn -0.7570 0.3961 -0.5197
vn -0.1788 0.9597 0.2166
vn -0.5433 0.4390 0.7157
vn 0.2281 0.9596 0.1647
vn 0.6905 0.4321 0.5800
vn 0.1816 0.9597 -0.2146
vn 0.5378 0.4350 -0.7222
vn -0.3927 0.9168 0.0728
vn -0.9195 0.3883 0.0616
vn 0.0429 0.9166 0.3974
vn 0.1157 0.4123 0.9037
vn 0.3481 0.9366 -0.0407
vn 0.8780 0.4668 -0.1061
vn -0.0729 0.4434 -0.8934
vn -0.0591 0.9325 -0.3563
vn -0.0248 0.9597 0.2798
vn -0.1201 0.4382 0.8908
vn 0.2779 0.9596 0.0439
vn 0.8989 0.4319 0.0742
vn 0.0238 0.9597 -0.2800
vn 0.1228 0.4370 -0.8910
vn -0.2839 0.9588 -0.0093
vn -0.9018 0.4010 -0.1608
vn 0.2210 0.9357 0.2750
vn 0.5475 0.4642 0.6963
vn 0.3137 0.9152 -0.2530
vn 0.7181 0.4090 -0.5630
vn -0.2253 0.9188 -0.3241
vn -0.6070 0.3945 -0.6898
vn -0.6816 0.4488 0.5779
vn -0.2898 0.9334 0.2118
vn -0.2779 0.9596 0.0445
vn -0.8995 0.4308 0.0727
vn 0.0245 0.9597 0.2799
vn 0.1210 0.4379 0.8908
vn 0.2852 0.9584 -0.0066
vn 0.9056 0.3892 -0.1684
vn -0.0238 0.9597 -0.2800
vn -0.1228 0.4371 -0.8910
vn -0.2205 0.9360 0.2743
vn -0.5470 0.4651 0.6961
vn 0.2893 0.9338 0.2103
vn 0.6805 0.4491 0.5790
vn 0.2251 0.9169 -0.3296
vn 0.6147 0.3826 -0.6897
vn -0.7193 0.4077 -0.5625
vn -0.3142 0.9147 -0.2541
vn 0.2281 0.9596 -0.1647
vn 0.6905 0.4322 -0.5800
vn -0.1788 0.9597 -0.2166
vn -0.5433 0.4390 -0.7156
vn -0.2077 0.9586 0.1946
vn -0.7570 0.3961 0.5197
vn 0.1816 0.9597 0.2146
vn 0.5378 0.4350 0.7222
vn 0.0428 0.9166 -0.3974
vn 0.1157 0.4123 -0.9037
vn -0.3927 0.9168 -0.0728
vn -0.9195 0.3883 -0.0616
vn -0.0591 0.9325 0.3563
vn -0.0729 0.4434 0.8934
vn 0.3481 0.9366 0.0407
vn 0.8780 0.4668 0.1061
vn -0.2798 0.9597 -0.0246
vn -0.8909 0.4383 -0.1190
vn -0.0435 0.9596 0.2780
vn -0.0734 0.4321 0.8988
vn 0.2800 0.9597 0.0235
vn 0.8912 0.4370 0.1218
vn 0.0092 0.9588 -0.2839
vn 0.1591 0.4019 -0.9017
vn -0.2749 0.9357 0.2213
vn -0.6957 0.4640 0.5484
vn 0.2532 0.9153 0.3134
vn 0.5639 0.4092 0.7173
vn 0.3234 0.9189 -0.2257
vn 0.6892 0.3955 -0.6072
vn -0.5786 0.4487 -0.6811
vn -0.2122 0.9333 -0.2896
vn 0.0066 0.9585 -0.2851
vn 0.1662 0.3908 -0.9053
vn -0.2799 0.9597 -0.0242
vn -0.8910 0.4379 -0.1198
vn -0.0440 0.9596 0.2780
vn -0.0719 0.4310 0.8995
vn 0.8911 0.4371 0.1216
vn -0.2109 0.9338 -0.2891
vn -0.5798 0.4490 -0.6799
vn -0.2741 0.9360 0.2209
vn -0.6954 0.4649 0.5480
vn 0.2543 0.9148 0.3137
vn 0.5634 0.4081 0.7184
vn 0.6890 0.3842 -0.6146
vn 0.3286 0.9171 -0.2256
vn 0.2077 0.9586 0.1946
vn 0.7570 0.3961 0.5197
vn 0.1788 0.9597 -0.2166
vn 0.5433 0.4390 -0.7156
vn -0.2281 0.9596 -0.1647
vn -0.6905 0.4322 -0.5800
vn -0.1816 0.9597 0.2146
vn -0.5378 0.4350 0.7222
vn 0.3927 0.9168 -0.0728
vn 0.9195 0.3883 -0.0616
vn -0.0428 0.9166 -0.3974
vn -0.1157 0.4123 -0.9037
vn -0.3481 0.9366 0.0407
vn -0.8780 0.4668 0.1061
vn 0.0729 0.4434 0.8934
vn 0.0591 0.9325 0.3563
vn -0.0248 0.9597 -0.2798
vn -0.1201 0.4382 -0.8908
vn -0.2839 0.9588 0.0093
vn -0.9018 0.4010 0.1608
vn 0.0238 0.9597 0.2800
vn 0.1228 0.4370 0.8910
vn 0.2779 0.9596 -0.0439
vn 0.8989 0.4319 -0.0742
vn -0.2898 0.9334 -0.2118
vn -0.6817 0.4488 -0.5779
vn -0.2253 0.9188 0.3241
vn -0.6070 0.3945 0.6898
vn 0.3137 0.9152 0.2530
vn 0.7181 0.4090 0.5630
vn 0.2210 0.9357 -0.2750
vn 0.5475 0.4642 -0.6963
vn 0.2853 0.9584 0.0066
vn 0.9057 0.3891 0.1684
vn 0.0245 0.9597 -0.2799
vn 0.1210 0.4379 -0.8909
vn -0.2779 0.9596 -0.0445
vn -0.8995 0.4307 -0.0727
vn -0.0238 0.9597 0.2800
vn -0.1228 0.4371 0.8910
vn 0.2893 0.9338 -0.2103
vn 0.6805 0.4491 -0.5790
vn -0.2205 0.9360 -0.2743
vn -0.5470 0.4651 -0.6961
vn -0.3142 0.9147 0.2541
vn -0.7193 0.4077 0.5625
vn 0.6147 0.3826 0.6897
vn 0.2252 0.9169 0.3296
vn -0.2281 0.9596 0.1647
vn -0.6905 0.4322 0.5800
vn 0.1788 0.9597 0.2166
vn 0.5433 0.4390 0.7156
vn 0.2077 0.9586 -0.1946
vn 0.7570 0.3961 -0.5197
vn -0.1816 0.9597 -0.2146
vn -0.5378 0.4350 -0.7222
vn -0.0428 0.9166 0.3974
vn -0.1157 0.4123 0.9037
vn 0.3927 0.9168 0.0728
vn 0.9195 0.3883 0.0616
vn 0.0591 0.9325 -0.3563
vn 0.0729 0.4434 -0.8934
vn -0.8780 0.4668 -0.1061
vn -0.3481 0.9366 -0.0407
vn -0.0098 0.9589 -0.2836
vn -0.1574 0.4043 -0.9010
vn -0.2804 0.9597 0.0215
vn -0.8918 0.4344 0.1267
vn 0.0433 0.9596 0.2780
vn 0.0737 0.4323 0.8987
vn 0.2802 0.9597 -0.0225
vn 0.8914 0.4358 -0.1242
vn -0.3205 0.9205 -0.2235
vn -0.6877 0.3992 -0.6065
vn -0.2538 0.9138 0.3170
vn -0.5674 0.4060 0.7164
vn 0.2741 0.9364 0.2194
vn 0.6935 0.4662 0.5493
vn 0.5822 0.4439 -0.6812
vn 0.2128 0.9322 -0.2927
vn 0.2279 0.9596 0.1649
vn 0.6908 0.4326 0.5793
vn 0.1817 0.9597 -0.2146
vn 0.5376 0.4348 -0.7224
vn -0.2082 0.9588 -0.1932
vn -0.7530 0.4017 -0.5211
vn -0.1797 0.9597 0.2159
vn -0.5414 0.4379 0.7177
vn 0.3482 0.9365 -0.0408
vn 0.8781 0.4667 -0.1058
vn -0.0591 0.9321 -0.3573
vn -0.0734 0.4426 -0.8937
vn -0.3891 0.9184 0.0710
vn -0.9166 0.3947 0.0633
vn 0.0442 0.9160 0.3987
vn 0.1137 0.4111 0.9045
vn 0.0218 0.9597 0.2803
vn 0.1276 0.4344 0.8916
vn 0.2779 0.9596 -0.0437
vn 0.8987 0.4322 -0.0745
vn -0.0228 0.9597 -0.2802
vn -0.1253 0.4358 -0.8913
vn -0.2837 0.9589 0.0099
vn -0.9011 0.4034 0.1591
vn 0.3173 0.9138 0.2536
vn 0.7172 0.4059 0.5665
vn 0.2191 0.9364 -0.2743
vn 0.5484 0.4662 -0.6941
vn -0.2928 0.9323 -0.2123
vn -0.6818 0.4440 -0.5815
vn -0.6062 0.3983 0.6884
vn -0.2231 0.9203 0.3212
vn 0.2082 0.9588 -0.1932
vn 0.7530 0.4017 -0.5211
vn -0.1817 0.9597 -0.2146
vn -0.5376 0.4348 -0.7224
vn -0.2279 0.9596 0.1649
vn -0.6908 0.4326 0.5793
vn 0.1797 0.9597 0.2160
vn 0.5414 0.4379 0.7177
vn 0.0591 0.9321 -0.3573
vn 0.0734 0.4426 -0.8937
vn -0.3482 0.9365 -0.0408
vn -0.8781 0.4667 -0.1058
vn -0.0442 0.9160 0.3987
vn -0.1137 0.4111 0.9045
vn 0.9166 0.3948 0.0633
vn 0.3891 0.9185 0.0710
vn 0.2804 0.9596 0.0215
vn 0.8918 0.4344 0.1267
vn 0.0098 0.9589 -0.2836
vn 0.1575 0.4043 -0.9010
vn -0.2802 0.9597 -0.0225
vn -0.8914 0.4358 -0.1243
vn -0.0433 0.9596 0.2780
vn -0.0737 0.4323 0.8987
vn 0.3205 0.9205 -0.2235
vn 0.6877 0.3992 -0.6065
vn -0.2128 0.9322 -0.2927
vn -0.5822 0.4439 -0.6812
vn -0.2741 0.9363 0.2194
vn -0.6935 0.4662 0.5493
vn 0.5674 0.4060 0.7164
vn 0.2538 0.9138 0.3170
vn -0.2279 0.9596 -0.1649
vn -0.6908 0.4326 -0.5793
vn -0.1817 0.9597 0.2146
vn -0.5376 0.4348 0.7224
vn 0.2082 0.9588 0.1932
vn 0.7530 0.4017 0.5211
vn 0.1797 0.9597 -0.2160
vn 0.5414 0.4379 -0.7177
vn -0.3482 0.9365 0.0408
vn -0.8781 0.4667 0.1058
vn 0.0591 0.9321 0.3573
vn 0.0734 0.4426 0.8937
vn 0.3891 0.9185 -0.0710
vn 0.9166 0.3947 -0.0633
vn -0.0442 0.9160 -0.3987
vn -0.1137 0.4111 -0.9045
vn -0.0218 0.9597 -0.2803
vn -0.1276 0.4344 -0.8916
vn -0.2780 0.9596 0.0437
vn -0.8987 0.4321 0.0745
vn 0.0228 0.9597 0.2802
vn 0.1253 0.4358 0.8913
vn 0.2837 0.9589 -0.0099
vn 0.9011 0.4034 -0.1591
vn -0.3174 0.9138 -0.2536
vn -0.7173 0.4058 -0.5664
vn -0.2190 0.9364 0.2743
vn -0.5484 0.4663 0.6941
vn 0.2928 0.9323 0.2123
vn 0.6818 0.4440 0.5815
vn 0.6062 0.3983 -0.6884
vn 0.2231 0.9203 -0.3212
vn -0.1797 0.9597 -0.2159
vn -0.5414 0.4379 -0.7177
vn -0.2082 0.9588 0.1932
vn -0.7531 0.4017 0.5211
vn 0.1817 0.9597 0.2146
vn 0.5376 0.4348 0.7224
vn 0.2279 0.9596 -0.1649
vn 0.6908 0.4326 -0.5793
vn -0.3891 0.9184 -0.0710
vn -0.9166 0.3947 -0.0633
vn -0.0591 0.9321 0.3573
vn -0.0734 0.4426 0.8937
vn 0.3482 0.9365 0.0408
vn 0.8781 0.4667 0.1058
vn 0.1137 0.4111 -0.9045
vn 0.0441 0.9160 -0.3987
vn -0.0517 0.8991 -0.4346
vn -0.1099 0.3689 -0.9230
vn 0.1099 0.3688 0.9230
vn 0.5749 0.3688 0.7303
vn 0.7303 0.3688 -0.5750
vn -0.7303 0.3688 0.5750
vn 0.4347 0.8991 0.0517
vn 0.1099 0.3689 -0.9230
vn -0.1099 0.3689 0.9230
vn 0.4349 0.8991 -0.0494
vn 0.9235 0.3688 -0.1050
vn -0.0495 0.8991 -0.4349
vn -0.1050 0.3688 -0.9235
vn -0.9235 0.3688 0.1050
vn -0.4349 0.8991 0.0494
vn 0.0495 0.8991 0.4349
vn 0.1050 0.3688 0.9235
vn 0.5788 0.3688 -0.7273
vn 0.2726 0.8991 -0.3425
vn -0.3425 0.8991 -0.2726
vn -0.7273 0.3689 -0.5788
vn -0.2726 0.8991 0.3425
vn -0.5788 0.3688 0.7273
vn 0.7273 0.3688 0.5788
vn 0.3425 0.8991 0.2725
vn 0.0494 0.8991 0.4349
vn 0.1049 0.3689 0.9235
vn -0.0494 0.8991 -0.4349
vn 0.3425 0.8991 0.2726
vn -0.7273 0.3688 -0.5788
vn 0.5749 0.3689 -0.7303
vn 0.0518 0.8991 0.4346
vn -0.0500 0.8991 0.4348
vn -0.1061 0.3688 0.9234
vn 0.4348 0.8991 0.0500
vn 0.9234 0.3688 0.1061
vn 0.1061 0.3689 -0.9234
vn 0.0499 0.8991 -0.4348
vn -0.4348 0.8991 -0.0499
vn -0.9234 0.3689 -0.1061
vn 0.5780 0.3688 0.7280
vn 0.2722 0.8991 0.3428
vn 0.3428 0.8991 -0.2722
vn 0.7280 0.3688 -0.5779
vn -0.2722 0.8991 -0.3428
vn -0.5780 0.3688 -0.7280
vn -0.7280 0.3689 0.5779
vn -0.3428 0.8991 0.2722
vn -0.4349 0.8991 0.0500
vn -0.9234 0.3688 0.1061
vn 0.0500 0.8991 0.4348
vn 0.1061 0.3688 0.9234
vn 0.4348 0.8991 -0.0500
vn 0.9234 0.3688 -0.1062
vn -0.0500 0.8991 -0.4348
vn -0.1061 0.3689 -0.9234
vn -0.2722 0.8991 0.3428
vn -0.5779 0.3688 0.7280
vn 0.3428 0.8991 0.2721
vn 0.7280 0.3688 0.5779
vn 0.2721 0.8991 -0.3428
vn 0.5779 0.3689 -0.7280
vn -0.3428 0.8991 -0.2721
vn -0.7280 0.3689 -0.5779
vn -0.5749 0.3689 -0.7303
vn -0.2707 0.8991 -0.3439
vn -0.3439 0.8991 0.2707
vn -0.4346 0.8991 -0.0517
vn -0.9235 0.3688 -0.1050
vn -0.4349 0.8991 -0.0495
vn -0.1050 0.3688 0.9235
vn -0.0495 0.8991 0.4349
vn 0.9235 0.3688 0.1050
vn 0.4349 0.8991 0.0495
vn 0.1051 0.3688 -0.9235
vn 0.0495 0.8991 -0.4349
vn -0.7273 0.3689 0.5788
vn -0.3425 0.8991 0.2726
vn 0.5788 0.3688 0.7273
vn 0.2726 0.8991 0.3425
vn 0.7273 0.3688 -0.5788
vn 0.3425 0.8991 -0.2725
vn -0.2726 0.8991 -0.3425
vn -0.5788 0.3688 -0.7273
vn 0.1049 0.3688 -0.9235
vn 0.0494 0.8991 -0.4349
vn -0.4349 0.8991 -0.0494
vn -0.9235 0.3689 -0.1050
vn -0.0494 0.8991 0.4349
vn 0.4349 0.8991 0.0494
vn 0.9235 0.3689 0.1050
vn -0.5788 0.3689 -0.7273
vn -0.7273 0.3688 0.5788
vn 0.5788 0.3689 0.7273
vn 0.3425 0.8991 -0.2726
vn -0.2708 0.8991 0.3439
vn -0.4347 0.8991 0.0517
vn -0.0499 0.8991 -0.4348
vn -0.4348 0.8991 0.0499
vn -0.9234 0.3689 0.1061
vn 0.1061 0.3689 0.9234
vn 0.9234 0.3689 -0.1061
vn 0.4348 0.8991 -0.0499
vn -0.3428 0.8991 -0.2722
vn -0.5780 0.3688 0.7280
vn 0.7280 0.3689 0.5779
vn 0.3428 0.8991 0.2722
vn 0.2722 0.8991 -0.3428
vn 0.5780 0.3688 -0.7280
vn 0.4349 0.8991 0.0500
vn 0.0500 0.8991 -0.4348
vn -0.9234 0.3688 -0.1062
vn -0.4349 0.8991 -0.0500
vn -0.1061 0.3689 0.9234
vn 0.3428 0.8991 -0.2721
vn -0.5779 0.3688 -0.7280
vn -0.7280 0.3688 0.5779
vn -0.3428 0.8991 0.2721
vn 0.2721 0.8991 0.3428
vn 0.5779 0.3688 0.7280
vn -0.5749 0.3688 -0.7303
vn -0.1050 0.3689 -0.9235
vn -0.4349 0.8991 0.0495
vn -0.5788 0.3689 0.7273
vn 0.3439 0.8991 0.2708
vn 0.7303 0.3688 0.5750
vn 0.2708 0.8991 -0.3439
vn 0.5750 0.3688 -0.7303
vn -0.9230 0.3689 0.1099
vn 0.7303 0.3689 -0.5750
vn 0.1098 0.3689 -0.9230
vn -0.0518 0.8991 0.4346
vn 0.9230 0.3689 0.1099
vn 0.1050 0.3689 -0.9235
vn -0.1050 0.3689 0.9235
vn 0.7273 0.3689 -0.5788
vn 0.9230 0.3689 -0.1099
vn -0.1061 0.3688 -0.9234
vn 0.9234 0.3688 -0.1061
vn -0.7280 0.3688 -0.5779
vn -0.3429 0.8991 -0.2721
vn -0.5779 0.3689 0.7280
vn -0.2721 0.8991 0.3428
vn -0.9230 0.3689 -0.1099
vn -0.4192 0.9036 -0.0880
vn -0.9048 0.3760 -0.1998
vn -0.2078 0.3121 0.9270
vn -0.0957 0.8602 0.5008
vn 0.9386 0.2897 0.1872
vn 0.5180 0.8431 0.1446
vn 0.1853 0.3611 -0.9139
vn 0.1254 0.8910 -0.4364
vn -0.6998 0.7028 0.1276
vn -0.9693 0.0964 0.2260
vn 0.1278 0.7000 0.7026
vn 0.2262 0.0927 0.9697
vn 0.7022 0.7005 -0.1269
vn 0.9695 0.0937 -0.2266
vn -0.2264 0.0975 -0.9691
vn -0.1268 0.7035 -0.6993
vn 0.5298 0.7724 -0.3503
vn 0.8341 0.1868 -0.5190
vn -0.5117 0.2355 -0.8262
vn -0.3320 0.8068 -0.4887
vn -0.8394 0.1974 0.5065
vn -0.5112 0.7741 0.3735
vn 0.5141 0.1540 0.8438
vn 0.3830 0.7461 0.5447
vn 0.1692 0.7311 -0.6610
vn 0.1905 0.1343 -0.9724
vn -0.6617 0.7308 -0.1672
vn -0.9723 0.1335 -0.1916
vn -0.1692 0.7311 0.6610
vn -0.1905 0.1343 0.9724
vn 0.9723 0.1335 0.1916
vn 0.6617 0.7308 0.1672
vn 0.2728 0.8772 0.3951
vn 0.5025 0.3373 0.7961
vn 0.7876 0.3330 -0.5185
vn 0.4192 0.8740 -0.2458
vn -0.5051 0.3864 -0.7717
vn -0.2117 0.9091 -0.3589
vn -0.7776 0.3894 0.4937
vn -0.3405 0.9115 0.2309
vn -0.1545 0.9491 0.2745
vn -0.4928 0.4285 0.7573
vn 0.4227 0.8869 0.1862
vn 0.7880 0.3077 0.5333
vn 0.3556 0.8560 -0.3753
vn 0.4919 0.2281 -0.8402
vn -0.7816 0.4042 -0.4750
vn -0.2780 0.9313 -0.2355
vn -0.2850 0.8286 -0.4818
vn -0.5354 0.2661 -0.8016
vn -0.4807 0.8286 0.2870
vn -0.8023 0.2656 0.5345
vn 0.2850 0.8286 0.4818
vn 0.5354 0.2661 0.8016
vn 0.8023 0.2656 -0.5345
vn 0.4807 0.8286 -0.2870
vn 0.5865 0.6989 0.4094
vn 0.8481 0.0926 0.5217
vn 0.3960 0.7163 -0.5745
vn 0.5224 0.1149 -0.8449
vn -0.5841 0.7068 -0.3991
vn -0.8456 0.1008 -0.5243
vn -0.5245 0.0842 0.8473
vn -0.4078 0.6940 0.5934
vn 0.4413 0.8653 -0.2377
vn 0.7851 0.3257 -0.5268
vn 0.4059 0.7021 -0.5850
vn 0.5251 0.0958 -0.8456
vn -0.1066 0.7533 0.6490
vn -0.2353 0.1666 0.9575
vn 0.3486 0.7319 0.5855
vn 0.5521 0.1351 0.8227
vn -0.3910 0.9161 -0.0881
vn -0.8974 0.3963 -0.1939
vn -0.0115 0.8844 -0.4666
vn -0.2391 0.3326 -0.9123
vn 0.5415 0.8294 0.1375
vn 0.9450 0.2669 0.1889
vn -0.7029 0.6991 0.1308
vn -0.9694 0.0907 0.2281
vn -0.7918 0.3514 0.4995
vn -0.3811 0.8865 0.2626
vn -0.2183 0.9052 -0.3646
vn -0.5044 0.3793 -0.7757
vn 0.2860 0.8410 0.4593
vn 0.5229 0.2823 0.8043
vn -0.5257 0.0943 0.8454
vn -0.4054 0.7013 0.5863
vn -0.5842 0.7038 -0.4043
vn -0.8452 0.0977 -0.5254
vn 0.8458 0.0924 0.5255
vn 0.5872 0.6997 0.4070
vn 0.2194 0.2191 -0.9507
vn 0.1232 0.7958 -0.5930
vn 0.6475 0.7527 0.1191
vn 0.9597 0.1610 0.2302
vn -0.5947 0.7978 -0.0993
vn -0.9465 0.2268 -0.2295
vn -0.5521 0.1351 -0.8227
vn -0.3486 0.7319 -0.5855
vn 0.5877 0.7300 -0.3488
vn 0.8227 0.1327 -0.5528
vn -0.8227 0.1327 0.5528
vn -0.5877 0.7300 0.3488
vn 0.9258 0.3206 0.2001
vn 0.4862 0.8672 0.1074
vn -0.0757 0.8962 0.4371
vn -0.2067 0.3670 0.9069
vn 0.1194 0.8923 -0.4355
vn 0.1864 0.3620 -0.9134
vn 0.1794 0.3901 0.9031
vn 0.1272 0.9272 0.3524
vn -0.8792 0.4328 0.1990
vn -0.3046 0.9509 0.0542
vn 0.9555 0.2086 -0.2087
vn 0.4726 0.8735 -0.1168
vn -0.9450 0.2669 -0.1889
vn -0.5415 0.8294 -0.1375
vn 0.1887 0.2648 -0.9457
vn 0.1386 0.8278 -0.5436
vn -0.1887 0.2648 0.9457
vn -0.1386 0.8278 0.5436
vn 0.9672 0.1067 -0.2304
vn 0.6940 0.7093 -0.1234
vn 0.2292 0.0837 0.9698
vn 0.1294 0.6931 0.7092
vn -0.2265 0.1114 -0.9676
vn -0.1300 0.7145 -0.6875
vn -0.3423 0.8596 -0.3793
vn -0.6833 0.1276 -0.7189
vn -0.2370 0.7629 -0.6015
vn -0.5669 0.8238 -0.0008
vn -0.9978 -0.0511 -0.0411
vn -0.3456 0.8421 0.4140
vn -0.7478 -0.1626 0.6437
vn 0.0436 0.9549 0.2936
vn -0.0888 0.0694 0.9936
vn 0.6375 0.5339 0.5555
vn 0.0286 0.9996 -0.0005
vn 0.6322 0.7748 0.0051
vn 0.6916 -0.7186 -0.0723
vn 0.1793 -0.9190 0.3511
vn 0.5671 -0.7341 -0.3735
vn -0.0900 -0.9509 -0.2962
vn 0.5577 -0.5347 -0.6349
vn -0.1203 -0.5147 -0.8489
vn 0.6723 -0.2290 -0.7039
vn 0.1099 0.1432 -0.9836
vn 0.8468 0.0031 -0.5319
vn 0.4690 0.6365 -0.6123
vn 0.9756 0.0179 -0.2190
vn 0.7430 0.6676 0.0479
vn 0.9803 -0.1929 0.0435
vn 0.7681 0.2188 0.6017
vn 0.8614 -0.4979 0.1009
vn 0.5332 -0.4384 0.7236
vn -0.3815 0.9221 -0.0650
vn -0.9808 0.1758 -0.0842
vn -0.3381 0.8968 0.2854
vn -0.7728 0.1265 0.6219
vn -0.0187 0.9030 0.4293
vn -0.1034 0.2111 0.9720
vn 0.6089 0.3361 0.7185
vn 0.2618 0.9364 0.2337
vn 0.5391 0.7922 0.2860
vn 0.0304 0.9992 -0.0277
vn 0.2205 0.5886 -0.7777
vn 0.5383 0.7726 -0.3367
vn -0.6132 0.3662 -0.6999
vn -0.1374 0.9666 -0.2164
vn -0.2682 -0.9633 -0.0110
vn -0.5106 -0.5761 -0.6383
vn 0.0928 -0.9862 -0.1372
vn 0.2568 -0.5033 -0.8251
vn 0.3615 -0.9286 0.0840
vn 0.8317 -0.3987 -0.3863
vn 0.3250 -0.8414 0.4318
vn 0.8820 -0.3225 0.3435
vn 0.0914 -0.5552 0.8266
vn 0.5157 -0.1584 0.8420
vn -0.9122 -0.3981 -0.0965
vn -0.6565 -0.6726 0.3416
vn 0.4760 0.8639 -0.1643
vn 0.9274 0.0741 -0.3668
vn 0.6741 0.7387 0.0025
vn 0.1978 0.8272 -0.5260
vn 0.4046 -0.0839 -0.9106
vn -0.2415 0.8726 -0.4245
vn -0.3413 -0.0984 -0.9348
vn -0.2691 0.9608 -0.0661
vn -0.8813 0.2115 -0.4225
vn -0.7347 0.5494 0.3980
vn -0.0153 0.9992 0.0358
vn -0.2476 0.7672 0.5917
vn -0.2414 -0.9054 -0.3494
vn -0.6203 -0.3663 -0.6935
vn 0.0748 -0.8785 -0.4718
vn 0.0464 -0.3072 -0.9505
vn 0.3824 -0.8630 -0.3301
vn 0.6983 -0.2865 -0.6559
vn 0.4966 -0.8679 -0.0153
vn 0.9486 -0.3164 0.0093
vn 0.3586 -0.8894 0.2834
vn 0.6592 -0.3783 0.6499
vn 0.0542 -0.9151 0.3995
vn 0.0055 -0.4363 0.8998
vn -0.2470 -0.9308 0.2695
vn -0.6394 -0.4572 0.6181
vn -0.3729 -0.9271 -0.0389
vn -0.9026 -0.4286 -0.0400
vn -0.2118 0.9106 -0.3549
vn -0.4437 0.2577 -0.8583
vn -0.4038 0.9090 -0.1033
vn -0.9223 0.2487 -0.2958
vn -0.3610 0.9078 0.2135
vn -0.8647 0.2401 0.4413
vn -0.1012 0.9081 0.4064
vn -0.2981 0.2394 0.9240
vn 0.2151 0.9101 0.3543
vn 0.4435 0.2527 0.8599
vn 0.3976 0.9122 0.0995
vn 0.9171 0.2688 0.2943
vn 0.3513 0.9129 -0.2078
vn 0.8563 0.2740 -0.4378
vn 0.2948 0.2674 -0.9174
vn 0.1013 0.9121 -0.3972
vn 0.6563 -0.6926 -0.2994
vn 0.8214 -0.2472 -0.5140
vn 0.3109 -0.5463 0.7777
vn 0.4046 -0.8472 0.3444
vn -0.1682 -0.9694 0.1786
vn -0.3461 -0.5592 0.7533
vn -0.4206 -0.9064 -0.0405
vn -0.8700 -0.3977 0.2914
vn -0.4312 -0.8213 -0.3735
vn -0.8892 -0.2128 -0.4050
vn -0.1904 -0.7680 -0.6115
vn -0.3894 -0.1169 -0.9136
vn 0.1464 -0.7778 -0.6112
vn 0.3222 -0.1663 -0.9320
vn -0.1987 0.9188 -0.3410
vn -0.4815 0.2799 -0.8305
vn -0.3751 0.9234 -0.0813
vn -0.9276 0.2605 -0.2676
vn -0.2745 0.9432 0.1871
vn -0.8362 0.3187 0.4463
vn -0.0511 0.9612 0.2711
vn -0.2593 0.4116 0.8737
vn 0.1273 0.9723 0.1960
vn 0.4258 0.5161 0.7432
vn 0.8665 0.4934 0.0762
vn 0.1523 0.9883 -0.0057
vn 0.6256 0.7515 -0.2095
vn 0.1361 0.9539 -0.2674
vn 0.2983 0.3089 -0.9031
vn 0.4554 0.7478 -0.4831
vn -0.1202 -0.7484 -0.6522
vn -0.3092 -0.2878 -0.9064
vn 0.6314 -0.4816 0.6077
vn 0.4449 -0.8541 0.2693
vn -0.1161 -0.8794 0.4617
vn 0.0768 -0.3530 0.9325
vn -0.4444 -0.8018 0.3996
vn -0.5987 -0.1534 0.7861
vn -0.6304 -0.7688 0.1076
vn -0.9815 -0.0770 0.1750
vn -0.5514 -0.8026 -0.2277
vn -0.8329 -0.1709 -0.5263
vn -0.3779 0.8317 0.4068
vn -0.7162 0.0320 0.6972
vn 0.0339 0.8551 0.5173
vn -0.0269 0.0765 0.9967
vn 0.3275 0.9068 0.2655
vn 0.6555 0.1964 0.7292
vn 0.2543 0.9665 -0.0347
vn 0.9120 0.4020 0.0816
vn 0.5254 0.5826 -0.6201
vn -0.0018 0.9997 -0.0236
vn -0.0961 0.7570 -0.6463
vn 0.0015 0.8442 -0.5360
vn 0.0078 0.1125 -0.9936
vn 0.2587 0.7409 -0.6198
vn -0.3906 0.8365 -0.3842
vn -0.6996 0.0847 -0.7095
vn -0.9991 0.0419 -0.0086
vn -0.5596 0.8287 0.0094
vn -0.0280 -0.9559 -0.2925
vn -0.1827 -0.5382 -0.8228
vn 0.2917 -0.9249 -0.2438
vn 0.5069 -0.4762 -0.7186
vn 0.4859 -0.8739 0.0132
vn 0.9205 -0.3540 -0.1652
vn 0.4412 -0.8311 0.3387
vn 0.8161 -0.2411 0.5253
vn 0.1730 -0.8222 0.5423
vn 0.2428 -0.2045 0.9483
vn -0.1616 -0.8541 0.4944
vn -0.4632 -0.2675 0.8449
vn -0.3565 -0.9074 0.2226
vn -0.8776 -0.3923 0.2754
vn -0.2968 -0.9493 -0.1037
vn -0.7567 -0.5043 -0.4161
vn 0.0724 0.8340 0.5471
vn 0.0820 0.0452 0.9956
vn -0.1984 0.5432 0.8158
vn 0.3593 0.9047 0.2288
vn 0.7773 0.2265 0.5870
vn 0.9081 0.3119 -0.2794
vn 0.2449 0.9640 -0.1038
vn 0.5631 0.6528 -0.5066
vn 0.5439 -0.6008 0.5859
vn 0.6345 0.1169 0.7640
vn 0.2314 -0.6762 0.6994
vn -0.0260 -0.0372 0.9990
vn -0.0402 -0.8270 0.5608
vn -0.5966 -0.3654 0.7145
vn -0.1066 -0.9598 0.2596
vn -0.7371 -0.6702 0.0864
vn -0.0072 -0.9396 -0.3421
vn -0.4602 -0.7297 -0.5058
vn 0.3113 -0.5505 -0.7747
vn 0.1899 -0.8909 -0.4127
vn 0.6247 -0.7809 0.0006
vn 0.8326 -0.3022 -0.4642
vn 0.7048 -0.6463 0.2927
vn 0.9881 0.0050 0.1538
vn -0.2218 0.9716 0.0819
vn -0.7795 0.4858 0.3955
vn -0.5842 0.8103 0.0452
vn -0.0800 0.9460 0.3142
vn -0.2367 0.3420 0.9094
vn 0.1910 0.9323 0.3071
vn 0.5026 0.1209 0.8560
vn 0.3410 0.9381 0.0613
vn 0.9694 0.1064 0.2212
vn 0.2395 0.9564 -0.1672
vn 0.7838 0.3395 -0.5201
vn 0.0899 0.4950 -0.8642
vn -0.0048 0.9800 -0.1987
vn -0.1616 0.7950 -0.5847
vn 0.7721 -0.4484 0.4504
vn 0.4889 0.0990 0.8667
vn 0.5473 -0.6997 0.4591
vn 0.0295 -0.4468 0.8941
vn 0.3977 -0.8879 0.2311
vn -0.2763 -0.8672 0.4143
vn 0.4042 -0.9098 -0.0942
vn -0.2564 -0.9237 -0.2846
vn 0.5598 -0.7573 -0.3363
vn 0.0736 -0.5892 -0.8046
vn 0.7801 -0.5124 -0.3589
vn 0.5285 -0.0506 -0.8474
vn 0.9392 -0.3140 -0.1386
vn 0.8445 0.3812 -0.3762
vn 0.9371 -0.2857 0.2006
vn 0.8293 0.4450 0.3381
vn 0.0530 0.3298 -0.9426
vn -0.0599 0.9645 -0.2573
vn -0.6305 0.3326 -0.7013
vn -0.2180 0.9650 -0.1454
vn -0.9404 0.3364 -0.0506
vn -0.2603 0.9640 0.0539
vn -0.7032 0.3335 0.6278
vn -0.1412 0.9631 0.2291
vn -0.0529 0.3294 0.9427
vn 0.0599 0.9640 0.2591
vn 0.6306 0.3320 0.7015
vn 0.2188 0.9647 0.1468
vn 0.9405 0.3360 0.0507
vn 0.2608 0.9639 -0.0533
vn 0.1409 0.9633 -0.2283
vn 0.7034 0.3336 -0.6277
vn 0.9806 -0.0055 -0.1957
vn 0.4211 0.0021 -0.9070
vn 0.9792 -0.1342 -0.1525
vn 0.4276 -0.6516 -0.6266
vn 0.9788 -0.2049 -0.0047
vn 0.4392 -0.8981 0.0204
vn 0.9791 -0.1426 0.1447
vn 0.4433 -0.6249 0.6426
vn 0.9795 -0.0028 0.2014
vn 0.4450 0.0009 0.8956
vn 0.9799 0.1365 0.1452
vn 0.4477 0.6244 0.6401
vn 0.9800 0.1991 -0.0025
vn 0.4469 0.8944 0.0202
vn 0.4351 0.6504 -0.6226
vn 0.9797 0.1293 -0.1534
vn 0.0244 -0.9653 0.2601
vn 0.0061 -0.5612 -0.8276
vn 0.1967 -0.9674 0.1598
vn -0.5817 -0.5604 -0.5896
vn 0.2474 -0.9686 -0.0236
vn -0.8278 -0.5609 -0.0085
vn 0.1651 -0.9666 -0.1959
vn -0.5913 -0.5618 0.5785
vn -0.0244 -0.9652 -0.2603
vn -0.0061 -0.5615 0.8275
vn -0.1969 -0.9673 -0.1600
vn 0.5815 -0.5606 0.5895
vn -0.2475 -0.9686 0.0233
vn 0.8278 -0.5609 0.0083
vn 0.5914 -0.5617 -0.5786
vn -0.1650 -0.9667 0.1957
vn -0.8825 -0.4388 0.1693
vn -0.2778 -0.9598 0.0411
vn -0.0906 -0.9544 -0.2845
vn -0.0649 -0.2948 -0.9533
vn 0.2752 -0.9587 -0.0717
vn 0.9118 -0.3986 -0.0983
vn 0.0479 -0.9598 0.2764
vn 0.1527 -0.4421 0.8839
vn -0.9464 -0.2872 -0.1477
vn -0.2762 -0.9540 -0.1168
vn 0.2473 -0.4384 -0.8641
vn 0.0654 -0.9597 -0.2733
vn 0.8672 -0.4420 0.2294
vn 0.2711 -0.9598 0.0723
vn -0.0957 -0.9588 0.2676
vn -0.1783 -0.3986 0.8996
vn 0.7433 -0.4384 0.5053
vn 0.2250 -0.9598 0.1680
vn -0.1375 -0.9541 0.2660
vn -0.6322 -0.2886 0.7191
vn -0.2449 -0.9587 -0.1446
vn -0.7129 -0.3985 -0.5770
vn 0.1620 -0.9598 -0.2293
vn 0.5193 -0.4418 -0.7315
vn 0.1651 -0.4386 0.8834
vn 0.0394 -0.9598 0.2780
vn -0.9561 -0.2872 0.0581
vn -0.2859 -0.9540 0.0901
vn -0.0931 -0.3983 -0.9125
vn -0.0701 -0.9587 -0.2757
vn 0.2768 -0.9598 -0.0468
vn 0.8849 -0.4419 -0.1471
vn 0.5069 -0.4387 -0.7420
vn 0.1680 -0.9597 -0.2253
vn 0.2649 -0.9544 0.1377
vn 0.7181 -0.2938 0.6309
vn -0.1447 -0.9588 0.2446
vn -0.5777 -0.3986 0.7123
vn -0.2289 -0.9598 -0.1625
vn -0.7313 -0.4419 -0.5196
vn -0.5619 -0.2884 -0.7753
vn -0.1119 -0.9540 -0.2780
vn 0.7874 -0.4383 -0.4334
vn 0.2398 -0.9597 -0.1464
vn 0.4483 -0.4421 0.7769
vn 0.1398 -0.9598 0.2432
vn -0.2574 -0.9587 0.1207
vn -0.7639 -0.3987 0.5074
vn -0.5069 -0.4390 0.7419
vn -0.1679 -0.9598 0.2250
vn -0.7181 -0.2937 -0.6310
vn -0.2649 -0.9543 -0.1380
vn 0.5777 -0.3984 -0.7124
vn 0.1447 -0.9587 -0.2449
vn 0.2289 -0.9598 0.1622
vn 0.7313 -0.4420 0.5195
vn 0.7741 -0.2937 -0.5608
vn 0.2767 -0.9543 -0.1125
vn 0.4350 -0.4390 0.7862
vn 0.1461 -0.9598 0.2398
vn -0.7768 -0.4420 0.4485
vn -0.2432 -0.9598 0.1400
vn -0.1211 -0.9587 -0.2574
vn -0.5083 -0.3984 -0.7635
vn 0.7761 -0.3855 0.4990
vn 0.3209 -0.9126 0.2534
vn 0.4281 -0.3857 0.8173
vn 0.2241 -0.9128 0.3414
vn -0.1942 -0.3855 -0.9020
vn -0.0465 -0.9127 -0.4060
vn 0.5029 -0.3854 -0.7736
vn 0.2552 -0.9127 -0.3192
vn -0.9023 -0.3854 0.1931
vn -0.4063 -0.9126 0.0462
vn -0.2780 -0.3858 0.8797
vn -0.0844 -0.9128 0.3996
vn 0.9023 -0.3853 -0.1932
vn 0.4063 -0.9126 -0.0464
vn -0.8802 -0.3853 -0.2771
vn -0.4002 -0.9125 -0.0844
vn -0.2764 -0.9393 -0.2033
vn -0.7279 -0.4728 -0.4965
vn -0.5271 -0.4313 0.7322
vn -0.2165 -0.9240 0.3150
vn 0.4695 -0.2961 -0.8318
vn 0.2711 -0.9163 -0.2948
vn -0.1778 -0.9392 -0.2938
vn -0.4307 -0.4727 -0.7688
vn -0.8729 -0.2887 0.3933
vn -0.3176 -0.9159 0.2454
vn 0.3337 -0.9237 -0.1884
vn 0.7763 -0.4303 -0.4606
vn 0.0513 -0.9394 0.3391
vn 0.1610 -0.4732 0.8661
vn 0.8914 -0.4301 -0.1430
vn 0.3770 -0.9236 -0.0693
vn -0.9221 -0.2899 0.2561
vn -0.4010 -0.9160 0.0147
vn -0.2046 -0.9393 0.2755
vn -0.5010 -0.4729 0.7248
vn 0.7297 -0.4304 0.5313
vn 0.3146 -0.9237 0.2186
vn -0.2931 -0.9159 -0.2744
vn -0.8321 -0.2886 -0.4736
vn 0.3395 -0.9392 -0.0508
vn 0.8664 -0.4726 -0.1611
vn -0.1424 -0.4312 -0.8909
vn -0.0684 -0.9240 -0.3763
vn 0.2536 -0.2951 0.9212
vn 0.0152 -0.9164 0.4001
vn 0.0830 -0.9393 -0.3330
vn 0.2416 -0.4729 -0.8473
vn -0.3978 -0.9160 -0.0525
vn -0.8940 -0.2898 -0.3416
vn 0.3688 -0.9236 0.1041
vn 0.8740 -0.4302 0.2259
vn -0.3394 -0.9393 0.0506
vn -0.8664 -0.4727 0.1609
vn 0.0684 -0.9241 0.3760
vn 0.1425 -0.4315 0.8908
vn -0.0152 -0.9162 -0.4003
vn -0.2537 -0.2949 -0.9213
vn 0.3332 -0.9393 0.0822
vn 0.8475 -0.4727 0.2416
vn 0.0527 -0.9162 -0.3971
vn 0.3390 -0.2949 -0.8934
vn -0.1034 -0.9241 0.3679
vn -0.2255 -0.4315 0.8735
vn 0.8962 -0.4416 0.0421
vn 0.2808 -0.9597 0.0131
vn 0.1892 -0.9598 0.2071
vn 0.6049 -0.4420 0.6624
vn -0.0132 -0.9600 0.2797
vn -0.0422 -0.4424 0.8958
vn -0.2079 -0.9598 0.1884
vn -0.6644 -0.4420 0.6026
vn -0.2808 -0.9597 -0.0134
vn -0.8962 -0.4416 -0.0422
vn -0.1893 -0.9598 -0.2074
vn -0.6049 -0.4418 -0.6625
vn 0.0132 -0.9599 -0.2800
vn 0.0421 -0.4422 -0.8959
vn 0.6644 -0.4419 -0.6028
vn 0.2079 -0.9598 -0.1887
vn -0.4313 -0.8991 0.0744
vn -0.9159 -0.3689 0.1583
vn -0.1583 -0.3687 -0.9160
vn -0.0745 -0.8991 -0.4314
vn 0.9159 -0.3688 -0.1584
vn 0.4313 -0.8991 -0.0747
vn 0.1584 -0.3690 0.9158
vn 0.0746 -0.8992 0.4312
vn -0.4230 -0.8991 -0.1125
vn -0.8983 -0.3688 -0.2388
vn 0.1124 -0.8991 -0.4232
vn 0.2387 -0.3687 -0.8984
vn 0.4231 -0.8991 0.1123
vn 0.8983 -0.3689 0.2386
vn -0.2387 -0.3690 0.8983
vn -0.1124 -0.8992 0.4229
vn 0.3571 -0.8992 0.2529
vn 0.7584 -0.3689 0.5374
vn -0.5374 -0.3690 0.7583
vn -0.2531 -0.8992 0.3570
vn -0.7584 -0.3688 -0.5375
vn -0.3571 -0.8991 -0.2532
vn 0.5374 -0.3687 -0.7584
vn 0.2531 -0.8991 -0.3573
vn 0.0722 -0.8992 0.4316
vn 0.1533 -0.3690 0.9167
vn -0.4317 -0.8991 0.0721
vn -0.9168 -0.3689 0.1532
vn -0.0722 -0.8991 -0.4318
vn -0.1533 -0.3687 -0.9168
vn 0.9168 -0.3688 -0.1534
vn 0.4317 -0.8991 -0.0723
vn 0.2534 -0.8991 -0.3570
vn 0.5381 -0.3687 -0.7579
vn 0.7579 -0.3689 0.5380
vn 0.3569 -0.8992 0.2533
vn -0.5381 -0.3690 0.7578
vn -0.2534 -0.8992 0.3568
vn -0.7579 -0.3688 -0.5382
vn -0.3569 -0.8991 -0.2535
vn -0.2184 -0.8991 -0.3794
vn -0.4638 -0.3687 -0.8055
vn 0.3793 -0.8991 -0.2186
vn 0.8055 -0.3688 -0.4639
vn 0.2184 -0.8992 0.3792
vn 0.4638 -0.3690 0.8054
vn -0.8055 -0.3689 0.4638
vn -0.3793 -0.8991 0.2183
vn 0.3791 -0.8991 -0.2189
vn 0.8051 -0.3688 -0.4646
vn 0.2188 -0.8992 0.3790
vn 0.4646 -0.3690 0.8050
vn -0.3791 -0.8991 0.2186
vn -0.8051 -0.3689 0.4645
vn -0.4646 -0.3687 -0.8051
vn -0.2188 -0.8991 -0.3792
vn 0.3577 -0.8992 0.2521
vn 0.7596 -0.3689 0.5356
vn 0.2197 -0.8992 0.3785
vn 0.4664 -0.3690 0.8039
vn -0.0736 -0.8990 -0.4316
vn -0.1562 -0.3687 -0.9163
vn 0.2542 -0.8991 -0.3564
vn 0.5399 -0.3687 -0.7567
vn -0.4315 -0.8991 0.0731
vn -0.9164 -0.3689 0.1554
vn -0.1138 -0.8992 0.4225
vn -0.2416 -0.3690 0.8975
vn 0.4315 -0.8991 -0.0733
vn 0.9164 -0.3688 -0.1555
vn -0.4228 -0.8991 -0.1135
vn -0.8978 -0.3688 -0.2408
vn -0.7596 -0.3688 -0.5357
vn -0.3577 -0.8991 -0.2524
vn -0.2522 -0.8992 0.3576
vn -0.5357 -0.3690 0.7596
vn 0.2523 -0.8991 -0.3578
vn 0.5357 -0.3687 -0.7597
vn -0.4664 -0.3687 -0.8040
vn -0.2196 -0.8991 -0.3787
vn -0.3786 -0.8991 0.2195
vn -0.8040 -0.3689 0.4664
vn 0.8040 -0.3688 -0.4665
vn 0.3786 -0.8991 -0.2198
vn 0.1562 -0.3690 0.9162
vn 0.0736 -0.8992 0.4314
vn 0.4315 -0.8991 -0.0737
vn 0.9163 -0.3688 -0.1563
vn -0.4315 -0.8991 0.0735
vn -0.9163 -0.3689 0.1562
vn -0.5398 -0.3690 0.7566
vn -0.2542 -0.8992 0.3562
vn 0.3563 -0.8992 0.2541
vn 0.7566 -0.3689 0.5398
vn -0.7566 -0.3688 -0.5399
vn -0.3563 -0.8991 -0.2544
vn -0.0732 -0.8991 -0.4317
vn -0.1554 -0.3687 -0.9165
vn 0.0732 -0.8992 0.4314
vn 0.1554 -0.3690 0.9164
vn 0.2416 -0.3687 -0.8976
vn 0.1138 -0.8991 -0.4228
vn -0.8975 -0.3688 -0.2416
vn -0.4226 -0.8991 -0.1139
vn 0.8975 -0.3689 0.2415
vn 0.4227 -0.8991 0.1136
vn -0.4316 -0.8991 0.0730
vn 0.8978 -0.3689 0.2407
vn 0.4228 -0.8991 0.1132
vn 0.2408 -0.3687 -0.8978
vn 0.1134 -0.8991 -0.4229
vn -0.2408 -0.3690 0.8977
vn -0.1134 -0.8992 0.4226
vn 0.4382 -0.8986 0.0205
vn 0.9288 -0.3680 0.0436
vn 0.6264 -0.3689 0.6867
vn 0.2960 -0.8992 0.3224
vn -0.0437 -0.3698 0.9281
vn -0.0205 -0.8997 0.4361
vn -0.6881 -0.3689 0.6248
vn -0.3250 -0.8991 0.2931
vn -0.9288 -0.3680 -0.0438
vn -0.4382 -0.8986 -0.0208
vn -0.6264 -0.3688 -0.6868
vn -0.2960 -0.8991 -0.3226
vn 0.0437 -0.3696 -0.9282
vn 0.0205 -0.8995 -0.4364
vn 0.3249 -0.8991 -0.2934
vn 0.6881 -0.3688 -0.6249
vn 0.8839 -0.4419 -0.1529
vn 0.2765 -0.9598 -0.0480
vn 0.0478 -0.9599 0.2764
vn 0.1528 -0.4421 0.8839
vn -0.2765 -0.9598 0.0477
vn -0.8839 -0.4419 0.1528
vn -0.0478 -0.9598 -0.2767
vn -0.1528 -0.4418 -0.8840
vn 0.8670 -0.4420 0.2303
vn 0.2713 -0.9598 0.0719
vn -0.2304 -0.4421 0.8669
vn -0.0721 -0.9599 0.2711
vn -0.8669 -0.4419 -0.2304
vn -0.2712 -0.9598 -0.0722
vn 0.0721 -0.9598 -0.2714
vn 0.2304 -0.4418 -0.8670
vn -0.7319 -0.4419 -0.5187
vn -0.2290 -0.9598 -0.1624
vn 0.1623 -0.9598 -0.2291
vn 0.5186 -0.4418 -0.7320
vn 0.2290 -0.9598 0.1621
vn 0.7319 -0.4420 0.5186
vn -0.1623 -0.9598 0.2288
vn -0.5186 -0.4420 0.7318
vn -0.1480 -0.4418 -0.8848
vn -0.0463 -0.9598 -0.2770
vn 0.8848 -0.4419 -0.1480
vn 0.2768 -0.9598 -0.0464
vn 0.1479 -0.4421 0.8847
vn 0.0463 -0.9599 0.2767
vn -0.2768 -0.9598 0.0462
vn -0.8848 -0.4420 0.1479
vn -0.5193 -0.4421 0.7314
vn -0.1625 -0.9598 0.2287
vn -0.2288 -0.9598 -0.1626
vn -0.7314 -0.4418 -0.5194
vn 0.1625 -0.9598 -0.2290
vn 0.2288 -0.9598 0.1623
vn 0.7314 -0.4420 0.5193
vn 0.4477 -0.4420 0.7773
vn 0.1400 -0.9598 0.2431
vn -0.7774 -0.4420 0.4476
vn -0.2432 -0.9598 0.1399
vn -0.4476 -0.4418 -0.7774
vn -0.1400 -0.9598 -0.2434
vn 0.2432 -0.9598 -0.1402
vn 0.7774 -0.4419 -0.4477
vn -0.5193 -0.4420 0.7314
vn -0.7769 -0.4420 0.4483
vn -0.2431 -0.9598 0.1401
vn -0.4483 -0.4418 -0.7770
vn -0.1403 -0.9598 -0.2432
vn 0.7770 -0.4419 -0.4484
vn 0.2431 -0.9598 -0.1404
vn 0.1403 -0.9598 0.2429
vn 0.4484 -0.4421 0.7769
vn -0.7331 -0.4418 -0.5170
vn -0.2294 -0.9598 -0.1619
vn -0.4501 -0.4418 -0.7760
vn -0.1408 -0.9598 -0.2429
vn 0.1508 -0.4421 0.8842
vn 0.0472 -0.9598 0.2765
vn -0.5210 -0.4420 0.7302
vn -0.1630 -0.9598 0.2283
vn 0.8844 -0.4419 -0.1500
vn 0.2767 -0.9598 -0.0471
vn 0.2332 -0.4418 -0.8663
vn 0.0729 -0.9598 -0.2711
vn -0.8844 -0.4420 0.1499
vn -0.2767 -0.9598 0.0468
vn 0.8664 -0.4420 0.2323
vn 0.2711 -0.9598 0.0726
vn 0.2294 -0.9598 0.1616
vn 0.7331 -0.4420 0.5169
vn 0.5170 -0.4418 -0.7332
vn 0.1617 -0.9598 -0.2295
vn -0.5170 -0.4420 0.7330
vn -0.1617 -0.9598 0.2292
vn 0.1408 -0.9598 0.2426
vn 0.4502 -0.4420 0.7759
vn 0.7759 -0.4419 -0.4502
vn 0.2428 -0.9598 -0.1410
vn -0.2427 -0.9598 0.1407
vn -0.7759 -0.4420 0.4501
vn -0.0472 -0.9598 -0.2768
vn -0.1508 -0.4418 -0.8843
vn -0.8843 -0.4420 0.1507
vn -0.2767 -0.9598 0.0470
vn 0.8843 -0.4419 -0.1509
vn 0.2767 -0.9598 -0.0473
vn 0.1630 -0.9598 -0.2286
vn 0.5210 -0.4418 -0.7303
vn -0.7303 -0.4418 -0.5211
vn -0.2285 -0.9598 -0.1631
vn 0.2285 -0.9598 0.1629
vn 0.7302 -0.4420 0.5209
vn 0.1500 -0.4421 0.8844
vn 0.0469 -0.9599 0.2766
vn -0.1500 -0.4418 -0.8845
vn -0.0469 -0.9598 -0.2768
vn -0.0729 -0.9598 0.2709
vn -0.2332 -0.4421 0.8662
vn 0.2710 -0.9598 0.0728
vn 0.8662 -0.4420 0.2331
vn -0.2710 -0.9598 -0.0731
vn -0.8662 -0.4419 -0.2332
vn -0.2711 -0.9598 -0.0728
vn -0.8664 -0.4419 -0.2324
vn -0.0727 -0.9599 0.2709
vn -0.2323 -0.4421 0.8664
vn 0.0727 -0.9598 -0.2712
vn 0.2324 -0.4418 -0.8665
vn 0.8968 -0.4404 0.0421
vn 0.2816 -0.9594 0.0131
vn 0.1889 -0.9598 0.2074
vn 0.6056 -0.4420 0.6617
vn -0.0131 -0.9602 0.2789
vn -0.0421 -0.4436 0.8952
vn -0.2076 -0.9598 0.1887
vn -0.6651 -0.4420 0.6019
vn -0.2817 -0.9594 -0.0134
vn -0.8968 -0.4404 -0.0423
vn -0.1890 -0.9598 -0.2077
vn -0.6057 -0.4418 -0.6618
vn 0.0131 -0.9601 -0.2792
vn 0.0421 -0.4433 -0.8954
vn 0.6651 -0.4418 -0.6020
vn 0.2076 -0.9598 -0.1890
vn 0.4382 -0.8987 0.0205
vn 0.6264 -0.3690 0.6867
vn 0.2960 -0.8992 0.3223
vn -0.4383 -0.8986 -0.0208
vn -0.6264 -0.3687 -0.6868
vn -0.2960 -0.8990 -0.3226
vn 0.0436 -0.3695 -0.9282
vn 0.6881 -0.3688 -0.6250
vn -0.8968 -0.4404 -0.0422
vn 0.2817 -0.9594 0.0131
vn 0.6056 -0.4421 0.6617
vn -0.4431 -0.8958 -0.0344
vn -0.9304 -0.3648 -0.0359
vn -0.6295 -0.3602 -0.6885
vn -0.3045 -0.8935 -0.3299
vn 0.0361 -0.3568 -0.9335
vn 0.0348 -0.8905 -0.4536
vn 0.6929 -0.3498 -0.6305
vn 0.3422 -0.8868 -0.3106
vn 0.9290 -0.3667 0.0497
vn 0.4428 -0.8966 0.0049
vn 0.6233 -0.3821 0.6822
vn 0.2848 -0.9075 0.3088
vn -0.0359 -0.3771 0.9255
vn -0.0338 -0.9035 0.4273
vn -0.3230 -0.8999 0.2932
vn -0.6870 -0.3700 0.6254
vn -0.9168 -0.3688 -0.1532
vn -0.4318 -0.8991 -0.0722
vn 0.2543 -0.8992 0.3561
vn 0.5400 -0.3689 0.7565
vn 0.3563 -0.8991 -0.2544
vn 0.7566 -0.3688 -0.5400
vn -0.2543 -0.8991 -0.3564
vn -0.5400 -0.3687 -0.7566
vn -0.3563 -0.8991 0.2542
vn -0.7565 -0.3689 0.5400
vn 0.9271 -0.3689 -0.0664
vn 0.4366 -0.8991 -0.0314
vn -0.0312 -0.8991 -0.4367
vn -0.0664 -0.3687 -0.9272
vn -0.4366 -0.8991 0.0311
vn -0.9271 -0.3688 0.0663
vn 0.0664 -0.3690 0.9271
vn 0.0313 -0.8992 0.4365
vn 0.2866 -0.8991 -0.3309
vn 0.6086 -0.3687 -0.7026
vn -0.7025 -0.3688 -0.6087
vn -0.3308 -0.8991 -0.2868
vn -0.2866 -0.8992 0.3307
vn -0.6086 -0.3690 0.7025
vn 0.3308 -0.8992 0.2865
vn 0.7025 -0.3690 0.6086
vn 0.1531 -0.3687 -0.9168
vn 0.0721 -0.8990 -0.4319
vn -0.0721 -0.8992 0.4316
vn -0.1531 -0.3690 0.9167
vn 0.9168 -0.3689 0.1531
vn 0.4317 -0.8991 0.0720
vn -0.3563 -0.8992 0.2542
vn 0.5400 -0.3690 0.7565
vn 0.7565 -0.3688 -0.5401
vn 0.2209 -0.9512 -0.2155
vn 0.8472 -0.2441 -0.4719
vn 0.1686 -0.9598 0.2245
vn 0.5087 -0.4389 0.7407
vn -0.2392 -0.9593 0.1497
vn -0.7135 -0.4209 0.5602
vn -0.1719 -0.9596 -0.2227
vn -0.5021 -0.4338 -0.7481
vn 0.4124 -0.9018 0.1289
vn 0.9682 -0.2429 0.0597
vn -0.0579 -0.9125 0.4049
vn -0.1678 -0.3996 0.9012
vn -0.3414 -0.9383 -0.0547
vn -0.8688 -0.4718 -0.1502
vn 0.1161 -0.4398 -0.8906
vn 0.0761 -0.9310 -0.3571
vn 0.2241 -0.9594 0.1715
vn 0.6577 -0.4209 0.6247
vn -0.1890 -0.9598 0.2077
vn -0.5760 -0.4389 0.6896
vn -0.1997 -0.9512 -0.2353
vn -0.7991 -0.2441 -0.5494
vn 0.1920 -0.9596 -0.2056
vn 0.5701 -0.4338 -0.6977
vn 0.0196 -0.9125 0.4086
vn 0.0825 -0.3996 0.9130
vn -0.4227 -0.9018 0.0896
vn -0.9695 -0.2429 -0.0315
vn -0.0423 -0.9310 -0.3627
vn -0.0320 -0.4397 -0.8976
vn 0.8791 -0.4718 -0.0680
vn 0.3450 -0.9384 -0.0224
vn -0.2209 -0.9513 0.2152
vn -0.8472 -0.2443 0.4718
vn -0.1686 -0.9597 -0.2248
vn -0.5087 -0.4387 -0.7408
vn 0.2392 -0.9593 -0.1500
vn 0.7134 -0.4208 -0.5603
vn 0.1719 -0.9597 0.2224
vn 0.5021 -0.4340 0.7480
vn -0.4124 -0.9018 -0.1291
vn -0.9682 -0.2430 -0.0597
vn 0.0579 -0.9124 -0.4052
vn 0.1679 -0.3993 -0.9013
vn 0.3412 -0.9384 0.0544
vn 0.8688 -0.4719 0.1501
vn -0.1161 -0.4400 0.8905
vn -0.0761 -0.9311 0.3568
vn -0.1921 -0.9597 0.2053
vn -0.5701 -0.4340 0.6976
vn -0.2240 -0.9593 -0.1718
vn -0.6577 -0.4208 -0.6249
vn 0.1889 -0.9597 -0.2080
vn 0.5760 -0.4387 -0.6898
vn 0.1997 -0.9513 0.2350
vn 0.7991 -0.2443 0.5493
vn -0.3449 -0.9384 0.0221
vn -0.8791 -0.4719 0.0678
vn -0.0196 -0.9124 -0.4089
vn -0.0825 -0.3993 -0.9131
vn 0.4226 -0.9018 -0.0898
vn 0.9695 -0.2430 0.0314
vn 0.0320 -0.4400 0.8974
vn 0.0422 -0.9311 0.3624
vn -0.2784 -0.9597 -0.0378
vn -0.8843 -0.4383 -0.1608
vn 0.0226 -0.9588 -0.2833
vn 0.2013 -0.4018 -0.8933
vn 0.2786 -0.9597 0.0364
vn 0.8845 -0.4370 0.1634
vn -0.0565 -0.9596 0.2755
vn -0.1155 -0.4322 0.8943
vn -0.1983 -0.9333 -0.2994
vn -0.5459 -0.4487 -0.7076
vn 0.3337 -0.9189 -0.2105
vn 0.7170 -0.3953 -0.5742
vn 0.2382 -0.9153 0.3248
vn 0.5296 -0.4093 0.7430
vn -0.7207 -0.4641 0.5150
vn -0.2850 -0.9357 0.2080
vn -0.0570 -0.9596 0.2755
vn -0.1140 -0.4312 0.8950
vn -0.2785 -0.9597 -0.0375
vn -0.8844 -0.4379 -0.1616
vn 0.0200 -0.9584 -0.2846
vn 0.2086 -0.3907 -0.8966
vn 0.2786 -0.9597 0.0365
vn 0.8845 -0.4371 0.1633
vn -0.2842 -0.9360 0.2076
vn -0.7204 -0.4650 0.5146
vn -0.1970 -0.9338 -0.2988
vn -0.5472 -0.4489 -0.7064
vn 0.3389 -0.9171 -0.2101
vn 0.7171 -0.3841 -0.5816
vn 0.5290 -0.4082 0.7440
vn 0.2393 -0.9149 0.3252
vn 0.2166 -0.9586 -0.1847
vn 0.7806 -0.3960 -0.4836
vn 0.1684 -0.9598 0.2246
vn 0.5091 -0.4391 0.7403
vn -0.2356 -0.9596 0.1536
vn -0.7170 -0.4322 0.5469
vn -0.1713 -0.9596 -0.2231
vn -0.5033 -0.4349 -0.7467
vn 0.3889 -0.9168 0.0910
vn 0.9156 -0.3883 0.1047
vn -0.0615 -0.9167 0.3948
vn -0.1580 -0.4124 0.8972
vn -0.3458 -0.9366 -0.0571
vn -0.8720 -0.4668 -0.1473
vn 0.1148 -0.4432 -0.8890
vn 0.0758 -0.9325 -0.3532
vn 0.0117 -0.9598 0.2805
vn 0.0781 -0.4384 0.8954
vn -0.2797 -0.9596 0.0306
vn -0.9013 -0.4319 0.0318
vn -0.0106 -0.9597 -0.2810
vn -0.0808 -0.4369 -0.8959
vn 0.2841 -0.9588 0.0039
vn 0.9084 -0.4010 -0.1183
vn -0.2336 -0.9358 0.2642
vn -0.5796 -0.4643 0.6697
vn -0.3015 -0.9151 -0.2676
vn -0.6909 -0.4089 -0.5962
vn 0.2403 -0.9187 -0.3133
vn 0.6388 -0.3944 -0.6606
vn 0.6537 -0.4488 0.6092
vn 0.2796 -0.9334 0.2250
vn 0.2756 -0.9596 0.0574
vn 0.8951 -0.4307 0.1148
vn -0.0377 -0.9598 0.2783
vn -0.1628 -0.4380 0.8841
vn -0.2846 -0.9584 -0.0201
vn -0.8967 -0.3891 -0.2108
vn 0.0370 -0.9597 -0.2787
vn 0.1645 -0.4369 -0.8843
vn 0.2074 -0.9361 0.2842
vn 0.5137 -0.4652 0.7209
vn -0.2989 -0.9339 0.1964
vn -0.7070 -0.4491 0.5463
vn -0.2094 -0.9168 -0.3400
vn -0.5817 -0.3825 -0.7179
vn 0.7450 -0.4076 -0.5281
vn 0.3258 -0.9147 -0.2393
vn -0.2202 -0.9596 -0.1753
vn -0.6625 -0.4321 -0.6119
vn 0.1888 -0.9597 -0.2081
vn 0.5763 -0.4389 -0.6894
vn 0.1983 -0.9587 0.2040
vn 0.7317 -0.3962 0.5547
vn -0.1915 -0.9597 0.2057
vn -0.5712 -0.4351 0.6960
vn -0.0241 -0.9166 -0.3991
vn -0.0731 -0.4122 -0.9081
vn 0.3957 -0.9168 -0.0544
vn 0.9214 -0.3883 -0.0184
vn 0.0423 -0.9326 0.3585
vn 0.0308 -0.4435 0.8957
vn -0.3496 -0.9366 0.0241
vn -0.8820 -0.4668 0.0647
vn 0.2807 -0.9597 -0.0115
vn 0.8955 -0.4382 -0.0771
vn 0.0303 -0.9596 0.2796
vn 0.0310 -0.4322 0.9012
vn -0.2808 -0.9597 0.0101
vn -0.8959 -0.4371 0.0797
vn 0.0041 -0.9588 -0.2841
vn -0.1165 -0.4018 -0.9083
vn 0.2642 -0.9357 0.2339
vn 0.6691 -0.4641 0.5804
vn -0.2676 -0.9153 0.3010
vn -0.5970 -0.4094 0.6900
vn -0.3124 -0.9189 -0.2408
vn -0.6599 -0.3954 -0.6390
vn 0.6100 -0.4486 -0.6532
vn 0.2256 -0.9333 -0.2795
vn 0.0068 -0.9584 -0.2852
vn -0.1235 -0.3907 -0.9122
vn 0.2807 -0.9597 -0.0112
vn 0.8957 -0.4379 -0.0778
vn 0.0309 -0.9596 0.2796
vn 0.0295 -0.4312 0.9018
vn -0.2808 -0.9597 0.0102
vn -0.8959 -0.4371 0.0795
vn 0.2242 -0.9337 -0.2790
vn 0.6111 -0.4489 -0.6519
vn 0.2635 -0.9360 0.2334
vn 0.6689 -0.4650 0.5800
vn -0.2688 -0.9149 0.3012
vn -0.5966 -0.4082 0.6910
vn -0.6594 -0.3841 -0.6463
vn -0.3177 -0.9171 -0.2410
vn -0.2166 -0.9587 0.1845
vn -0.7805 -0.3962 0.4835
vn -0.1684 -0.9597 -0.2249
vn -0.5091 -0.4388 -0.7405
vn 0.2356 -0.9596 -0.1539
vn 0.7170 -0.4321 -0.5470
vn 0.1713 -0.9597 0.2228
vn 0.5032 -0.4351 0.7466
vn -0.3889 -0.9168 -0.0913
vn -0.9156 -0.3883 -0.1048
vn 0.0615 -0.9166 -0.3951
vn 0.1580 -0.4122 -0.8973
vn 0.3458 -0.9366 0.0568
vn 0.8720 -0.4669 0.1472
vn -0.1148 -0.4435 0.8889
vn -0.0758 -0.9326 0.3530
vn 0.0380 -0.9597 -0.2785
vn 0.1618 -0.4381 -0.8842
vn 0.2832 -0.9588 0.0225
vn 0.8933 -0.4011 0.2029
vn -0.0369 -0.9597 0.2784
vn -0.1646 -0.4371 0.8842
vn -0.2756 -0.9596 -0.0570
vn -0.8944 -0.4319 -0.1164
vn 0.2994 -0.9333 -0.1980
vn 0.7080 -0.4487 -0.5453
vn 0.2099 -0.9188 0.3342
vn 0.5740 -0.3946 0.7175
vn -0.3253 -0.9152 0.2379
vn -0.7438 -0.4091 0.5286
vn -0.2078 -0.9357 -0.2852
vn -0.5141 -0.4641 -0.7213
vn -0.2852 -0.9584 -0.0069
vn -0.9126 -0.3892 0.1256
vn -0.0113 -0.9597 -0.2809
vn -0.0790 -0.4377 -0.8956
vn 0.2797 -0.9596 -0.0316
vn 0.9019 -0.4308 -0.0304
vn 0.0106 -0.9598 0.2807
vn 0.0808 -0.4372 0.8957
vn -0.2791 -0.9338 -0.2238
vn -0.6525 -0.4490 -0.6105
vn 0.2331 -0.9360 -0.2638
vn 0.5791 -0.4650 -0.6697
vn 0.3019 -0.9148 0.2685
vn 0.6921 -0.4078 0.5956
vn -0.6465 -0.3827 0.6600
vn -0.2404 -0.9169 0.3185
vn 0.2202 -0.9596 0.1751
vn 0.6626 -0.4322 0.6117
vn -0.1888 -0.9598 0.2078
vn -0.5763 -0.4391 0.6893
vn -0.1984 -0.9586 -0.2043
vn -0.7318 -0.3960 -0.5548
vn 0.1915 -0.9596 -0.2060
vn 0.5711 -0.4349 -0.6962
vn 0.0242 -0.9167 0.3989
vn 0.0731 -0.4124 0.9080
vn -0.3957 -0.9168 0.0541
vn -0.9214 -0.3882 0.0183
vn -0.0424 -0.9325 -0.3588
vn -0.0309 -0.4432 -0.8959
vn 0.8820 -0.4668 -0.0648
vn 0.3496 -0.9366 -0.0244
vn 0.0231 -0.9588 -0.2830
vn 0.1997 -0.4041 -0.8926
vn 0.2791 -0.9597 0.0345
vn 0.8848 -0.4344 0.1684
vn -0.0563 -0.9596 0.2755
vn -0.1158 -0.4325 0.8942
vn -0.2788 -0.9597 -0.0357
vn -0.8846 -0.4358 -0.1661
vn 0.3307 -0.9205 -0.2083
vn 0.7154 -0.3990 -0.5735
vn 0.2386 -0.9139 0.3285
vn 0.5331 -0.4061 0.7422
vn -0.2841 -0.9364 0.2061
vn -0.7185 -0.4663 0.5161
vn -0.5495 -0.4438 -0.7079
vn -0.1988 -0.9322 -0.3025
vn -0.2355 -0.9596 0.1539
vn -0.7173 -0.4327 0.5462
vn -0.1714 -0.9596 -0.2230
vn -0.5031 -0.4347 -0.7469
vn 0.2171 -0.9588 -0.1833
vn 0.7767 -0.4016 -0.4852
vn 0.1693 -0.9598 0.2240
vn 0.5071 -0.4379 0.7423
vn -0.3459 -0.9365 -0.0573
vn -0.8721 -0.4667 -0.1470
vn 0.0758 -0.9321 -0.3543
vn 0.1153 -0.4425 -0.8893
vn 0.3854 -0.9184 0.0891
vn 0.9127 -0.3947 0.1063
vn -0.0628 -0.9161 0.3960
vn -0.1561 -0.4112 0.8981
vn -0.0350 -0.9597 0.2789
vn -0.1695 -0.4346 0.8846
vn -0.2756 -0.9596 -0.0569
vn -0.8942 -0.4322 -0.1167
vn 0.0359 -0.9596 -0.2789
vn 0.1670 -0.4356 -0.8845
vn 0.2829 -0.9589 0.0231
vn 0.8926 -0.4034 0.2012
vn -0.3289 -0.9138 0.2383
vn -0.7431 -0.4059 0.5321
vn -0.2059 -0.9363 -0.2844
vn -0.5152 -0.4662 -0.7192
vn 0.3024 -0.9323 -0.1985
vn 0.7083 -0.4439 -0.5489
vn 0.5732 -0.3983 0.7161
vn 0.2078 -0.9204 0.3312
vn -0.1989 -0.9588 -0.2029
vn -0.7277 -0.4016 -0.5560
vn 0.1916 -0.9596 -0.2059
vn 0.5710 -0.4347 -0.6964
vn 0.2199 -0.9596 0.1753
vn 0.6628 -0.4327 0.6111
vn -0.1897 -0.9598 0.2071
vn -0.5746 -0.4379 0.6914
vn -0.0422 -0.9321 -0.3598
vn -0.0313 -0.4424 -0.8963
vn 0.3497 -0.9365 -0.0246
vn 0.8821 -0.4667 -0.0644
vn 0.0254 -0.9161 0.4002
vn 0.0711 -0.4112 0.9088
vn -0.9186 -0.3947 0.0201
vn -0.3921 -0.9184 0.0525
vn -0.2811 -0.9597 0.0082
vn -0.8967 -0.4344 0.0846
vn 0.0035 -0.9588 -0.2839
vn -0.1150 -0.4041 -0.9075
vn 0.2809 -0.9597 -0.0094
vn 0.8963 -0.4358 -0.0823
vn 0.0302 -0.9596 0.2796
vn 0.0314 -0.4324 0.9011
vn -0.3097 -0.9205 -0.2384
vn -0.6584 -0.3990 -0.6382
vn 0.2263 -0.9322 -0.2825
vn 0.6136 -0.4437 -0.6531
vn 0.2634 -0.9364 0.2319
vn 0.6669 -0.4663 0.5813
vn -0.6004 -0.4061 0.6889
vn -0.2684 -0.9139 0.3046
vn 0.2354 -0.9596 -0.1541
vn 0.7173 -0.4326 -0.5463
vn 0.1714 -0.9597 0.2227
vn 0.5031 -0.4349 0.7468
vn -0.2171 -0.9588 0.1830
vn -0.7767 -0.4018 0.4851
vn -0.1694 -0.9597 -0.2243
vn -0.5071 -0.4378 -0.7424
vn 0.3459 -0.9365 0.0570
vn 0.8721 -0.4667 0.1468
vn -0.0758 -0.9322 0.3540
vn -0.1153 -0.4427 0.8892
vn -0.3853 -0.9184 -0.0894
vn -0.9126 -0.3947 -0.1064
vn 0.0628 -0.9160 -0.3963
vn 0.1561 -0.4110 -0.8982
vn 0.0350 -0.9596 -0.2791
vn 0.1694 -0.4343 -0.8847
vn 0.2756 -0.9596 0.0566
vn 0.8942 -0.4321 0.1166
vn -0.0359 -0.9597 0.2786
vn -0.1670 -0.4359 0.8844
vn -0.2829 -0.9589 -0.0234
vn -0.8926 -0.4034 -0.2014
vn 0.3289 -0.9137 -0.2385
vn 0.7431 -0.4057 -0.5322
vn 0.2059 -0.9364 0.2841
vn 0.5152 -0.4663 0.7191
vn -0.3025 -0.9323 0.1982
vn -0.7083 -0.4441 0.5487
vn -0.5732 -0.3981 -0.7162
vn -0.2078 -0.9203 -0.3315
vn 0.1896 -0.9597 -0.2074
vn 0.5745 -0.4378 -0.6916
vn 0.1989 -0.9588 0.2026
vn 0.7277 -0.4018 0.5559
vn -0.5710 -0.4349 0.6963
vn -0.2199 -0.9596 -0.1756
vn -0.6628 -0.4325 -0.6112
vn 0.3920 -0.9185 -0.0528
vn 0.9186 -0.3948 -0.0202
vn 0.0422 -0.9322 0.3595
vn 0.0313 -0.4427 0.8961
vn -0.3497 -0.9365 0.0243
vn -0.8821 -0.4667 0.0643
vn -0.0710 -0.4110 -0.9089
vn -0.0254 -0.9160 -0.4004
vn 0.0721 -0.8991 -0.4318
vn 0.4318 -0.8991 0.0720
vn 0.9168 -0.3688 0.1531
vn 0.6086 -0.3688 -0.7026
vn 0.7025 -0.3689 0.6086
vn -0.9271 -0.3689 0.0663
vn -0.4365 -0.8991 0.0311
vn -0.0313 -0.8990 -0.4367
vn 0.9271 -0.3688 -0.0664
vn -0.4321 -0.8991 -0.0700
vn -0.9176 -0.3688 -0.1484
vn 0.0699 -0.8991 -0.4322
vn 0.1483 -0.3687 -0.9176
vn 0.9176 -0.3689 0.1483
vn 0.4321 -0.8991 0.0697
vn -0.0698 -0.8992 0.4320
vn -0.1483 -0.3690 0.9175
vn -0.5440 -0.3687 -0.7538
vn -0.2562 -0.8991 -0.3551
vn 0.3549 -0.8991 -0.2563
vn 0.7537 -0.3688 -0.5440
vn 0.2562 -0.8992 0.3548
vn 0.5440 -0.3690 0.7536
vn -0.7537 -0.3689 0.5439
vn -0.3549 -0.8992 0.2560
vn -0.1482 -0.3690 0.9175
vn -0.4321 -0.8991 -0.0699
vn -0.9176 -0.3688 -0.1483
vn 0.1482 -0.3687 -0.9177
vn 0.0698 -0.8990 -0.4323
vn 0.9176 -0.3689 0.1482
vn -0.7537 -0.3689 0.5440
vn -0.3549 -0.8991 0.2561
vn -0.5440 -0.3687 -0.7537
vn 0.7536 -0.3688 -0.5441
vn 0.7565 -0.3688 -0.5400
vn -0.7566 -0.3689 0.5399
vn -0.9168 -0.3687 -0.1532
vn 0.0295 -0.8992 0.4366
vn 0.0626 -0.3690 0.9273
vn -0.4367 -0.8991 0.0293
vn -0.9274 -0.3688 0.0625
vn -0.0626 -0.3687 -0.9274
vn -0.0294 -0.8990 -0.4369
vn 0.4367 -0.8991 -0.0296
vn 0.9274 -0.3689 -0.0626
vn -0.6115 -0.3689 0.6999
vn -0.2880 -0.8992 0.3295
vn -0.3296 -0.8991 -0.2881
vn -0.7000 -0.3687 -0.6116
vn 0.2879 -0.8991 -0.3298
vn 0.6115 -0.3688 -0.7001
vn 0.7000 -0.3690 0.6115
vn 0.3296 -0.8992 0.2878
vn 0.4320 -0.8991 0.0702
vn 0.9174 -0.3689 0.1494
vn -0.0703 -0.8992 0.4319
vn -0.1494 -0.3690 0.9174
vn -0.4320 -0.8991 -0.0705
vn -0.9174 -0.3688 -0.1495
vn 0.0704 -0.8991 -0.4321
vn 0.1494 -0.3687 -0.9174
vn 0.2558 -0.8992 0.3551
vn 0.5431 -0.3690 0.7543
vn -0.3552 -0.8991 0.2556
vn -0.7544 -0.3689 0.5430
vn -0.2557 -0.8991 -0.3554
vn -0.5430 -0.3688 -0.7544
vn 0.3552 -0.8991 -0.2558
vn 0.7544 -0.3688 -0.5431
vn -0.7025 -0.3687 -0.6087
vn -0.6087 -0.3689 0.7024
vn 0.0313 -0.8992 0.4364
vn 0.9274 -0.3689 -0.0616
vn 0.4367 -0.8991 -0.0291
vn 0.0615 -0.3690 0.9274
vn 0.0290 -0.8992 0.4366
vn -0.9275 -0.3688 0.0614
vn -0.4368 -0.8991 0.0288
vn -0.0615 -0.3687 -0.9275
vn -0.0289 -0.8990 -0.4369
vn 0.6993 -0.3690 0.6123
vn 0.3293 -0.8992 0.2882
vn -0.6123 -0.3689 0.6992
vn -0.2884 -0.8992 0.3292
vn -0.6993 -0.3688 -0.6124
vn -0.3293 -0.8991 -0.2885
vn 0.2883 -0.8991 -0.3294
vn 0.6123 -0.3688 -0.6994
vn -0.0614 -0.3687 -0.9275
vn -0.0289 -0.8991 -0.4369
vn 0.4368 -0.8991 -0.0291
vn 0.9275 -0.3688 -0.0615
vn 0.0289 -0.8992 0.4366
vn 0.0614 -0.3690 0.9274
vn -0.9275 -0.3689 0.0614
vn 0.6124 -0.3687 -0.6993
vn 0.2884 -0.8991 -0.3294
vn -0.6124 -0.3690 0.6992
vn -0.2542 -0.8991 -0.3564
vn -0.5400 -0.3688 -0.7566
vn -0.4317 -0.8991 -0.0723
vn 0.0721 -0.8991 -0.4319
vn 0.0704 -0.8990 -0.4322
vn 0.1494 -0.3687 -0.9175
vn 0.9174 -0.3689 0.1493
vn -0.1493 -0.3690 0.9174
vn -0.9174 -0.3688 -0.1494
vn 0.3552 -0.8991 -0.2559
vn 0.7543 -0.3688 -0.5431
vn 0.2557 -0.8992 0.3551
vn -0.7543 -0.3689 0.5430
vn -0.3552 -0.8992 0.2556
vn -0.2558 -0.8991 -0.3554
vn -0.5431 -0.3687 -0.7544
vn -0.9274 -0.3689 0.0626
vn -0.4367 -0.8991 0.0294
vn -0.0627 -0.3687 -0.9274
vn -0.0295 -0.8990 -0.4369
vn 0.9274 -0.3689 -0.0627
vn -0.7001 -0.3687 -0.6115
vn -0.3297 -0.8991 -0.2881
vn 0.6115 -0.3687 -0.7001
vn 0.2880 -0.8991 -0.3298
vn 0.7000 -0.3690 0.6114
vn -0.6115 -0.3690 0.7000
vn -0.3309 -0.8991 -0.2868
vn 0.2866 -0.8991 -0.3310
vn 0.4365 -0.8991 -0.0314
vn 0.0698 -0.8991 -0.4322
vn -0.4322 -0.8991 -0.0700
vn 0.2561 -0.8992 0.3548
vn -0.3550 -0.8991 0.2560
vn -0.2562 -0.8991 -0.3550
vn -0.1494 -0.3690 0.9173
vn -0.0290 -0.8990 -0.4369
vn 0.9274 -0.3688 -0.0615
vn -0.3294 -0.8991 -0.2885
vn -0.6993 -0.3687 -0.6124
vn 0.6123 -0.3687 -0.6993
vn 0.6993 -0.3689 0.6123
vn 0.3562 -0.8991 -0.2544
vn 0.2542 -0.8992 0.3561
vn 0.4317 -0.8992 0.0720
vn -0.4317 -0.8991 -0.0722
vn 0.0703 -0.8991 -0.4321
vn -0.4321 -0.8991 -0.0705
vn -0.3553 -0.8991 0.2556
vn -0.2558 -0.8991 -0.3553
vn -0.6086 -0.3689 0.7024
vn -0.0312 -0.8990 -0.4367
vn 0.4229 -0.9036 -0.0683
vn 0.9132 -0.3760 -0.1571
vn 0.1640 -0.3122 0.9357
vn 0.0721 -0.8603 0.5046
vn -0.9464 -0.2897 0.1429
vn -0.5242 -0.8431 0.1200
vn -0.1422 -0.3609 -0.9217
vn -0.1047 -0.8909 -0.4420
vn 0.6930 -0.7029 0.1603
vn 0.9576 -0.0964 0.2714
vn -0.1607 -0.7001 0.6957
vn -0.2716 -0.0928 0.9579
vn -0.6955 -0.7005 -0.1599
vn -0.9577 -0.0936 -0.2720
vn 0.2717 -0.0974 -0.9574
vn 0.1595 -0.7034 -0.6927
vn -0.5128 -0.7723 -0.3750
vn -0.8088 -0.1867 -0.5577
vn 0.5500 -0.2354 -0.8013
vn 0.3546 -0.8068 -0.4726
vn 0.8146 -0.1975 0.5453
vn 0.4931 -0.7741 0.3970
vn -0.5532 -0.1541 0.8187
vn -0.4081 -0.7461 0.5260
vn -0.1379 -0.7310 -0.6683
vn -0.1446 -0.1342 -0.9803
vn 0.6689 -0.7308 -0.1360
vn 0.9803 -0.1335 -0.1457
vn 0.1380 -0.7312 0.6681
vn 0.1446 -0.1345 0.9803
vn -0.9803 -0.1335 0.1457
vn -0.6689 -0.7309 0.1358
vn -0.2911 -0.8773 0.3817
vn -0.5393 -0.3374 0.7715
vn -0.7624 -0.3329 -0.5550
vn -0.4072 -0.8739 -0.2654
vn 0.5408 -0.3863 -0.7472
vn 0.2283 -0.9090 -0.3487
vn 0.7535 -0.3895 0.5297
vn 0.3293 -0.9115 0.2465
vn 0.1414 -0.9491 0.2813
vn 0.4567 -0.4286 0.7796
vn -0.4310 -0.8870 0.1660
vn -0.8121 -0.3078 0.4957
vn -0.3376 -0.8559 -0.3917
vn -0.4519 -0.2280 -0.8625
vn 0.8031 -0.4042 -0.4378
vn 0.2888 -0.9312 -0.2223
vn 0.3073 -0.8285 -0.4680
vn 0.5725 -0.2660 -0.7756
vn 0.4666 -0.8286 0.3092
vn 0.7763 -0.2657 0.5716
vn -0.3073 -0.8287 0.4678
vn -0.5725 -0.2662 0.7755
vn -0.7763 -0.2655 -0.5717
vn -0.4667 -0.8285 -0.3094
vn -0.6051 -0.6989 0.3812
vn -0.8716 -0.0927 0.4813
vn -0.3686 -0.7162 -0.5926
vn -0.4821 -0.1147 -0.8686
vn 0.6022 -0.7068 -0.3713
vn 0.8693 -0.1008 -0.4840
vn 0.4841 -0.0843 0.8710
vn 0.3795 -0.6940 0.6118
vn -0.4296 -0.8653 -0.2583
vn -0.7595 -0.3256 -0.5632
vn -0.3780 -0.7020 -0.6035
vn -0.4848 -0.0957 -0.8694
vn 0.0759 -0.7533 0.6532
vn 0.1900 -0.1667 0.9675
vn -0.3757 -0.7320 0.5683
vn -0.5902 -0.1353 0.7959
vn 0.3948 -0.9161 -0.0698
vn 0.9056 -0.3962 -0.1516
vn 0.0334 -0.8843 -0.4657
vn 0.2817 -0.3324 -0.9001
vn -0.5474 -0.8294 0.1118
vn -0.9529 -0.2669 0.1443
vn 0.6960 -0.6992 0.1636
vn 0.9576 -0.0908 0.2734
vn 0.7675 -0.3515 0.5361
vn 0.3683 -0.8865 0.2801
vn 0.2352 -0.9052 -0.3541
vn 0.5403 -0.3791 -0.7512
vn -0.3072 -0.8411 0.4452
vn -0.5601 -0.2825 0.7788
vn 0.4854 -0.0945 0.8692
vn 0.3774 -0.7014 0.6046
vn 0.6026 -0.7037 -0.3765
vn 0.8690 -0.0976 -0.4851
vn -0.8695 -0.0924 0.4851
vn -0.6057 -0.6997 0.3788
vn -0.1745 -0.2190 -0.9600
vn -0.0952 -0.7957 -0.5982
vn -0.6524 -0.7527 0.0885
vn -0.9695 -0.1610 0.1848
vn 0.5988 -0.7978 -0.0713
vn 0.9563 -0.2268 -0.1848
vn 0.5902 -0.1350 -0.7959
vn 0.3757 -0.7318 -0.5685
vn -0.5707 -0.7300 -0.3761
vn -0.7958 -0.1326 -0.5909
vn 0.7958 -0.1328 0.5908
vn 0.5707 -0.7301 0.3759
vn -0.9342 -0.3206 0.1563
vn -0.4908 -0.8672 0.0843
vn 0.0551 -0.8963 0.4400
vn 0.1639 -0.3672 0.9156
vn -0.0987 -0.8922 -0.4407
vn -0.1433 -0.3618 -0.9212
vn -0.2216 -0.3903 0.8936
vn -0.1436 -0.9272 0.3458
vn 0.8689 -0.4329 0.2401
vn 0.3017 -0.9509 0.0683
vn -0.9446 -0.2086 -0.2534
vn -0.4665 -0.8735 -0.1390
vn 0.9529 -0.2669 -0.1444
vn 0.5474 -0.8294 -0.1120
vn -0.1440 -0.2647 -0.9535
vn -0.1129 -0.8278 -0.5496
vn 0.1440 -0.2649 0.9534
vn 0.1129 -0.8279 0.5494
vn -0.9553 -0.1067 -0.2756
vn -0.6875 -0.7093 -0.1560
vn -0.2746 -0.0839 0.9579
vn -0.1626 -0.6932 0.7022
vn 0.2718 -0.1112 -0.9559
vn 0.1621 -0.7144 -0.6807
vn 0.3598 -0.8596 -0.3629
vn 0.7164 -0.1275 -0.6860
vn 0.2650 -0.7628 -0.5898
vn 0.5663 -0.8238 0.0257
vn 0.9987 0.0511 0.0059
vn 0.3257 -0.8422 0.4297
vn 0.7167 0.1625 0.6782
vn -0.0574 -0.9550 0.2911
vn 0.0420 -0.0696 0.9967
vn -0.6629 -0.5340 0.5248
vn -0.0285 -0.9996 -0.0020
vn -0.6317 -0.7748 -0.0248
vn -0.6875 0.7186 -0.1046
vn -0.1956 0.9190 0.3424
vn -0.5490 0.7341 -0.3996
vn 0.1037 0.9509 -0.2915
vn -0.5273 0.5347 -0.6603
vn 0.1601 0.5148 -0.8422
vn -0.6386 0.2291 -0.7347
vn -0.0636 -0.1431 -0.9877
vn -0.8209 -0.0030 -0.5711
vn -0.4398 -0.6364 -0.6337
vn -0.9642 -0.0179 -0.2646
vn -0.7444 -0.6676 0.0128
vn -0.9812 0.1929 -0.0026
vn -0.7956 -0.2189 0.5649
vn -0.8652 0.4979 0.0603
vn -0.5666 0.4383 0.6978
vn 0.3842 -0.9220 -0.0472
vn 0.9837 -0.1757 -0.0381
vn 0.3243 -0.8968 0.3008
vn 0.7427 -0.1265 0.6575
vn -0.0015 -0.9031 0.4295
vn 0.0577 -0.2113 0.9757
vn -0.6420 -0.3362 0.6891
vn -0.2725 -0.9364 0.2210
vn -0.5520 -0.7922 0.2603
vn -0.0290 -0.9991 -0.0293
vn -0.1837 -0.5885 -0.7873
vn -0.5219 -0.7725 -0.3618
vn 0.6454 -0.3661 -0.6704
vn 0.1474 -0.9665 -0.2099
vn 0.2685 0.9633 0.0017
vn 0.5400 0.5762 -0.6135
vn -0.0862 0.9862 -0.1413
vn -0.2177 0.5034 -0.8362
vn -0.3651 0.9286 0.0670
vn -0.8127 0.3988 -0.4249
vn -0.3450 0.8413 0.4161
vn -0.8972 0.3225 0.3018
vn -0.1302 0.5551 0.8215
vn -0.5547 0.1583 0.8169
vn 0.9158 0.3981 -0.0535
vn 0.6397 0.6725 0.3721
vn -0.4678 -0.8639 -0.1866
vn -0.9091 -0.0740 -0.4099
vn -0.6734 -0.7387 -0.0293
vn -0.1729 -0.8271 -0.5348
vn -0.3614 0.0840 -0.9286
vn 0.2612 -0.8726 -0.4128
vn 0.3849 0.0986 -0.9177
vn 0.2720 -0.9608 -0.0535
vn 0.9002 -0.2114 -0.3806
vn 0.7152 -0.5494 0.4320
vn 0.0136 -0.9992 0.0363
vn 0.2195 -0.7673 0.6025
vn 0.2575 0.9054 -0.3376
vn 0.6522 0.3665 -0.6636
vn -0.0526 0.8786 -0.4747
vn -0.0017 0.3073 -0.9516
vn -0.3665 0.8631 -0.3475
vn -0.6668 0.2866 -0.6880
vn -0.4953 0.8679 -0.0385
vn -0.9480 0.3164 -0.0352
vn -0.3715 0.8894 0.2664
vn -0.6890 0.3782 0.6182
vn -0.0729 0.9151 0.3966
vn -0.0478 0.4361 0.8986
vn 0.2341 0.9307 0.2809
vn 0.6097 0.4571 0.6476
vn 0.3743 0.9271 -0.0212
vn 0.9035 0.4286 0.0025
vn 0.2283 -0.9105 -0.3447
vn 0.4835 -0.2575 -0.8366
vn 0.4082 -0.9090 -0.0843
vn 0.9352 -0.2487 -0.2521
vn 0.3506 -0.9078 0.2301
vn 0.8430 -0.2402 0.4814
vn 0.0820 -0.9081 0.4106
vn 0.2543 -0.2396 0.9370
vn -0.2316 -0.9101 0.3436
vn -0.4835 -0.2528 0.8381
vn -0.4018 -0.9122 0.0805
vn -0.9300 -0.2688 0.2508
vn -0.3411 -0.9129 -0.2242
vn -0.8348 -0.2739 -0.4776
vn -0.2514 -0.2673 -0.9303
vn -0.0825 -0.9121 -0.4016
vn -0.6415 0.6926 -0.3298
vn -0.7963 0.2473 -0.5520
vn -0.3471 0.5462 0.7624
vn -0.4204 0.8471 0.3251
vn 0.1596 0.9694 0.1865
vn 0.3103 0.5591 0.7688
vn 0.4221 0.9063 -0.0205
vn 0.8554 0.3976 0.3320
vn 0.4483 0.8214 -0.3527
vn 0.9073 0.2129 -0.3627
vn 0.2189 0.7680 -0.6018
vn 0.4319 0.1170 -0.8943
vn -0.1175 0.7779 -0.6173
vn -0.2780 0.1664 -0.9460
vn 0.2145 -0.9188 -0.3315
vn 0.5200 -0.2798 -0.8070
vn 0.3785 -0.9234 -0.0637
vn 0.9392 -0.2605 -0.2237
vn 0.2654 -0.9432 0.1997
vn 0.8143 -0.3188 0.4850
vn 0.0384 -0.9612 0.2731
vn 0.2179 -0.4118 0.8848
vn -0.1364 -0.9723 0.1896
vn -0.4603 -0.5162 0.7223
vn -0.8691 -0.4933 0.0354
vn -0.1519 -0.9883 -0.0130
vn -0.6151 -0.7515 -0.2388
vn -0.1234 -0.9539 -0.2736
vn -0.2556 -0.3087 -0.9162
vn -0.4322 -0.7477 -0.5041
vn 0.1507 0.7485 -0.6457
vn 0.3515 0.2880 -0.8908
vn -0.6593 0.4816 0.5775
vn -0.4570 0.8541 0.2482
vn 0.0943 0.8793 0.4668
vn -0.1205 0.3529 0.9279
vn 0.4251 0.8017 0.4202
vn 0.5611 0.1533 0.8134
vn 0.6246 0.7688 0.1372
vn 0.9722 0.0770 0.2210
vn 0.5615 0.8026 -0.2014
vn 0.8567 0.1710 -0.4866
vn 0.3584 -0.8318 0.4239
vn 0.6826 -0.0321 0.7301
vn -0.0582 -0.8552 0.5150
vn -0.0200 -0.0766 0.9969
vn -0.3397 -0.9068 0.2497
vn -0.6890 -0.1965 0.6976
vn -0.2524 -0.9665 -0.0467
vn -0.9148 -0.4020 0.0386
vn -0.4957 -0.5825 -0.6442
vn 0.0029 -0.9997 -0.0237
vn 0.1264 -0.7570 -0.6411
vn 0.0237 -0.8441 -0.5357
vn 0.0389 -0.1124 -0.9929
vn -0.2293 -0.7408 -0.6313
vn 0.4083 -0.8365 -0.3655
vn 0.7322 -0.0846 -0.6759
vn 0.9984 -0.0419 0.0384
vn 0.5586 -0.8287 0.0356
vn 0.0417 0.9559 -0.2907
vn 0.2211 0.5383 -0.8132
vn -0.2799 0.9249 -0.2571
vn -0.4725 0.4763 -0.7415
vn -0.4860 0.8739 -0.0095
vn -0.9118 0.3540 -0.2083
vn -0.4566 0.8310 0.3177
vn -0.8398 0.2410 0.4864
vn -0.1983 0.8221 0.5337
vn -0.2871 0.2044 0.9358
vn 0.1382 0.8540 0.5016
vn 0.4230 0.2674 0.8658
vn 0.3456 0.9074 0.2392
vn 0.8637 0.3923 0.3164
vn 0.3013 0.9493 -0.0895
vn 0.7754 0.5043 -0.3800
vn -0.0980 -0.8340 0.5429
vn -0.1287 -0.0454 0.9906
vn 0.1599 -0.5434 0.8241
vn -0.3697 -0.9048 0.2115
vn -0.8040 -0.2266 0.5497
vn -0.8940 -0.3118 -0.3218
vn -0.2398 -0.9639 -0.1153
vn -0.5387 -0.6527 -0.5326
vn -0.5708 0.6007 0.5598
vn -0.6697 -0.1170 0.7333
vn -0.2641 0.6761 0.6879
vn -0.0209 0.0371 0.9991
vn 0.0137 0.8269 0.5621
vn 0.5624 0.3653 0.7418
vn 0.0942 0.9598 0.2645
vn 0.7322 0.6702 0.1211
vn 0.0232 0.9397 -0.3412
vn 0.4834 0.7298 -0.4835
vn -0.2745 0.5506 -0.7883
vn -0.1703 0.8909 -0.4210
vn -0.6240 0.7809 -0.0286
vn -0.8099 0.3023 -0.5027
vn -0.7177 0.6463 0.2593
vn -0.9942 -0.0050 0.1072
vn 0.2177 -0.9717 0.0921
vn 0.7601 -0.4858 0.4316
vn 0.5814 -0.8103 0.0725
vn 0.0652 -0.9460 0.3175
vn 0.1937 -0.3421 0.9195
vn -0.2053 -0.9324 0.2976
vn -0.5423 -0.1210 0.8314
vn -0.3435 -0.9381 0.0451
vn -0.9787 -0.1064 0.1754
vn -0.2313 -0.9564 -0.1784
vn -0.7585 -0.3394 -0.5564
vn -0.0492 -0.4949 -0.8676
vn 0.0141 -0.9800 -0.1984
vn 0.1889 -0.7949 -0.5765
vn -0.7924 0.4483 0.4138
vn -0.5291 -0.0992 0.8427
vn -0.5683 0.6997 0.4330
vn -0.0715 0.4466 0.8919
vn -0.4082 0.8879 0.2123
vn 0.2565 0.8671 0.4269
vn -0.3994 0.9098 -0.1129
vn 0.2695 0.9238 -0.2721
vn -0.5434 0.7574 -0.3621
vn -0.0357 0.5893 -0.8071
vn -0.7624 0.5125 -0.3951
vn -0.4881 0.0508 -0.8713
vn -0.9317 0.3141 -0.1826
vn -0.8259 -0.3811 -0.4155
vn -0.9455 0.2857 0.1564
vn -0.8442 -0.4450 0.2987
vn 0.4436 0.8736 -0.2001
vn 0.9607 0.2756 -0.0316
vn 0.9476 0.1038 0.3021
vn 0.2726 0.1095 0.9559
vn 0.9565 -0.2715 0.1069
vn 0.3952 -0.9062 0.1502
vn 0.9660 -0.0608 -0.2514
vn 0.4624 -0.1939 -0.8652
vn 0.2847 0.9523 0.1099
vn 0.9513 0.2813 0.1260
vn 0.4178 -0.2066 0.8848
vn 0.9530 -0.0525 0.2984
vn 0.4462 -0.8770 -0.1782
vn 0.9609 -0.2742 -0.0371
vn 0.9649 0.0830 -0.2493
vn 0.4197 0.1360 -0.8974
vn 0.4493 -0.7661 -0.4596
vn 0.9632 -0.2326 -0.1348
vn 0.9602 0.1249 -0.2498
vn 0.3060 0.5978 -0.7410
vn 0.9553 0.2514 0.1554
vn 0.3857 0.7391 0.5522
vn 0.9540 -0.1511 0.2590
vn 0.4241 -0.4845 0.7652
vn 0.4589 -0.2063 -0.8642
vn 0.9660 -0.0524 -0.2533
vn 0.2896 0.9523 -0.0961
vn 0.9562 0.2814 -0.0810
vn 0.3771 0.1357 0.9162
vn 0.9521 0.0830 0.2944
vn 0.9581 -0.2743 0.0821
vn 0.4374 -0.8771 0.1987
vn 0.4207 -0.4716 0.7750
vn 0.9540 -0.1572 0.2552
vn 0.9570 -0.2711 -0.1028
vn 0.3077 -0.7468 -0.5896
vn 0.9644 0.1331 -0.2287
vn 0.4158 0.5437 -0.7291
vn 0.9560 0.2363 0.1740
vn 0.4304 0.7548 0.4950
vn 0.2708 0.5976 0.7547
vn 0.9474 0.1248 0.2947
vn 0.4272 -0.7663 0.4799
vn 0.9558 -0.2327 0.1799
vn 0.4595 -0.4843 -0.7445
vn 0.9651 -0.1510 -0.2140
vn 0.9616 0.2514 -0.1102
vn 0.4112 0.7393 -0.5332
vn 0.4567 0.4716 -0.7543
vn 0.9649 0.1572 -0.2101
vn 0.2796 0.7468 0.6034
vn 0.9512 0.2711 0.1477
vn 0.3810 -0.5437 0.7478
vn 0.9526 -0.1331 0.2737
vn 0.9631 -0.2363 -0.1289
vn 0.4532 -0.7548 -0.4742
vn 0.2796 -0.7470 0.6032
vn 0.9512 -0.2711 0.1476
vn 0.4567 -0.4714 -0.7545
vn 0.9650 -0.1571 -0.2102
vn 0.4532 0.7550 -0.4740
vn 0.9631 0.2363 -0.1288
vn 0.9526 0.1330 0.2738
vn 0.3810 0.5435 0.7480
vn 0.3962 -0.7987 -0.4529
vn 0.9179 -0.3325 -0.2167
vn 0.4042 -0.4659 -0.7871
vn 0.9203 -0.2398 -0.3091
vn 0.3646 0.2362 0.9007
vn 0.9030 0.0655 0.4246
vn 0.3668 -0.4661 0.8051
vn 0.9047 -0.2399 0.3520
vn 0.3908 0.8923 -0.2261
vn 0.9138 0.4037 -0.0438
vn 0.4065 0.2365 -0.8825
vn 0.9220 0.0656 -0.3817
vn 0.3797 -0.8923 0.2442
vn 0.9108 -0.4037 0.0867
vn 0.3797 0.8922 0.2445
vn 0.9108 0.4037 0.0869
vn 0.9346 0.2856 0.2120
vn 0.4619 0.7504 0.4728
vn 0.4488 0.4922 -0.7458
vn 0.9314 0.2016 -0.3032
vn 0.2761 -0.4300 0.8596
vn 0.9089 -0.2569 0.3285
vn 0.9323 0.1914 0.3070
vn 0.4551 0.4663 0.7586
vn 0.2988 0.8535 -0.4269
vn 0.9218 0.3057 -0.2385
vn 0.9186 -0.3246 0.2253
vn 0.4185 -0.7539 0.5064
vn 0.9469 -0.0672 -0.3143
vn 0.4931 -0.2014 -0.8464
vn 0.4257 -0.8837 0.1946
vn 0.9213 -0.3734 0.1084
vn 0.2968 0.9091 -0.2921
vn 0.9165 0.3998 -0.0120
vn 0.9457 0.1914 -0.2628
vn 0.4903 0.4665 -0.7362
vn 0.4419 -0.7538 -0.4863
vn 0.9282 -0.3245 -0.1820
vn 0.9095 0.3056 0.2816
vn 0.2784 0.8534 0.4407
vn 0.9374 -0.3367 0.0886
vn 0.4678 -0.8579 0.2125
vn 0.4105 0.1840 0.8931
vn 0.9150 0.0859 0.3941
vn 0.3163 -0.2965 -0.9011
vn 0.9254 -0.0339 -0.3774
vn 0.9311 -0.0673 0.3584
vn 0.4528 -0.2017 0.8685
vn 0.9149 0.3998 0.0552
vn 0.2828 0.9091 0.3060
vn 0.9254 -0.3733 -0.0651
vn 0.4344 -0.8836 -0.1746
vn 0.9406 0.3367 -0.0445
vn 0.4773 0.8579 -0.1903
vn 0.9325 -0.0859 -0.3507
vn 0.4520 -0.1840 -0.8728
vn 0.9067 0.0339 0.4205
vn 0.2735 0.2965 0.9150
vn 0.9406 -0.3367 -0.0445
vn 0.4773 -0.8578 -0.1905
vn 0.9067 -0.0341 0.4205
vn 0.2736 -0.2968 0.9149
vn 0.9325 0.0860 -0.3507
vn 0.4520 0.1843 -0.8728
vn 0.4414 -0.8972 0.0102
vn 0.9594 -0.2812 0.0225
vn 0.9642 -0.1988 -0.1756
vn 0.4567 -0.6353 -0.6228
vn 0.9663 -0.0000 -0.2575
vn 0.4632 0.0001 -0.8862
vn 0.9642 0.1988 -0.1755
vn 0.4567 0.6354 -0.6226
vn 0.9594 0.2812 0.0226
vn 0.4414 0.8972 0.0105
vn 0.9549 0.1988 0.2206
vn 0.4269 0.6353 0.6436
vn 0.9531 -0.0000 0.3026
vn 0.4211 -0.0001 0.9070
vn 0.4269 -0.6354 0.6434
vn 0.9549 -0.1988 0.2206
vn 0.9011 0.4273 -0.0735
vn 0.3735 0.9075 -0.1923
vn 0.3474 0.2011 0.9159
vn 0.8888 0.0947 0.4484
vn 0.3640 -0.9075 0.2097
vn 0.8966 -0.4274 0.1158
vn 0.3901 -0.2011 -0.8986
vn 0.9089 -0.0947 -0.4061
vn 0.8967 0.4278 0.1136
vn 0.3641 0.9085 0.2050
vn 0.8888 -0.0925 0.4489
vn 0.3474 -0.1963 0.9169
vn 0.9010 -0.4278 -0.0713
vn 0.3734 -0.9085 -0.1876
vn 0.3901 0.1963 -0.8996
vn 0.9089 0.0925 -0.4066
vn 0.9044 -0.3686 -0.2149
vn 0.3805 -0.7827 -0.4925
vn 0.3871 0.5013 -0.7738
vn 0.9075 0.2361 -0.3474
vn 0.3570 0.7827 0.5098
vn 0.8933 0.3686 0.2571
vn 0.3503 -0.5013 0.7912
vn 0.8902 -0.2361 0.3897
vn 0.9089 -0.0923 -0.4066
vn 0.3901 -0.1961 -0.8997
vn 0.9010 0.4279 -0.0712
vn 0.3733 0.9086 -0.1874
vn 0.8888 0.0923 0.4489
vn 0.3474 0.1961 0.9170
vn 0.3641 -0.9086 0.2047
vn 0.8967 -0.4279 0.1134
vn 0.8902 -0.2364 0.3894
vn 0.3503 -0.5020 0.7907
vn 0.3805 -0.7823 -0.4932
vn 0.9044 -0.3684 -0.2152
vn 0.3871 0.5020 -0.7734
vn 0.9075 0.2364 -0.3471
vn 0.3569 0.7823 0.5106
vn 0.8933 0.3684 0.2575
vn 0.8902 0.2360 0.3897
vn 0.3503 0.5011 0.7913
vn 0.8933 -0.3687 0.2570
vn 0.3570 -0.7829 0.5096
vn 0.9075 -0.2360 -0.3474
vn 0.3871 -0.5011 -0.7740
vn 0.3805 0.7829 -0.4923
vn 0.9044 0.3687 -0.2148
vn 0.9075 0.2364 -0.3472
vn 0.3569 0.7823 0.5105
vn 0.8933 -0.3685 0.2574
vn 0.3569 -0.7824 0.5103
vn 0.9075 -0.2363 -0.3472
vn 0.3871 -0.5018 -0.7735
vn 0.9044 0.3685 -0.2151
vn 0.3805 0.7824 -0.4930
vn 0.3504 0.5018 0.7909
vn 0.8902 0.2363 0.3895
vn 0.9044 -0.3691 -0.2140
vn 0.3805 -0.7839 -0.4907
vn 0.9075 -0.2371 -0.3467
vn 0.3871 -0.5036 -0.7724
vn 0.8888 0.0937 0.4486
vn 0.3474 0.1990 0.9164
vn 0.8902 -0.2373 0.3889
vn 0.3504 -0.5038 0.7895
vn 0.9011 0.4277 -0.0721
vn 0.3734 0.9081 -0.1894
vn 0.9089 0.0938 -0.4063
vn 0.3901 0.1993 -0.8990
vn 0.8967 -0.4277 0.1144
vn 0.3641 -0.9081 0.2068
vn 0.8967 0.4276 0.1145
vn 0.3641 0.9081 0.2070
vn 0.3570 0.7839 0.5080
vn 0.8933 0.3691 0.2563
vn 0.9075 0.2352 -0.3479
vn 0.3872 0.4995 -0.7750
vn 0.8902 -0.2352 0.3902
vn 0.3503 -0.4995 0.7923
vn 0.3504 0.5036 0.7897
vn 0.8902 0.2371 0.3890
vn 0.9044 0.3679 -0.2160
vn 0.3806 0.7813 -0.4948
vn 0.3569 -0.7813 0.5121
vn 0.8933 -0.3679 0.2582
vn 0.3901 -0.1990 -0.8990
vn 0.9089 -0.0937 -0.4063
vn 0.8967 -0.4276 0.1148
vn 0.3641 -0.9079 0.2076
vn 0.9011 0.4276 -0.0725
vn 0.3734 0.9079 -0.1903
vn 0.3871 0.5038 -0.7722
vn 0.9075 0.2372 -0.3466
vn 0.9044 -0.3678 -0.2160
vn 0.3806 -0.7811 -0.4950
vn 0.3569 0.7811 0.5123
vn 0.8933 0.3678 0.2583
vn 0.8888 0.0933 0.4487
vn 0.3474 0.1982 0.9165
vn 0.9089 -0.0933 -0.4064
vn 0.3901 -0.1982 -0.8992
vn 0.3474 -0.1993 0.9163
vn 0.8888 -0.0938 0.4485
vn 0.3641 0.9079 0.2079
vn 0.8967 0.4276 0.1150
vn 0.3734 -0.9079 -0.1906
vn 0.9011 -0.4275 -0.0727
vn 0.3734 0.9081 -0.1895
vn 0.9011 0.4277 -0.0722
vn 0.3734 -0.9081 -0.1897
vn 0.9011 -0.4276 -0.0723
vn 0.3474 -0.1984 0.9165
vn 0.8888 -0.0935 0.4486
vn 0.3901 0.1984 -0.8991
vn 0.9089 0.0934 -0.4064
vn 0.8984 -0.4387 0.0210
vn 0.3679 -0.9298 0.0085
vn 0.3842 -0.6579 -0.6478
vn 0.9061 -0.3108 -0.2871
vn 0.3914 0.0001 -0.9202
vn 0.9096 0.0001 -0.4155
vn 0.3842 0.6581 -0.6476
vn 0.9061 0.3109 -0.2870
vn 0.3679 0.9298 0.0088
vn 0.8984 0.4387 0.0212
vn 0.3533 0.6579 0.6651
vn 0.8916 0.3108 0.3293
vn 0.3477 -0.0001 0.9376
vn 0.8891 -0.0001 0.4578
vn 0.8916 -0.3109 0.3292
vn 0.3533 -0.6581 0.6649
vn 0.4372 -0.8758 0.2044
vn 0.9581 -0.2740 0.0833
vn 0.9660 -0.0607 -0.2514
vn 0.4624 -0.1941 -0.8652
vn 0.9610 0.2740 -0.0381
vn 0.4464 0.8758 -0.1836
vn 0.9531 0.0607 0.2965
vn 0.4212 0.1941 0.8860
vn 0.4463 -0.8768 -0.1790
vn 0.9609 -0.2743 -0.0367
vn 0.4624 0.1895 -0.8662
vn 0.9660 0.0593 -0.2517
vn 0.4374 0.8768 0.1998
vn 0.9581 0.2743 0.0818
vn 0.9531 -0.0593 0.2968
vn 0.4212 -0.1895 0.8870
vn 0.4304 0.7554 0.4941
vn 0.9560 0.2363 0.1739
vn 0.9540 -0.1514 0.2588
vn 0.4241 -0.4838 0.7656
vn 0.9631 -0.2363 -0.1287
vn 0.4532 -0.7554 -0.4733
vn 0.9651 0.1514 -0.2137
vn 0.4595 0.4838 -0.7448
vn 0.4212 0.1892 0.8870
vn 0.9531 0.0592 0.2968
vn 0.4374 -0.8769 0.1996
vn 0.9581 -0.2743 0.0818
vn 0.4624 -0.1892 -0.8662
vn 0.9660 -0.0592 -0.2517
vn 0.9609 0.2743 -0.0366
vn 0.4463 0.8769 -0.1788
vn 0.4596 0.4845 -0.7444
vn 0.9651 0.1516 -0.2136
vn 0.9560 0.2362 0.1741
vn 0.4304 0.7550 0.4947
vn 0.9540 -0.1516 0.2587
vn 0.4240 -0.4845 0.7652
vn 0.9631 -0.2362 -0.1290
vn 0.4532 -0.7550 -0.4740
vn 0.4596 -0.4836 -0.7450
vn 0.9651 -0.1513 -0.2137
vn 0.4532 0.7556 -0.4731
vn 0.9631 0.2364 -0.1287
vn 0.4240 0.4836 0.7657
vn 0.9540 0.1513 0.2589
vn 0.9560 -0.2364 0.1738
vn 0.4304 -0.7555 0.4938
vn 0.4241 -0.4845 0.7651
vn 0.4532 0.7551 -0.4737
vn 0.9631 0.2362 -0.1289
vn 0.4241 0.4843 0.7653
vn 0.9540 0.1515 0.2587
vn 0.4304 -0.7551 0.4945
vn 0.9560 -0.2362 0.1740
vn 0.9651 -0.1515 -0.2136
vn 0.4596 -0.4843 -0.7445
vn 0.4305 0.7565 0.4923
vn 0.9560 0.2367 0.1733
vn 0.4241 0.4860 0.7642
vn 0.9540 0.1521 0.2584
vn 0.4624 -0.1921 -0.8656
vn 0.9660 -0.0601 -0.2515
vn 0.4595 0.4862 -0.7433
vn 0.9651 0.1521 -0.2132
vn 0.4373 -0.8764 0.2016
vn 0.9581 -0.2742 0.0824
vn 0.4212 -0.1923 0.8863
vn 0.9531 -0.0602 0.2966
vn 0.4463 0.8764 -0.1808
vn 0.9610 0.2742 -0.0373
vn 0.4463 -0.8764 -0.1811
vn 0.9610 -0.2742 -0.0373
vn 0.9631 -0.2367 -0.1282
vn 0.4531 -0.7565 -0.4715
vn 0.4240 -0.4821 0.7667
vn 0.9540 -0.1508 0.2592
vn 0.4596 0.4821 -0.7459
vn 0.9651 0.1508 -0.2140
vn 0.9651 -0.1521 -0.2133
vn 0.4595 -0.4860 -0.7434
vn 0.4304 -0.7540 0.4963
vn 0.9560 -0.2359 0.1746
vn 0.9631 0.2359 -0.1294
vn 0.4532 0.7540 -0.4755
vn 0.9531 0.0601 0.2966
vn 0.4212 0.1920 0.8864
vn 0.4463 0.8763 -0.1816
vn 0.9610 0.2742 -0.0375
vn 0.4373 -0.8762 0.2024
vn 0.9581 -0.2741 0.0826
vn 0.9540 -0.1521 0.2583
vn 0.4241 -0.4862 0.7640
vn 0.4304 0.7538 0.4965
vn 0.9560 0.2359 0.1746
vn 0.9631 -0.2359 -0.1295
vn 0.4532 -0.7538 -0.4757
vn 0.9609 0.2742 -0.0373
vn 0.4624 -0.1913 -0.8658
vn 0.9660 -0.0598 -0.2516
vn 0.4212 0.1913 0.8866
vn 0.9531 0.0598 0.2967
vn 0.9660 0.0602 -0.2515
vn 0.4624 0.1923 -0.8656
vn 0.9610 -0.2741 -0.0376
vn 0.4463 -0.8762 -0.1819
vn 0.9581 0.2741 0.0827
vn 0.4373 0.8762 0.2027
vn 0.4624 -0.1912 -0.8658
vn 0.9581 0.2742 0.0825
vn 0.4373 0.8764 0.2018
vn 0.9660 0.0599 -0.2515
vn 0.4624 0.1915 -0.8657
vn 0.9531 -0.0599 0.2967
vn 0.4212 -0.1915 0.8865
vn 0.4403 -0.8978 0.0102
vn 0.9592 -0.2820 0.0225
vn 0.9642 -0.1985 -0.1758
vn 0.4567 -0.6360 -0.6221
vn 0.9665 -0.0000 -0.2567
vn 0.4644 0.0001 -0.8856
vn 0.9642 0.1985 -0.1758
vn 0.4567 0.6362 -0.6219
vn 0.9592 0.2820 0.0226
vn 0.4403 0.8978 0.0105
vn 0.9549 0.1985 0.2210
vn 0.4269 0.6360 0.6429
vn 0.9534 -0.0000 0.3019
vn 0.4223 -0.0001 0.9065
vn 0.4269 -0.6362 0.6427
vn 0.9549 -0.1985 0.2209
vn 0.8984 -0.4387 0.0211
vn 0.9592 0.2819 0.0226
vn 0.9549 0.1984 0.2210
vn 0.9533 -0.0000 0.3019
vn 0.4222 -0.0001 0.9065
vn 0.8952 0.4443 0.0345
vn 0.3648 0.9311 0.0008
vn 0.3447 0.6611 0.6665
vn 0.8859 0.3197 0.3360
vn 0.3348 0.0077 0.9422
vn 0.8796 -0.0135 0.4754
vn 0.3342 -0.6626 0.6703
vn 0.8789 -0.3272 0.3470
vn 0.3667 -0.9304 0.0024
vn 0.8960 -0.4426 0.0368
vn 0.3972 -0.6546 -0.6432
vn 0.9141 -0.2990 -0.2739
vn 0.3986 -0.0075 -0.9171
vn 0.9132 0.0137 -0.4072
vn 0.9068 0.3089 -0.2869
vn 0.3852 0.6570 -0.6480
vn 0.3662 0.9230 0.1186
vn 0.8976 0.4346 0.0729
vn 0.9069 -0.2707 -0.3227
vn 0.3859 -0.5748 -0.7215
vn 0.8925 -0.3440 0.2918
vn 0.3552 -0.7304 0.5834
vn 0.8908 0.2707 0.3650
vn 0.3516 0.5748 0.7389
vn 0.9052 0.3440 -0.2495
vn 0.3822 0.7304 -0.5660
vn 0.3662 -0.9230 0.1184
vn 0.8977 -0.4347 0.0728
vn 0.8886 0.0517 0.4557
vn 0.3470 0.1097 0.9314
vn 0.9001 0.4347 -0.0305
vn 0.3713 0.9230 -0.1010
vn 0.3904 -0.1097 -0.9141
vn 0.9091 -0.0517 -0.4134
vn 0.8908 -0.2708 0.3649
vn 0.3516 -0.5751 0.7387
vn 0.3552 0.7302 0.5836
vn 0.8925 0.3439 0.2919
vn 0.9069 0.2708 -0.3227
vn 0.3859 0.5751 -0.7214
vn 0.9052 -0.3439 -0.2496
vn 0.3822 -0.7302 -0.5663
vn 0.3471 -0.1100 0.9314
vn 0.8887 -0.0518 0.4556
vn 0.9091 0.0518 -0.4134
vn 0.3904 0.1100 -0.9140
vn 0.3713 -0.9230 -0.1013
vn 0.9001 -0.4347 -0.0306
vn 0.9456 -0.2106 0.2478
vn 0.2321 -0.8241 0.5166
vn 0.9646 -0.1789 -0.1939
vn 0.4555 -0.5428 -0.7056
vn 0.9628 0.2319 -0.1383
vn 0.4346 0.6864 -0.5830
vn 0.9543 0.1822 0.2368
vn 0.4167 0.5366 0.7338
vn 0.9042 -0.4180 -0.0883
vn 0.2432 -0.9699 -0.0086
vn 0.9218 0.0389 -0.3858
vn 0.4207 0.1255 -0.8985
vn 0.9372 0.3435 0.0606
vn 0.4691 0.8749 0.1203
vn 0.4187 -0.0743 0.9051
vn 0.9223 -0.0593 0.3819
vn 0.9629 -0.2319 -0.1384
vn 0.4347 -0.6863 -0.5832
vn 0.9646 0.1790 -0.1939
vn 0.4555 0.5430 -0.7055
vn 0.9457 0.2105 0.2478
vn 0.2321 0.8240 0.5169
vn 0.9543 -0.1822 0.2367
vn 0.4168 -0.5368 0.7336
vn 0.9218 -0.0388 -0.3858
vn 0.4207 -0.1252 -0.8985
vn 0.9041 0.4180 -0.0882
vn 0.2432 0.9699 -0.0083
vn 0.9223 0.0592 0.3819
vn 0.4187 0.0740 0.9051
vn 0.4691 -0.8749 0.1201
vn 0.9372 -0.3435 0.0605
vn 0.9562 0.2106 -0.2031
vn 0.2561 0.8241 -0.5052
vn 0.9544 0.1789 0.2390
vn 0.4218 0.5428 0.7262
vn 0.9553 -0.2319 0.1834
vn 0.4068 -0.6864 0.6028
vn 0.9644 -0.1822 -0.1916
vn 0.4508 -0.5366 -0.7133
vn 0.8990 0.4180 0.1307
vn 0.2426 0.9699 0.0200
vn 0.9026 -0.0389 0.4287
vn 0.3780 -0.1255 0.9173
vn 0.9390 -0.3435 -0.0165
vn 0.4743 -0.8749 -0.0981
vn 0.4608 0.0742 -0.8844
vn 0.9392 0.0593 -0.3382
vn 0.9644 0.1822 -0.1916
vn 0.4508 0.5368 -0.7132
vn 0.9553 0.2319 0.1835
vn 0.4068 0.6862 0.6030
vn 0.9544 -0.1790 0.2389
vn 0.4218 -0.5431 0.7260
vn 0.9562 -0.2105 -0.2032
vn 0.2561 -0.8240 -0.5054
vn 0.9390 0.3435 -0.0164
vn 0.4743 0.8749 -0.0979
vn 0.9026 0.0387 0.4287
vn 0.3780 0.1252 0.9173
vn 0.8990 -0.4180 0.1306
vn 0.2425 -0.9699 0.0197
vn 0.4608 -0.0740 -0.8844
vn 0.9392 -0.0592 -0.3382
vn 0.9589 0.2798 0.0471
vn 0.4353 0.8909 0.1294
vn 0.9519 -0.0093 0.3063
vn 0.3806 -0.1593 0.9109
vn 0.9600 -0.2800 -0.0009
vn 0.4398 -0.8912 -0.1116
vn 0.9659 0.0435 -0.2554
vn 0.4530 0.0735 -0.8885
vn 0.9263 0.2122 0.3115
vn 0.4326 0.5785 0.6915
vn 0.9134 -0.3235 0.2472
vn 0.3811 -0.6893 0.6162
vn 0.9224 -0.2532 -0.2918
vn 0.4259 -0.5638 -0.7076
vn 0.4768 0.6958 -0.5372
vn 0.9406 0.2749 -0.1993
vn 0.9658 0.0441 -0.2553
vn 0.4520 0.0720 -0.8891
vn 0.9589 0.2799 0.0468
vn 0.4350 0.8910 0.1302
vn 0.9515 -0.0066 0.3075
vn 0.3694 -0.1664 0.9142
vn 0.9600 -0.2800 -0.0010
vn 0.4398 -0.8911 -0.1114
vn 0.9409 0.2742 -0.1988
vn 0.4777 0.6955 -0.5368
vn 0.9267 0.2108 0.3110
vn 0.4329 0.5797 0.6903
vn 0.9115 -0.3287 0.2471
vn 0.3696 -0.6891 0.6233
vn 0.4248 -0.5633 -0.7086
vn 0.9220 -0.2543 -0.2921
vn 0.9538 -0.2077 0.2170
vn 0.3838 -0.7571 0.5288
vn 0.9646 -0.1788 -0.1940
vn 0.4557 -0.5432 -0.7052
vn 0.9632 0.2282 -0.1421
vn 0.4456 0.6906 -0.5696
vn 0.9544 0.1816 0.2372
vn 0.4179 0.5377 0.7323
vn 0.9182 -0.3927 -0.0513
vn 0.3896 -0.9195 -0.0526
vn 0.9257 0.0429 -0.3758
vn 0.4335 0.1158 -0.8937
vn 0.9354 0.3481 0.0627
vn 0.4642 0.8779 0.1172
vn 0.4222 -0.0730 0.9035
vn 0.9239 -0.0592 0.3781
vn 0.9660 -0.0248 -0.2572
vn 0.4590 -0.1200 -0.8803
vn 0.9604 0.2780 -0.0212
vn 0.4335 0.8989 -0.0638
vn 0.9529 0.0237 0.3025
vn 0.4159 0.1227 0.9011
vn 0.9583 -0.2840 0.0318
vn 0.3971 -0.9019 0.1701
vn 0.9419 0.2210 -0.2529
vn 0.4804 0.5476 -0.6851
vn 0.9090 0.3137 0.2745
vn 0.3956 0.7180 0.5726
vn 0.9109 -0.2254 0.3456
vn 0.3782 -0.6071 0.6988
vn 0.4622 -0.6816 -0.5673
vn 0.9381 -0.2898 -0.1898
vn 0.9603 -0.2779 -0.0220
vn 0.4323 -0.8995 -0.0627
vn 0.9660 0.0246 -0.2573
vn 0.4587 0.1211 -0.8803
vn 0.9580 0.2853 0.0292
vn 0.3851 0.9056 0.1776
vn 0.9529 -0.0239 0.3025
vn 0.4160 -0.1229 0.9010
vn 0.9422 -0.2204 -0.2522
vn 0.4813 -0.5469 -0.6850
vn 0.9385 0.2893 -0.1883
vn 0.4625 0.6806 -0.5683
vn 0.9089 0.2251 0.3511
vn 0.3662 0.6146 0.6986
vn 0.3944 -0.7194 0.5718
vn 0.9085 -0.3142 0.2755
vn 0.9555 0.2281 0.1872
vn 0.4184 0.6905 0.5901
vn 0.9544 -0.1788 0.2391
vn 0.4220 -0.5434 0.7257
vn 0.9630 -0.2077 -0.1720
vn 0.4082 -0.7569 -0.5104
vn 0.9644 0.1816 -0.1920
vn 0.4518 0.5379 -0.7117
vn 0.9070 0.0428 0.4189
vn 0.3909 0.1155 0.9131
vn 0.9148 -0.3928 0.0943
vn 0.3867 -0.9195 0.0706
vn 0.9406 -0.0591 -0.3343
vn 0.4642 -0.0728 -0.8827
vn 0.9373 0.3481 -0.0186
vn 0.4692 0.8780 -0.0949
vn 0.9589 -0.2798 0.0471
vn 0.4353 -0.8910 0.1292
vn 0.9659 -0.0434 -0.2554
vn 0.4530 -0.0732 -0.8885
vn 0.9600 0.2800 -0.0008
vn 0.4398 0.8912 -0.1113
vn 0.9519 0.0092 0.3063
vn 0.3806 0.1590 0.9110
vn 0.9406 -0.2749 -0.1993
vn 0.4768 -0.6956 -0.5374
vn 0.9223 0.2533 -0.2918
vn 0.4259 0.5640 -0.7074
vn 0.9134 0.3234 0.2473
vn 0.3811 0.6891 0.6164
vn 0.4326 -0.5787 0.6914
vn 0.9263 -0.2123 0.3114
vn 0.9515 0.0065 0.3075
vn 0.3694 0.1661 0.9143
vn 0.9589 -0.2799 0.0467
vn 0.4350 -0.8910 0.1299
vn 0.9658 -0.0440 -0.2554
vn 0.4520 -0.0717 -0.8891
vn 0.9600 0.2800 -0.0009
vn 0.4398 0.8912 -0.1111
vn 0.9267 -0.2109 0.3109
vn 0.4329 -0.5799 0.6901
vn 0.9409 -0.2741 -0.1989
vn 0.4777 -0.6953 -0.5370
vn 0.9220 0.2544 -0.2921
vn 0.4248 0.5635 -0.7085
vn 0.3696 0.6889 0.6235
vn 0.9115 0.3286 0.2472
vn 0.9630 0.2077 -0.1719
vn 0.4082 0.7571 -0.5101
vn 0.9544 0.1788 0.2391
vn 0.4220 0.5432 0.7258
vn 0.9555 -0.2282 0.1872
vn 0.4184 -0.6906 0.5899
vn 0.9644 -0.1816 -0.1921
vn 0.4518 -0.5377 -0.7118
vn 0.9148 0.3927 0.0944
vn 0.3867 0.9195 0.0709
vn 0.9070 -0.0429 0.4188
vn 0.3910 -0.1158 0.9131
vn 0.9373 -0.3481 -0.0187
vn 0.4692 -0.8779 -0.0952
vn 0.4642 0.0730 -0.8827
vn 0.9406 0.0592 -0.3343
vn 0.9529 -0.0249 0.3023
vn 0.4172 -0.1202 0.9008
vn 0.9587 -0.2840 0.0132
vn 0.4047 -0.9018 -0.1515
vn 0.9660 0.0238 -0.2574
vn 0.4578 0.1229 -0.8805
vn 0.9583 0.2780 0.0664
vn 0.4300 0.8989 0.0844
vn 0.9281 -0.2898 0.2336
vn 0.4350 -0.6817 0.5882
vn 0.9261 -0.2253 -0.3025
vn 0.4106 -0.6069 -0.6805
vn 0.9209 0.3138 -0.2314
vn 0.4221 0.7182 -0.5532
vn 0.9290 0.2209 0.2970
vn 0.4476 0.5474 0.7071
vn 0.9583 0.2853 0.0160
vn 0.3930 0.9057 -0.1591
vn 0.9529 0.0245 0.3023
vn 0.4168 0.1209 0.9009
vn 0.9583 -0.2779 0.0670
vn 0.4289 -0.8995 0.0827
vn 0.9660 -0.0238 -0.2574
vn 0.4579 -0.1227 -0.8805
vn 0.9286 0.2893 0.2323
vn 0.4353 0.6804 0.5895
vn 0.9293 -0.2205 0.2962
vn 0.4486 -0.5471 0.7067
vn 0.9204 -0.3142 -0.2326
vn 0.4208 -0.7192 -0.5528
vn 0.3986 0.6148 -0.6805
vn 0.9244 0.2252 -0.3080
vn 0.9632 -0.2281 -0.1421
vn 0.4456 -0.6905 -0.5698
vn 0.9646 0.1788 -0.1939
vn 0.4557 0.5434 -0.7050
vn 0.9538 0.2077 0.2171
vn 0.3838 0.7569 0.5290
vn 0.9543 -0.1816 0.2371
vn 0.4179 -0.5379 0.7321
vn 0.9257 -0.0428 -0.3758
vn 0.4335 -0.1155 -0.8937
vn 0.9182 0.3927 -0.0512
vn 0.3896 0.9195 -0.0523
vn 0.9239 0.0591 0.3781
vn 0.4222 0.0728 0.9036
vn 0.4642 -0.8780 0.1169
vn 0.9354 -0.3481 0.0626
vn 0.9520 -0.0098 0.3061
vn 0.3830 -0.1576 0.9102
vn 0.9599 -0.2804 0.0010
vn 0.4372 -0.8918 -0.1166
vn 0.9659 0.0434 -0.2554
vn 0.4533 0.0738 -0.8883
vn 0.9589 0.2802 0.0451
vn 0.4327 0.8914 0.1346
vn 0.9150 -0.3206 0.2450
vn 0.3848 -0.6878 0.6156
vn 0.9210 -0.2538 -0.2955
vn 0.4227 -0.5673 -0.7068
vn 0.9412 0.2741 -0.1973
vn 0.4789 0.6936 -0.5381
vn 0.4277 0.5821 0.6915
vn 0.9251 0.2128 0.3145
vn 0.9632 0.2280 -0.1423
vn 0.4461 0.6909 -0.5689
vn 0.9543 0.1817 0.2371
vn 0.4177 0.5375 0.7325
vn 0.9540 -0.2083 0.2156
vn 0.3894 -0.7531 0.5303
vn 0.9645 -0.1797 -0.1933
vn 0.4546 -0.5413 -0.7073
vn 0.9353 0.3482 0.0629
vn 0.4640 0.8781 0.1169
vn 0.9235 -0.0591 0.3791
vn 0.4214 -0.0735 0.9039
vn 0.9199 -0.3891 -0.0495
vn 0.3961 -0.9166 -0.0542
vn 0.9251 0.0442 -0.3770
vn 0.4323 0.1138 -0.8945
vn 0.9660 0.0219 -0.2577
vn 0.4553 0.1278 -0.8811
vn 0.9583 0.2780 0.0663
vn 0.4303 0.8987 0.0848
vn 0.9528 -0.0228 0.3027
vn 0.4147 -0.1254 0.9013
vn 0.9588 -0.2837 0.0126
vn 0.4070 -0.9011 -0.1497
vn 0.9195 0.3174 -0.2320
vn 0.4190 0.7173 -0.5566
vn 0.9297 0.2190 0.2963
vn 0.4498 0.5483 0.7050
vn 0.9270 -0.2928 0.2341
vn 0.4302 -0.6818 0.5917
vn 0.4143 -0.6061 -0.6789
vn 0.9276 -0.2231 -0.2996
vn 0.9540 0.2082 0.2157
vn 0.3893 0.7530 0.5305
vn 0.9543 -0.1817 0.2371
vn 0.4177 -0.5377 0.7324
vn 0.9632 -0.2279 -0.1423
vn 0.4461 -0.6907 -0.5691
vn 0.9645 0.1797 -0.1933
vn 0.4546 0.5416 -0.7071
vn 0.9234 0.0590 0.3792
vn 0.4214 0.0733 0.9039
vn 0.9353 -0.3482 0.0628
vn 0.4641 -0.8781 0.1166
vn 0.9251 -0.0441 -0.3770
vn 0.4323 -0.1135 -0.8946
vn 0.3961 0.9166 -0.0539
vn 0.9199 0.3891 -0.0494
vn 0.9599 0.2804 0.0011
vn 0.4372 0.8918 -0.1163
vn 0.9520 0.0098 0.3061
vn 0.3830 0.1573 0.9103
vn 0.9589 -0.2802 0.0450
vn 0.4327 -0.8915 0.1343
vn 0.9659 -0.0433 -0.2554
vn 0.4533 -0.0735 -0.8883
vn 0.9150 0.3205 0.2451
vn 0.3847 0.6876 0.6158
vn 0.9251 -0.2128 0.3145
vn 0.4277 -0.5823 0.6913
vn 0.9412 -0.2741 -0.1974
vn 0.4789 -0.6934 -0.5384
vn 0.4227 0.5675 -0.7066
vn 0.9210 0.2539 -0.2954
vn 0.9555 -0.2280 0.1874
vn 0.4189 -0.6909 0.5892
vn 0.9644 -0.1817 -0.1920
vn 0.4517 -0.5376 -0.7121
vn 0.9631 0.2083 -0.1705
vn 0.4138 0.7531 -0.5114
vn 0.9544 0.1797 0.2385
vn 0.4209 0.5413 0.7279
vn 0.9372 -0.3482 -0.0189
vn 0.4690 -0.8781 -0.0949
vn 0.9403 0.0591 -0.3353
vn 0.4635 0.0736 -0.8831
vn 0.9165 0.3891 0.0927
vn 0.3931 0.9166 0.0727
vn 0.9064 -0.0442 0.4201
vn 0.3897 -0.1138 0.9139
vn 0.9528 -0.0219 0.3028
vn 0.4133 -0.1278 0.9016
vn 0.9604 -0.2779 -0.0212
vn 0.4338 -0.8987 -0.0645
vn 0.9660 0.0228 -0.2575
vn 0.4566 0.1254 -0.8808
vn 0.9584 0.2837 0.0325
vn 0.3995 0.9011 0.1687
vn 0.9076 -0.3174 0.2750
vn 0.3924 -0.7173 0.5757
vn 0.9426 -0.2190 -0.2522
vn 0.4825 -0.5483 -0.6831
vn 0.9370 0.2928 -0.1903
vn 0.4575 0.6818 -0.5708
vn 0.3819 0.6061 0.6977
vn 0.9125 0.2231 0.3428
vn 0.9544 -0.1797 0.2384
vn 0.4208 -0.5415 0.7277
vn 0.9631 -0.2082 -0.1706
vn 0.4138 -0.7530 -0.5116
vn 0.9644 0.1817 -0.1919
vn 0.4517 0.5378 -0.7119
vn 0.9555 0.2279 0.1875
vn 0.4189 0.6907 0.5894
vn 0.9165 -0.3891 0.0926
vn 0.3931 -0.9166 0.0725
vn 0.9403 -0.0590 -0.3353
vn 0.4635 -0.0733 -0.8831
vn 0.9372 0.3483 -0.0188
vn 0.4690 0.8781 -0.0946
vn 0.3897 0.1135 0.9139
vn 0.9064 0.0441 0.4201
vn 0.8886 -0.0518 0.4557
vn 0.3470 -0.1100 0.9314
vn 0.9001 -0.4346 -0.0306
vn 0.9070 0.2708 -0.3227
vn 0.3823 -0.7302 -0.5662
vn 0.9001 0.4346 -0.0305
vn 0.8976 -0.4347 0.0728
vn 0.3661 -0.9230 0.1184
vn 0.8977 0.4349 0.0706
vn 0.3663 0.9235 0.1138
vn 0.8886 -0.0495 0.4559
vn 0.3470 -0.1052 0.9319
vn 0.3712 -0.9235 -0.0965
vn 0.9000 -0.4349 -0.0284
vn 0.9091 0.0495 -0.4136
vn 0.3905 0.1052 -0.9146
vn 0.3516 0.5787 0.7359
vn 0.8908 0.2725 0.3636
vn 0.8925 -0.3425 0.2936
vn 0.3551 -0.7274 0.5872
vn 0.9069 -0.2725 -0.3213
vn 0.3858 -0.5787 -0.7185
vn 0.3824 0.7274 -0.5698
vn 0.9053 0.3425 -0.2513
vn 0.9091 0.0495 -0.4137
vn 0.3904 0.1051 -0.9146
vn 0.3663 0.9235 0.1137
vn 0.3470 -0.1051 0.9319
vn 0.9000 -0.4349 -0.0283
vn 0.3712 -0.9235 -0.0964
vn 0.3823 0.7273 -0.5699
vn 0.3516 0.5787 0.7358
vn 0.3551 -0.7273 0.5872
vn 0.3552 -0.7304 0.5833
vn 0.8977 0.4346 0.0729
vn 0.9091 -0.0499 -0.4136
vn 0.3905 -0.1059 -0.9145
vn 0.9000 0.4349 -0.0287
vn 0.3712 0.9234 -0.0972
vn 0.3470 0.1059 0.9319
vn 0.8886 0.0499 0.4559
vn 0.8977 -0.4349 0.0710
vn 0.3663 -0.9234 0.1146
vn 0.3859 0.5781 -0.7190
vn 0.9069 0.2722 -0.3215
vn 0.8925 0.3428 0.2933
vn 0.3551 0.7279 0.5866
vn 0.8908 -0.2722 0.3638
vn 0.3516 -0.5781 0.7364
vn 0.3823 -0.7279 -0.5692
vn 0.9053 -0.3428 -0.2510
vn 0.9000 -0.4348 -0.0289
vn 0.3712 -0.9234 -0.0976
vn 0.9091 0.0500 -0.4136
vn 0.3905 0.1063 -0.9145
vn 0.8977 0.4348 0.0712
vn 0.3662 0.9234 0.1149
vn 0.8886 -0.0500 0.4559
vn 0.3470 -0.1063 0.9318
vn 0.9069 -0.2721 -0.3217
vn 0.3859 -0.5778 -0.7192
vn 0.9053 0.3429 -0.2509
vn 0.3823 0.7281 -0.5690
vn 0.8908 0.2721 0.3639
vn 0.3516 0.5778 0.7366
vn 0.8925 -0.3429 0.2932
vn 0.3551 -0.7281 0.5863
vn 0.8925 0.3439 0.2918
vn 0.3552 0.7303 0.5836
vn 0.3823 -0.7303 -0.5662
vn 0.8887 0.0517 0.4556
vn 0.3471 0.1097 0.9314
vn 0.3663 -0.9236 0.1135
vn 0.8977 -0.4349 0.0705
vn 0.3904 -0.1049 -0.9146
vn 0.9091 -0.0494 -0.4137
vn 0.3712 0.9236 -0.0962
vn 0.9000 0.4349 -0.0282
vn 0.3470 0.1049 0.9320
vn 0.8886 0.0494 0.4559
vn 0.3823 -0.7272 -0.5701
vn 0.9053 -0.3425 -0.2514
vn 0.3858 0.5789 -0.7183
vn 0.9069 0.2726 -0.3212
vn 0.3551 0.7272 0.5874
vn 0.8925 0.3424 0.2937
vn 0.8908 -0.2726 0.3635
vn 0.3516 -0.5789 0.7357
vn 0.3470 0.1048 0.9320
vn 0.3904 -0.1048 -0.9146
vn 0.3712 0.9236 -0.0961
vn 0.3516 -0.5789 0.7356
vn 0.9053 -0.3424 -0.2514
vn 0.3823 0.7304 -0.5660
vn 0.3470 -0.1062 0.9318
vn 0.9000 -0.4349 -0.0289
vn 0.3712 -0.9234 -0.0975
vn 0.3905 0.1062 -0.9145
vn 0.3552 -0.7281 0.5863
vn 0.9069 -0.2721 -0.3216
vn 0.3823 0.7280 -0.5690
vn 0.9053 0.3428 -0.2509
vn 0.3516 0.5778 0.7365
vn 0.3712 0.9234 -0.0973
vn 0.9000 0.4349 -0.0288
vn 0.3470 0.1060 0.9318
vn 0.3663 -0.9234 0.1147
vn 0.8977 -0.4349 0.0711
vn 0.3904 -0.1060 -0.9145
vn 0.3552 0.7279 0.5865
vn 0.8925 0.3428 0.2932
vn 0.3516 -0.5780 0.7364
vn 0.8908 -0.2722 0.3639
vn 0.9069 0.2722 -0.3216
vn 0.3858 0.5780 -0.7191
vn 0.3904 0.1052 -0.9146
vn 0.3823 0.7274 -0.5698
vn 0.3516 0.5749 0.7389
vn 0.8925 -0.3440 0.2917
vn 0.3662 0.9230 0.1187
vn 0.9001 -0.4346 -0.0307
vn 0.8887 -0.0500 0.4558
vn 0.8925 -0.3429 0.2931
vn 0.8977 -0.4346 0.0728
vn 0.3905 -0.1097 -0.9141
vn 0.9001 0.4347 -0.0306
vn 0.8886 0.0494 0.4560
vn 0.9091 -0.0494 -0.4136
vn 0.3905 -0.1049 -0.9146
vn 0.3824 -0.7272 -0.5701
vn 0.3859 0.5789 -0.7183
vn 0.3904 0.1062 -0.9145
vn 0.8977 0.4349 0.0711
vn 0.3822 -0.7302 -0.5662
vn 0.8887 0.0517 0.4557
vn 0.9013 -0.4193 0.1092
vn 0.3712 -0.9049 0.2084
vn 0.3338 -0.2077 -0.9195
vn 0.8718 -0.0956 -0.4805
vn 0.2940 0.9387 -0.1802
vn 0.8462 0.5180 -0.1247
vn 0.3395 0.1852 0.9222
vn 0.8804 0.1253 0.4573
vn 0.7057 -0.6998 -0.1112
vn 0.1017 -0.9693 -0.2239
vn 0.7164 0.1280 -0.6859
vn 0.1154 0.2264 -0.9672
vn 0.6974 0.7022 0.1435
vn 0.0883 0.9694 0.2289
vn 0.0747 -0.2265 0.9711
vn 0.6869 -0.1269 0.7156
vn 0.7639 0.5298 0.3685
vn 0.1745 0.8340 0.5234
vn 0.2160 -0.5119 0.8315
vn 0.7951 -0.3321 0.5074
vn 0.2092 -0.8393 -0.5018
vn 0.7826 -0.5112 -0.3552
vn 0.1738 0.5142 -0.8399
vn 0.7587 0.3831 -0.5270
vn 0.7153 0.1691 0.6780
vn 0.1114 0.1904 0.9754
vn 0.7267 -0.6618 0.1843
vn 0.1290 -0.9724 0.1946
vn 0.7464 -0.1691 -0.6436
vn 0.1571 -0.1904 -0.9690
vn 0.1379 0.9724 -0.1883
vn 0.7346 0.6618 -0.1499
vn 0.8862 0.2729 -0.3743
vn 0.3559 0.5026 -0.7879
vn 0.3207 0.7875 0.5263
vn 0.8679 0.4192 0.2664
vn 0.3681 -0.5053 0.7805
vn 0.9004 -0.2117 0.3801
vn 0.4009 -0.7775 -0.4846
vn 0.9166 -0.3404 -0.2095
vn 0.9553 -0.1544 -0.2521
vn 0.4461 -0.4927 -0.7471
vn 0.8911 0.4228 -0.1652
vn 0.3202 0.7880 -0.5258
vn 0.8469 0.3555 0.3954
vn 0.2083 0.4918 0.8454
vn 0.3929 -0.7817 0.4843
vn 0.9255 -0.2780 0.2573
vn 0.8171 -0.2851 0.5011
vn 0.2472 -0.5355 0.8076
vn 0.8351 -0.4806 -0.2675
vn 0.2781 -0.8023 -0.5283
vn 0.8397 0.2851 -0.4622
vn 0.2849 0.5355 -0.7950
vn 0.2529 0.8023 0.5407
vn 0.8216 0.4807 0.3065
vn 0.7083 0.5866 -0.3927
vn 0.1049 0.8481 -0.5193
vn 0.7026 0.3959 0.5912
vn 0.0950 0.5223 0.8475
vn 0.6972 -0.5841 0.4155
vn 0.0885 -0.8456 0.5264
vn 0.1041 -0.5243 -0.8451
vn 0.7077 -0.4077 -0.5770
vn 0.8595 0.4412 0.2580
vn 0.3132 0.7850 0.5344
vn 0.6882 0.4058 0.6014
vn 0.0759 0.5250 0.8477
vn 0.7683 -0.1065 -0.6312
vn 0.1891 -0.2352 -0.9534
vn 0.7455 0.3487 -0.5681
vn 0.1544 0.5523 -0.8192
vn 0.9138 -0.3911 0.1096
vn 0.3916 -0.8975 0.2030
vn 0.8732 -0.0116 0.4873
vn 0.3110 -0.2392 0.9198
vn 0.8324 0.5415 -0.1179
vn 0.2712 0.9451 -0.1825
vn 0.7020 -0.7029 -0.1144
vn 0.0961 -0.9694 -0.2260
vn 0.3631 -0.7917 -0.4912
vn 0.8924 -0.3810 -0.2417
vn 0.8964 -0.2183 0.3858
vn 0.3609 -0.5045 0.7843
vn 0.8515 0.2861 -0.4394
vn 0.3012 0.5231 -0.7973
vn 0.1142 -0.5256 -0.8431
vn 0.7149 -0.4054 -0.5697
vn 0.6941 -0.5843 0.4206
vn 0.0854 -0.8453 0.5274
vn 0.1047 0.8458 -0.5230
vn 0.7091 0.5873 -0.3903
vn 0.1967 0.2193 0.9556
vn 0.7816 0.1232 0.6115
vn 0.7553 0.6475 -0.1013
vn 0.1664 0.9598 -0.2262
vn 0.7952 -0.5948 0.1179
vn 0.2213 -0.9466 0.2346
vn 0.1158 -0.5523 0.8256
vn 0.7180 -0.3487 0.6025
vn 0.7216 0.5877 0.3660
vn 0.1196 0.8226 0.5559
vn 0.1456 -0.8226 -0.5497
vn 0.7380 -0.5877 -0.3316
vn 0.3252 0.9259 -0.1924
vn 0.8695 0.4863 -0.0869
vn 0.9062 -0.0757 -0.4159
vn 0.3882 -0.2066 -0.8981
vn 0.8818 0.1193 0.4564
vn 0.3404 0.1863 0.9216
vn 0.4113 0.1795 -0.8937
vn 0.9352 0.1273 -0.3304
vn 0.4374 -0.8792 -0.1890
vn 0.9519 -0.3046 -0.0319
vn 0.2037 0.9554 0.2137
vn 0.8705 0.4725 0.1374
vn 0.2624 -0.9451 0.1950
vn 0.8259 -0.5415 0.1569
vn 0.2425 0.1885 0.9517
vn 0.8148 0.1385 0.5629
vn 0.2870 -0.1885 -0.9392
vn 0.8404 -0.1385 -0.5240
vn 0.1012 0.9672 0.2330
vn 0.7062 0.6940 0.1401
vn 0.1065 0.2294 -0.9675
vn 0.7095 0.1295 -0.6927
vn 0.0886 -0.2267 0.9699
vn 0.6981 -0.1301 0.7041
vn 0.8505 -0.3425 0.3993
vn 0.1107 -0.6834 0.7216
vn 0.7486 -0.2371 0.6192
vn 0.8236 -0.5669 0.0201
vn -0.0521 -0.9979 0.0397
vn 0.8516 -0.3455 -0.3942
vn -0.1474 -0.7477 -0.6475
vn 0.9616 0.0436 -0.2711
vn 0.0928 -0.0886 -0.9917
vn 0.5468 0.6376 -0.5427
vn 0.9993 0.0286 0.0240
vn 0.7747 0.6322 0.0132
vn 0.9203 -0.3816 0.0866
vn 0.1737 -0.9808 0.0882
vn 0.9032 -0.3381 -0.2643
vn 0.1411 -0.7727 -0.6189
vn 0.9128 -0.0187 -0.4079
vn 0.2339 -0.1033 -0.9668
vn 0.3529 0.6090 -0.7104
vn 0.9416 0.2618 -0.2116
vn 0.7987 0.5392 -0.2672
vn 0.9982 0.0304 0.0512
vn 0.5702 0.2204 0.7914
vn 0.7644 0.5382 0.3549
vn 0.3497 -0.6133 0.7083
vn 0.9612 -0.1374 0.2391
vn -0.9633 -0.2683 -0.0116
vn -0.5909 -0.5107 0.6245
vn -0.9891 0.0928 0.1140
vn -0.5226 0.2567 0.8131
vn -0.9263 0.3615 -0.1057
vn -0.4077 0.8317 0.3770
vn -0.8310 0.3251 -0.4514
vn -0.3144 0.8821 -0.3509
vn -0.5357 0.0915 -0.8395
vn -0.1386 0.5158 -0.8454
vn -0.4002 -0.9123 0.0870
vn -0.6643 -0.6565 -0.3574
vn 0.8598 0.4760 0.1847
vn 0.0654 0.9273 0.3685
vn 0.7385 0.6741 0.0150
vn 0.8146 0.1977 0.5453
vn -0.1053 0.4045 0.9085
vn 0.8624 -0.2416 0.4449
vn -0.1204 -0.3415 0.9322
vn 0.9590 -0.2691 0.0886
vn 0.2015 -0.8814 0.4272
vn 0.5586 -0.7347 -0.3850
vn 0.9998 -0.0153 -0.0123
vn 0.7809 -0.2475 -0.5735
vn -0.9133 -0.2414 0.3280
vn -0.3826 -0.6204 0.6846
vn -0.8894 0.0748 0.4510
vn -0.3294 0.0462 0.9431
vn -0.8706 0.3823 0.3098
vn -0.3018 0.6983 0.6491
vn -0.8680 0.4966 -0.0050
vn -0.3161 0.9486 -0.0166
vn -0.8825 0.3587 -0.3042
vn -0.3629 0.6593 -0.6585
vn -0.9055 0.0542 -0.4209
vn -0.4150 0.0056 -0.9098
vn -0.9242 -0.2470 -0.2913
vn -0.4425 -0.6393 -0.6288
vn -0.9277 -0.3729 0.0171
vn -0.4294 -0.9026 0.0298
vn 0.9020 -0.2119 0.3762
vn 0.2374 -0.4438 0.8641
vn 0.9063 -0.4038 0.1246
vn 0.2417 -0.9224 0.3014
vn 0.9126 -0.3610 -0.1922
vn 0.2504 -0.8646 -0.4356
vn 0.9174 -0.1012 -0.3850
vn 0.2611 -0.2980 -0.9182
vn 0.9181 0.2152 -0.3327
vn 0.2728 0.4437 -0.8537
vn 0.9142 0.3976 -0.0780
vn 0.2756 0.9172 -0.2877
vn 0.9078 0.3513 0.2292
vn 0.2636 0.8563 0.4442
vn 0.2458 0.2947 0.9234
vn 0.9026 0.1013 0.4185
vn -0.6994 0.6562 0.2832
vn -0.2592 0.8213 0.5082
vn -0.5279 0.3110 -0.7903
vn -0.8388 0.4047 -0.3641
vn -0.9650 -0.1682 -0.2014
vn -0.5414 -0.3460 -0.7663
vn -0.9070 -0.4206 0.0191
vn -0.3907 -0.8700 -0.3008
vn -0.8299 -0.4312 0.3540
vn -0.2223 -0.8893 0.3997
vn -0.7821 -0.1905 0.5933
vn -0.1383 -0.3895 0.9106
vn -0.7919 0.1463 0.5928
vn -0.1882 0.3220 0.9278
vn 0.9105 -0.1987 0.3625
vn 0.2603 -0.4816 0.8368
vn 0.9212 -0.3751 0.1029
vn 0.2542 -0.9277 0.2735
vn 0.9474 -0.2744 -0.1649
vn 0.3291 -0.8361 -0.4388
vn 0.9673 -0.0511 -0.2484
vn 0.4321 -0.2591 -0.8638
vn 0.9766 0.1274 -0.1730
vn 0.5335 0.4259 -0.7308
vn 0.4950 0.8665 -0.0645
vn 0.9879 0.1523 0.0290
vn 0.7464 0.6256 0.2272
vn 0.9474 0.1361 0.2898
vn 0.2876 0.2982 0.9102
vn 0.7363 0.4553 0.5006
vn -0.7636 -0.1203 0.6344
vn -0.3091 -0.3094 0.8993
vn -0.4672 0.6315 -0.6188
vn -0.8476 0.4449 -0.2892
vn -0.8683 -0.1160 -0.4822
vn -0.3310 0.0769 -0.9405
vn -0.7922 -0.4443 -0.4184
vn -0.1349 -0.5986 -0.7896
vn -0.7661 -0.6303 -0.1258
vn -0.0728 -0.9815 -0.1770
vn -0.8077 -0.5514 0.2087
vn -0.1833 -0.8330 0.5220
vn 0.8410 -0.3779 -0.3871
vn 0.0484 -0.7161 -0.6963
vn 0.8671 0.0340 -0.4971
vn 0.0999 -0.0267 -0.9946
vn 0.9128 0.3276 -0.2440
vn 0.2135 0.6556 -0.7243
vn 0.9654 0.2543 0.0574
vn 0.4038 0.9120 -0.0720
vn 0.5678 0.5253 0.6337
vn 0.9989 -0.0018 0.0471
vn 0.7416 -0.0962 0.6639
vn 0.8313 0.0014 0.5558
vn 0.0891 0.0077 0.9960
vn 0.7261 0.2587 0.6370
vn 0.8273 -0.3907 0.4037
vn 0.0680 -0.6997 0.7112
vn 0.0417 -0.9991 0.0094
vn 0.8287 -0.5596 0.0100
vn -0.9625 -0.0280 0.2700
vn -0.5573 -0.1828 0.8099
vn -0.9304 0.2917 0.2220
vn -0.4930 0.5067 0.7073
vn -0.8734 0.4859 -0.0337
vn -0.3578 0.9205 0.1570
vn -0.8229 0.4412 -0.3581
vn -0.2287 0.8161 -0.5307
vn -0.8092 0.1731 -0.5614
vn -0.1822 0.2429 -0.9528
vn -0.8422 -0.1615 -0.5144
vn -0.2475 -0.4631 -0.8510
vn -0.9019 -0.3564 -0.2439
vn -0.3858 -0.8776 -0.2846
vn -0.9515 -0.2968 0.0813
vn -0.5139 -0.7568 0.4040
vn 0.8466 0.0725 -0.5273
vn 0.0686 0.0822 -0.9943
vn 0.5623 -0.1983 -0.8028
vn 0.9099 0.3594 -0.2074
vn 0.2402 0.7774 -0.5814
vn 0.3052 0.9081 0.2867
vn 0.9613 0.2449 0.1264
vn 0.6407 0.5631 0.5219
vn -0.5869 0.5440 -0.5998
vn 0.1348 0.6346 -0.7610
vn -0.6596 0.2316 -0.7151
vn -0.0137 -0.0259 -0.9996
vn -0.8136 -0.0401 -0.5801
vn -0.3485 -0.5965 -0.7230
vn -0.9534 -0.1065 -0.2821
vn -0.6680 -0.7371 -0.1022
vn -0.9474 -0.0072 0.3199
vn -0.7414 -0.4602 0.4884
vn -0.5685 0.3112 0.7615
vn -0.9003 0.1898 0.3917
vn -0.7807 0.6247 -0.0189
vn -0.3130 0.8325 0.4571
vn -0.6392 0.7048 -0.3077
vn 0.0086 0.9881 -0.1535
vn 0.9733 -0.2218 -0.0591
vn 0.4949 -0.7795 -0.3841
vn 0.8112 -0.5842 -0.0263
vn 0.9531 -0.0800 -0.2919
vn 0.3633 -0.2366 -0.9012
vn 0.9393 0.1911 -0.2850
vn 0.1410 0.5027 -0.8529
vn 0.9393 0.3410 -0.0392
vn 0.1116 0.9694 -0.2185
vn 0.9522 0.2395 0.1897
vn 0.3271 0.7837 0.5280
vn 0.4745 0.0898 0.8756
vn 0.9751 -0.0048 0.2217
vn 0.7811 -0.1617 0.6032
vn -0.4376 0.7721 -0.4607
vn 0.1194 0.4891 -0.8640
vn -0.6888 0.5474 -0.4754
vn -0.4257 0.0296 -0.9044
vn -0.8822 0.3978 -0.2519
vn -0.8572 -0.2762 -0.4346
vn -0.9118 0.4042 0.0728
vn -0.9301 -0.2565 0.2628
vn -0.7650 0.5597 0.3185
vn -0.6079 0.0735 0.7906
vn -0.5207 0.7801 0.3469
vn -0.0705 0.5284 0.8461
vn -0.3172 0.9392 0.1314
vn 0.3722 0.8445 0.3851
vn -0.2809 0.9371 -0.2071
vn 0.4528 0.8293 -0.3274
vt 0.000000 0.000000
vt 0.000000 0.039476
vt 0.000000 0.750000
vt 0.000000 0.627491
vt 0.000000 0.584222
vt 0.000000 0.031905
vt 0.916667 0.125000
vt 0.997430 0.125000
vt 0.997384 0.000000
vt 0.916667 0.000000
vt 0.000000 0.125000
vt 0.083333 0.125000
vt 0.083333 0.000000
vt 0.000000 0.250000
vt 0.083333 0.250000
vt 0.007340 0.500000
vt 0.083333 0.500000
vt 0.083333 0.375000
vt 0.006374 0.375000
vt 0.009034 0.625000
vt 0.083333 0.625000
vt 0.007341 0.500000
vt 0.011019 0.750000
vt 0.083333 0.750000
vt 0.009033 0.625000
vt 0.011120 0.875000
vt 0.083333 0.875000
vt 0.011019 0.750000
vt 0.000000 1.000000
vt 0.083333 1.000000
vt 0.011119 0.875000
vt 0.000000 0.877536
vt 0.166667 1.000000
vt 0.166667 0.875000
vt 0.166667 0.125000
vt 0.166667 0.000000
vt 0.166667 0.250000
vt 0.166667 0.375000
vt 0.166667 0.500000
vt 0.166667 0.625000
vt 0.166667 0.750000
vt 0.250000 1.000000
vt 0.250000 0.875000
vt 0.250000 0.125000
vt 0.250000 0.000000
vt 0.250000 0.250000
vt 0.250000 0.375000
vt 0.250000 0.500000
vt 0.250000 0.625000
vt 0.250000 0.750000
vt 0.333333 1.000000
vt 0.333333 0.875000
vt 0.333333 0.125000
vt 0.333333 0.000000
vt 0.333333 0.250000
vt 0.333333 0.375000
vt 0.333333 0.500000
vt 0.333333 0.625000
vt 0.333333 0.750000
vt 0.416667 1.000000
vt 0.416667 0.875000
vt 0.416667 0.125000
vt 0.416667 0.000000
vt 0.416667 0.250000
vt 0.416667 0.375000
vt 0.416667 0.500000
vt 0.416667 0.625000
vt 0.416667 0.750000
vt 0.500000 1.000000
vt 0.500000 0.875001
vt 0.500000 0.125000
vt 0.500000 0.000000
vt 0.500000 0.250000
vt 0.500000 0.375000
vt 0.500000 0.500000
vt 0.500000 0.625000
vt 0.500000 0.750000
vt 0.583333 1.000000
vt 0.583333 0.875000
vt 0.583333 0.125000
vt 0.583333 0.000000
vt 0.583333 0.250000
vt 0.583333 0.375000
vt 0.583333 0.500000
vt 0.583333 0.625000
vt 0.583333 0.750000
vt 0.666667 1.000000
vt 0.666667 0.875000
vt 0.666667 0.125000
vt 0.666666 0.000000
vt 0.666666 0.250000
vt 0.666667 0.375000
vt 0.666667 0.500000
vt 0.666667 0.625000
vt 0.666666 0.750000
vt 0.750000 1.000000
vt 0.750000 0.875000
vt 0.750000 0.125000
vt 0.750000 0.000000
vt 0.750000 0.250000
vt 0.750000 0.375000
vt 0.750000 0.500000
vt 0.750000 0.625000
vt 0.750000 0.750000
vt 0.833333 1.000000
vt 0.833333 0.875000
vt 0.833333 0.125000
vt 0.833333 0.000000
vt 0.833333 0.250000
vt 0.833333 0.375000
vt 0.833333 0.500000
vt 0.833333 0.625000
vt 0.833333 0.750000
vt 0.916667 1.000000
vt 0.916667 0.875000
vt 0.916667 0.250000
vt 0.916667 0.375000
vt 0.916667 0.500000
vt 0.916667 0.625000
vt 0.916667 0.750000
vt 1.000000 0.858125
vt 1.000000 0.016876
vt 1.000000 0.128675
vt 1.000000 0.251930
vt 1.000000 0.375609
vt 1.000000 0.499391
vt 1.000000 0.623070
vt 1.000000 0.746325
vt 0.997384 1.000000
vt 0.997653 0.875000
vt 0.998044 0.375000
vt 0.997740 0.250000
vt 0.998199 0.500000
vt 0.998044 0.375000
vt 0.998176 0.625000
vt 0.998199 0.500000
vt 0.997979 0.750000
vt 0.998176 0.625000
vt 0.997652 0.875000
vt 0.997979 0.750000
vt 0.001698 1.000000
vt 0.083333 0.875000
vt 0.001860 0.875000
vt 0.001589 0.125000
vt 0.083333 0.125000
vt 0.001698 0.000000
vt 0.001626 0.250000
vt 0.083333 0.250000
vt 0.001589 0.125000
vt 0.001814 0.375000
vt 0.083333 0.375000
vt 0.001626 0.250000
vt 0.000000 0.500000
vt 0.083333 0.500000
vt 0.001814 0.375000
vt 0.000000 0.377467
vt 0.000000 0.747519
vt 0.001983 0.750000
vt 0.083333 0.750000
vt 0.083333 0.625000
vt 0.000000 0.625000
vt 0.001859 0.875000
vt 0.001983 0.750000
vt 0.916667 0.125000
vt 0.998908 0.125000
vt 0.998971 0.000000
vt 0.916667 0.000000
vt 0.166667 1.000000
vt 0.166667 0.000000
vt 0.166667 0.250000
vt 0.166667 0.375000
vt 0.166667 0.500000
vt 0.166667 0.625000
vt 0.166667 0.750000
vt 0.250000 0.875000
vt 0.250000 0.250000
vt 0.250000 0.375000
vt 0.250000 0.500000
vt 0.250000 0.625000
vt 0.250000 0.750000
vt 0.333333 0.999999
vt 0.333333 0.875000
vt 0.333333 0.125000
vt 0.333333 0.000000
vt 0.333333 0.250000
vt 0.333333 0.375000
vt 0.333333 0.500000
vt 0.333333 0.750000
vt 0.416667 1.000000
vt 0.416667 0.875000
vt 0.416667 0.125000
vt 0.416667 0.000000
vt 0.416666 0.375000
vt 0.416666 0.500000
vt 0.416667 0.625000
vt 0.416667 0.750000
vt 0.500000 0.875000
vt 0.500000 0.375000
vt 0.500000 0.750000
vt 0.583333 1.000000
vt 0.583333 0.875000
vt 0.583333 0.125000
vt 0.583333 0.250000
vt 0.583333 0.375000
vt 0.583333 0.625000
vt 0.583333 0.750000
vt 0.666667 0.875000
vt 0.666667 0.125000
vt 0.666667 0.000000
vt 0.666667 0.250000
vt 0.666667 0.375000
vt 0.666667 0.500000
vt 0.666667 0.625000
vt 0.666667 0.750000
vt 0.750000 1.000000
vt 0.750000 0.125000
vt 0.750000 0.000000
vt 0.750000 0.250000
vt 0.750000 0.375000
vt 0.750000 0.500000
vt 0.750000 0.625000
vt 0.833333 1.000000
vt 0.833333 0.875000
vt 0.833333 0.125000
vt 0.833333 0.250000
vt 0.833333 0.375000
vt 0.833333 0.500000
vt 0.833333 0.625000
vt 0.833333 0.750000
vt 0.916667 1.000000
vt 0.916667 0.875000
vt 0.916667 0.250000
vt 0.916666 0.375000
vt 0.916667 0.500000
vt 0.916667 0.625000
vt 0.916667 0.750000
vt 1.000000 0.871373
vt 1.000000 0.017346
vt 1.000000 0.128778
vt 1.000000 0.251956
vt 1.000000 0.375858
vt 1.000000 0.504014
vt 1.000000 0.625000
vt 1.000000 0.750000
vt 0.998971 1.000000
vt 0.998997 0.875000
vt 0.998942 0.375000
vt 0.998895 0.250000
vt 0.998953 0.500000
vt 0.998942 0.375000
vt 1.000000 0.504015
vt 0.998997 0.875000
vt 1.000000 0.871373
vt 0.000000 0.372481
vt 0.002005 0.375000
vt 0.083333 0.375000
vt 0.083333 0.250000
vt 0.000000 0.250000
vt 0.916667 0.125000
vt 0.998882 0.125000
vt 0.998870 0.000000
vt 0.916666 0.000000
vt 0.000000 0.125000
vt 0.083333 0.125000
vt 0.083333 0.000000
vt 0.003261 0.500000
vt 0.083333 0.500000
vt 0.002005 0.375000
vt 0.004012 0.625000
vt 0.083333 0.625000
vt 0.003261 0.500000
vt 0.002861 0.750000
vt 0.004012 0.625000
vt 0.001785 0.875000
vt 0.002861 0.750000
vt 0.083333 1.000000
vt 0.001785 0.875000
vt 0.000000 0.877520
vt 0.166667 0.875000
vt 0.166667 0.125000
vt 0.166667 0.000000
vt 0.166667 0.375000
vt 0.166667 0.500000
vt 0.166667 0.750000
vt 0.250000 0.250000
vt 0.250000 0.375000
vt 0.250000 0.500000
vt 0.250000 0.625000
vt 0.333333 1.000000
vt 0.333333 0.000000
vt 0.333333 0.250000
vt 0.333333 0.375000
vt 0.333333 0.500000
vt 0.333333 0.625000
vt 0.416667 0.875000
vt 0.416667 0.125000
vt 0.416667 0.000000
vt 0.416667 0.250000
vt 0.416667 0.375000
vt 0.416667 0.500000
vt 0.416667 0.625000
vt 0.416667 0.750000
vt 0.500000 0.875000
vt 0.500000 0.125000
vt 0.500000 0.250000
vt 0.500000 0.375000
vt 0.500000 0.750000
vt 0.583333 0.000000
vt 0.583333 0.250000
vt 0.583333 0.500000
vt 0.583333 0.625000
vt 0.583333 0.750000
vt 0.666667 0.875000
vt 0.666666 0.125000
vt 0.666667 0.250000
vt 0.666667 0.375000
vt 0.666667 0.500000
vt 0.666667 0.750000
vt 0.749999 0.999999
vt 0.750000 0.875000
vt 0.750000 0.250000
vt 0.750000 0.375000
vt 0.750000 0.500000
vt 0.750000 0.750000
vt 0.833333 1.000000
vt 0.833333 0.125000
vt 0.833333 0.000000
vt 0.833333 0.250000
vt 0.833333 0.375000
vt 0.833334 0.500000
vt 0.833333 0.625000
vt 0.833333 0.750000
vt 0.916667 0.875000
vt 0.916667 0.250000
vt 0.916667 0.500000
vt 0.916667 0.625000
vt 0.916667 0.750000
vt 1.000000 0.858125
vt 1.000000 0.016875
vt 1.000000 0.128676
vt 1.000000 0.251930
vt 1.000000 0.375609
vt 1.000000 0.499391
vt 1.000000 0.623070
vt 1.000000 0.746324
vt 0.998869 1.000000
vt 0.998786 0.875000
vt 0.998705 0.375000
vt 0.998821 0.250000
vt 0.998595 0.500000
vt 0.998574 0.625000
vt 0.998663 0.750000
vt 0.998574 0.625000
vt 0.998786 0.875000
vt 0.998663 0.750000
vt 0.001981 1.000000
vt 0.083333 1.000000
vt 0.083333 0.875000
vt 0.001657 0.875000
vt 0.002228 0.125000
vt 0.083333 0.125000
vt 0.083333 0.000000
vt 0.001980 0.000000
vt 0.002136 0.250000
vt 0.083333 0.250000
vt 0.002228 0.125000
vt 0.001813 0.375000
vt 0.083333 0.375000
vt 0.002136 0.250000
vt 0.001538 0.500000
vt 0.001813 0.375000
vt 0.001415 0.625000
vt 0.083333 0.625000
vt 0.001538 0.500000
vt 0.001455 0.750000
vt 0.083333 0.750000
vt 0.001416 0.625000
vt 0.001657 0.875000
vt 0.001455 0.750000
vt 1.000000 0.125000
vt 1.000000 0.003877
vt 0.998194 0.000000
vt 0.166667 1.000000
vt 0.166667 0.875000
vt 0.166667 0.375000
vt 0.166667 0.750000
vt 0.250000 0.375000
vt 0.250000 0.500000
vt 0.333334 0.875000
vt 0.333333 0.125000
vt 0.333334 0.250000
vt 0.333333 0.375000
vt 0.333333 0.500000
vt 0.333333 0.625000
vt 0.333333 0.750000
vt 0.416666 0.999999
vt 0.416667 0.875000
vt 0.416667 0.125000
vt 0.416666 0.000000
vt 0.416667 0.375000
vt 0.416667 0.625000
vt 0.416667 0.750000
vt 0.500000 0.250000
vt 0.500000 0.375000
vt 0.500000 0.500000
vt 0.500000 0.750000
vt 0.583334 1.000001
vt 0.583333 0.875000
vt 0.583333 0.125000
vt 0.583334 0.000000
vt 0.583333 0.375000
vt 0.583333 0.500000
vt 0.583333 0.750000
vt 0.666667 0.875000
vt 0.666666 0.125000
vt 0.666667 0.000000
vt 0.666667 0.250000
vt 0.666667 0.375000
vt 0.666667 0.500000
vt 0.666667 0.625000
vt 0.666667 0.750000
vt 0.750000 0.875000
vt 0.750000 0.625000
vt 0.833334 1.000001
vt 0.833333 0.875000
vt 0.833334 0.125000
vt 0.833334 0.375000
vt 0.833333 0.500000
vt 0.833333 0.625000
vt 0.833333 0.750000
vt 0.916667 1.000000
vt 0.916667 0.250000
vt 0.916667 0.500000
vt 0.916667 0.625001
vt 0.916667 0.750000
vt 1.000000 0.858125
vt 1.000000 0.003877
vt 1.000000 0.246123
vt 1.000000 0.375609
vt 1.000000 0.499391
vt 1.000000 0.623071
vt 1.000000 0.746325
vt 0.998194 1.000000
vt 0.998485 0.875000
vt 0.998787 0.500000
vt 0.998607 0.375000
vt 0.998318 0.250000
vt 1.000000 0.246123
vt 0.998825 0.625000
vt 0.998723 0.750000
vt 0.998826 0.625000
vt 0.998485 0.875000
vt 0.998723 0.750000
vt 0.002006 1.000000
vt 0.001415 0.875000
vt 0.003208 0.125000
vt 0.002006 0.000000
vt 0.003913 0.250000
vt 0.083333 0.250000
vt 0.003209 0.125000
vt 0.002749 0.375000
vt 0.083333 0.375000
vt 0.003913 0.250000
vt 0.001748 0.500000
vt 0.002749 0.375000
vt 0.001318 0.625000
vt 0.001748 0.500000
vt 0.083333 0.750000
vt 0.001318 0.625000
vt 0.000000 0.872508
vt 0.001415 0.875000
vt 0.999999 0.125000
vt 1.000000 0.003877
vt 0.997677 -0.000000
vt 0.916667 0.000000
vt 0.166667 0.125000
vt 0.166667 0.250000
vt 0.166667 0.375000
vt 0.166667 0.500000
vt 0.166667 0.625000
vt 0.166667 0.750000
vt 0.250000 0.875000
vt 0.250000 0.250000
vt 0.250000 0.500000
vt 0.250000 0.625000
vt 0.333333 0.875000
vt 0.333333 0.125000
vt 0.333333 0.250000
vt 0.333334 0.375000
vt 0.333333 0.750000
vt 0.416667 0.125000
vt 0.416667 0.000000
vt 0.416666 0.250000
vt 0.416667 0.500000
vt 0.416667 0.750000
vt 0.500000 0.375000
vt 0.500000 0.500000
vt 0.500000 0.625000
vt 0.500000 0.750000
vt 0.583333 0.500000
vt 0.583334 0.625000
vt 0.666667 0.875000
vt 0.666667 0.125000
vt 0.666667 0.750000
vt 0.750000 0.000000
vt 0.750000 0.500000
vt 0.750000 0.750000
vt 0.833333 0.875000
vt 0.833333 0.125000
vt 0.833333 0.000000
vt 0.833333 0.375000
vt 0.833333 0.500000
vt 0.833333 0.625000
vt 0.916667 1.000000
vt 0.916667 0.875000
vt 0.916666 0.250000
vt 0.916667 0.375000
vt 0.916667 0.500000
vt 0.916667 0.750000
vt 1.000000 0.858125
vt 1.000000 0.003877
vt 1.000000 0.250000
vt 1.000000 0.371123
vt 1.000000 0.499391
vt 1.000000 0.623071
vt 1.000000 0.746324
vt 0.997677 1.000000
vt 0.998315 0.875000
vt 0.998475 0.625000
vt 0.998071 0.500000
vt 0.997188 0.375000
vt 1.000000 0.371123
vt 0.998545 0.750000
vt 0.998475 0.625000
vt 0.998315 0.875000
vt 0.998544 0.750000
vt 0.002099 1.000000
vt 0.083333 1.000000
vt 0.083333 0.875000
vt 0.001734 0.875000
vt 0.002103 0.125000
vt 0.083333 0.000000
vt 0.002099 0.000000
vt 0.001741 0.250000
vt 0.083333 0.250000
vt 0.002103 0.125000
vt 0.001399 0.375000
vt 0.001741 0.250000
vt 0.001227 0.500000
vt 0.001399 0.375000
vt 0.000000 0.622509
vt 0.001226 0.625000
vt 0.001227 0.500000
vt 0.000000 0.502491
vt 0.001394 0.750000
vt 0.083333 0.750000
vt 0.001226 0.625000
vt 0.001734 0.875000
vt 0.001394 0.750000
vt 0.998722 0.125000
vt 0.998747 0.000000
vt 0.166667 0.875000
vt 0.166667 0.125000
vt 0.166667 0.375000
vt 0.166667 0.500000
vt 0.166667 0.625000
vt 0.250000 1.000000
vt 0.250000 0.875000
vt 0.250000 0.500000
vt 0.250000 0.625000
vt 0.333333 1.000000
vt 0.333333 0.125000
vt 0.333333 0.500000
vt 0.333333 0.625000
vt 0.416667 0.875000
vt 0.416667 0.125000
vt 0.416667 0.375000
vt 0.416667 0.500000
vt 0.416667 0.750000
vt 0.500000 0.500000
vt 0.500000 0.625000
vt 0.500000 0.750000
vt 0.583333 1.000000
vt 0.583333 0.875000
vt 0.583333 0.250000
vt 0.583334 0.625000
vt 0.583333 0.750000
vt 0.666667 1.000001
vt 0.666667 0.125000
vt 0.666667 0.000000
vt 0.666667 0.250000
vt 0.666667 0.375000
vt 0.666667 0.750000
vt 0.750000 0.875000
vt 0.750000 0.125000
vt 0.750000 0.250000
vt 0.750000 0.375000
vt 0.750000 0.500000
vt 0.833333 0.875000
vt 0.833333 0.250000
vt 0.833333 0.375000
vt 0.833334 0.500000
vt 0.833334 0.750001
vt 0.916666 0.250000
vt 0.916667 0.500000
vt 1.000000 0.856044
vt 1.000000 0.018955
vt 1.000000 0.129142
vt 1.000000 0.252173
vt 1.000000 0.375686
vt 1.000000 0.499314
vt 1.000000 0.622827
vt 1.000000 0.745858
vt 0.998747 1.000000
vt 0.998841 0.875000
vt 0.998890 0.375000
vt 0.998788 0.250000
vt 0.998964 0.500000
vt 0.998890 0.375000
vt 0.998981 0.625000
vt 0.998964 0.500000
vt 0.998934 0.750000
vt 0.998980 0.625000
vt 0.998841 0.875000
vt 0.000000 0.497473
vt 0.001836 0.500000
vt 0.083333 0.375000
vt 0.000000 0.375000
vt 0.083333 0.875000
vt 0.000000 0.874999
vt 0.000000 0.125000
vt 0.083333 0.250000
vt 0.001830 0.625000
vt 0.083333 0.625000
vt 0.001836 0.500000
vt 0.001409 0.750000
vt 0.083333 0.750000
vt 0.001830 0.625000
vt 0.001409 0.750000
vt 0.000000 0.752527
vt 0.998556 0.125000
vt 0.998510 0.000000
vt 0.166667 0.875000
vt 0.166667 0.375000
vt 0.166667 0.500000
vt 0.166667 0.750000
vt 0.250000 0.875000
vt 0.250000 0.125000
vt 0.250000 0.250000
vt 0.250000 0.625000
vt 0.333333 0.875000
vt 0.333333 0.250000
vt 0.333333 0.375000
vt 0.333333 0.500000
vt 0.416666 0.875000
vt 0.416667 0.125000
vt 0.416666 0.250000
vt 0.500000 1.000001
vt 0.500000 0.875000
vt 0.500000 0.375000
vt 0.500000 0.500000
vt 0.583333 0.875000
vt 0.583333 0.125000
vt 0.583334 0.375000
vt 0.583333 0.625000
vt 0.583333 0.750000
vt 0.666667 1.000000
vt 0.666667 0.875000
vt 0.666667 0.125000
vt 0.666667 0.375000
vt 0.666666 0.500000
vt 0.750000 1.000000
vt 0.750000 0.125000
vt 0.750000 0.250000
vt 0.750000 0.500000
vt 0.750000 0.625000
vt 0.833333 0.875000
vt 0.833334 0.125000
vt 0.833333 0.625000
vt 0.833333 0.750000
vt 0.916667 0.875000
vt 0.916667 0.375000
vt 0.916666 0.500000
vt 0.916667 0.625000
vt 1.000000 0.858125
vt 1.000000 0.016876
vt 1.000000 0.128676
vt 1.000000 0.251930
vt 1.000000 0.375609
vt 1.000000 0.503877
vt 1.000000 0.621123
vt 0.999999 0.746324
vt 0.998510 1.000000
vt 0.998324 0.875000
vt 0.998226 0.375000
vt 0.998457 0.250000
vt 0.997955 0.500000
vt 0.998226 0.375000
vt 0.997863 0.625000
vt 1.000000 0.621123
vt 0.997956 0.500000
vt 0.998048 0.750000
vt 0.997863 0.625000
vt 0.998324 0.875000
vt 0.998048 0.750000
vt 0.000000 0.997506
vt 0.003191 1.000000
vt 0.169485 1.000000
vt 0.169485 0.875000
vt 0.000000 0.875000
vt 0.005465 0.125000
vt 0.169485 0.125000
vt 0.169485 0.000000
vt 0.003191 0.000000
vt 0.012310 0.250000
vt 0.169485 0.250000
vt 0.005465 0.125000
vt 0.042113 0.374963
vt 0.178838 0.374987
vt 0.012310 0.250000
vt 0.006665 0.500000
vt 0.169485 0.500000
vt 0.042115 0.374963
vt 0.003528 0.625000
vt 0.169485 0.625000
vt 0.006665 0.500000
vt 0.000000 0.750000
vt 0.169485 0.750000
vt 0.003528 0.625000
vt 0.000000 0.627492
vt 0.998479 0.125000
vt 0.998651 0.000000
vt 0.333333 0.125000
vt 0.333333 0.000000
vt 0.333333 0.500000
vt 0.333333 0.625000
vt 0.416667 1.000001
vt 0.416667 0.875000
vt 0.416667 0.125000
vt 0.416667 0.000000
vt 0.416667 0.625000
vt 0.416667 0.750000
vt 0.500000 0.875000
vt 0.500000 0.125000
vt 0.500000 0.375000
vt 0.583333 0.875000
vt 0.583334 0.125000
vt 0.583333 0.000000
vt 0.583333 0.500000
vt 0.583333 0.624999
vt 0.666667 1.000000
vt 0.666667 0.875000
vt 0.666667 0.125000
vt 0.666667 0.375000
vt 0.666667 0.500000
vt 0.750001 0.250000
vt 0.833334 1.000000
vt 0.833333 0.125000
vt 0.833333 0.250000
vt 0.833333 0.375000
vt 0.833333 0.625000
vt 0.833333 0.750000
vt 0.916666 1.000000
vt 0.916667 0.875000
vt 0.916667 0.500000
vt 0.916666 0.750000
vt 1.000000 0.858126
vt 1.000000 0.016875
vt 1.000000 0.128675
vt 1.000000 0.251930
vt 1.000000 0.375608
vt 1.000000 0.499391
vt 1.000000 0.623071
vt 0.998651 1.000000
vt 0.998704 0.875000
vt 0.998104 0.375000
vt 0.998242 0.250000
vt 0.998207 0.500000
vt 0.998104 0.375000
vt 0.998441 0.625000
vt 0.998207 0.500000
vt 0.998630 0.750000
vt 0.998704 0.875000
vt 0.998630 0.750000
vt 0.000000 0.009563
vt 0.000000 0.742959
vt 0.000000 0.706295
vt 0.000000 0.008140
vt 0.000000 0.002321
vt 0.000000 0.001182
vt 0.000000 0.372464
vt 0.006374 0.375000
vt 0.000000 0.008140
vt 0.000000 0.608055
vt 0.000000 0.006448
vt 0.000000 0.003578
vt 0.000000 0.372291
vt 0.000000 0.372464
vt 0.000000 0.002321
vt 0.000000 0.009563
vt 0.000000 0.010203
vt 0.000000 0.006448
vt 0.000000 0.492785
vt 0.000000 0.004940
vt 0.000000 0.001182
vt 0.000000 0.036507
vt 0.000000 0.589829
vt 0.000000 0.472540
vt 0.000000 0.028745
vt 0.000000 0.041201
vt 0.000000 0.049014
vt 0.000000 0.052603
vt 0.000000 0.059129
vt 0.000000 0.948521
vt 0.000000 0.044727
vt 0.000000 0.627492
vt 0.000000 0.036507
vt 0.000000 0.007227
vt 0.000000 0.118436
vt 0.000000 0.014282
vt 0.000000 0.236707
vt 0.000000 0.007227
vt 0.001657 0.021399
vt 0.027477 0.354733
vt 0.000000 0.236707
vt 0.000000 0.014282
vt 0.000000 0.028745
vt 0.027477 0.354733
vt 0.001657 0.021399
vt 0.000000 0.013522
vt 0.000000 0.006439
vt 0.000000 0.041203
vt 0.000000 0.752527
vt 0.000000 0.715678
vt 0.000000 0.033758
vt 0.000000 0.022195
vt 0.000000 0.480159
vt 0.000000 0.497473
vt 0.000000 0.018105
vt 0.000000 0.006440
vt 0.000000 0.027309
vt 0.000000 0.598564
vt 0.000000 0.480158
vt 0.000000 0.022195
vt 0.000000 0.018103
vt 0.000000 0.013522
vt 0.000000 0.033758
vt 0.000000 0.715677
vt 0.000000 0.598564
vt 0.000000 0.027308
vt 0.000000 0.021741
vt 0.000000 0.607753
vt 0.000000 0.486077
vt 0.000000 0.017502
vt 0.000000 0.003943
vt 0.000000 0.350767
vt 0.000000 0.243143
vt 0.000000 0.002625
vt 0.000000 0.008952
vt 0.000000 0.010303
vt 0.000000 0.991282
vt 0.000000 0.869215
vt 0.000000 0.006447
vt 0.000000 0.622665
vt 0.000000 0.622508
vt 0.000000 0.502492
vt 0.000000 0.414934
vt 0.000000 0.005217
vt 0.000000 0.001302
vt 0.000000 0.123266
vt 0.000000 0.008952
vt 0.000000 0.869215
vt 0.000000 0.745940
vt 0.000000 0.007676
vt 0.000000 0.002625
vt 0.000000 0.243143
vt 0.000000 0.123266
vt 0.000000 0.001302
vt 0.000000 0.006694
vt 0.000000 0.243594
vt 0.000000 0.120170
vt 0.000000 0.003577
vt 0.000000 0.007676
vt 0.000000 0.745940
vt 0.000000 0.006447
vt 0.000000 0.031905
vt 0.000000 0.470317
vt 0.000000 0.024918
vt 0.000000 0.047146
vt 0.000000 0.053315
vt 0.000000 0.956326
vt 0.000000 0.841741
vt 0.000000 0.006382
vt 0.000000 0.119019
vt 0.000000 0.012376
vt 0.000000 0.237175
vt 0.000000 0.006382
vt 0.000000 0.018463
vt 0.000000 0.354388
vt 0.000000 0.237175
vt 0.000000 0.012376
vt 0.000000 0.024918
vt 0.000000 0.470317
vt 0.000000 0.005217
vt 0.000000 0.414934
vt 0.000000 0.003943
vt 0.000000 0.047146
vt 0.000000 0.039476
vt 0.000000 0.017503
vt 0.000000 0.364463
vt 0.000000 0.013237
vt 0.000000 0.004348
vt 0.000000 0.121551
vt 0.000000 0.026305
vt 0.000000 0.729121
vt 0.000000 0.021741
vt 0.000000 0.008768
vt 0.000000 0.243040
vt 0.000000 0.004348
vt 0.000000 0.030887
vt 0.000000 0.035005
vt 0.000000 0.972154
vt 0.000000 0.850415
vt 0.000000 0.013237
vt 0.000000 0.364463
vt 0.000000 0.243040
vt 0.000000 0.008768
vt 0.000000 0.004940
vt 0.000000 0.372291
vt 0.000000 0.003578
vt 0.000000 0.030887
vt 0.000000 0.026305
vt 0.000000 0.009326
vt 0.000000 0.602715
vt 0.000000 0.489532
vt 0.000000 0.007514
vt 0.000000 0.003780
vt 0.000000 0.001865
vt 0.000000 0.011339
vt 0.000000 0.699357
vt 0.000000 0.602715
vt 0.000000 0.009326
vt 0.000000 0.007514
vt 0.000000 0.370491
vt 0.000000 0.005711
vt 0.000000 0.013327
vt 0.000000 0.753190
vt 0.000000 0.699357
vt 0.000000 0.011339
vt 0.000000 0.052603
vt 0.000000 0.044727
vt 0.000000 0.005711
vt 0.000000 0.372481
vt 0.000000 0.003780
vt 0.000000 0.013327
vt 0.000000 0.015027
vt 0.000000 0.877519
vt 0.000000 0.012052
vt 0.000000 0.368243
vt 0.000000 0.009356
vt 0.000000 0.003577
vt 0.000000 0.009356
vt 0.000000 0.243594
vt 0.000000 0.006694
vt 0.000000 0.001865
vt 0.000000 0.022864
vt 0.000000 0.028116
vt 0.000000 0.936982
vt 0.000000 0.783228
vt 0.000000 0.022864
vt 0.000000 0.609998
vt 0.000000 0.019354
vt 0.000000 0.019354
vt 0.000000 0.747519
vt 0.000000 0.015605
vt 0.000000 0.015605
vt 0.000000 0.012052
vt 0.000000 0.039477
vt 0.000000 0.750001
vt 0.000000 0.627491
vt 0.000000 0.584222
vt 0.000000 0.031905
vt 0.916667 0.125000
vt 0.997430 0.125000
vt 0.997384 0.000000
vt 0.000000 0.250000
vt 0.007340 0.500000
vt 0.083333 0.500000
vt 0.083333 0.375000
vt 0.006373 0.375000
vt 0.009033 0.625000
vt 0.007340 0.500000
vt 0.011019 0.750000
vt 0.083333 0.750000
vt 0.009032 0.625000
vt 0.011121 0.875000
vt 0.011018 0.750000
vt 0.011121 0.875000
vt 0.000000 0.877536
vt 0.166667 0.125000
vt 0.166667 0.250000
vt 0.166667 0.750000
vt 0.250000 0.250000
vt 0.250000 0.375000
vt 0.250000 0.624999
vt 0.333334 1.000001
vt 0.333333 0.000000
vt 0.333333 0.375000
vt 0.416667 1.000000
vt 0.416667 0.875000
vt 0.416667 0.125000
vt 0.416666 0.250000
vt 0.416667 0.375000
vt 0.416667 0.500000
vt 0.416666 0.750000
vt 0.500000 0.875000
vt 0.500000 0.625000
vt 0.500000 0.750000
vt 0.583333 0.125000
vt 0.583333 0.625000
vt 0.583333 0.750000
vt 0.666667 0.875000
vt 0.666667 0.125000
vt 0.666667 0.375000
vt 0.666667 0.500000
vt 0.666667 0.625000
vt 0.750000 0.875000
vt 0.750000 0.625000
vt 0.833333 0.250000
vt 0.833333 0.375000
vt 0.833334 0.625000
vt 0.833333 0.750000
vt 0.916667 0.375000
vt 0.916667 0.500000
vt 0.916666 0.750000
vt 1.000000 0.858125
vt 1.000000 0.016875
vt 1.000000 0.128676
vt 1.000000 0.251930
vt 1.000000 0.375609
vt 1.000000 0.499391
vt 1.000000 0.623070
vt 1.000000 0.746325
vt 0.997384 1.000000
vt 0.997652 0.875000
vt 0.998044 0.375000
vt 0.997740 0.250000
vt 0.998199 0.500000
vt 0.998044 0.375000
vt 0.998176 0.625000
vt 0.998199 0.500000
vt 0.997979 0.750000
vt 0.997653 0.875000
vt 0.997979 0.750000
vt 0.001697 1.000000
vt 0.083333 0.875000
vt 0.001860 0.875000
vt 0.001589 0.125000
vt 0.001698 0.000000
vt 0.001626 0.250000
vt 0.001589 0.125000
vt 0.001814 0.375000
vt 0.001626 0.250000
vt 0.083333 0.500000
vt 0.001814 0.375000
vt 0.000000 0.377467
vt 0.000000 0.747519
vt 0.001983 0.750000
vt 0.083333 0.750000
vt 0.000000 0.625000
vt 0.001859 0.875000
vt 0.001983 0.750000
vt 0.916666 0.125000
vt 0.998971 0.000000
vt 0.166667 0.875000
vt 0.166667 0.125000
vt 0.166667 0.375000
vt 0.166667 0.750000
vt 0.250000 1.000000
vt 0.250000 0.875000
vt 0.250000 0.125000
vt 0.333334 0.125000
vt 0.333333 0.375000
vt 0.333333 0.500000
vt 0.333333 0.625000
vt 0.333333 0.750000
vt 0.416667 1.000000
vt 0.416667 0.875000
vt 0.416667 0.250000
vt 0.416667 0.375000
vt 0.416667 0.500000
vt 0.416667 0.625000
vt 0.583333 1.000000
vt 0.583333 0.375000
vt 0.583333 0.500000
vt 0.666667 1.000000
vt 0.666667 0.125000
vt 0.666667 0.500000
vt 0.666667 0.625000
vt 0.666667 0.750000
vt 0.750000 0.125000
vt 0.750000 0.000000
vt 0.750000 0.375000
vt 0.750000 0.500000
vt 0.750000 0.625000
vt 0.833333 0.000000
vt 0.833333 0.250000
vt 0.833333 0.500000
vt 0.833333 0.750000
vt 0.916666 0.875000
vt 0.916666 0.250000
vt 0.916666 0.375000
vt 0.916667 0.500000
vt 0.916667 0.625000
vt 0.916667 0.750000
vt 1.000000 0.871373
vt 1.000000 0.017345
vt 1.000000 0.128777
vt 1.000001 0.251957
vt 1.000000 0.375858
vt 1.000000 0.625000
vt 1.000000 0.750000
vt 0.998997 0.875000
vt 0.998942 0.375000
vt 0.998896 0.250000
vt 0.998953 0.500000
vt 0.998942 0.375000
vt 1.000000 0.504015
vt 0.998953 0.500000
vt 0.000000 0.372480
vt 0.002005 0.375000
vt 0.083333 0.375000
vt 0.083333 0.250000
vt 0.000000 0.250000
vt 0.998882 0.125000
vt 0.998870 0.000000
vt 0.000000 0.125000
vt 0.003261 0.500000
vt 0.002005 0.375000
vt 0.004012 0.625000
vt 0.083333 0.625000
vt 0.003261 0.500000
vt 0.002861 0.750000
vt 0.083333 0.750000
vt 0.004013 0.625000
vt 0.001784 0.874999
vt 0.083333 0.875000
vt 0.002861 0.750000
vt 0.001785 0.874999
vt 0.000000 0.877519
vt 0.166667 1.000000
vt 0.166667 0.125000
vt 0.166667 0.250000
vt 0.166667 0.375000
vt 0.166667 0.500000
vt 0.166667 0.625000
vt 0.166667 0.750000
vt 0.250000 0.375000
vt 0.333333 0.125000
vt 0.333333 0.750000
vt 0.416667 1.000000
vt 0.416667 0.875000
vt 0.416667 0.125000
vt 0.416666 0.250000
vt 0.416667 0.500000
vt 0.500000 1.000000
vt 0.500000 0.874999
vt 0.500000 0.125000
vt 0.500000 0.375000
vt 0.583333 0.875000
vt 0.583333 0.125000
vt 0.583333 0.625000
vt 0.583333 0.750000
vt 0.666667 0.875001
vt 0.666667 0.250000
vt 0.666667 0.500000
vt 0.750000 0.375000
vt 0.750000 0.625000
vt 0.750000 0.750000
vt 0.833333 0.125000
vt 0.833333 0.250000
vt 0.833333 0.375000
vt 0.833333 0.500000
vt 0.833333 0.750000
vt 0.916667 1.000001
vt 0.916667 0.250000
vt 0.916667 0.375000
vt 0.916667 0.750000
vt 1.000000 0.858125
vt 1.000000 0.016875
vt 1.000000 0.128676
vt 1.000000 0.251930
vt 1.000000 0.375609
vt 1.000000 0.499391
vt 1.000000 0.623070
vt 1.000000 0.746325
vt 0.998870 1.000000
vt 0.998786 0.875000
vt 0.998705 0.375000
vt 0.998821 0.250000
vt 0.998705 0.375000
vt 0.998574 0.625000
vt 0.998595 0.500000
vt 0.998663 0.750000
vt 0.998574 0.625000
vt 0.998786 0.875000
vt 0.998663 0.750000
vt 0.001980 1.000000
vt 0.083333 1.000001
vt 0.083333 0.875000
vt 0.001656 0.875000
vt 0.002228 0.125000
vt 0.083333 0.125000
vt 0.001981 0.000000
vt 0.002136 0.250000
vt 0.002228 0.125000
vt 0.001813 0.375000
vt 0.083333 0.375000
vt 0.002136 0.250000
vt 0.001538 0.500000
vt 0.001813 0.375000
vt 0.001416 0.625000
vt 0.083333 0.625000
vt 0.001538 0.500000
vt 0.001455 0.750000
vt 0.001415 0.625000
vt 0.001657 0.875000
vt 0.001455 0.750000
vt 0.999999 0.003877
vt 0.998193 0.000000
vt 0.916667 0.000000
vt 0.166667 0.375000
vt 0.250000 0.125000
vt 0.250000 0.000000
vt 0.250000 0.625000
vt 0.333333 0.250000
vt 0.416666 0.874999
vt 0.416667 0.125000
vt 0.416667 0.250000
vt 0.416667 0.375000
vt 0.416667 0.500000
vt 0.416666 0.625000
vt 0.500000 0.000000
vt 0.500000 0.250000
vt 0.583333 0.875000
vt 0.583333 0.375000
vt 0.666667 0.875000
vt 0.666667 0.125000
vt 0.666667 0.250000
vt 0.666667 0.500000
vt 0.666666 0.625000
vt 0.750000 0.500000
vt 0.833333 0.875000
vt 0.833334 0.000000
vt 0.833333 0.250000
vt 0.833333 0.375000
vt 0.833333 0.500000
vt 0.833334 0.750000
vt 0.916666 0.875000
vt 0.916666 0.250000
vt 0.916667 0.625000
vt 0.916666 0.750000
vt 1.000000 0.858126
vt 0.999999 0.003877
vt 1.000000 0.246123
vt 1.000000 0.375609
vt 1.000000 0.499391
vt 1.000000 0.623070
vt 1.000000 0.746325
vt 0.998485 0.875000
vt 0.998787 0.500000
vt 0.998606 0.375000
vt 0.998317 0.250000
vt 1.000000 0.246123
vt 0.998825 0.625000
vt 0.998787 0.500000
vt 0.998723 0.750000
vt 0.998825 0.625000
vt 0.998485 0.875000
vt 0.002006 1.000000
vt 0.001415 0.875000
vt 0.003208 0.125000
vt 0.083333 0.125000
vt 0.002006 0.000000
vt 0.003913 0.250000
vt 0.003209 0.125000
vt 0.002749 0.375000
vt 0.083333 0.375000
vt 0.003913 0.250000
vt 0.001748 0.500000
vt 0.002749 0.375000
vt 0.001318 0.625000
vt 0.001748 0.500000
vt 0.001318 0.625000
vt 0.000000 0.872508
vt 0.001415 0.875000
vt 1.000000 0.125000
vt 0.999999 0.003877
vt 0.997676 0.000000
vt 0.166667 0.875000
vt 0.166667 0.125000
vt 0.166667 0.250000
vt 0.166667 0.375000
vt 0.166667 0.500000
vt 0.166667 0.625000
vt 0.166667 0.750000
vt 0.333333 0.125000
vt 0.333333 0.500000
vt 0.416666 0.125000
vt 0.416667 0.250000
vt 0.416667 0.375000
vt 0.416666 0.500000
vt 0.416666 0.625000
vt 0.416667 0.750000
vt 0.500000 0.875000
vt 0.583333 0.250000
vt 0.666667 0.125000
vt 0.666666 0.375000
vt 0.750000 0.125000
vt 0.750000 0.500000
vt 0.750000 0.625000
vt 0.833333 0.875000
vt 0.833333 0.250000
vt 0.833333 0.375000
vt 0.833333 0.625000
vt 0.833333 0.750000
vt 0.916666 0.875000
vt 0.916667 0.375000
vt 0.916666 0.750000
vt 1.000000 0.858125
vt 0.999999 0.003877
vt 1.000000 0.371123
vt 1.000000 0.499391
vt 1.000000 0.623070
vt 1.000000 0.746325
vt 0.997677 1.000000
vt 0.998315 0.875000
vt 0.998475 0.625000
vt 0.998071 0.500000
vt 0.997188 0.375000
vt 1.000000 0.371123
vt 0.998545 0.750000
vt 0.998475 0.625000
vt 0.998316 0.875000
vt 0.998545 0.750000
vt 0.002098 1.000001
vt 0.083333 0.875000
vt 0.001734 0.875000
vt 0.002103 0.125000
vt 0.083333 0.125000
vt 0.002098 0.000000
vt 0.001741 0.250000
vt 0.083333 0.250000
vt 0.002103 0.125000
vt 0.001399 0.375000
vt 0.001741 0.250000
vt 0.001227 0.500000
vt 0.083333 0.500000
vt 0.001399 0.375000
vt 0.001226 0.625000
vt 0.083333 0.625000
vt 0.001227 0.500000
vt 0.001394 0.750000
vt 0.083333 0.750000
vt 0.001226 0.625000
vt 0.001734 0.875000
vt 0.001394 0.750000
vt 0.998722 0.125000
vt 0.166667 0.875000
vt 0.166667 0.125000
vt 0.166667 0.250000
vt 0.166667 0.625000
vt 0.250000 0.125000
vt 0.333333 0.250000
vt 0.416666 1.000000
vt 0.416667 0.875000
vt 0.416667 0.250000
vt 0.416666 0.375000
vt 0.416667 0.500000
vt 0.500000 0.125000
vt 0.500000 0.750000
vt 0.583333 1.000000
vt 0.583333 0.874999
vt 0.583333 0.250000
vt 0.583333 0.375000
vt 0.583333 0.750000
vt 0.666667 0.875000
vt 0.666667 0.125000
vt 0.666667 0.375000
vt 0.666667 0.500000
vt 0.666667 0.625000
vt 0.750000 1.000001
vt 0.750000 0.375000
vt 0.750000 0.750000
vt 0.833333 0.999999
vt 0.833333 0.875000
vt 0.833333 0.125000
vt 0.833333 0.375000
vt 0.833334 0.750000
vt 0.916667 0.875000
vt 0.916667 0.250000
vt 0.916666 0.500000
vt 1.000000 0.856045
vt 1.000000 0.018957
vt 1.000000 0.129143
vt 1.000000 0.252173
vt 1.000000 0.375686
vt 1.000000 0.499314
vt 1.000000 0.622827
vt 1.000000 0.745857
vt 0.998746 1.000000
vt 0.998840 0.875000
vt 0.998890 0.375000
vt 0.998788 0.250000
vt 0.998964 0.500000
vt 0.998964 0.500000
vt 0.998840 0.875000
vt 0.000000 0.497473
vt 0.001836 0.500000
vt 0.083333 0.500000
vt 0.083333 0.375000
vt 0.000000 1.000000
vt 0.083333 0.875000
vt 0.000000 0.875000
vt 0.000000 0.125000
vt 0.001830 0.625000
vt 0.001836 0.500000
vt 0.001409 0.750000
vt 0.001830 0.625000
vt 0.001409 0.750000
vt 0.916667 0.125000
vt 0.998556 0.125000
vt 0.998510 0.000000
vt 0.166667 1.000000
vt 0.166667 0.875000
vt 0.166667 0.125000
vt 0.166667 0.250000
vt 0.166667 0.375000
vt 0.166667 0.500000
vt 0.166667 0.625000
vt 0.250000 0.999999
vt 0.250000 0.875000
vt 0.250000 0.500000
vt 0.333333 0.875000
vt 0.333333 0.250000
vt 0.333333 0.375000
vt 0.333333 0.750000
vt 0.416667 0.375000
vt 0.500000 0.875000
vt 0.500000 0.250000
vt 0.500000 0.375000
vt 0.583333 0.875000
vt 0.583333 0.625000
vt 0.583334 0.750000
vt 0.666667 0.875000
vt 0.666667 0.250000
vt 0.666667 0.375000
vt 0.666667 0.500000
vt 0.666667 0.625000
vt 0.750000 0.875000
vt 0.750000 0.250000
vt 0.750000 0.625000
vt 0.833333 0.250000
vt 0.833333 0.500000
vt 0.833333 0.625000
vt 0.833333 0.750000
vt 0.916667 0.250000
vt 0.916667 0.375000
vt 0.916666 0.750000
vt 1.000000 0.858124
vt 1.000000 0.016874
vt 1.000000 0.128675
vt 1.000000 0.251929
vt 1.000000 0.375609
vt 1.000000 0.503877
vt 1.000000 0.621123
vt 1.000000 0.746324
vt 0.998510 1.000000
vt 0.998324 0.875000
vt 0.998226 0.375000
vt 0.998457 0.250000
vt 0.997956 0.500000
vt 0.997863 0.625000
vt 1.000000 0.503877
vt 0.997955 0.500000
vt 0.998049 0.750000
vt 0.997863 0.625000
vt 0.998324 0.875000
vt 0.998049 0.750000
vt 0.000000 0.997506
vt 0.003190 1.000000
vt 0.169485 1.000000
vt 0.169485 0.875000
vt 0.000000 0.875000
vt 0.005465 0.125000
vt 0.169485 0.125000
vt 0.003191 0.000000
vt 0.012311 0.250000
vt 0.169485 0.250000
vt 0.005465 0.125000
vt 0.042115 0.374962
vt 0.012310 0.250000
vt 0.006665 0.500000
vt 0.042114 0.374962
vt 0.003528 0.625000
vt 0.169485 0.625000
vt 0.006665 0.500000
vt 0.000000 0.750000
vt 0.169485 0.750000
vt 0.003528 0.625000
vt 0.000000 0.627492
vt 0.998651 0.000000
vt 0.333333 1.000000
vt 0.333333 0.125000
vt 0.333334 0.250000
vt 0.333333 0.375000
vt 0.333333 0.625000
vt 0.333333 0.750000
vt 0.416667 0.875000
vt 0.500000 0.875000
vt 0.500000 0.625000
vt 0.583333 0.875000
vt 0.583333 0.625000
vt 0.583334 0.750000
vt 0.666667 0.875000
vt 0.666667 0.250000
vt 0.666667 0.375000
vt 0.750000 0.875000
vt 0.750000 0.125000
vt 0.750000 0.000000
vt 0.750000 0.250000
vt 0.750000 0.625000
vt 0.833333 0.875000
vt 0.833334 0.375000
vt 0.833333 0.500000
vt 0.833333 0.625000
vt 0.833333 0.750000
vt 0.916666 0.875000
vt 0.916667 0.375000
vt 0.916666 0.500000
vt 0.916667 0.625000
vt 0.916667 0.750000
vt 1.000000 0.858127
vt 1.000000 0.016875
vt 1.000000 0.128676
vt 1.000000 0.251930
vt 1.000000 0.375609
vt 1.000000 0.499392
vt 1.000000 0.623071
vt 1.000000 0.746325
vt 0.998651 1.000000
vt 0.998704 0.875000
vt 0.998104 0.375000
vt 0.998242 0.250000
vt 0.998207 0.500000
vt 0.998104 0.375000
vt 0.998441 0.625001
vt 0.998206 0.500000
vt 0.998630 0.750000
vt 0.998441 0.625000
vt 0.998704 0.875000
vt 0.998630 0.750000
vt 0.000000 0.009564
vt 0.000000 0.742958
vt 0.000000 0.706295
vt 0.000000 0.008139
vt 0.000000 0.002321
vt 0.000000 0.001182
vt 0.000000 0.372464
vt 0.006374 0.375000
vt 0.000000 0.008139
vt 0.000000 0.706295
vt 0.000000 0.608055
vt 0.000000 0.006448
vt 0.000000 0.003578
vt 0.000000 0.372291
vt 0.000000 0.372464
vt 0.000000 0.002321
vt 0.000000 0.009564
vt 0.000000 0.010203
vt 0.000000 0.877536
vt 0.000000 0.006448
vt 0.000000 0.004941
vt 0.000000 0.001182
vt 0.000000 0.036507
vt 0.000000 0.589829
vt 0.000000 0.472541
vt 0.000000 0.028744
vt 0.000000 0.041203
vt 0.000000 0.049017
vt 0.000000 0.052603
vt 0.000000 0.059127
vt 0.000000 0.948520
vt 0.000000 0.997506
vt 0.000000 0.044726
vt 0.000000 0.036507
vt 0.000000 0.007227
vt 0.000000 0.118436
vt 0.000000 0.014282
vt 0.000000 0.236707
vt 0.000000 0.118436
vt 0.000000 0.007227
vt 0.001657 0.021399
vt 0.027477 0.354733
vt 0.000000 0.014282
vt 0.000000 0.028744
vt 0.001657 0.021399
vt 0.000000 0.013528
vt 0.000000 0.006438
vt 0.000000 0.041202
vt 0.000000 0.752527
vt 0.000000 0.715678
vt 0.000000 0.033758
vt 0.000000 0.022194
vt 0.000000 0.480159
vt 0.000000 0.018105
vt 0.000000 0.006440
vt 0.000000 0.027309
vt 0.000000 0.598562
vt 0.000000 0.480159
vt 0.000000 0.022197
vt 0.000000 0.018105
vt 0.000000 0.013527
vt 0.000000 0.033757
vt 0.000000 0.715679
vt 0.000000 0.598562
vt 0.000000 0.027309
vt 0.000000 0.021740
vt 0.000000 0.607753
vt 0.000000 0.486077
vt 0.000000 0.017503
vt 0.000000 0.003943
vt 0.000000 0.350767
vt 0.000000 0.243143
vt 0.000000 0.002625
vt 0.000000 0.008953
vt 0.000000 0.010304
vt 0.000000 0.869215
vt 0.000000 0.006447
vt 0.000000 0.622665
vt 0.000000 0.622508
vt 0.000000 0.414934
vt 0.000000 0.005217
vt 0.000000 0.001302
vt 0.000000 0.123266
vt 0.000000 0.008953
vt 0.000000 0.745940
vt 0.000000 0.007675
vt 0.000000 0.002625
vt 0.000000 0.243143
vt 0.000000 0.123266
vt 0.000000 0.001302
vt 0.000000 0.006694
vt 0.000000 0.243594
vt 0.000000 0.120170
vt 0.000000 0.003577
vt 0.000000 0.007676
vt 0.000000 0.745940
vt 0.000000 0.006447
vt 0.000000 0.031905
vt 0.000000 0.470317
vt 0.000000 0.024918
vt 0.000000 0.047146
vt 0.000000 0.053315
vt 0.000000 0.956327
vt 0.000000 0.841741
vt 0.000000 0.006382
vt 0.000000 0.119019
vt 0.000000 0.012376
vt 0.000000 0.237175
vt 0.000000 0.119019
vt 0.000000 0.006382
vt 0.000000 0.018463
vt 0.000000 0.237175
vt 0.000000 0.012376
vt 0.000000 0.024918
vt 0.000000 0.470317
vt 0.000000 0.354388
vt 0.000000 0.018463
vt 0.000000 0.005217
vt 0.000000 0.414934
vt 0.000000 0.350767
vt 0.000000 0.003943
vt 0.000000 0.047146
vt 0.000000 0.039477
vt 0.000000 0.017503
vt 0.000000 0.486077
vt 0.000000 0.364464
vt 0.000000 0.013237
vt 0.000000 0.004348
vt 0.000000 0.121551
vt 0.000000 0.026305
vt 0.000000 0.729120
vt 0.000000 0.607753
vt 0.000000 0.021740
vt 0.000000 0.008768
vt 0.000000 0.243040
vt 0.000000 0.121551
vt 0.000000 0.004348
vt 0.000000 0.030887
vt 0.000000 0.035005
vt 0.000000 0.972155
vt 0.000000 0.850415
vt 0.000000 0.013237
vt 0.000000 0.364464
vt 0.000000 0.243040
vt 0.000000 0.008768
vt 0.000000 0.004941
vt 0.000000 0.492785
vt 0.000000 0.003578
vt 0.000000 0.030887
vt 0.000000 0.729120
vt 0.000000 0.026305
vt 0.000000 0.009325
vt 0.000000 0.602716
vt 0.000000 0.489532
vt 0.000000 0.007514
vt 0.000000 0.003780
vt 0.000000 0.001865
vt 0.000000 0.011340
vt 0.000000 0.699356
vt 0.000000 0.602716
vt 0.000000 0.009325
vt 0.000000 0.007514
vt 0.000000 0.489532
vt 0.000000 0.370491
vt 0.000000 0.005711
vt 0.000000 0.013327
vt 0.000000 0.753188
vt 0.000000 0.011340
vt 0.000000 0.052603
vt 0.000000 0.044726
vt 0.000000 0.005712
vt 0.000000 0.372481
vt 0.000000 0.003780
vt 0.000000 0.013327
vt 0.000000 0.015027
vt 0.000000 0.877519
vt 0.000000 0.012052
vt 0.000000 0.377467
vt 0.000000 0.368243
vt 0.000000 0.009356
vt 0.000000 0.003577
vt 0.000000 0.120170
vt 0.000000 0.009356
vt 0.000000 0.243594
vt 0.000000 0.006694
vt 0.000000 0.001865
vt 0.000000 0.022863
vt 0.000000 0.028114
vt 0.000000 0.936983
vt 0.000000 0.783229
vt 0.000000 0.022862
vt 0.000000 0.783229
vt 0.000000 0.609995
vt 0.000000 0.019356
vt 0.000000 0.019356
vt 0.000000 0.747519
vt 0.000000 0.015605
vt 0.000000 0.015605
vt 0.000000 0.012052
vt 0.000000 0.039477
vt 0.000000 0.584222
vt 0.000000 0.031906
vt 0.001698 1.000000
vt 0.001860 0.875000
vt 0.000000 0.125000
vt 0.007341 0.500000
vt 0.083333 0.500000
vt 0.083333 0.375000
vt 0.006373 0.375000
vt 0.009033 0.625000
vt 0.007340 0.500000
vt 0.011018 0.750000
vt 0.009032 0.625000
vt 0.011121 0.875000
vt 0.011019 0.750000
vt 0.011120 0.875000
vt 0.166667 0.125000
vt 0.166667 0.625000
vt 0.166667 0.750000
vt 0.250000 0.375000
vt 0.250000 0.625001
vt 0.333333 0.875000
vt 0.416667 0.875000
vt 0.416667 0.125000
vt 0.416667 0.375000
vt 0.416666 0.500000
vt 0.416667 0.750000
vt 0.500000 0.375000
vt 0.500000 0.625000
vt 0.500000 0.750000
vt 0.666667 0.875000
vt 0.666667 0.250000
vt 0.666667 0.750000
vt 0.750000 0.875000
vt 0.750000 0.125000
vt 0.750000 0.375000
vt 0.750001 0.500000
vt 0.833333 0.250000
vt 0.833333 0.750000
vt 0.916667 0.250000
vt 0.916666 0.750000
vt 1.000000 1.000000
vt 1.000000 0.875000
vt 1.000000 0.000000
vt 1.000000 0.375000
vt 1.000000 0.500000
vt 1.000000 0.750000
vt 0.001589 0.125000
vt 0.001698 0.000000
vt 0.001626 0.250000
vt 0.001589 0.125000
vt 0.001814 0.375000
vt 0.001626 0.250000
vt 0.001814 0.375000
vt 0.000000 0.747519
vt 0.001983 0.750000
vt 0.083333 0.750000
vt 0.083333 0.625000
vt 0.000000 0.625000
vt 0.001860 0.875000
vt 0.001983 0.750000
vt 0.998909 0.125000
vt 0.998971 0.000000
vt 0.166667 0.875000
vt 0.166667 0.250000
vt 0.166667 0.375000
vt 0.166667 0.500000
vt 0.250000 0.875000
vt 0.250000 0.250000
vt 0.250000 0.500000
vt 0.416667 1.000000
vt 0.416667 0.875000
vt 0.416667 0.125000
vt 0.416667 0.000000
vt 0.416667 0.500000
vt 0.416667 0.625000
vt 0.583333 0.125000
vt 0.583333 0.000000
vt 0.666667 0.125000
vt 0.666667 0.375000
vt 0.666667 0.625000
vt 0.666667 0.750000
vt 0.750000 0.000000
vt 0.750000 0.375000
vt 0.750000 0.750000
vt 0.833334 1.000000
vt 0.833333 0.125000
vt 0.833333 0.250000
vt 0.833333 0.500000
vt 0.833333 0.625000
vt 0.833333 0.750000
vt 0.916667 1.000000
vt 0.916666 0.375000
vt 0.916667 0.500000
vt 1.000000 0.871373
vt 1.000000 0.017343
vt 1.000000 0.128777
vt 1.000000 0.251957
vt 1.000000 0.375858
vt 1.000000 0.504015
vt 1.000000 0.750000
vt 0.998971 1.000000
vt 0.998997 0.875000
vt 0.998943 0.375000
vt 0.998943 0.375000
vt 0.998997 0.875000
vt 0.000000 0.372481
vt 0.002005 0.375000
vt 0.916667 0.125000
vt 0.998882 0.125000
vt 0.083333 0.125000
vt 0.003261 0.500000
vt 0.083333 0.500000
vt 0.002005 0.375000
vt 0.004012 0.625000
vt 0.003261 0.500000
vt 0.002861 0.750000
vt 0.083333 0.750000
vt 0.004013 0.625000
vt 0.001785 0.875000
vt 0.002861 0.750000
vt 0.001785 0.875000
vt 0.000000 0.877519
vt 0.166667 0.875000
vt 0.166667 0.250000
vt 0.166667 0.625000
vt 0.166667 0.749999
vt 0.250000 0.625000
vt 0.333333 0.875000
vt 0.333333 0.125000
vt 0.333333 0.250000
vt 0.333333 0.750000
vt 0.416666 0.125000
vt 0.416667 0.250000
vt 0.416667 0.500000
vt 0.500000 0.625000
vt 0.583334 0.125000
vt 0.583333 0.500000
vt 0.666667 0.125000
vt 0.666667 0.375000
vt 0.666667 0.500000
vt 0.750000 1.000000
vt 0.750000 0.875000
vt 0.833333 0.875000
vt 0.833333 0.000000
vt 0.833333 0.375000
vt 0.833333 0.625000
vt 0.916667 1.000000
vt 0.916667 0.250000
vt 0.916667 0.500000
vt 1.000000 0.858125
vt 1.000000 0.016874
vt 1.000000 0.128675
vt 1.000000 0.251929
vt 1.000000 0.623070
vt 1.000000 0.746324
vt 0.998786 0.875000
vt 0.998705 0.375000
vt 0.998821 0.250000
vt 0.998594 0.500000
vt 0.998595 0.500000
vt 0.998663 0.750000
vt 0.998574 0.625000
vt 0.998786 0.875000
vt 0.998663 0.750000
vt 0.001981 1.000000
vt 0.001657 0.875000
vt 0.002228 0.125000
vt 0.001980 0.000000
vt 0.002136 0.250000
vt 0.002228 0.125000
vt 0.001813 0.375000
vt 0.083333 0.375000
vt 0.002136 0.250000
vt 0.001538 0.500000
vt 0.001813 0.375000
vt 0.001416 0.625000
vt 0.001538 0.500000
vt 0.001455 0.750000
vt 0.001415 0.625000
vt 0.001657 0.875000
vt 0.001455 0.750000
vt 1.000000 0.003877
vt 0.998194 0.000000
vt 0.166667 0.875000
vt 0.166667 0.125000
vt 0.250000 0.375000
vt 0.250000 0.750000
vt 0.333333 0.875000
vt 0.333333 0.125000
vt 0.333333 0.500000
vt 0.416667 0.875000
vt 0.416667 0.125000
vt 0.416667 0.375000
vt 0.416667 0.625000
vt 0.500000 0.875000
vt 0.500000 0.625000
vt 0.583333 0.875000
vt 0.583334 0.250000
vt 0.583333 0.500000
vt 0.666667 0.875000
vt 0.666667 0.250000
vt 0.666667 0.625000
vt 0.666667 0.750000
vt 0.750000 0.875001
vt 0.750000 0.500000
vt 0.916666 0.250000
vt 0.916666 0.375000
vt 0.916667 0.625000
vt 1.000000 0.858124
vt 1.000000 0.003877
vt 1.000000 0.246123
vt 1.000000 0.375609
vt 1.000000 0.499391
vt 0.998194 1.000000
vt 0.998485 0.875000
vt 0.998786 0.500000
vt 0.998607 0.375000
vt 0.998317 0.250000
vt 0.998787 0.500000
vt 0.998723 0.750000
vt 0.998485 0.875000
vt 0.002006 1.000000
vt 0.001415 0.875000
vt 0.003208 0.125000
vt 0.083333 0.125000
vt 0.002006 0.000000
vt 0.003913 0.250000
vt 0.003209 0.125000
vt 0.002749 0.375000
vt 0.083333 0.375000
vt 0.003913 0.250000
vt 0.001748 0.500000
vt 0.002749 0.375000
vt 0.001318 0.625000
vt 0.083333 0.625000
vt 0.001748 0.500000
vt 0.001318 0.625000
vt 0.000000 0.627491
vt 0.000000 0.872508
vt 0.001415 0.875000
vt 1.000000 0.003877
vt 0.997677 0.000000
vt 0.166667 0.875001
vt 0.166667 0.250000
vt 0.166667 0.375000
vt 0.166667 0.625000
vt 0.166667 0.750000
vt 0.250000 0.625000
vt 0.333334 0.375000
vt 0.333333 0.750000
vt 0.416667 0.875000
vt 0.416667 0.250000
vt 0.416667 0.375000
vt 0.416667 0.500000
vt 0.416667 0.625001
vt 0.500000 0.250000
vt 0.583333 0.875000
vt 0.583333 0.125000
vt 0.583333 0.500000
vt 0.583333 0.750000
vt 0.666667 0.875000
vt 0.666667 0.125000
vt 0.666667 0.375000
vt 0.750000 0.125000
vt 0.750000 0.500000
vt 0.750000 0.750000
vt 0.833333 0.125000
vt 0.833333 0.500000
vt 0.833334 0.750000
vt 0.916666 0.375000
vt 0.916667 0.625000
vt 0.916667 0.750000
vt 1.000000 0.858124
vt 1.000000 0.003877
vt 1.000000 0.371123
vt 1.000000 0.499391
vt 1.000000 0.623070
vt 1.000000 0.746324
vt 0.997677 1.000000
vt 0.998315 0.875000
vt 0.998475 0.625000
vt 0.998071 0.500000
vt 0.997188 0.375000
vt 1.000000 0.371123
vt 0.998544 0.750000
vt 0.998544 0.750000
vt 0.002098 1.000000
vt 0.083333 0.999999
vt 0.001734 0.875000
vt 0.002103 0.125000
vt 0.002098 0.000000
vt 0.001741 0.250000
vt 0.083333 0.250000
vt 0.002103 0.125000
vt 0.001399 0.375000
vt 0.083333 0.375000
vt 0.001741 0.250000
vt 0.083333 0.500000
vt 0.001399 0.375000
vt 0.001226 0.625000
vt 0.001227 0.500000
vt 0.000000 0.502492
vt 0.001394 0.750000
vt 0.001226 0.625000
vt 0.001734 0.875000
vt 0.001394 0.750000
vt 0.916667 0.125000
vt 0.998722 0.125000
vt 0.998747 0.000000
vt 0.166667 1.000000
vt 0.166667 0.250000
vt 0.166667 0.500000
vt 0.166667 0.750000
vt 0.333333 0.875000
vt 0.333333 0.750000
vt 0.416667 0.125000
vt 0.416667 0.250000
vt 0.416667 0.500000
vt 0.500000 0.500000
vt 0.500000 0.625000
vt 0.583333 0.875000
vt 0.583333 0.750000
vt 0.666667 1.000001
vt 0.666667 0.375000
vt 0.666667 0.750000
vt 0.750000 0.875000
vt 0.750000 0.250000
vt 0.750000 0.500000
vt 0.750000 0.625000
vt 0.833333 1.000000
vt 0.833334 0.750000
vt 0.916666 0.250000
vt 0.916667 0.375000
vt 1.000000 0.856044
vt 1.000000 0.018956
vt 1.000000 0.129143
vt 0.999999 0.252173
vt 1.000000 0.375686
vt 1.000000 0.499314
vt 1.000000 0.622827
vt 1.000000 0.745857
vt 0.998747 1.000000
vt 0.998840 0.875000
vt 0.998890 0.375000
vt 0.998788 0.250000
vt 0.998890 0.375000
vt 0.998981 0.625000
vt 0.998934 0.750000
vt 0.000000 0.497473
vt 0.001836 0.500000
vt 0.083333 0.375000
vt 0.000000 0.875000
vt 0.001830 0.625000
vt 0.001836 0.500000
vt 0.001409 0.750000
vt 0.001830 0.625000
vt 0.001409 0.750000
vt 0.000000 0.752527
vt 0.998556 0.125000
vt 0.998510 0.000000
vt 0.166667 0.250000
vt 0.166667 0.625000
vt 0.250000 0.375000
vt 0.333333 0.125000
vt 0.333333 0.250000
vt 0.333334 0.750000
vt 0.416667 0.625000
vt 0.416667 0.750000
vt 0.500000 0.125000
vt 0.583333 0.250000
vt 0.666667 1.000000
vt 0.666667 0.250000
vt 0.666667 0.750000
vt 0.750000 0.125000
vt 0.833333 0.500000
vt 0.916667 0.875000
vt 0.916666 0.375000
vt 0.916667 0.750000
vt 1.000000 0.858126
vt 1.000000 0.016875
vt 1.000000 0.128676
vt 1.000000 0.251929
vt 1.000000 0.375609
vt 1.000000 0.621123
vt 1.000000 0.746325
vt 0.998510 1.000000
vt 0.998324 0.875000
vt 0.998226 0.375000
vt 0.998457 0.250000
vt 0.997956 0.500000
vt 0.998226 0.375000
vt 0.997863 0.625000
vt 1.000000 0.503877
vt 0.998049 0.750000
vt 0.998048 0.750000
vt 0.000000 0.997506
vt 0.003191 1.000000
vt 0.005465 0.125000
vt 0.169485 0.125000
vt 0.003190 0.000000
vt 0.012310 0.250000
vt 0.005465 0.125000
vt 0.042114 0.374962
vt 0.012310 0.250000
vt 0.006666 0.500000
vt 0.169485 0.500000
vt 0.042114 0.374962
vt 0.003528 0.625000
vt 0.169485 0.625000
vt 0.006666 0.500000
vt 0.169485 0.750000
vt 0.003528 0.625000
vt 0.916667 0.125000
vt 0.998479 0.125000
vt 0.998651 0.000000
vt 0.333333 0.875000
vt 0.333333 0.125000
vt 0.333333 0.250000
vt 0.416667 0.125000
vt 0.416667 0.500000
vt 0.500000 0.999999
vt 0.500000 0.875000
vt 0.500000 0.125000
vt 0.500000 0.750000
vt 0.583333 0.125000
vt 0.583333 0.250000
vt 0.583333 0.625000
vt 0.666666 1.000000
vt 0.666666 0.875000
vt 0.666667 0.125000
vt 0.666667 0.375000
vt 0.750000 0.250000
vt 0.833333 0.375000
vt 0.833333 0.500000
vt 0.916667 0.750000
vt 1.000000 0.858125
vt 1.000000 0.016875
vt 1.000000 0.128676
vt 0.999999 0.251930
vt 1.000000 0.375609
vt 1.000000 0.499391
vt 1.000000 0.623071
vt 1.000000 0.746324
vt 0.998704 0.875000
vt 0.998104 0.375000
vt 0.998241 0.250000
vt 0.998104 0.375000
vt 0.998441 0.625000
vt 0.998206 0.500000
vt 0.998630 0.750000
vt 0.998441 0.625000
vt 0.998704 0.875000
vt 0.000000 0.009564
vt 0.000000 0.706295
vt 0.000000 0.008140
vt 0.000000 0.002321
vt 0.000000 0.001182
vt 0.006374 0.375000
vt 0.000000 0.008140
vt 0.000000 0.706295
vt 0.000000 0.006448
vt 0.000000 0.003578
vt 0.000000 0.372290
vt 0.000000 0.372464
vt 0.000000 0.002321
vt 0.000000 0.009564
vt 0.000000 0.010203
vt 0.000000 0.006448
vt 0.000000 0.004940
vt 0.000000 0.001182
vt 0.000000 0.036507
vt 0.000000 0.589829
vt 0.000000 0.472540
vt 0.000000 0.028744
vt 0.000000 0.041202
vt 0.000000 0.049014
vt 0.000000 0.052603
vt 0.000000 0.059128
vt 0.000000 0.948521
vt 0.000000 0.044727
vt 0.000000 0.627492
vt 0.000000 0.036507
vt 0.000000 0.007227
vt 0.000000 0.118436
vt 0.000000 0.014282
vt 0.000000 0.236707
vt 0.000000 0.007227
vt 0.001657 0.021399
vt 0.027477 0.354733
vt 0.000000 0.236707
vt 0.000000 0.014282
vt 0.000000 0.028744
vt 0.027477 0.354733
vt 0.001657 0.021399
vt 0.000000 0.013525
vt 0.000000 0.006440
vt 0.000000 0.041202
vt 0.000000 0.752527
vt 0.000000 0.715678
vt 0.000000 0.033758
vt 0.000000 0.022195
vt 0.000000 0.480159
vt 0.000000 0.018106
vt 0.000000 0.006440
vt 0.000000 0.027309
vt 0.000000 0.598564
vt 0.000000 0.480159
vt 0.000000 0.022195
vt 0.000000 0.018106
vt 0.000000 0.013525
vt 0.000000 0.033758
vt 0.000000 0.598564
vt 0.000000 0.027309
vt 0.000000 0.021741
vt 0.000000 0.607753
vt 0.000000 0.486078
vt 0.000000 0.017503
vt 0.000000 0.003942
vt 0.000000 0.350767
vt 0.000000 0.243143
vt 0.000000 0.002626
vt 0.000000 0.008953
vt 0.000000 0.010305
vt 0.000000 0.869214
vt 0.000000 0.006447
vt 0.000000 0.414934
vt 0.000000 0.005217
vt 0.000000 0.001302
vt 0.000000 0.123266
vt 0.000000 0.008952
vt 0.000000 0.745940
vt 0.000000 0.007675
vt 0.000000 0.002626
vt 0.000000 0.243143
vt 0.000000 0.123266
vt 0.000000 0.001302
vt 0.000000 0.006694
vt 0.000000 0.243594
vt 0.000000 0.120170
vt 0.000000 0.003577
vt 0.000000 0.007675
vt 0.000000 0.745940
vt 0.000000 0.622665
vt 0.000000 0.006447
vt 0.000000 0.031906
vt 0.000000 0.470318
vt 0.000000 0.024918
vt 0.000000 0.053315
vt 0.000000 0.956327
vt 0.000000 0.841742
vt 0.000000 0.006382
vt 0.000000 0.119019
vt 0.000000 0.012376
vt 0.000000 0.006382
vt 0.000000 0.018463
vt 0.000000 0.354389
vt 0.000000 0.237175
vt 0.000000 0.012376
vt 0.000000 0.024917
vt 0.000000 0.470317
vt 0.000000 0.354389
vt 0.000000 0.018463
vt 0.000000 0.005217
vt 0.000000 0.350767
vt 0.000000 0.003942
vt 0.000000 0.047146
vt 0.000000 0.039477
vt 0.000000 0.017503
vt 0.000000 0.013237
vt 0.000000 0.004348
vt 0.000000 0.121551
vt 0.000000 0.026306
vt 0.000000 0.729120
vt 0.000000 0.607753
vt 0.000000 0.021741
vt 0.000000 0.008768
vt 0.000000 0.243040
vt 0.000000 0.004348
vt 0.000000 0.030888
vt 0.000000 0.035006
vt 0.000000 0.972154
vt 0.000000 0.850414
vt 0.000000 0.013237
vt 0.000000 0.364464
vt 0.000000 0.243040
vt 0.000000 0.008768
vt 0.000000 0.004941
vt 0.000000 0.492785
vt 0.000000 0.372290
vt 0.000000 0.003578
vt 0.000000 0.030887
vt 0.000000 0.850414
vt 0.000000 0.729121
vt 0.000000 0.026305
vt 0.000000 0.009325
vt 0.000000 0.489532
vt 0.000000 0.007513
vt 0.000000 0.003780
vt 0.000000 0.001865
vt 0.000000 0.011340
vt 0.000000 0.699357
vt 0.000000 0.602715
vt 0.000000 0.009325
vt 0.000000 0.007514
vt 0.000000 0.489532
vt 0.000000 0.370491
vt 0.000000 0.005711
vt 0.000000 0.013327
vt 0.000000 0.753189
vt 0.000000 0.011340
vt 0.000000 0.052603
vt 0.000000 0.044727
vt 0.000000 0.005711
vt 0.000000 0.372480
vt 0.000000 0.003780
vt 0.000000 0.013327
vt 0.000000 0.015027
vt 0.000000 0.753189
vt 0.000000 0.009356
vt 0.000000 0.368243
vt 0.000000 0.243594
vt 0.000000 0.006694
vt 0.000000 0.003577
vt 0.000000 0.120170
vt 0.000000 0.012052
vt 0.000000 0.009356
vt 0.000000 0.015605
vt 0.000000 0.012052
vt 0.000000 0.019354
vt 0.000000 0.609997
vt 0.000000 0.015605
vt 0.000000 0.022862
vt 0.000000 0.783230
vt 0.000000 0.609997
vt 0.000000 0.019354
vt 0.000000 0.022862
vt 0.000000 0.028116
vt 0.000000 0.936980
vt 0.000000 0.783230
vt 0.000000 0.001865
vt 0.998457 0.250000
vt 0.998556 0.125000
vt 0.998071 0.500000
vt 0.997188 0.375000
vt 0.998606 0.375000
vt 0.998318 0.250000
vt 0.998242 0.250000
vt 0.997740 0.250000
vt 0.997430 0.125000
vt 0.998908 0.125000
vt 0.998821 0.250000
vt 0.998882 0.125000
vt 0.998457 0.250000
vt 0.998556 0.125000
vt 0.998479 0.125000
vt 0.998787 0.250000
vt 0.997188 0.375000
vt 0.998607 0.375000
vt 0.998317 0.250000
vt 0.998882 0.125000
vt 0.998909 0.125000
vt 0.998788 0.250000
vt 0.998071 0.500000
vt 0.997188 0.375000
vt 0.998317 0.250000
vt 0.998556 0.125000
vt 0.997740 0.250000
vt 0.997430 0.125000
vt 0.998908 0.125000
vt 0.000000 0.375218
vt 0.003030 0.883111
vt -0.000031 0.375059
vt 0.000000 0.753734
vt 0.000000 0.373275
vt -0.000888 0.881543
vt -0.000281 0.626383
vt 0.000000 0.878664
vt -0.000540 0.509229
vt 0.000000 0.627691
vt 0.000000 0.499650
vt -0.000098 0.751741
vt 0.000000 0.001033
vt -0.000162 0.625612
vt 0.000000 0.375217
vt 0.003030 0.883111
vt -0.000031 0.375059
vt 0.000000 0.753721
vt 0.000000 0.373272
vt -0.000889 0.881543
vt -0.000281 0.626383
vt 0.000000 0.878654
vt -0.000541 0.509229
vt 0.000000 0.627687
vt 0.000000 0.499651
vt -0.000098 0.751741
vt -0.000162 0.625612
vt 0.000000 0.375219
vt 0.003030 0.883111
vt -0.000031 0.375059
vt 0.000000 0.753735
vt 0.000000 0.373274
vt -0.000888 0.881543
vt -0.000281 0.626383
vt 0.000000 0.878664
vt -0.000540 0.509229
vt 0.000000 0.627691
vt 0.000000 0.499649
vt -0.000098 0.751742
vt 0.000000 0.001033
vt -0.000162 0.625612
vt 1.000000 0.998865
vt 1.000000 0.876136
vt 1.000000 0.875000
vt 1.000000 0.007738
vt 1.000000 0.875000
vt 1.000000 0.000969
vt 1.000000 0.873329
vt 1.000000 0.872121
vt 1.000000 0.873781
vt 1.000000 0.001281
vt 1.000000 0.874567
vt 1.000000 0.000000
vt 1.000000 0.874379
vt 1.000000 0.998677
vt 1.000000 0.876136
vt 1.000000 0.876135
vt 1.000000 0.876136
vt 1.000000 0.998722
vt 1.000000 0.876277
vt 1.000000 0.998864
vt 1.000000 0.876136
vt 1.000000 0.998864
vt 1.000000 0.998677
vt 1.000000 0.875000
vt 1.000000 0.998865
vt 1.000000 0.873331
vt 1.000000 0.876135
vt 1.000000 0.998723
vt 1.000000 0.876277
vt 1.000000 0.001281
vt 1.000000 0.874567
s 1
f 2400/1/2266 2318/1/2184 2463/1/2329 2545/1/2405
f 2321/1/2187 2402/1/2268 2547/1/2407 2464/1/2330
f 2323/1/2189 2382/1/2248 2527/1/2387 2466/1/2332
f 10/1/9 9/1/9 2320/1/2186 2398/1/2264 2319/1/2185
f 2406/1/2272 2326/1/2192 2471/1/2337 2551/1/2411
f 2405/1/2271 2328/1/2194 2473/1/2339 2548/1/2408
f 2330/1/2196 2384/1/2250 2529/1/2389 2475/1/2341
f 11/1/9 10/1/9 2329/1/2195 2404/1/2270 2327/1/2193
f 2412/1/2278 2334/1/2200 2479/1/2345 2557/1/2417
f 2337/1/2203 2414/1/2280 2559/1/2419 2480/1/2346
f 2339/1/2205 2386/1/2252 2531/1/2391 2482/1/2348
f 13/1/9 12/1/9 2336/1/2202 2410/1/2276 2335/1/2201
f 2418/1/2284 2342/1/2208 2487/1/2353 2563/1/2423
f 2417/1/2283 2344/1/2210 2489/1/2355 2560/1/2420
f 2346/1/2212 2388/1/2254 2533/1/2393 2491/1/2357
f 14/1/9 13/1/9 2345/1/2211 2416/1/2282 2343/1/2209
f 2424/1/2290 2350/1/2216 2495/1/2361 2569/1/2428
f 2353/1/2219 2426/1/2292 2571/1/2430 2496/1/2362
f 2355/1/2221 2390/1/2256 2535/1/2395 2498/1/2364
f 16/1/9 15/1/9 2352/1/2218 2422/1/2288 2351/1/2217
f 8/1/8 15/1/9 2359/1/2225 2430/1/2296 2364/1/2230
f 2429/1/2295 2360/1/2226 2505/1/2371 2572/1/2431
f 2362/1/2228 2392/1/2258 2537/1/2397 2507/1/2373
f 2431/1/2297 2358/1/2224 2503/1/2369 2574/1/2433
f 6/1/6 9/1/9 2367/1/2233 2436/1/2302 2372/1/2238
f 2435/1/2301 2368/1/2234 2513/1/2376 2578/1/2395
f 2370/1/2236 2394/1/2260 2539/1/2399 2515/1/2361
f 2437/1/2303 2366/1/2232 2511/1/2364 2580/1/2437
f 3/1/3 12/1/9 2375/1/2241 2442/1/2308 2380/1/2246
f 2441/1/2307 2376/1/2242 2521/1/2381 2584/1/2438
f 2378/1/2244 2396/1/2262 2541/1/2401 2523/1/2383
f 2443/1/2309 2374/1/2240 2519/1/2379 2586/1/2440
f 2460/1/2326 2446/1/2312 2591/1/2445 2605/1/2459
f 2451/1/2317 2453/1/2319 2596/1/2450 2594/1/2448
f 2453/1/2319 2455/1/2321 2598/1/2452 2596/1/2450
f 2455/1/2321 2457/1/2323 2600/1/2454 2598/1/2452
f 2457/1/2323 2459/1/2325 2602/1/2456 2600/1/2454
f 2459/1/2325 2460/1/2326 2605/1/2459 2602/1/2456
f 2462/1/2328 2543/1/2403 2686/1/2529 2607/1/2461
f 9/1/9 10/1/9 2448/1/2314 2447/1/2313
f 3/1/3 2/1/2 2340/1/2206 2387/1/2253 2338/1/2204
f 2449/1/2315 2451/1/2317 2594/1/2448 2592/1/2446
f 2445/1/2311 2378/1/2244 2523/1/2383 2588/1/2442
f 10/1/9 11/1/9 2450/1/2316 2448/1/2314
f 2402/1/2268 2323/1/2189 2466/1/2332 2547/1/2407
f 11/1/9 15/1/9 2452/1/2318 2450/1/2316
f 2326/1/2192 2405/1/2271 2548/1/2408 2471/1/2337
f 15/1/9 16/1/9 2454/1/2320 2452/1/2318
f 2399/1/2265 2321/1/2187 2464/1/2330 2542/1/2402
f 9/1/9 14/1/9 2369/1/2235 2434/1/2300 2367/1/2233
f 16/1/9 12/1/9 2456/1/2322 2454/1/2320
f 5/1/5 4/1/4 2332/1/2198 2385/1/2251 2331/1/2197
f 2374/1/2240 2441/1/2307 2584/1/2438 2519/1/2379
f 12/1/9 13/1/9 2458/1/2324 2456/1/2322
f 2334/1/2200 2411/1/2277 2554/1/2414 2479/1/2345
f 14/1/9 1/1/1 2371/1/2237 2438/1/2304 2369/1/2235
f 1/1/1 14/1/9 2343/1/2209 2419/1/2285 2348/1/2214
f 13/1/9 14/1/9 2461/1/2327 2458/1/2324
f 2384/1/2250 2333/1/2199 2476/1/2342 2529/1/2389
f 2344/1/2210 2421/1/2287 2564/1/2424 2489/1/2355
f 2414/1/2280 2339/1/2205 2482/1/2348 2559/1/2419
f 13/1/9 2/1/2 2347/1/2213 2420/1/2286 2345/1/2211
f 5/1/5 10/1/9 2319/1/2185 2401/1/2267 2324/1/2190
f 2342/1/2208 2417/1/2283 2560/1/2420 2487/1/2353
f 9/1/9 6/1/6 2322/1/2188 2403/1/2269 2320/1/2186
f 2411/1/2277 2337/1/2203 2480/1/2346 2554/1/2414
f 6/1/6 5/1/5 2324/1/2190 2383/1/2249 2322/1/2188
f 2/1/2 1/1/1 2348/1/2214 2389/1/2255 2347/1/2213
f 2350/1/2216 2423/1/2289 2566/1/2426 2495/1/2361
f 12/1/9 16/1/9 2377/1/2243 2440/1/2306 2375/1/2241
f 2388/1/2254 2349/1/2215 2492/1/2358 2533/1/2393
f 2446/1/2312 2449/1/2315 2592/1/2446 2591/1/2445
f 2426/1/2292 2355/1/2221 2498/1/2364 2571/1/2430
f 16/1/9 7/1/7 2379/1/2245 2444/1/2310 2377/1/2243
f 7/1/7 16/1/9 2351/1/2217 2425/1/2291 2356/1/2222
f 2358/1/2224 2429/1/2295 2572/1/2431 2503/1/2369
f 15/1/9 8/1/8 2354/1/2220 2427/1/2293 2352/1/2218
f 2423/1/2289 2353/1/2219 2496/1/2362 2566/1/2426
f 8/1/8 7/1/7 2356/1/2222 2391/1/2257 2354/1/2220
f 4/1/4 11/1/9 2327/1/2193 2407/1/2273 2332/1/2198
f 4/1/4 8/1/8 2364/1/2230 2393/1/2259 2363/1/2229
f 2328/1/2194 2409/1/2275 2552/1/2412 2473/1/2339
f 2360/1/2226 2433/1/2299 2576/1/2435 2505/1/2371
f 10/1/9 5/1/5 2331/1/2197 2408/1/2274 2329/1/2195
f 2325/1/2191 2400/1/2266 2545/1/2405 2468/1/2334
f 2392/1/2258 2365/1/2231 2508/1/2374 2537/1/2397
f 2333/1/2199 2406/1/2272 2551/1/2411 2476/1/2342
f 1/1/1 6/1/6 2372/1/2238 2395/1/2261 2371/1/2237
f 2382/1/2248 2325/1/2191 2468/1/2334 2527/1/2387
f 2341/1/2207 2412/1/2278 2557/1/2417 2484/1/2350
f 2368/1/2234 2439/1/2305 2582/1/2428 2513/1/2376
f 2409/1/2275 2330/1/2196 2475/1/2341 2552/1/2412
f 2349/1/2215 2418/1/2284 2563/1/2423 2492/1/2358
f 2394/1/2260 2373/1/2239 2516/1/2377 2539/1/2399
f 2386/1/2252 2341/1/2207 2484/1/2350 2531/1/2391
f 15/1/9 11/1/9 2361/1/2227 2428/1/2294 2359/1/2225
f 2357/1/2223 2424/1/2290 2569/1/2428 2500/1/2366
f 7/1/7 3/1/3 2380/1/2246 2397/1/2263 2379/1/2245
f 2421/1/2287 2346/1/2212 2491/1/2357 2564/1/2424
f 2366/1/2232 2435/1/2301 2578/1/2395 2511/1/2364
f 2365/1/2231 2431/1/2297 2574/1/2433 2508/1/2374
f 2376/1/2242 2445/1/2311 2588/1/2442 2521/1/2381
f 2390/1/2256 2357/1/2223 2500/1/2366 2535/1/2395
f 11/1/9 4/1/4 2363/1/2229 2432/1/2298 2361/1/2227
f 2/1/2 13/1/9 2335/1/2201 2413/1/2279 2340/1/2206
f 2373/1/2239 2437/1/2303 2580/1/2437 2516/1/2377
f 2396/1/2262 2381/1/2247 2524/1/2384 2541/1/2401
f 2433/1/2299 2362/1/2228 2507/1/2373 2576/1/2435
f 12/1/9 3/1/3 2338/1/2204 2415/1/2281 2336/1/2202
f 2381/1/2247 2443/1/2309 2586/1/2440 2524/1/2384
f 14/1/9 9/1/9 2447/1/2313 2461/1/2327
f 2439/1/2305 2370/1/2236 2515/1/2361 2582/1/2428
f 2570/1/2429 2499/1/2365 2642/1/2495 2715/1/2556
f 2579/1/2394 2512/1/2367 2657/1/2496 2722/1/2522
f 2485/1/2351 2556/1/2416 2701/1/2544 2628/1/2481
f 2506/1/2372 2536/1/2396 2681/1/2524 2651/1/2503
f 2587/1/2441 2518/1/2378 2663/1/2507 2730/1/2565
f 2493/1/2359 2562/1/2422 2707/1/2550 2636/1/2489
f 2504/1/2370 2577/1/2436 2720/1/2561 2649/1/2501
f 2590/1/2444 2593/1/2447 2736/1/2571 2735/1/2570
f 2501/1/2367 2568/1/2427 2713/1/2554 2644/1/2496
f 2536/1/2396 2509/1/2375 2652/1/2504 2681/1/2524
f 2585/1/2439 2520/1/2380 2665/1/2509 2728/1/2563
f 2509/1/2375 2575/1/2434 2718/1/2559 2652/1/2504
f 2514/1/2360 2538/1/2398 2683/1/2526 2659/1/2492
f 2526/1/2386 2469/1/2335 2612/1/2465 2671/1/2514
f 2517/1/2363 2581/1/2429 2724/1/2556 2660/1/2493
f 2512/1/2367 2583/1/2427 2726/1/2554 2657/1/2496
f 2553/1/2413 2474/1/2340 2619/1/2472 2696/1/2539
f 2525/1/2385 2587/1/2441 2730/1/2565 2668/1/2512
f 2538/1/2398 2517/1/2363 2660/1/2493 2683/1/2526
f 2530/1/2390 2485/1/2351 2628/1/2481 2675/1/2518
f 2544/1/2404 2462/1/2328 2607/1/2461 2689/1/2532
f 2522/1/2382 2540/1/2400 2685/1/2528 2667/1/2511
f 2565/1/2425 2490/1/2356 2635/1/2488 2708/1/2551
f 2543/1/2403 2465/1/2331 2608/1/2190 2686/1/2529
f 2520/1/2380 2589/1/2443 2732/1/2567 2665/1/2509
f 2534/1/2394 2501/1/2367 2644/1/2496 2679/1/2522
f 2467/1/2333 2526/1/2386 2671/1/2514 2610/1/2463
f 2540/1/2400 2525/1/2385 2668/1/2512 2685/1/2528
f 2577/1/2436 2506/1/2372 2651/1/2503 2720/1/2561
f 2550/1/2410 2470/1/2336 2615/1/2468 2695/1/2538
f 2604/1/2458 2590/1/2444 2735/1/2570 2749/1/2584
f 2583/1/2427 2514/1/2360 2659/1/2492 2726/1/2554
f 2472/1/2338 2553/1/2413 2696/1/2539 2617/1/2470
f 2593/1/2447 2595/1/2449 2738/1/2573 2736/1/2571
f 2589/1/2443 2522/1/2382 2667/1/2511 2732/1/2567
f 2549/1/2409 2472/1/2338 2617/1/2470 2692/1/2535
f 2595/1/2449 2597/1/2451 2740/1/2575 2738/1/2573
f 2465/1/2331 2546/1/2406 2691/1/2534 2608/1/2190
f 2556/1/2416 2478/1/2344 2623/1/2476 2701/1/2544
f 2597/1/2451 2599/1/2453 2742/1/2577 2740/1/2575
f 2470/1/2336 2549/1/2409 2692/1/2535 2615/1/2468
f 2555/1/2415 2481/1/2347 2624/1/2477 2698/1/2541
f 2599/1/2453 2601/1/2455 2744/1/2579 2742/1/2577
f 2546/1/2406 2467/1/2333 2610/1/2463 2691/1/2534
f 2483/1/2349 2530/1/2390 2675/1/2518 2626/1/2479
f 2601/1/2455 2603/1/2457 2746/1/2581 2744/1/2579
f 2474/1/2340 2528/1/2388 2673/1/2516 2619/1/2472
f 2562/1/2422 2486/1/2352 2631/1/2484 2707/1/2550
f 2603/1/2457 2604/1/2458 2749/1/2584 2746/1/2581
f 2478/1/2344 2555/1/2415 2698/1/2541 2623/1/2476
f 2488/1/2354 2565/1/2425 2708/1/2551 2633/1/2486
f 2606/1/2460 2687/1/2530 3646/1/3250 3567/1/3171
f 2528/1/2388 2477/1/2343 2620/1/2473 2673/1/2516
f 2561/1/2421 2488/1/2354 2633/1/2486 2704/1/2547
f 2481/1/2347 2558/1/2418 2703/1/2546 2624/1/2477
f 2568/1/2427 2494/1/2360 2639/1/2492 2713/1/2554
f 2486/1/2352 2561/1/2421 2704/1/2547 2631/1/2484
f 2567/1/2398 2497/1/2363 2640/1/2493 2710/1/2526
f 2558/1/2418 2483/1/2349 2626/1/2479 2703/1/2546
f 2499/1/2365 2534/1/2394 2679/1/2522 2642/1/2495
f 2490/1/2356 2532/1/2392 2677/1/2520 2635/1/2488
f 2575/1/2434 2502/1/2368 2647/1/2499 2718/1/2559
f 2494/1/2360 2567/1/2398 2710/1/2526 2639/1/2492
f 2510/1/2365 2579/1/2394 2722/1/2522 2655/1/2495
f 2532/1/2392 2493/1/2359 2636/1/2489 2677/1/2520
f 2573/1/2432 2504/1/2370 2649/1/2501 2716/1/2557
f 2497/1/2363 2570/1/2429 2715/1/2556 2640/1/2493
f 2581/1/2429 2510/1/2365 2655/1/2495 2724/1/2556
f 2469/1/2335 2544/1/2404 2689/1/2532 2612/1/2465
f 2502/1/2368 2573/1/2432 2716/1/2557 2647/1/2499
f 2518/1/2378 2585/1/2439 2728/1/2563 2663/1/2507
f 2477/1/2343 2550/1/2410 2695/1/2538 2620/1/2473
f 2750/1/2444 2753/1/2447 2768/1/2579 2767/1/2577
f 2745/1/2580 2747/1/2582 2762/1/2456 2760/1/2587
f 2741/1/2576 2743/1/2578 2758/1/2452 2756/1/2586
f 2737/1/2572 2739/1/2574 2754/1/2448 2752/1/2585
f 2747/1/2582 2748/1/2583 2765/1/2588 2762/1/2456
f 2743/1/2578 2745/1/2580 2760/1/2587 2758/1/2452
f 2739/1/2574 2741/1/2576 2756/1/2586 2754/1/2448
f 2748/1/2583 2734/1/2569 2751/1/2445 2765/1/2588
f 2755/1/2449 2757/1/2451 2772/1/2584 2770/1/2581
f 2764/1/2458 2750/1/2444 2767/1/2577 2781/1/2575
f 2766/1/2578 2769/1/2589 2784/1/2593 2783/1/2592
f 2761/1/2455 2763/1/2457 2778/1/2573 2776/1/2571
f 2757/1/2451 2759/1/2453 2774/1/2570 2772/1/2584
f 2753/1/2447 2755/1/2449 2770/1/2581 2768/1/2579
f 2763/1/2457 2764/1/2458 2781/1/2575 2778/1/2573
f 2759/1/2453 2761/1/2455 2776/1/2571 2774/1/2570
f 2779/1/2574 2780/1/2576 2797/1/2606 2794/1/2603
f 2775/1/2569 2777/1/2572 2792/1/2601 2790/1/2599
f 2771/1/2582 2773/1/2590 2788/1/2597 2786/1/2595
f 2780/1/2576 2766/1/2578 2783/1/2592 2797/1/2606
f 2782/1/2591 2785/1/2594 34/1/9 3100/1/2902 3106/1/2908 3098/1/2900
f 2777/1/2572 2779/1/2574 2794/1/2603 2792/1/2601
f 2773/1/2590 2775/1/2569 2790/1/2599 2788/1/2597
f 2769/1/2589 2771/1/2582 2786/1/2595 2784/1/2593
f 3113/1/2915 3121/1/2923 3463/1/2607 3455/1/3151
f 2961/1/2764 2955/1/2758 3297/1/3061 3302/1/3066
f 3009/1/2812 3003/1/2806 3344/1/3096 3350/1/3102
f 3059/1/2861 3053/1/2855 3394/1/3126 3401/1/3130
f 2921/1/2725 2929/1/2732 3270/1/3049 3263/1/3052
f 2969/1/2772 2977/1/2780 3319/1/3083 3311/1/3075
f 3017/1/2820 3025/1/2827 3366/1/3117 3358/1/3110
f 31/1/9 3020/1/2823 3026/1/2828 3018/1/2821 19/1/9 2860/1/2664 2866/1/2670 2858/1/2662
f 3177/1/2979 3185/1/2987 3527/1/2638 3519/1/2612
f 3145/1/2947 3153/1/2955 3494/1/3156 3486/1/3155
f 3065/1/2867 3073/1/2875 3414/1/3069 3406/1/3061
f 3203/1/3005 3197/1/2999 3538/1/3126 3544/1/3167
f 3171/1/2973 3165/1/2967 3507/1/3094 3513/1/3109
f 3139/1/2941 3133/1/2935 3474/1/3081 3480/1/3087
f 41/1/9 2862/1/2666 2868/1/2672 2860/1/2664 19/1/9 2872/1/2676 2887/1/2691 2878/1/2682
f 2902/1/2706 2889/1/2693 3231/1/3029 3244/1/3034
f 2905/1/2709 2913/1/2717 3254/1/3043 3247/1/3036
f 3066/1/2868 3072/1/2874 3064/1/2866 31/1/9 2858/1/2662 2864/1/2668 2856/1/2660 18/1/9
f 3018/1/2821 3024/1/2826 3016/1/2819 28/1/9 2874/1/2678 2880/1/2684 2872/1/2676 19/1/9
f 28/1/9 2972/1/2775 2978/1/2781 2970/1/2773 20/1/9 2876/1/2680 2882/1/2686 2874/1/2678
f 2893/1/2697 2901/1/2705 3243/1/2617 3234/1/2626
f 2891/1/2695 2899/1/2703 3241/1/3033 3233/1/3030
f 2947/1/2750 2941/1/2744 3282/1/2616 3289/1/3028
f 2953/1/2756 2961/1/2764 3302/1/3066 3295/1/3059
f 3049/1/2851 3057/1/2859 3399/1/3089 3391/1/3081
f 3011/1/2814 3005/1/2808 3346/1/3098 3352/1/3104
f 3001/1/2804 3009/1/2812 3350/1/3102 3342/1/3094
f 2955/1/2758 2963/1/2766 3305/1/3069 3297/1/3061
f 2949/1/2752 2943/1/2746 3285/1/3056 3291/1/2607
f 2907/1/2711 2915/1/2719 3257/1/3046 3249/1/3038
f 3097/1/2899 3105/1/2907 3447/1/3055 3439/1/3147
f 3061/1/2863 3055/1/2857 3396/1/3127 3402/1/3131
f 3021/1/2824 3029/1/2831 3371/1/3119 3363/1/3096
f 3013/1/2816 3007/1/2810 3348/1/3100 3354/1/3106
f 2981/1/2784 2975/1/2778 3317/1/3081 3323/1/3087
f 2957/1/2760 2965/1/2768 3307/1/3071 3298/1/3062
f 2933/1/2736 2927/1/2730 3269/1/3039 3275/1/3055
f 2917/1/2721 2911/1/2715 3253/1/3042 3259/1/3048
f 2796/1/2605 2782/1/2591 3098/1/2900 3104/1/2906 3096/1/2898 40/1/9
f 2785/1/2594 2787/1/2596 3128/1/2930 3143/1/2945 3134/1/2936 34/1/9
f 3109/1/2911 3103/1/2905 3445/1/3036 3451/1/3049
f 2787/1/2596 2789/1/2598 36/1/9 3130/1/2932 3136/1/2938 3128/1/2930
f 2789/1/2598 2791/1/2600 3160/1/2962 3175/1/2977 3166/1/2968 36/1/9
f 2791/1/2600 2793/1/2602 38/1/9 3162/1/2964 3168/1/2970 3160/1/2962
f 2793/1/2602 2795/1/2604 3192/1/2994 3207/1/3009 3198/1/3000 38/1/9
f 2795/1/2604 2796/1/2605 40/1/9 3194/1/2996 3200/1/3002 3192/1/2994
f 2873/1/2677 2881/1/2685 2798/1/2607 2807/1/2616
f 2938/1/2741 2944/1/2747 2936/1/2739 21/1/9 2904/1/2708 2919/1/2723 2910/1/2714 23/1/9
f 2846/1/2650 2852/1/2656 2844/1/2648 18/1/9 2856/1/2660 2871/1/2675 2862/1/2666 41/1/9
f 2890/1/2694 2896/1/2700 2888/1/2692 41/1/9 2878/1/2682 2884/1/2688 2876/1/2680 20/1/9
f 22/1/9 3068/1/2870 3074/1/2876 3066/1/2868 18/1/9 2844/1/2648 2850/1/2654 2842/1/2646
f 3142/1/2944 3129/1/2931 3470/1/3077 3485/1/3083
f 2987/1/2790 2995/1/2798 3336/1/2617 3328/1/3090
f 3053/1/2855 3061/1/2863 3402/1/3131 3394/1/3126
f 22/1/9 2920/1/2724 2935/1/2738 2926/1/2712 21/1/9 2936/1/2739 2951/1/2754 2942/1/2745
f 3119/1/2921 3127/1/2929 3469/1/3028 3460/1/2610
f 2851/1/2655 2845/1/2649 2834/1/2640 2829/1/2637
f 3201/1/3003 3195/1/2997 3536/1/3075 3542/1/3165
f 2934/1/2737 2921/1/2725 3263/1/3052 3276/1/3048
f 2843/1/2647 2851/1/2655 2829/1/2637 2837/1/2641
f 3193/1/2995 3201/1/3003 3542/1/3165 3535/1/3163
f 3114/1/2916 3120/1/2922 3112/1/2914 35/1/9 3052/1/2854 3058/1/2860 3050/1/2852 23/1/9
f 2911/1/2715 2918/1/2722 3260/1/3049 3253/1/3042
f 3125/1/2927 3119/1/2921 3460/1/2610 3467/1/3154
f 2993/1/2796 2987/1/2790 3328/1/3090 3335/1/3033
f 3206/1/3008 3193/1/2995 3535/1/3163 3549/1/3087
f 3051/1/2853 3059/1/2861 3401/1/3130 3393/1/3125
f 3117/1/2919 3125/1/2927 3467/1/3154 3459/1/2643
f 2985/1/2788 2993/1/2796 3335/1/3033 3327/1/3030
f 2841/1/2645 2849/1/2653 2830/1/2638 2839/1/2643
f 3183/1/2985 3191/1/2993 3533/1/2633 3525/1/3056
f 33/1/9 3116/1/2918 3122/1/2924 3114/1/2916 23/1/9 2910/1/2714 2916/1/2720 2908/1/2712
f 2999/1/2802 2985/1/2788 3327/1/3030 3341/1/2622
f 17/1/9 2840/1/2644 2855/1/2659 2846/1/2650 41/1/9 2888/1/2692 2903/1/2707 2894/1/2698
f 2909/1/2713 2917/1/2721 3259/1/3048 3250/1/3039
f 3123/1/2925 3117/1/2919 3459/1/2643 3465/1/2633
f 2975/1/2778 2982/1/2785 3325/1/3089 3317/1/3081
f 3189/1/2991 3183/1/2985 3525/1/3056 3531/1/3162
f 3057/1/2859 3051/1/2853 3393/1/3125 3399/1/3089
f 3115/1/2917 3123/1/2925 3465/1/2633 3457/1/3153
f 3181/1/2983 3189/1/2991 3531/1/3162 3523/1/3151
f 3082/1/2884 3088/1/2890 3080/1/2882 30/1/9 3048/1/2850 3062/1/2864 3054/1/2856 32/1/9
f 2915/1/2719 2909/1/2713 3250/1/3039 3257/1/3046
f 2974/1/2777 2980/1/2783 2972/1/2775 28/1/9 3038/1/2840 3044/1/2846 3036/1/2838 24/1/9
f 2849/1/2653 2843/1/2647 2837/1/2641 2830/1/2638
f 3063/1/2865 3049/1/2851 3391/1/3081 3405/1/3134
f 3212/1/3014 3218/1/3020 3210/1/3012 33/1/9 2908/1/2712 2914/1/2718 2906/1/2710 26/1/9
f 2973/1/2776 2981/1/2784 3323/1/3087 3315/1/3079
f 2847/1/2651 2854/1/2658 2824/1/2633 2833/1/2614
f 3187/1/2989 3181/1/2983 3523/1/3151 3529/1/2637
f 3039/1/2841 3046/1/2848 3389/1/2637 3381/1/2641
f 3121/1/2923 3115/1/2917 3457/1/3153 3463/1/2607
f 3179/1/2981 3187/1/2989 3529/1/2637 3521/1/2641
f 34/1/9 3134/1/2936 3140/1/2942 3132/1/2934 35/1/9 3112/1/2914 3126/1/2928 3118/1/2920
f 2979/1/2782 2973/1/2776 3315/1/3079 3321/1/3085
f 3045/1/2847 3039/1/2841 3381/1/2641 3387/1/2638
f 2913/1/2717 2907/1/2711 3249/1/3038 3254/1/3043
f 3127/1/2929 3113/1/2915 3455/1/3151 3469/1/3028
f 2971/1/2774 2979/1/2782 3321/1/3085 3313/1/3077
f 3037/1/2839 3045/1/2847 3387/1/2638 3379/1/2612
f 21/1/9 2988/1/2791 2994/1/2797 2986/1/2789 26/1/9 2906/1/2710 2912/1/2716 2904/1/2708
f 3103/1/2905 3110/1/2912 3453/1/3043 3445/1/3036
f 3185/1/2987 3179/1/2981 3521/1/2641 3527/1/2638
f 2918/1/2722 2905/1/2709 3247/1/3036 3260/1/3049
f 38/1/9 3198/1/3000 3204/1/3006 3196/1/2998 39/1/9 3176/1/2978 3190/1/2992 3182/1/2984
f 3043/1/2845 3037/1/2839 3379/1/2612 3385/1/3027
f 2895/1/2699 2902/1/2706 3244/1/3034 3237/1/3031
f 3102/1/2904 3108/1/2910 3100/1/2902 34/1/9 3118/1/2920 3124/1/2926 3116/1/2918 33/1/9
f 2977/1/2780 2971/1/2774 3313/1/3077 3319/1/3083
f 3191/1/2993 3177/1/2979 3519/1/2612 3533/1/2633
f 3035/1/2837 3043/1/2845 3385/1/3027 3377/1/2614
f 3101/1/2903 3109/1/2911 3451/1/3049 3443/1/3042
f 25/1/9 2968/1/2771 2983/1/2786 2974/1/2777 24/1/9 2984/1/2787 2998/1/2801 2990/1/2793
f 3167/1/2969 3174/1/2976 3517/1/3104 3509/1/3160
f 2901/1/2705 2895/1/2699 3237/1/3031 3243/1/2617
f 2982/1/2785 2969/1/2772 3311/1/3075 3325/1/3089
f 25/1/9 2924/1/2728 2930/1/2733 2922/1/2726 17/1/9 2894/1/2698 2900/1/2704 2892/1/2696
f 3107/1/2909 3101/1/2903 3443/1/3042 3449/1/3149
f 2959/1/2762 2966/1/2769 3308/1/3072 3301/1/3065
f 3173/1/2975 3167/1/2969 3509/1/3160 3515/1/3118
f 3041/1/2843 3035/1/2837 3377/1/2614 3383/1/2607
f 3099/1/2901 3107/1/2909 3449/1/3149 3441/1/3039
f 3165/1/2967 3173/1/2975 3515/1/3118 3507/1/3094
f 3033/1/2835 3041/1/2843 3383/1/2607 3375/1/2616
f 2899/1/2703 2893/1/2697 3234/1/2626 3241/1/3033
f 2965/1/2768 2959/1/2762 3301/1/3065 3307/1/3071
f 3046/1/2848 3033/1/2835 3375/1/2616 3389/1/2637
f 2970/1/2773 2976/1/2779 2968/1/2771 25/1/9 2892/1/2696 2898/1/2702 2890/1/2694 20/1/9
f 39/1/9 3214/1/3016 3220/1/3022 3212/1/3014 26/1/9 2958/1/2761 2964/1/2767 2956/1/2759
f 3164/1/2966 3170/1/2972 3162/1/2964 38/1/9 3182/1/2984 3188/1/2990 3180/1/2982 37/1/9
f 3023/1/2825 3030/1/2832 3373/1/3106 3365/1/3116
f 3105/1/2907 3099/1/2901 3441/1/3039 3447/1/3055
f 3163/1/2965 3171/1/2973 3513/1/3109 3505/1/3159
f 40/1/9 3096/1/2898 3111/1/2913 3102/1/2904 33/1/9 3210/1/3012 3216/1/3018 3208/1/3010
f 2963/1/2766 2957/1/2760 3298/1/3062 3305/1/3069
f 3029/1/2831 3023/1/2825 3365/1/3116 3371/1/3119
f 2897/1/2701 2891/1/2695 3233/1/3030 3238/1/2622
f 3110/1/2912 3097/1/2899 3439/1/3147 3453/1/3043
f 3178/1/2980 3184/1/2986 3176/1/2978 39/1/9 2956/1/2759 2962/1/2765 2954/1/2757 29/1/9
f 3022/1/2807 3028/1/2830 3020/1/2823 31/1/9 3086/1/2888 3092/1/2894 3084/1/2886 27/1/9
f 2889/1/2693 2897/1/2701 3238/1/2622 3231/1/3029
f 3087/1/2889 3094/1/2896 3437/1/2617 3429/1/3146
f 3169/1/2971 3163/1/2965 3505/1/3159 3511/1/3161
f 2885/1/2689 2879/1/2683 2801/1/2610 3227/1/2638
f 3161/1/2963 3169/1/2971 3511/1/3161 3503/1/3098
f 3027/1/2829 3021/1/2824 3363/1/3096 3369/1/3118
f 2877/1/2681 2885/1/2689 3227/1/2638 2803/1/2612
f 2922/1/2726 2928/1/2731 2920/1/2724 22/1/9 2842/1/2646 2848/1/2652 2840/1/2644 17/1/9
f 2870/1/2674 2857/1/2661 2823/1/2632 2808/1/2617
f 2881/1/2685 2875/1/2679 2805/1/2614 2798/1/2607
f 3246/1/3035 3255/1/3044 3248/1/3037 3256/1/3045 3251/1/3040 3258/1/3047 3252/1/3041 3261/1/3050
f 3262/1/3051 3271/1/3054 3264/1/3035 3272/1/3044 3267/1/3053 3274/1/3045 3268/1/3040 3277/1/3047
f 3278/1/2611 3287/1/2639 3280/1/2609 3288/1/3057 3283/1/2615 3290/1/2635 3284/1/2613 3293/1/3026
f 3294/1/3058 3303/1/3067 3296/1/3060 3304/1/3068 3299/1/3063 3306/1/3070 3300/1/3064 3309/1/3073
f 3310/1/3074 3318/1/3082 3312/1/3076 3320/1/3084 3314/1/3078 3322/1/3086 3316/1/3080 3324/1/3088
f 3326/1/2628 3334/1/2619 3329/1/3091 3337/1/3093 3331/1/3092 3339/1/2624 3333/1/2629 3340/1/2621
f 3343/1/3095 3351/1/3103 3345/1/3097 3353/1/3105 3347/1/3099 3355/1/3107 3349/1/3101 3356/1/3108
f 3359/1/3111 3367/1/3108 3360/1/3112 3368/1/3103 3362/1/3114 3370/1/3105 3364/1/3115 3372/1/3120
f 3374/1/2615 3382/1/2608 3376/1/2613 3384/1/3026 3378/1/2611 3386/1/3122 3380/1/3121 3388/1/2636
f 3390/1/3123 3398/1/3129 3392/1/3124 3400/1/3082 3395/1/3076 3403/1/3132 3397/1/3128 3404/1/3133
f 3407/1/3135 3415/1/3140 3409/1/3136 3417/1/3070 3411/1/3138 3419/1/3143 3413/1/3058 3420/1/3144
f 3423/1/3092 3431/1/2624 3425/1/2629 3433/1/2621 3427/1/2628 3434/1/2619 3428/1/3091 3436/1/2618
f 3438/1/3053 3446/1/3045 3440/1/3148 3448/1/3047 3442/1/3041 3450/1/3054 3444/1/3035 3452/1/3044
f 3454/1/3150 3462/1/2608 3456/1/3152 3464/1/3026 3458/1/2642 3466/1/2639 3461/1/2609 3468/1/2636
f 3471/1/3076 3479/1/3132 3473/1/3078 3481/1/3086 3475/1/3080 3483/1/3129 3477/1/3074 3484/1/3082
f 3487/1/2628 3495/1/2619 3489/1/2625 3497/1/3093 3491/1/2631 3499/1/3157 3493/1/2629 3500/1/2621
f 3502/1/3115 3510/1/3120 3504/1/3111 3512/1/3108 3506/1/3095 3514/1/3103 3508/1/3097 3516/1/3105
f 3518/1/2642 3526/1/3122 3520/1/2609 3528/1/2636 3522/1/3150 3530/1/2635 3524/1/2613 3532/1/3026
f 3534/1/3080 3543/1/3166 3537/1/3074 3545/1/3168 3539/1/3076 3547/1/3132 3541/1/3078 3548/1/3086
f 3551/1/3091 3559/1/3093 3553/1/2631 3561/1/3157 3555/1/2629 3563/1/2621 3557/1/2628 3564/1/2619
f 3647/2/3251 405/3/373 3818/4/3422 3817/5/3421 3566/6/3170
f 2929/1/2732 2923/1/2727 3265/1/3036 3270/1/3049
f 35/1/9 3148/1/2950 3154/1/2956 3146/1/2948 32/1/9 3054/1/2856 3060/1/2862 3052/1/2854
f 2845/1/2649 2853/1/2657 2827/1/2607 2834/1/2640
f 2995/1/2798 2989/1/2792 3330/1/3031 3336/1/2617
f 3129/1/2931 3137/1/2939 3478/1/3085 3470/1/3077
f 3195/1/2997 3203/1/3005 3544/1/3167 3536/1/3075
f 2853/1/2657 2847/1/2651 2833/1/2614 2827/1/2607
f 3137/1/2939 3131/1/2933 3472/1/3127 3478/1/3085
f 3055/1/2857 3063/1/2865 3405/1/3134 3396/1/3127
f 3196/1/2998 3202/1/3004 3194/1/2996 40/1/9 3208/1/3010 3223/1/3025 3214/1/3016 39/1/9
f 2869/1/2673 2863/1/2667 2817/1/2626 2811/1/2620
f 2989/1/2792 2997/1/2800 3338/1/3034 3330/1/3031
f 2923/1/2727 2931/1/2734 3273/1/3043 3265/1/3036
f 3078/1/2880 3065/1/2867 3406/1/3061 3421/1/3145
f 2865/1/2669 2859/1/2663 2821/1/2630 2814/1/2623
f 2997/1/2800 2991/1/2794 3332/1/2630 3338/1/3034
f 2931/1/2734 2925/1/2729 3266/1/3038 3273/1/3043
f 31/1/9 3064/1/2866 3079/1/2881 3070/1/2872 30/1/9 3080/1/2882 3095/1/2897 3086/1/2888
f 3197/1/2999 3205/1/3007 3546/1/3085 3538/1/3126
f 3131/1/2933 3139/1/2941 3480/1/3087 3472/1/3127
f 3073/1/2875 3067/1/2869 3408/1/3062 3414/1/3069
f 3205/1/3007 3199/1/3001 3540/1/3164 3546/1/3085
f 2991/1/2794 2999/1/2802 3341/1/2622 3332/1/2630
f 3132/1/2934 3138/1/2940 3130/1/2932 36/1/9 3150/1/2952 3156/1/2958 3148/1/2950 35/1/9
f 2925/1/2729 2933/1/2736 3275/1/3055 3266/1/3038
f 2838/1/2642 2831/1/2639 2836/1/2609 2828/1/2636 2835/1/2615 2826/1/2635 2832/1/2613 2825/1/2634
f 3014/1/2817 3001/1/2804 3342/1/3094 3357/1/3109
f 2926/1/2712 2932/1/2735 2924/1/2728 25/1/9 2990/1/2793 2996/1/2799 2988/1/2791 21/1/9
f 3199/1/3001 3206/1/3008 3549/1/3087 3540/1/3164
f 2857/1/2661 2865/1/2669 2814/1/2623 2823/1/2632
f 3034/1/2836 3040/1/2842 3032/1/2834 27/1/9 3000/1/2803 3015/1/2818 3006/1/2809 29/1/9
f 3133/1/2935 3141/1/2943 3482/1/3089 3474/1/3081
f 3067/1/2869 3075/1/2877 3416/1/3141 3408/1/3062
f 3222/1/3024 3209/1/3011 3550/1/3090 3565/1/2620
f 27/1/9 3084/1/2886 3090/1/2892 3082/1/2884 32/1/9 3002/1/2805 3008/1/2811 3000/1/2803
f 3141/1/2943 3135/1/2937 3476/1/3075 3482/1/3089
f 2927/1/2730 2934/1/2737 3276/1/3048 3269/1/3039
f 3075/1/2877 3069/1/2871 3410/1/3137 3416/1/3141
f 3209/1/3011 3217/1/3019 3558/1/3169 3550/1/3090
f 2859/1/2663 2867/1/2671 2813/1/2622 2821/1/2630
f 2950/1/2753 2937/1/2740 3279/1/2612 3292/1/3027
f 3217/1/3019 3211/1/3013 3552/1/3031 3558/1/3169
f 2867/1/2671 2861/1/2665 2818/1/2627 2813/1/2622
f 3135/1/2937 3142/1/2944 3485/1/3083 3476/1/3075
f 2937/1/2740 2945/1/2748 3286/1/2638 3279/1/2612
f 3069/1/2871 3077/1/2879 3418/1/3142 3410/1/3137
f 3003/1/2806 3011/1/2814 3352/1/3104 3344/1/3096
f 3158/1/2960 3145/1/2947 3486/1/3155 3501/1/3158
f 2945/1/2748 2939/1/2742 3281/1/2610 3286/1/2638
f 3077/1/2879 3071/1/2873 3412/1/3139 3418/1/3142
f 2861/1/2665 2869/1/2673 2811/1/2620 2818/1/2627
f 3146/1/2948 3152/1/2954 3144/1/2946 37/1/9 3004/1/2807 3010/1/2813 3002/1/2805 32/1/9
f 36/1/9 3166/1/2968 3172/1/2974 3164/1/2966 37/1/9 3144/1/2946 3159/1/2961 3150/1/2952
f 3211/1/3013 3219/1/3021 3560/1/2623 3552/1/3031
f 2822/1/2631 2815/1/2624 2820/1/2629 2812/1/2621 2819/1/2628 2810/1/2619 2816/1/2625 2809/1/2618
f 3153/1/2955 3147/1/2949 3488/1/2626 3494/1/3156
f 3071/1/2873 3078/1/2880 3421/1/3145 3412/1/3139
f 3219/1/3021 3213/1/3015 3554/1/2630 3560/1/2623
f 2863/1/2667 2870/1/2674 2808/1/2617 2817/1/2626
f 3005/1/2808 3013/1/2816 3354/1/3106 3346/1/3098
f 2939/1/2742 2947/1/2750 3289/1/3028 3281/1/2610
f 3094/1/2896 3081/1/2883 3422/1/3031 3437/1/2617
f 2806/1/2615 2799/1/2608 2804/1/2613 3224/1/3026 2802/1/2611 3226/1/2639 2800/1/2609 3229/1/2636
f 37/1/9 3180/1/2982 3186/1/2988 3178/1/2980 29/1/9 3006/1/2809 3012/1/2815 3004/1/2807
f 30/1/9 2940/1/2743 2946/1/2749 2938/1/2741 23/1/9 3050/1/2852 3056/1/2858 3048/1/2850
f 3081/1/2883 3089/1/2891 3430/1/3034 3422/1/3031
f 3213/1/3015 3221/1/3023 3562/1/3158 3554/1/2630
f 3147/1/2949 3155/1/2957 3496/1/2617 3488/1/2626
f 3089/1/2891 3083/1/2885 3424/1/2630 3430/1/3034
f 3221/1/3023 3215/1/3017 3556/1/3030 3562/1/3158
f 3007/1/2810 3014/1/2817 3357/1/3109 3348/1/3100
f 3155/1/2957 3149/1/2951 3490/1/3031 3496/1/2617
f 2941/1/2744 2949/1/2752 3291/1/2607 3282/1/2616
f 2879/1/2683 2886/1/2690 3228/1/3028 2801/1/2610
f 3030/1/2832 3017/1/2820 3358/1/3110 3373/1/3106
f 3070/1/2872 3076/1/2878 3068/1/2870 22/1/9 2942/1/2745 2948/1/2751 2940/1/2743 30/1/9
f 3215/1/3017 3222/1/3024 3565/1/2620 3556/1/3030
f 2886/1/2690 2873/1/2677 2807/1/2616 3228/1/3028
f 28/1/9 3016/1/2819 3031/1/2833 3022/1/2807 27/1/9 3032/1/2834 3047/1/2849 3038/1/2840
f 3149/1/2951 3157/1/2959 3498/1/2623 3490/1/3031
f 3083/1/2885 3091/1/2893 3432/1/2622 3424/1/2630
f 3230/1/2629 3239/1/3032 3232/1/2628 3240/1/2619 3235/1/2625 3242/1/2618 3236/1/2631 3245/1/2624
f 3025/1/2827 3019/1/2822 3361/1/3113 3366/1/3117
f 3157/1/2959 3151/1/2953 3492/1/2630 3498/1/2623
f 2943/1/2746 2950/1/2753 3292/1/3027 3285/1/3056
f 3091/1/2893 3085/1/2887 3426/1/3030 3432/1/2622
f 2875/1/2679 2883/1/2687 3225/1/3027 2805/1/2614
f 2966/1/2769 2953/1/2756 3295/1/3059 3308/1/3072
f 2883/1/2687 2877/1/2681 2803/1/2612 3225/1/3027
f 3151/1/2953 3158/1/2960 3501/1/3158 3492/1/2630
f 2986/1/2789 2992/1/2795 2984/1/2787 24/1/9 2952/1/2755 2967/1/2770 2958/1/2761 26/1/9
f 3085/1/2887 3093/1/2895 3435/1/3033 3426/1/3030
f 3019/1/2822 3027/1/2829 3369/1/3118 3361/1/3113
f 3174/1/2976 3161/1/2963 3503/1/3098 3517/1/3104
f 24/1/9 3036/1/2838 3042/1/2844 3034/1/2836 29/1/9 2954/1/2757 2960/1/2763 2952/1/2755
f 3093/1/2895 3087/1/2889 3429/1/3146 3435/1/3033
f 2854/1/2658 2841/1/2645 2839/1/2643 2824/1/2633
f 2648/1/2500 2721/1/2562 3680/1/3284 3609/1/3213
f 2734/1/2569 2737/1/2572 2752/1/2585 2751/1/2445
f 2645/1/2497 2712/1/2553 3673/1/3277 3604/1/3208
f 2680/1/2523 2653/1/2505 3612/1/3216 3641/1/3245
f 2729/1/2564 2664/1/2508 3625/1/3229 3688/1/3292
f 2653/1/2505 2719/1/2560 3678/1/3282 3612/1/3216
f 2658/1/2491 2682/1/2525 3643/1/3247 3619/1/3223
f 2670/1/2513 2613/1/2466 3572/1/3176 3631/1/3235
f 2661/1/2494 2725/1/2555 3684/1/3288 3620/1/3224
f 2656/1/2497 2727/1/2553 3686/1/3290 3617/1/3221
f 2697/1/2540 2618/1/2471 3579/1/3183 3656/1/3260
f 2669/1/2228 2731/1/2566 3690/1/3294 3628/1/3232
f 2682/1/2525 2661/1/2494 3620/1/3224 3643/1/3247
f 2674/1/2517 2629/1/2482 3588/1/3192 3635/1/3239
f 2688/1/2531 2606/1/2460 3567/1/3171 3649/1/3253
f 2666/1/2510 2684/1/2527 3645/1/3249 3627/1/3231
f 2709/1/2552 2634/1/2487 3595/1/3199 3668/1/3272
f 2687/1/2530 2609/1/2462 3568/1/3172 3646/1/3250
f 2664/1/2508 2733/1/2568 3692/1/3296 3625/1/3229
f 2678/1/2521 2645/1/2497 3604/1/3208 3639/1/3243
f 2611/1/2464 2670/1/2513 3631/1/3235 3570/1/3174
f 2684/1/2527 2669/1/2228 3628/1/3232 3645/1/3249
f 2721/1/2562 2650/1/2502 3611/1/3215 3680/1/3284
f 2694/1/2537 2614/1/2467 3575/1/3179 3655/1/3259
f 2727/1/2553 2658/1/2491 3619/1/3223 3686/1/3290
f 2616/1/2469 2697/1/2540 3656/1/3260 3577/1/3181
f 2733/1/2568 2666/1/2510 3627/1/3231 3692/1/3296
f 2693/1/2536 2616/1/2469 3577/1/3181 3652/1/3256
f 2609/1/2462 2690/1/2533 3651/1/3255 3568/1/3172
f 2700/1/2543 2622/1/2475 3583/1/3187 3661/1/3265
f 2614/1/2467 2693/1/2536 3652/1/3256 3575/1/3179
f 2699/1/2542 2625/1/2478 3584/1/3188 3658/1/3262
f 2690/1/2533 2611/1/2464 3570/1/3174 3651/1/3255
f 2627/1/2480 2674/1/2517 3635/1/3239 3586/1/3190
f 2618/1/2471 2672/1/2515 3633/1/3237 3579/1/3183
f 2706/1/2549 2630/1/2483 3591/1/3195 3667/1/3271
f 2622/1/2475 2699/1/2542 3658/1/3262 3583/1/3187
f 2632/1/2485 2709/1/2552 3668/1/3272 3593/1/3197
f 2672/1/2515 2621/1/2474 3580/1/3184 3633/1/3237
f 2705/1/2548 2632/1/2485 3593/1/3197 3664/1/3268
f 2625/1/2478 2702/1/2545 3663/1/3267 3584/1/3188
f 2712/1/2553 2638/1/2491 3599/1/3203 3673/1/3277
f 2630/1/2483 2705/1/2548 3664/1/3268 3591/1/3195
f 2711/1/2525 2641/1/2494 3600/1/3204 3670/1/3274
f 2702/1/2545 2627/1/2480 3586/1/3190 3663/1/3267
f 2643/1/2207 2678/1/2521 3639/1/3243 3602/1/3206
f 2634/1/2487 2676/1/2519 3637/1/3241 3595/1/3199
f 2719/1/2560 2646/1/2498 3607/1/3211 3678/1/3282
f 2638/1/2491 2711/1/2525 3670/1/3274 3599/1/3203
f 2654/1/2207 2723/1/2521 3682/1/3286 3615/1/3219
f 2676/1/2519 2637/1/2490 3596/1/3200 3637/1/3241
f 2717/1/2558 2648/1/2500 3609/1/3213 3676/1/3280
f 2641/1/2494 2714/1/2555 3675/1/3279 3600/1/3204
f 2725/1/2555 2654/1/2207 3615/1/3219 3684/1/3288
f 2613/1/2466 2688/1/2531 3649/1/3253 3572/1/3176
f 2646/1/2498 2717/1/2558 3676/1/3280 3607/1/3211
f 2662/1/2506 2729/1/2564 3688/1/3292 3623/1/3227
f 2621/1/2474 2694/1/2537 3655/1/3259 3580/1/3184
f 2714/1/2555 2643/1/2207 3602/1/3206 3675/1/3279
f 2723/1/2521 2656/1/2497 3617/1/3221 3682/1/3286
f 2629/1/2482 2700/1/2543 3661/1/3265 3588/1/3192
f 2650/1/2502 2680/1/2523 3641/1/3245 3611/1/3215
f 2731/1/2566 2662/1/2506 3623/1/3227 3690/1/3294
f 2637/1/2490 2706/1/2549 3667/1/3271 3596/1/3200
f 126/7/94 3709/8/3313 3707/9/3311 125/10/93
f 43/11/11 46/12/14 45/13/13 42/1/10
f 44/14/12 47/15/15 46/12/14 43/11/11
f 3698/16/3302 49/17/17 48/18/16 3695/19/3299
f 3700/20/3304 50/21/18 49/17/17 3698/22/3302
f 3702/23/3306 51/24/19 50/21/18 3700/25/3304
f 3703/26/3307 52/27/20 51/24/19 3702/28/3306
f 42/29/10 45/30/13 52/27/20 3703/31/3307 3705/32/3309
f 45/30/13 53/33/21 60/34/28 52/27/20
f 46/12/14 54/35/22 53/36/21 45/13/13
f 47/15/15 55/37/23 54/35/22 46/12/14
f 48/18/16 56/38/24 55/37/23 47/15/15
f 49/17/17 57/39/25 56/38/24 48/18/16
f 50/21/18 58/40/26 57/39/25 49/17/17
f 51/24/19 59/41/27 58/40/26 50/21/18
f 52/27/20 60/34/28 59/41/27 51/24/19
f 53/33/21 61/42/29 68/43/36 60/34/28
f 54/35/22 62/44/30 61/45/29 53/36/21
f 55/37/23 63/46/31 62/44/30 54/35/22
f 56/38/24 64/47/32 63/46/31 55/37/23
f 57/39/25 65/48/33 64/47/32 56/38/24
f 58/40/26 66/49/34 65/48/33 57/39/25
f 59/41/27 67/50/35 66/49/34 58/40/26
f 60/34/28 68/43/36 67/50/35 59/41/27
f 61/42/29 69/51/37 76/52/44 68/43/36
f 62/44/30 70/53/38 69/54/37 61/45/29
f 63/46/31 71/55/39 70/53/38 62/44/30
f 64/47/32 72/56/40 71/55/39 63/46/31
f 65/48/33 73/57/41 72/56/40 64/47/32
f 66/49/34 74/58/42 73/57/41 65/48/33
f 67/50/35 75/59/43 74/58/42 66/49/34
f 68/43/36 76/52/44 75/59/43 67/50/35
f 69/51/37 77/60/45 84/61/52 76/52/44
f 70/53/38 78/62/46 77/63/45 69/54/37
f 71/55/39 79/64/47 78/62/46 70/53/38
f 72/56/40 80/65/48 79/64/47 71/55/39
f 73/57/41 81/66/49 80/65/48 72/56/40
f 74/58/42 82/67/50 81/66/49 73/57/41
f 75/59/43 83/68/51 82/67/50 74/58/42
f 76/52/44 84/61/52 83/68/51 75/59/43
f 77/60/45 85/69/53 92/70/60 84/61/52
f 78/62/46 86/71/54 85/72/53 77/63/45
f 79/64/47 87/73/55 86/71/54 78/62/46
f 80/65/48 88/74/56 87/73/55 79/64/47
f 81/66/49 89/75/57 88/74/56 80/65/48
f 82/67/50 90/76/58 89/75/57 81/66/49
f 83/68/51 91/77/59 90/76/58 82/67/50
f 84/61/52 92/70/60 91/77/59 83/68/51
f 85/69/53 93/78/61 100/79/68 92/70/60
f 86/71/54 94/80/62 93/81/61 85/72/53
f 87/73/55 95/82/63 94/80/62 86/71/54
f 88/74/56 96/83/64 95/82/63 87/73/55
f 89/75/57 97/84/65 96/83/64 88/74/56
f 90/76/58 98/85/66 97/84/65 89/75/57
f 91/77/59 99/86/67 98/85/66 90/76/58
f 92/70/60 100/79/68 99/86/67 91/77/59
f 93/78/61 101/87/69 108/88/76 100/79/68
f 94/80/62 102/89/70 101/90/69 93/81/61
f 95/82/63 103/91/71 102/89/70 94/80/62
f 96/83/64 104/92/72 103/91/71 95/82/63
f 97/84/65 105/93/73 104/92/72 96/83/64
f 98/85/66 106/94/74 105/93/73 97/84/65
f 99/86/67 107/95/75 106/94/74 98/85/66
f 100/79/68 108/88/76 107/95/75 99/86/67
f 101/87/69 109/96/77 116/97/84 108/88/76
f 102/89/70 110/98/78 109/99/77 101/90/69
f 103/91/71 111/100/79 110/98/78 102/89/70
f 104/92/72 112/101/80 111/100/79 103/91/71
f 105/93/73 113/102/81 112/101/80 104/92/72
f 106/94/74 114/103/82 113/102/81 105/93/73
f 107/95/75 115/104/83 114/103/82 106/94/74
f 108/88/76 116/97/84 115/104/83 107/95/75
f 109/96/77 117/105/85 124/106/92 116/97/84
f 110/98/78 118/107/86 117/108/85 109/99/77
f 111/100/79 119/109/87 118/107/86 110/98/78
f 112/101/80 120/110/88 119/109/87 111/100/79
f 113/102/81 121/111/89 120/110/88 112/101/80
f 114/103/82 122/112/90 121/111/89 113/102/81
f 115/104/83 123/113/91 122/112/90 114/103/82
f 116/97/84 124/106/92 123/113/91 115/104/83
f 117/105/85 125/114/93 132/115/100 124/106/92
f 118/107/86 126/7/94 125/10/93 117/108/85
f 119/109/87 127/116/95 126/7/94 118/107/86
f 120/110/88 128/117/96 127/116/95 119/109/87
f 121/111/89 129/118/97 128/117/96 120/110/88
f 122/112/90 130/119/98 129/118/97 121/111/89
f 123/113/91 131/120/99 130/119/98 122/112/90
f 124/106/92 132/115/100 131/120/99 123/113/91
f 3720/121/3324 3706/122/3310 3708/123/3312 3710/124/3314 3712/125/3316 3714/126/3318 3716/127/3320 3718/128/3322
f 125/114/93 3707/129/3311 3721/130/3325 132/115/100
f 128/117/96 3713/131/3317 3711/132/3315 127/116/95
f 129/118/97 3715/133/3319 3713/134/3317 128/117/96
f 130/119/98 3717/135/3321 3715/136/3319 129/118/97
f 131/120/99 3719/137/3323 3717/138/3321 130/119/98
f 132/115/100 3721/139/3325 3719/140/3323 131/120/99
f 3723/141/3327 135/30/103 142/142/110 3734/143/3338
f 3725/144/3329 136/145/104 135/13/103 3723/146/3327
f 3727/147/3331 137/148/105 136/145/104 3725/149/3329
f 3728/150/3332 138/151/106 137/148/105 3727/152/3331
f 133/153/101 139/154/107 138/151/106 3728/155/3332 3730/156/3334
f 3733/157/3337 3732/158/3336 141/159/109 140/160/108 134/161/102
f 134/161/102 140/160/108 139/154/107 133/153/101
f 3734/162/3338 142/142/110 141/159/109 3732/163/3336
f 216/164/184 3739/165/3343 3737/166/3341 215/167/183
f 135/30/103 143/168/111 150/34/118 142/142/110
f 136/145/104 144/35/112 143/169/111 135/13/103
f 137/148/105 145/170/113 144/35/112 136/145/104
f 138/151/106 146/171/114 145/170/113 137/148/105
f 139/154/107 147/172/115 146/171/114 138/151/106
f 140/160/108 148/173/116 147/172/115 139/154/107
f 141/159/109 149/174/117 148/173/116 140/160/108
f 142/142/110 150/34/118 149/174/117 141/159/109
f 143/168/111 151/42/119 158/175/126 150/34/118
f 144/35/112 152/44/120 151/45/119 143/169/111
f 145/170/113 153/176/121 152/44/120 144/35/112
f 146/171/114 154/177/122 153/176/121 145/170/113
f 147/172/115 155/178/123 154/177/122 146/171/114
f 148/173/116 156/179/124 155/178/123 147/172/115
f 149/174/117 157/180/125 156/179/124 148/173/116
f 150/34/118 158/175/126 157/180/125 149/174/117
f 151/42/119 159/181/127 166/182/134 158/175/126
f 152/44/120 160/183/128 159/184/127 151/45/119
f 153/176/121 161/185/129 160/183/128 152/44/120
f 154/177/122 162/186/130 161/185/129 153/176/121
f 155/178/123 163/187/131 162/186/130 154/177/122
f 156/179/124 164/58/132 163/187/131 155/178/123
f 157/180/125 165/188/133 164/58/132 156/179/124
f 158/175/126 166/182/134 165/188/133 157/180/125
f 159/181/127 167/189/135 174/190/142 166/182/134
f 160/183/128 168/191/136 167/192/135 159/184/127
f 161/185/129 169/64/137 168/191/136 160/183/128
f 162/186/130 170/193/138 169/64/137 161/185/129
f 163/187/131 171/194/139 170/193/138 162/186/130
f 164/58/132 172/195/140 171/194/139 163/187/131
f 165/188/133 173/196/141 172/195/140 164/58/132
f 166/182/134 174/190/142 173/196/141 165/188/133
f 167/189/135 175/69/143 182/197/150 174/190/142
f 168/191/136 176/71/144 175/72/143 167/192/135
f 169/64/137 177/73/145 176/71/144 168/191/136
f 170/193/138 178/198/146 177/73/145 169/64/137
f 171/194/139 179/75/147 178/198/146 170/193/138
f 172/195/140 180/76/148 179/75/147 171/194/139
f 173/196/141 181/199/149 180/76/148 172/195/140
f 174/190/142 182/197/150 181/199/149 173/196/141
f 175/69/143 183/200/151 190/201/158 182/197/150
f 176/71/144 184/202/152 183/81/151 175/72/143
f 177/73/145 185/203/153 184/202/152 176/71/144
f 178/198/146 186/204/154 185/203/153 177/73/145
f 179/75/147 187/84/155 186/204/154 178/198/146
f 180/76/148 188/205/156 187/84/155 179/75/147
f 181/199/149 189/206/157 188/205/156 180/76/148
f 182/197/150 190/201/158 189/206/157 181/199/149
f 183/200/151 191/87/159 198/207/166 190/201/158
f 184/202/152 192/208/160 191/209/159 183/81/151
f 185/203/153 193/210/161 192/208/160 184/202/152
f 186/204/154 194/211/162 193/210/161 185/203/153
f 187/84/155 195/212/163 194/211/162 186/204/154
f 188/205/156 196/213/164 195/212/163 187/84/155
f 189/206/157 197/214/165 196/213/164 188/205/156
f 190/201/158 198/207/166 197/214/165 189/206/157
f 191/87/159 199/215/167 206/97/174 198/207/166
f 192/208/160 200/216/168 199/217/167 191/209/159
f 193/210/161 201/218/169 200/216/168 192/208/160
f 194/211/162 202/219/170 201/218/169 193/210/161
f 195/212/163 203/220/171 202/219/170 194/211/162
f 196/213/164 204/221/172 203/220/171 195/212/163
f 197/214/165 205/104/173 204/221/172 196/213/164
f 198/207/166 206/97/174 205/104/173 197/214/165
f 199/215/167 207/222/175 214/223/182 206/97/174
f 200/216/168 208/224/176 207/108/175 199/217/167
f 201/218/169 209/225/177 208/224/176 200/216/168
f 202/219/170 210/226/178 209/225/177 201/218/169
f 203/220/171 211/227/179 210/226/178 202/219/170
f 204/221/172 212/228/180 211/227/179 203/220/171
f 205/104/173 213/229/181 212/228/180 204/221/172
f 206/97/174 214/223/182 213/229/181 205/104/173
f 207/222/175 215/230/183 222/231/190 214/223/182
f 208/224/176 216/164/184 215/167/183 207/108/175
f 209/225/177 217/232/185 216/164/184 208/224/176
f 210/226/178 218/233/186 217/232/185 209/225/177
f 211/227/179 219/234/187 218/233/186 210/226/178
f 212/228/180 220/235/188 219/234/187 211/227/179
f 213/229/181 221/236/189 220/235/188 212/228/180
f 214/223/182 222/231/190 221/236/189 213/229/181
f 3747/237/3351 3736/238/3340 3738/239/3342 3740/240/3344 3742/241/3346 3744/242/3348 223/243/191 224/244/192
f 215/230/183 3737/245/3341 3746/246/3350 222/231/190
f 218/233/186 3743/247/3347 3741/248/3345 217/232/185
f 219/234/187 3745/249/3349 3743/250/3347 218/233/186
f 220/235/188 223/243/191 3744/251/3348 3745/249/3349 219/234/187
f 222/231/190 3746/252/3350 3747/253/3351 224/244/192 221/236/189
f 221/236/189 224/244/192 223/243/191 220/235/188
f 3750/254/3354 3749/255/3353 231/256/199 230/257/198 227/258/195
f 309/259/277 3763/260/3367 3761/261/3365 308/262/276
f 226/263/194 229/264/197 228/265/196 225/1/193
f 227/258/195 230/257/198 229/264/197 226/263/194
f 3752/266/3356 232/267/200 231/256/199 3749/268/3353
f 3754/269/3358 233/270/201 232/267/200 3752/271/3356
f 3756/272/3360 234/24/202 233/270/201 3754/273/3358
f 3757/274/3361 235/27/203 234/24/202 3756/275/3360
f 225/29/193 228/276/196 235/27/203 3757/277/3361 3759/278/3363
f 228/276/196 236/33/204 243/279/211 235/27/203
f 229/264/197 237/280/205 236/281/204 228/265/196
f 230/257/198 238/170/206 237/280/205 229/264/197
f 231/256/199 239/282/207 238/170/206 230/257/198
f 232/267/200 240/283/208 239/282/207 231/256/199
f 233/270/201 241/173/209 240/283/208 232/267/200
f 234/24/202 242/284/210 241/173/209 233/270/201
f 235/27/203 243/279/211 242/284/210 234/24/202
f 236/33/204 244/42/212 251/43/219 243/279/211
f 237/280/205 245/44/213 244/45/212 236/281/204
f 238/170/206 246/285/214 245/44/213 237/280/205
f 239/282/207 247/286/215 246/285/214 238/170/206
f 240/283/208 248/287/216 247/286/215 239/282/207
f 241/173/209 249/288/217 248/287/216 240/283/208
f 242/284/210 250/50/218 249/288/217 241/173/209
f 243/279/211 251/43/219 250/50/218 242/284/210
f 244/42/212 252/289/220 259/182/227 251/43/219
f 245/44/213 253/183/221 252/290/220 244/45/212
f 246/285/214 254/291/222 253/183/221 245/44/213
f 247/286/215 255/292/223 254/291/222 246/285/214
f 248/287/216 256/293/224 255/292/223 247/286/215
f 249/288/217 257/294/225 256/293/224 248/287/216
f 250/50/218 258/188/226 257/294/225 249/288/217
f 251/43/219 259/182/227 258/188/226 250/50/218
f 252/289/220 260/60/228 267/295/235 259/182/227
f 253/183/221 261/296/229 260/297/228 252/290/220
f 254/291/222 262/298/230 261/296/229 253/183/221
f 255/292/223 263/299/231 262/298/230 254/291/222
f 256/293/224 264/300/232 263/299/231 255/292/223
f 257/294/225 265/301/233 264/300/232 256/293/224
f 258/188/226 266/302/234 265/301/233 257/294/225
f 259/182/227 267/295/235 266/302/234 258/188/226
f 260/60/228 268/69/236 275/303/243 267/295/235
f 261/296/229 269/304/237 268/72/236 260/297/228
f 262/298/230 270/305/238 269/304/237 261/296/229
f 263/299/231 271/306/239 270/305/238 262/298/230
f 264/300/232 272/75/240 271/306/239 263/299/231
f 265/301/233 273/76/241 272/75/240 264/300/232
f 266/302/234 274/307/242 273/76/241 265/301/233
f 267/295/235 275/303/243 274/307/242 266/302/234
f 268/69/236 276/200/244 283/201/251 275/303/243
f 269/304/237 277/202/245 276/308/244 268/72/236
f 270/305/238 278/309/246 277/202/245 269/304/237
f 271/306/239 279/83/247 278/309/246 270/305/238
f 272/75/240 280/310/248 279/83/247 271/306/239
f 273/76/241 281/311/249 280/310/248 272/75/240
f 274/307/242 282/312/250 281/311/249 273/76/241
f 275/303/243 283/201/251 282/312/250 274/307/242
f 276/200/244 284/87/252 291/313/259 283/201/251
f 277/202/245 285/314/253 284/209/252 276/308/244
f 278/309/246 286/315/254 285/314/253 277/202/245
f 279/83/247 287/316/255 286/315/254 278/309/246
f 280/310/248 288/317/256 287/316/255 279/83/247
f 281/311/249 289/94/257 288/317/256 280/310/248
f 282/312/250 290/318/258 289/94/257 281/311/249
f 283/201/251 291/313/259 290/318/258 282/312/250
f 284/87/252 292/319/260 299/320/267 291/313/259
f 285/314/253 293/98/261 292/217/260 284/209/252
f 286/315/254 294/321/262 293/98/261 285/314/253
f 287/316/255 295/322/263 294/321/262 286/315/254
f 288/317/256 296/323/264 295/322/263 287/316/255
f 289/94/257 297/103/265 296/323/264 288/317/256
f 290/318/258 298/324/266 297/103/265 289/94/257
f 291/313/259 299/320/267 298/324/266 290/318/258
f 292/319/260 300/325/268 307/106/275 299/320/267
f 293/98/261 301/326/269 300/327/268 292/217/260
f 294/321/262 302/328/270 301/326/269 293/98/261
f 295/322/263 303/329/271 302/328/270 294/321/262
f 296/323/264 304/330/272 303/329/271 295/322/263
f 297/103/265 305/331/273 304/330/272 296/323/264
f 298/324/266 306/332/274 305/331/273 297/103/265
f 299/320/267 307/106/275 306/332/274 298/324/266
f 300/325/268 308/114/276 315/333/283 307/106/275
f 301/326/269 309/259/277 308/262/276 300/327/268
f 302/328/270 310/334/278 309/259/277 301/326/269
f 303/329/271 311/117/279 310/334/278 302/328/270
f 304/330/272 312/335/280 311/117/279 303/329/271
f 305/331/273 313/336/281 312/335/280 304/330/272
f 306/332/274 314/337/282 313/336/281 305/331/273
f 307/106/275 315/333/283 314/337/282 306/332/274
f 3774/338/3378 3760/339/3364 3762/340/3366 3764/341/3368 3766/342/3370 3768/343/3372 3770/344/3374 3772/345/3376
f 308/114/276 3761/346/3365 3775/347/3379 315/333/283
f 311/117/279 3767/348/3371 3765/349/3369 310/334/278
f 312/335/280 3769/350/3373 3767/348/3371 311/117/279
f 313/336/281 3771/351/3375 3769/350/3373 312/335/280
f 314/337/282 3773/352/3377 3771/353/3375 313/336/281
f 315/333/283 3775/354/3379 3773/355/3377 314/337/282
f 3777/356/3381 316/357/284 323/358/291 3790/359/3394
f 3779/360/3383 317/361/285 316/362/284 3777/363/3381
f 3781/364/3385 318/365/286 317/361/285 3779/366/3383
f 3783/367/3387 319/368/287 318/365/286 3781/369/3385
f 3785/370/3389 320/17/288 319/368/287 3783/371/3387
f 3787/372/3391 321/373/289 320/17/288 3785/374/3389
f 3789/375/3393 322/376/290 321/373/289 3787/377/3391
f 3790/378/3394 323/358/291 322/376/290 3789/379/3393
f 397/259/365 404/380/372 3792/381/3396 3793/382/3397 396/10/364
f 316/357/284 324/383/292 331/384/299 323/358/291
f 317/361/285 325/35/293 324/281/292 316/362/284
f 318/365/286 326/170/294 325/35/293 317/361/285
f 319/368/287 327/385/295 326/170/294 318/365/286
f 320/17/288 328/172/296 327/385/295 319/368/287
f 321/373/289 329/173/297 328/172/296 320/17/288
f 322/376/290 330/386/298 329/173/297 321/373/289
f 323/358/291 331/384/299 330/386/298 322/376/290
f 324/383/292 332/42/300 339/43/307 331/384/299
f 325/35/293 333/44/301 332/45/300 324/281/292
f 326/170/294 334/46/302 333/44/301 325/35/293
f 327/385/295 335/387/303 334/46/302 326/170/294
f 328/172/296 336/388/304 335/387/303 327/385/295
f 329/173/297 337/288/305 336/388/304 328/172/296
f 330/386/298 338/50/306 337/288/305 329/173/297
f 331/384/299 339/43/307 338/50/306 330/386/298
f 332/42/300 340/289/308 347/389/315 339/43/307
f 333/44/301 341/390/309 340/54/308 332/45/300
f 334/46/302 342/391/310 341/390/309 333/44/301
f 335/387/303 343/392/311 342/391/310 334/46/302
f 336/388/304 344/393/312 343/392/311 335/387/303
f 337/288/305 345/394/313 344/393/312 336/388/304
f 338/50/306 346/395/314 345/394/313 337/288/305
f 339/43/307 347/389/315 346/395/314 338/50/306
f 340/289/308 348/396/316 355/397/323 347/389/315
f 341/390/309 349/398/317 348/399/316 340/54/308
f 342/391/310 350/64/318 349/398/317 341/390/309
f 343/392/311 351/400/319 350/64/318 342/391/310
f 344/393/312 352/66/320 351/400/319 343/392/311
f 345/394/313 353/401/321 352/66/320 344/393/312
f 346/395/314 354/402/322 353/401/321 345/394/313
f 347/389/315 355/397/323 354/402/322 346/395/314
f 348/396/316 356/69/324 363/303/331 355/397/323
f 349/398/317 357/304/325 356/72/324 348/399/316
f 350/64/318 358/403/326 357/304/325 349/398/317
f 351/400/319 359/404/327 358/403/326 350/64/318
f 352/66/320 360/405/328 359/404/327 351/400/319
f 353/401/321 361/76/329 360/405/328 352/66/320
f 354/402/322 362/406/330 361/76/329 353/401/321
f 355/397/323 363/303/331 362/406/330 354/402/322
f 356/69/324 364/407/332 371/408/339 363/303/331
f 357/304/325 365/409/333 364/410/332 356/72/324
f 358/403/326 366/82/334 365/409/333 357/304/325
f 359/404/327 367/411/335 366/82/334 358/403/326
f 360/405/328 368/412/336 367/411/335 359/404/327
f 361/76/329 369/205/337 368/412/336 360/405/328
f 362/406/330 370/413/338 369/205/337 361/76/329
f 363/303/331 371/408/339 370/413/338 362/406/330
f 364/407/332 372/87/340 379/414/347 371/408/339
f 365/409/333 373/415/341 372/416/340 364/410/332
f 366/82/334 374/417/342 373/415/341 365/409/333
f 367/411/335 375/418/343 374/417/342 366/82/334
f 368/412/336 376/419/344 375/418/343 367/411/335
f 369/205/337 377/420/345 376/419/344 368/412/336
f 370/413/338 378/421/346 377/420/345 369/205/337
f 371/408/339 379/414/347 378/421/346 370/413/338
f 372/87/340 380/96/348 387/422/355 379/414/347
f 373/415/341 381/98/349 380/217/348 372/416/340
f 374/417/342 382/218/350 381/98/349 373/415/341
f 375/418/343 383/219/351 382/218/350 374/417/342
f 376/419/344 384/102/352 383/219/351 375/418/343
f 377/420/345 385/423/353 384/102/352 376/419/344
f 378/421/346 386/104/354 385/423/353 377/420/345
f 379/414/347 387/422/355 386/104/354 378/421/346
f 380/96/348 388/424/356 395/425/363 387/422/355
f 381/98/349 389/426/357 388/108/356 380/217/348
f 382/218/350 390/109/358 389/426/357 381/98/349
f 383/219/351 391/427/359 390/109/358 382/218/350
f 384/102/352 392/428/360 391/427/359 383/219/351
f 385/423/353 393/429/361 392/428/360 384/102/352
f 386/104/354 394/430/362 393/429/361 385/423/353
f 387/422/355 395/425/363 394/430/362 386/104/354
f 388/424/356 396/431/364 403/115/371 395/425/363
f 389/426/357 397/259/365 396/10/364 388/108/356
f 390/109/358 398/432/366 397/259/365 389/426/357
f 391/427/359 399/117/367 398/432/366 390/109/358
f 392/428/360 400/433/368 399/117/367 391/427/359
f 393/429/361 401/434/369 400/433/368 392/428/360
f 394/430/362 402/435/370 401/434/369 393/429/361
f 395/425/363 403/115/371 402/435/370 394/430/362
f 3804/436/3408 3792/437/3396 404/380/372 3795/438/3399 3796/439/3400 3798/440/3402 3800/441/3404 3802/442/3406
f 396/431/364 3793/443/3397 3805/444/3409 403/115/371
f 400/433/368 3799/445/3403 3797/446/3401 399/117/367
f 398/432/366 3794/447/3398 3795/448/3399 404/380/372 397/259/365
f 401/434/369 3801/449/3405 3799/445/3403 400/433/368
f 402/435/370 3803/450/3407 3801/451/3405 401/434/369
f 403/115/371 3805/452/3409 3803/453/3407 402/435/370
f 3807/454/3411 406/276/374 413/27/381 3820/455/3424
f 3809/456/3413 407/264/375 406/265/374 3807/457/3411
f 3811/458/3415 408/459/376 407/264/375 3809/460/3413
f 3813/461/3417 409/462/377 408/459/376 3811/463/3415
f 3815/464/3419 410/154/378 409/462/377 3813/465/3417
f 3816/466/3420 411/21/379 410/154/378 3815/467/3419
f 405/3/373 412/468/380 411/21/379 3816/469/3420 3818/4/3422
f 3821/470/3425 3820/471/3424 413/27/381 412/468/380 405/3/373
f 487/7/455 494/472/462 3822/473/3426 3823/474/3427 486/475/454
f 406/276/374 414/383/382 421/384/389 413/27/381
f 407/264/375 415/476/383 414/169/382 406/265/374
f 408/459/376 416/477/384 415/476/383 407/264/375
f 409/462/377 417/478/385 416/477/384 408/459/376
f 410/154/378 418/479/386 417/478/385 409/462/377
f 411/21/379 419/480/387 418/479/386 410/154/378
f 412/468/380 420/481/388 419/480/387 411/21/379
f 413/27/381 421/384/389 420/481/388 412/468/380
f 414/383/382 422/42/390 429/482/397 421/384/389
f 415/476/383 423/44/391 422/45/390 414/169/382
f 416/477/384 424/483/392 423/44/391 415/476/383
f 417/478/385 425/286/393 424/483/392 416/477/384
f 418/479/386 426/484/394 425/286/393 417/478/385
f 419/480/387 427/485/395 426/484/394 418/479/386
f 420/481/388 428/50/396 427/485/395 419/480/387
f 421/384/389 429/482/397 428/50/396 420/481/388
f 422/42/390 430/289/398 437/486/405 429/482/397
f 423/44/391 431/487/399 430/290/398 422/45/390
f 424/483/392 432/488/400 431/487/399 423/44/391
f 425/286/393 433/489/401 432/488/400 424/483/392
f 426/484/394 434/393/402 433/489/401 425/286/393
f 427/485/395 435/394/403 434/393/402 426/484/394
f 428/50/396 436/490/404 435/394/403 427/485/395
f 429/482/397 437/486/405 436/490/404 428/50/396
f 430/289/398 438/60/406 445/295/413 437/486/405
f 431/487/399 439/491/407 438/492/406 430/290/398
f 432/488/400 440/493/408 439/491/407 431/487/399
f 433/489/401 441/299/409 440/493/408 432/488/400
f 434/393/402 442/494/410 441/299/409 433/489/401
f 435/394/403 443/67/411 442/494/410 434/393/402
f 436/490/404 444/495/412 443/67/411 435/394/403
f 437/486/405 445/295/413 444/495/412 436/490/404
f 438/60/406 446/69/414 453/303/421 445/295/413
f 439/491/407 447/304/415 446/72/414 438/492/406
f 440/493/408 448/305/416 447/304/415 439/491/407
f 441/299/409 449/496/417 448/305/416 440/493/408
f 442/494/410 450/497/418 449/496/417 441/299/409
f 443/67/411 451/498/419 450/497/418 442/494/410
f 444/495/412 452/499/420 451/498/419 443/67/411
f 445/295/413 453/303/421 452/499/420 444/495/412
f 446/69/414 454/407/422 461/201/429 453/303/421
f 447/304/415 455/202/423 454/308/422 446/72/414
f 448/305/416 456/203/424 455/202/423 447/304/415
f 449/496/417 457/83/425 456/203/424 448/305/416
f 450/497/418 458/500/426 457/83/425 449/496/417
f 451/498/419 459/501/427 458/500/426 450/497/418
f 452/499/420 460/413/428 459/501/427 451/498/419
f 453/303/421 461/201/429 460/413/428 452/499/420
f 454/407/422 462/87/430 469/502/437 461/201/429
f 455/202/423 463/503/431 462/209/430 454/308/422
f 456/203/424 464/417/432 463/503/431 455/202/423
f 457/83/425 465/211/433 464/417/432 456/203/424
f 458/500/426 466/419/434 465/211/433 457/83/425
f 459/501/427 467/420/435 466/419/434 458/500/426
f 460/413/428 468/504/436 467/420/435 459/501/427
f 461/201/429 469/502/437 468/504/436 460/413/428
f 462/87/430 470/96/438 477/320/445 469/502/437
f 463/503/431 471/216/439 470/505/438 462/209/430
f 464/417/432 472/218/440 471/216/439 463/503/431
f 465/211/433 473/219/441 472/218/440 464/417/432
f 466/419/434 474/506/442 473/219/441 465/211/433
f 467/420/435 475/103/443 474/506/442 466/419/434
f 468/504/436 476/507/444 475/103/443 467/420/435
f 469/502/437 477/320/445 476/507/444 468/504/436
f 470/96/438 478/325/446 485/508/453 477/320/445
f 471/216/439 479/509/447 478/510/446 470/505/438
f 472/218/440 480/109/448 479/509/447 471/216/439
f 473/219/441 481/511/449 480/109/448 472/218/440
f 474/506/442 482/512/450 481/511/449 473/219/441
f 475/103/443 483/513/451 482/512/450 474/506/442
f 476/507/444 484/229/452 483/513/451 475/103/443
f 477/320/445 485/508/453 484/229/452 476/507/444
f 478/325/446 486/514/454 493/515/461 485/508/453
f 479/509/447 487/7/455 486/475/454 478/510/446
f 480/109/448 488/516/456 487/7/455 479/509/447
f 481/511/449 489/517/457 488/516/456 480/109/448
f 482/512/450 490/518/458 489/517/457 481/511/449
f 483/513/451 491/119/459 490/518/458 482/512/450
f 484/229/452 492/519/460 491/119/459 483/513/451
f 485/508/453 493/515/461 492/519/460 484/229/452
f 3832/520/3436 3822/521/3426 494/472/462 495/522/463 3825/523/3429 3826/524/3430 3828/525/3432 3830/526/3434
f 486/514/454 3823/527/3427 3833/528/3437 493/515/461
f 488/516/456 495/522/463 494/472/462 487/7/455
f 491/119/459 3829/529/3433 3827/530/3431 490/518/458
f 489/517/457 3824/531/3428 3825/532/3429 495/522/463 488/516/456
f 492/519/460 3831/533/3435 3829/534/3433 491/119/459
f 493/515/461 3833/535/3437 3831/536/3435 492/519/460
f 3835/537/3439 496/538/464 503/539/471 3850/540/3454
f 3837/541/3441 497/264/465 496/542/464 3835/543/3439
f 3839/544/3443 498/545/466 497/264/465 3837/546/3441
f 3841/547/3445 499/18/467 498/545/466 3839/548/3443
f 3842/549/3446 500/17/468 499/18/467 3841/550/3445
f 3847/551/3451 3846/552/3450 501/270/469 500/17/468 3842/553/3446 3844/554/3448
f 3849/555/3453 502/556/470 501/270/469 3846/557/3450
f 3850/558/3454 503/539/471 502/556/470 3849/559/3453
f 577/259/545 3855/560/3459 3853/561/3457 576/10/544
f 496/538/464 504/33/472 511/562/479 503/539/471
f 497/264/465 505/563/473 504/169/472 496/542/464
f 498/545/466 506/477/474 505/563/473 497/264/465
f 499/18/467 507/564/475 506/477/474 498/545/466
f 500/17/468 508/565/476 507/564/475 499/18/467
f 501/270/469 509/566/477 508/565/476 500/17/468
f 502/556/470 510/386/478 509/566/477 501/270/469
f 503/539/471 511/562/479 510/386/478 502/556/470
f 504/33/472 512/567/480 519/568/487 511/562/479
f 505/563/473 513/44/481 512/45/480 504/169/472
f 506/477/474 514/46/482 513/44/481 505/563/473
f 507/564/475 515/286/483 514/46/482 506/477/474
f 508/565/476 516/569/484 515/286/483 507/564/475
f 509/566/477 517/570/485 516/569/484 508/565/476
f 510/386/478 518/50/486 517/570/485 509/566/477
f 511/562/479 519/568/487 518/50/486 510/386/478
f 512/567/480 520/571/488 527/182/495 519/568/487
f 513/44/481 521/572/489 520/290/488 512/45/480
f 514/46/482 522/55/490 521/572/489 513/44/481
f 515/286/483 523/56/491 522/55/490 514/46/482
f 516/569/484 524/573/492 523/56/491 515/286/483
f 517/570/485 525/574/493 524/573/492 516/569/484
f 518/50/486 526/490/494 525/574/493 517/570/485
f 519/568/487 527/182/495 526/490/494 518/50/486
f 520/571/488 528/396/496 535/575/503 527/182/495
f 521/572/489 529/576/497 528/297/496 520/290/488
f 522/55/490 530/64/498 529/576/497 521/572/489
f 523/56/491 531/577/499 530/64/498 522/55/490
f 524/573/492 532/578/500 531/577/499 523/56/491
f 525/574/493 533/67/501 532/578/500 524/573/492
f 526/490/494 534/579/502 533/67/501 525/574/493
f 527/182/495 535/575/503 534/579/502 526/490/494
f 528/396/496 536/69/504 543/303/511 535/575/503
f 529/576/497 537/304/505 536/72/504 528/297/496
f 530/64/498 538/305/506 537/304/505 529/576/497
f 531/577/499 539/198/507 538/305/506 530/64/498
f 532/578/500 540/580/508 539/198/507 531/577/499
f 533/67/501 541/581/509 540/580/508 532/578/500
f 534/579/502 542/582/510 541/581/509 533/67/501
f 535/575/503 543/303/511 542/582/510 534/579/502
f 536/69/504 544/583/512 551/584/519 543/303/511
f 537/304/505 545/202/513 544/81/512 536/72/504
f 538/305/506 546/585/514 545/202/513 537/304/505
f 539/198/507 547/83/515 546/585/514 538/305/506
f 540/580/508 548/310/516 547/83/515 539/198/507
f 541/581/509 549/586/517 548/310/516 540/580/508
f 542/582/510 550/587/518 549/586/517 541/581/509
f 543/303/511 551/584/519 550/587/518 542/582/510
f 544/583/512 552/588/520 559/207/527 551/584/519
f 545/202/513 553/589/521 552/590/520 544/81/512
f 546/585/514 554/591/522 553/589/521 545/202/513
f 547/83/515 555/592/523 554/591/522 546/585/514
f 548/310/516 556/212/524 555/592/523 547/83/515
f 549/586/517 557/94/525 556/212/524 548/310/516
f 550/587/518 558/593/526 557/94/525 549/586/517
f 551/584/519 559/207/527 558/593/526 550/587/518
f 552/588/520 560/96/528 567/594/535 559/207/527
f 553/589/521 561/595/529 560/217/528 552/590/520
f 554/591/522 562/596/530 561/595/529 553/589/521
f 555/592/523 563/597/531 562/596/530 554/591/522
f 556/212/524 564/598/532 563/597/531 555/592/523
f 557/94/525 565/103/533 564/598/532 556/212/524
f 558/593/526 566/104/534 565/103/533 557/94/525
f 559/207/527 567/594/535 566/104/534 558/593/526
f 560/96/528 568/325/536 575/599/543 567/594/535
f 561/595/529 569/224/537 568/510/536 560/217/528
f 562/596/530 570/600/538 569/224/537 561/595/529
f 563/597/531 571/601/539 570/600/538 562/596/530
f 564/598/532 572/602/540 571/601/539 563/597/531
f 565/103/533 573/112/541 572/602/540 564/598/532
f 566/104/534 574/603/542 573/112/541 565/103/533
f 567/594/535 575/599/543 574/603/542 566/104/534
f 568/325/536 576/114/544 583/115/551 575/599/543
f 569/224/537 577/259/545 576/10/544 568/510/536
f 570/600/538 578/604/546 577/259/545 569/224/537
f 571/601/539 579/117/547 578/604/546 570/600/538
f 572/602/540 580/605/548 579/117/547 571/601/539
f 573/112/541 581/119/549 580/605/548 572/602/540
f 574/603/542 582/236/550 581/119/549 573/112/541
f 575/599/543 583/115/551 582/236/550 574/603/542
f 3866/606/3470 3852/607/3456 3854/608/3458 3856/609/3460 3858/610/3462 3860/611/3464 3862/612/3466 3864/613/3468
f 576/114/544 3853/614/3457 3867/615/3471 583/115/551
f 579/117/547 3859/616/3463 3857/617/3461 578/604/546
f 580/605/548 3861/618/3465 3859/619/3463 579/117/547
f 581/119/549 3863/620/3467 3861/621/3465 580/605/548
f 582/236/550 3865/622/3469 3863/623/3467 581/119/549
f 583/115/551 3867/624/3471 3865/622/3469 582/236/550
f 3870/625/3474 3869/626/3473 593/17/561 592/627/560 587/628/555
f 584/29/552 589/276/557 596/629/564 588/630/556
f 585/631/553 590/145/558 589/362/557 584/1/552
f 586/258/554 591/632/559 590/145/558 585/631/553
f 587/628/555 592/627/560 591/632/559 586/258/554
f 3872/633/3476 594/634/562 593/17/561 3869/635/3473
f 3873/636/3477 595/637/563 594/634/562 3872/638/3476
f 588/630/556 596/629/564 595/637/563 3873/639/3477 3875/640/3479
f 670/259/638 3879/641/3483 3877/642/3481 669/475/637
f 589/276/557 597/383/565 604/643/572 596/629/564
f 590/145/558 598/476/566 597/36/565 589/362/557
f 591/632/559 599/170/567 598/476/566 590/145/558
f 592/627/560 600/644/568 599/170/567 591/632/559
f 593/17/561 601/645/569 600/644/568 592/627/560
f 594/634/562 602/173/570 601/645/569 593/17/561
f 595/637/563 603/646/571 602/173/570 594/634/562
f 596/629/564 604/643/572 603/646/571 595/637/563
f 597/383/565 605/567/573 612/647/580 604/643/572
f 598/476/566 606/648/574 605/45/573 597/36/565
f 599/170/567 607/649/575 606/648/574 598/476/566
f 600/644/568 608/286/576 607/649/575 599/170/567
f 601/645/569 609/178/577 608/286/576 600/644/568
f 602/173/570 610/650/578 609/178/577 601/645/569
f 603/646/571 611/50/579 610/650/578 602/173/570
f 604/643/572 612/647/580 611/50/579 603/646/571
f 605/567/573 613/571/581 620/651/588 612/647/580
f 606/648/574 614/183/582 613/54/581 605/45/573
f 607/649/575 615/652/583 614/183/582 606/648/574
f 608/286/576 616/653/584 615/652/583 607/649/575
f 609/178/577 617/654/585 616/653/584 608/286/576
f 610/650/578 618/58/586 617/654/585 609/178/577
f 611/50/579 619/490/587 618/58/586 610/650/578
f 612/647/580 620/651/588 619/490/587 611/50/579
f 613/571/581 621/60/589 628/655/596 620/651/588
f 614/183/582 622/656/590 621/399/589 613/54/581
f 615/652/583 623/657/591 622/656/590 614/183/582
f 616/653/584 624/299/592 623/657/591 615/652/583
f 617/654/585 625/66/593 624/299/592 616/653/584
f 618/58/586 626/195/594 625/66/593 617/654/585
f 619/490/587 627/402/595 626/195/594 618/58/586
f 620/651/588 628/655/596 627/402/595 619/490/587
f 621/60/589 629/658/597 636/659/604 628/655/596
f 622/656/590 630/304/598 629/72/597 621/399/589
f 623/657/591 631/305/599 630/304/598 622/656/590
f 624/299/592 632/660/600 631/305/599 623/657/591
f 625/66/593 633/661/601 632/660/600 624/299/592
f 626/195/594 634/76/602 633/661/601 625/66/593
f 627/402/595 635/582/603 634/76/602 626/195/594
f 628/655/596 636/659/604 635/582/603 627/402/595
f 629/658/597 637/583/605 644/662/612 636/659/604
f 630/304/598 638/663/606 637/81/605 629/72/597
f 631/305/599 639/203/607 638/663/606 630/304/598
f 632/660/600 640/664/608 639/203/607 631/305/599
f 633/661/601 641/310/609 640/664/608 632/660/600
f 634/76/602 642/665/610 641/310/609 633/661/601
f 635/582/603 643/666/611 642/665/610 634/76/602
f 636/659/604 644/662/612 643/666/611 635/582/603
f 637/583/605 645/667/613 652/668/620 644/662/612
f 638/663/606 646/669/614 645/590/613 637/81/605
f 639/203/607 647/315/615 646/669/614 638/663/606
f 640/664/608 648/670/616 647/315/615 639/203/607
f 641/310/609 649/671/617 648/670/616 640/664/608
f 642/665/610 650/420/618 649/671/617 641/310/609
f 643/666/611 651/318/619 650/420/618 642/665/610
f 644/662/612 652/668/620 651/318/619 643/666/611
f 645/667/613 653/672/621 660/320/628 652/668/620
f 646/669/614 654/673/622 653/217/621 645/590/613
f 647/315/615 655/674/623 654/673/622 646/669/614
f 648/670/616 656/597/624 655/674/623 647/315/615
f 649/671/617 657/675/625 656/597/624 648/670/616
f 650/420/618 658/676/626 657/675/625 649/671/617
f 651/318/619 659/104/627 658/676/626 650/420/618
f 652/668/620 660/320/628 659/104/627 651/318/619
f 653/672/621 661/222/629 668/677/636 660/320/628
f 654/673/622 662/678/630 661/327/629 653/217/621
f 655/674/623 663/109/631 662/678/630 654/673/622
f 656/597/624 664/226/632 663/109/631 655/674/623
f 657/675/625 665/428/633 664/226/632 656/597/624
f 658/676/626 666/679/634 665/428/633 657/675/625
f 659/104/627 667/680/635 666/679/634 658/676/626
f 660/320/628 668/677/636 667/680/635 659/104/627
f 661/222/629 669/114/637 676/681/644 668/677/636
f 662/678/630 670/259/638 669/475/637 661/327/629
f 663/109/631 671/432/639 670/259/638 662/678/630
f 664/226/632 672/682/640 671/432/639 663/109/631
f 665/428/633 673/683/641 672/682/640 664/226/632
f 666/679/634 674/684/642 673/683/641 665/428/633
f 667/680/635 675/236/643 674/684/642 666/679/634
f 668/677/636 676/681/644 675/236/643 667/680/635
f 3890/685/3494 3876/686/3480 3878/687/3482 3880/688/3484 3882/689/3486 3884/690/3488 3887/691/3491 3888/692/3492
f 669/114/637 3877/693/3481 3891/694/3495 676/681/644
f 672/682/640 3883/695/3487 3881/696/3485 671/432/639
f 673/683/641 3885/697/3489 3883/698/3487 672/682/640
f 674/684/642 3886/699/3490 3887/700/3491 3884/690/3488 3885/701/3489 673/683/641
f 675/236/643 3889/702/3493 3886/703/3490 674/684/642
f 676/681/644 3891/704/3495 3889/705/3493 675/236/643
f 3894/706/3498 3893/707/3497 679/708/647 686/709/654 678/710/646
f 3896/711/3500 680/712/648 679/713/647 3893/714/3497
f 3898/715/3502 681/716/649 680/712/648 3896/717/3500
f 3900/718/3504 682/719/650 681/716/649 3898/720/3502
f 3902/721/3506 683/722/651 682/719/650 3900/723/3504
f 3903/724/3507 684/725/652 683/722/651 3902/726/3506
f 677/727/645 685/728/653 684/725/652 3903/729/3507 3905/730/3509
f 744/259/712 3909/731/3513 3907/732/3511 743/10/711
f 678/710/646 686/709/654 685/728/653 677/727/645
f 679/708/647 687/571/655 694/52/662 686/709/654
f 680/712/648 688/733/656 687/734/655 679/713/647
f 681/716/649 689/55/657 688/733/656 680/712/648
f 682/719/650 690/56/658 689/55/657 681/716/649
f 683/722/651 691/735/659 690/56/658 682/719/650
f 684/725/652 692/736/660 691/735/659 683/722/651
f 685/728/653 693/188/661 692/736/660 684/725/652
f 686/709/654 694/52/662 693/188/661 685/728/653
f 687/571/655 695/737/663 702/738/670 694/52/662
f 688/733/656 696/739/664 695/740/663 687/734/655
f 689/55/657 697/64/665 696/739/664 688/733/656
f 690/56/658 698/577/666 697/64/665 689/55/657
f 691/735/659 699/578/667 698/577/666 690/56/658
f 692/736/660 700/741/668 699/578/667 691/735/659
f 693/188/661 701/742/669 700/741/668 692/736/660
f 694/52/662 702/738/670 701/742/669 693/188/661
f 695/737/663 703/69/671 710/743/678 702/738/670
f 696/739/664 704/744/672 703/72/671 695/740/663
f 697/64/665 705/305/673 704/744/672 696/739/664
f 698/577/666 706/745/674 705/305/673 697/64/665
f 699/578/667 707/75/675 706/745/674 698/577/666
f 700/741/668 708/76/676 707/75/675 699/578/667
f 701/742/669 709/499/677 708/76/676 700/741/668
f 702/738/670 710/743/678 709/499/677 701/742/669
f 703/69/671 711/583/679 718/746/686 710/743/678
f 704/744/672 712/747/680 711/748/679 703/72/671
f 705/305/673 713/203/681 712/747/680 704/744/672
f 706/745/674 714/204/682 713/203/681 705/305/673
f 707/75/675 715/749/683 714/204/682 706/745/674
f 708/76/676 716/750/684 715/749/683 707/75/675
f 709/499/677 717/86/685 716/750/684 708/76/676
f 710/743/678 718/746/686 717/86/685 709/499/677
f 711/583/679 719/751/687 726/752/694 718/746/686
f 712/747/680 720/753/688 719/90/687 711/748/679
f 713/203/681 721/417/689 720/753/688 712/747/680
f 714/204/682 722/754/690 721/417/689 713/203/681
f 715/749/683 723/755/691 722/754/690 714/204/682
f 716/750/684 724/94/692 723/755/691 715/749/683
f 717/86/685 725/421/693 724/94/692 716/750/684
f 718/746/686 726/752/694 725/421/693 717/86/685
f 719/751/687 727/96/695 734/320/702 726/752/694
f 720/753/688 728/216/696 727/217/695 719/90/687
f 721/417/689 729/756/697 728/216/696 720/753/688
f 722/754/690 730/219/698 729/756/697 721/417/689
f 723/755/691 731/102/699 730/219/698 722/754/690
f 724/94/692 732/103/700 731/102/699 723/755/691
f 725/421/693 733/104/701 732/103/700 724/94/692
f 726/752/694 734/320/702 733/104/701 725/421/693
f 727/96/695 735/757/703 742/106/710 734/320/702
f 728/216/696 736/758/704 735/108/703 727/217/695
f 729/756/697 737/759/705 736/758/704 728/216/696
f 730/219/698 738/760/706 737/759/705 729/756/697
f 731/102/699 739/111/707 738/760/706 730/219/698
f 732/103/700 740/761/708 739/111/707 731/102/699
f 733/104/701 741/762/709 740/761/708 732/103/700
f 734/320/702 742/106/710 741/762/709 733/104/701
f 735/757/703 743/763/711 750/764/718 742/106/710
f 736/758/704 744/259/712 743/10/711 735/108/703
f 737/759/705 745/432/713 744/259/712 736/758/704
f 738/760/706 746/117/714 745/432/713 737/759/705
f 739/111/707 747/765/715 746/117/714 738/760/706
f 740/761/708 748/235/716 747/765/715 739/111/707
f 741/762/709 749/766/717 748/235/716 740/761/708
f 742/106/710 750/764/718 749/766/717 741/762/709
f 3920/767/3524 3906/768/3510 3908/769/3512 3910/770/3514 3912/771/3516 3914/772/3518 3916/773/3520 3918/128/3522
f 743/763/711 3907/774/3511 3921/775/3525 750/764/718
f 746/117/714 3913/776/3517 3911/777/3515 745/432/713
f 747/765/715 3915/778/3519 3913/779/3517 746/117/714
f 748/235/716 3917/780/3521 3915/781/3519 747/765/715
f 749/766/717 3919/782/3523 3917/780/3521 748/235/716
f 750/764/718 3921/783/3525 3919/784/3523 749/766/717
f 3/1/3 3936/1/3540 3923/1/3527 2/1/2
f 3626/785/3230 3704/786/3308 3701/787/3305 3693/788/3297
f 3691/789/3295 44/14/12 43/11/11 3629/790/3233
f 3696/791/3300 3695/792/3299 48/18/16 47/15/15 44/14/12
f 3693/793/3297 3701/787/3305 3699/794/3303 3624/795/3228
f 3622/796/3226 3694/797/3298 3696/798/3300 44/14/12 3691/799/3295
f 3626/800/3230 3644/801/3248 42/29/10 3705/32/3309 3704/786/3308
f 3624/802/3228 3699/794/3303 3697/803/3301 3689/804/3293
f 3629/805/3233 43/11/11 42/1/10 3644/1/3248
f 3672/806/3276 3904/807/3508 3901/808/3505 3605/809/3209
f 3606/810/3210 3677/811/3281 584/29/552 588/630/556
f 3671/812/3275 3601/813/3205 3892/814/3496 3894/706/3498 678/710/646
f 3598/815/3202 677/727/645 3905/816/3509 3904/807/3508 3672/817/3276
f 3674/818/3278 3895/819/3499 3892/1/3496 3601/1/3205
f 3603/820/3207 3897/821/3501 3895/819/3499 3674/822/3278
f 3638/823/3242 3899/824/3503 3897/825/3501 3603/826/3207
f 3605/827/3209 3901/808/3505 3899/828/3503 3638/829/3242
f 3681/830/3285 586/258/554 585/631/553 3608/831/3212
f 3606/832/3210 588/630/556 3875/833/3479 3874/834/3478 3679/835/3283
f 3640/836/3244 3868/837/3472 3870/838/3474 587/628/555 3610/839/3214
f 3608/840/3212 585/631/553 584/1/552 3677/1/3281
f 3613/841/3217 3871/842/3475 3868/843/3472 3640/844/3244
f 3610/845/3214 587/628/555 586/258/554 3681/846/3285
f 3679/847/3283 3874/848/3478 3871/849/3475 3613/850/3217
f 3683/851/3287 3786/852/3390 3784/853/3388 3614/854/3218
f 3574/855/3178 3840/856/3444 3838/857/3442 3654/858/3258
f 3578/859/3182 3632/860/3236 3834/861/3438 3851/862/3455
f 3576/863/3180 3845/864/3449 3847/865/3451 3844/866/3448 3843/867/3447 3653/868/3257
f 3581/869/3185 3836/870/3440 3834/1/3438 3632/1/3236
f 3578/871/3182 3851/872/3455 3848/873/3452 3657/874/3261
f 3654/875/3258 3838/876/3442 3836/877/3440 3581/878/3185
f 3659/879/3263 3726/880/3330 3724/881/3328 3582/882/3186
f 3657/883/3261 3848/884/3452 3845/864/3449 3576/885/3180
f 3566/886/3170 3817/5/3421 3814/887/3418 3648/888/3252
f 3569/889/3173 3650/890/3254 3806/891/3410 3819/892/3423
f 3571/893/3175 3808/894/3412 3806/1/3410 3650/1/3254
f 3630/895/3234 3810/896/3414 3808/894/3412 3571/897/3175
f 3573/898/3177 3812/899/3416 3810/900/3414 3630/901/3234
f 3648/902/3252 3814/903/3418 3812/899/3416 3573/898/3177
f 3653/904/3257 3843/905/3447 3840/856/3444 3574/906/3178
f 3569/907/3173 3819/892/3423 3821/470/3425 405/3/373 3647/908/3251
f 3614/909/3218 3784/853/3388 3782/910/3386 3685/911/3289
f 3642/912/3246 3778/913/3382 3776/1/3380 3618/1/3222
f 3616/914/3220 3788/915/3392 3786/852/3390 3683/916/3287
f 3621/917/3225 3780/918/3384 3778/913/3382 3642/919/3246
f 3687/920/3291 3618/921/3222 3776/922/3380 3791/923/3395
f 3685/924/3289 3782/925/3386 3780/926/3384 3621/927/3225
f 3689/928/3293 3697/803/3301 3694/929/3298 3622/930/3226
f 3687/931/3291 3791/923/3395 3788/915/3392 3616/932/3220
f 3636/933/3240 3753/934/3357 3751/935/3355 3594/936/3198
f 3592/937/3196 227/258/195 226/263/194 3665/938/3269
f 3597/939/3201 3755/940/3359 3753/941/3357 3636/942/3240
f 3594/943/3198 3751/935/3355 3748/944/3352 3669/945/3273
f 3666/946/3270 3758/947/3362 3755/948/3359 3597/949/3201
f 3671/950/3275 678/710/646 677/727/645 3598/951/3202
f 3669/952/3273 3748/944/3352 3750/953/3354 227/258/195 3592/954/3196
f 3666/955/3270 3590/956/3194 225/29/193 3759/957/3363 3758/947/3362
f 3662/958/3266 133/153/101 3730/156/3334 3729/959/3333 3585/960/3189
f 3582/961/3186 3724/881/3328 3722/1/3326 3660/1/3264
f 3585/962/3189 3729/959/3333 3726/963/3330 3659/964/3263
f 3665/965/3269 226/263/194 225/1/193 3590/1/3194
f 3589/966/3193 3660/967/3264 3722/968/3326 3735/969/3339
f 3589/970/3193 3735/969/3339 3731/971/3335 3634/972/3238
f 3634/973/3238 3731/971/3335 3733/974/3337 134/161/102 3587/975/3191
f 3587/976/3191 134/161/102 133/153/101 3662/977/3266
f 1/1/1 2/1/2 3923/1/3527 3925/1/3529
f 2286/1/2175 751/1/719 752/1/720 2288/1/720
f 2288/1/720 752/1/720 753/1/721 2289/1/721
f 2289/1/721 753/1/721 754/1/722 2290/1/722
f 2290/1/722 754/1/722 755/1/723 2291/1/2177
f 2291/1/2177 755/1/723 756/1/724 2292/1/2178
f 2292/1/2178 756/1/724 757/1/725 2293/1/1457
f 2293/1/1457 757/1/725 758/1/726 2287/1/2176
f 2278/1/2175 751/1/719 758/1/726 2279/1/2179
f 3938/1/3542 1515/1/1452 1516/1/1453 3940/1/3544
f 3940/1/3544 1516/1/1453 1517/1/1454 3942/1/3546
f 3942/1/3546 1517/1/1454 1512/1/1449 3944/1/3548
f 3944/1/3548 1512/1/1449 1513/1/1450 3946/1/3550
f 3946/1/3550 1513/1/1450 1514/1/1451 3948/1/3552
f 3948/1/3552 1514/1/1451 1518/1/1455 3950/1/3554
f 3950/1/3554 1518/1/1455 1519/1/1456 3953/1/3557
f 2270/1/2175 751/1/719 759/1/727 2271/1/2176
f 3954/1/3558 763/1/731 764/1/732 3956/1/3560
f 3956/1/3560 764/1/732 768/1/736 3958/1/3562
f 3958/1/3562 768/1/736 769/1/737 3960/1/3564
f 3960/1/3564 769/1/737 765/1/733 3962/1/3566
f 3962/1/3566 765/1/733 766/1/734 3964/1/3568
f 3964/1/3568 766/1/734 767/1/735 3966/1/3570
f 3966/1/3570 767/1/735 762/1/730 3969/1/3573
f 4052/1/3656 3970/1/3574 4115/1/3719 4197/1/3793
f 3973/1/3577 4054/1/3658 4199/1/3795 4116/1/3720
f 3975/1/3579 4034/1/3638 4179/1/3775 4118/1/3722
f 771/1/739 770/1/738 3972/1/3576 4050/1/3654 3971/1/3575
f 4058/1/3662 3978/1/3582 4123/1/3727 4203/1/3799
f 4057/1/3661 3980/1/3584 4125/1/3729 4200/1/3796
f 3982/1/3586 4036/1/3640 4181/1/3777 4127/1/3731
f 772/1/739 771/1/739 3981/1/3585 4056/1/3660 3979/1/3583
f 4064/1/3668 3986/1/3590 4131/1/3735 4209/1/3805
f 3989/1/3593 4066/1/3670 4211/1/3807 4132/1/3736
f 3991/1/3595 4038/1/3642 4183/1/3779 4134/1/3738
f 774/1/738 773/1/738 3988/1/3592 4062/1/3666 3987/1/3591
f 4070/1/3674 3994/1/3598 4139/1/3743 4215/1/3811
f 4069/1/3673 3996/1/3600 4141/1/3745 4212/1/3808
f 3998/1/3602 4040/1/3644 4185/1/3781 4143/1/3747
f 775/1/738 774/1/738 3997/1/3601 4068/1/3672 3995/1/3599
f 4076/1/3680 4002/1/3606 4147/1/3751 4221/1/3815
f 4005/1/3609 4078/1/3682 4223/1/3817 4148/1/3752
f 4007/1/3611 4042/1/3646 4187/1/3783 4150/1/3754
f 777/1/738 776/1/739 4004/1/3608 4074/1/3678 4003/1/3607
f 769/1/737 776/1/739 4011/1/3615 4082/1/3686 4016/1/3620
f 4081/1/3685 4012/1/3616 4157/1/3761 4224/1/3818
f 4014/1/3618 4044/1/3648 4189/1/3785 4159/1/3763
f 4083/1/3687 4010/1/3614 4155/1/3759 4226/1/3820
f 767/1/735 770/1/738 4019/1/3623 4088/1/3692 4024/1/3628
f 4087/1/3691 4020/1/3624 4165/1/3756 4230/1/3783
f 4022/1/3626 4046/1/3650 4191/1/3787 4167/1/3751
f 4089/1/3693 4018/1/3622 4163/1/3754 4232/1/3817
f 764/1/732 773/1/738 4027/1/3631 4094/1/3698 4032/1/3636
f 4093/1/3697 4028/1/3632 4173/1/3769 4236/1/3825
f 4030/1/3634 4048/1/3652 4193/1/3789 4175/1/3771
f 4095/1/3699 4026/1/3630 4171/1/3767 4238/1/3827
f 4112/1/3716 4098/1/3702 4243/1/3832 4257/1/3846
f 4103/1/3707 4105/1/3709 4248/1/3837 4246/1/3835
f 4105/1/3709 4107/1/3711 4250/1/3839 4248/1/3837
f 4107/1/3711 4109/1/3713 4252/1/3841 4250/1/3839
f 4109/1/3713 4111/1/3715 4254/1/3843 4252/1/3841
f 4111/1/3715 4112/1/3716 4257/1/3846 4254/1/3843
f 4114/1/3718 4195/1/3791 4338/1/3919 4259/1/3848
f 770/1/738 771/1/739 4100/1/3704 4099/1/3703
f 764/1/732 763/1/731 3992/1/3596 4039/1/3643 3990/1/3594
f 4101/1/3705 4103/1/3707 4246/1/3835 4244/1/3833
f 4097/1/3701 4030/1/3634 4175/1/3771 4240/1/3829
f 771/1/739 772/1/739 4102/1/3706 4100/1/3704
f 4054/1/3658 3975/1/3579 4118/1/3722 4199/1/3795
f 772/1/739 776/1/739 4104/1/3708 4102/1/3706
f 3978/1/3582 4057/1/3661 4200/1/3796 4123/1/3727
f 776/1/739 777/1/738 4106/1/3710 4104/1/3708
f 4051/1/3655 3973/1/3577 4116/1/3720 4194/1/3790
f 770/1/738 775/1/738 4021/1/3625 4086/1/3690 4019/1/3623
f 777/1/738 773/1/738 4108/1/3712 4106/1/3710
f 766/1/734 765/1/733 3984/1/3588 4037/1/3641 3983/1/3587
f 4026/1/3630 4093/1/3697 4236/1/3825 4171/1/3767
f 773/1/738 774/1/738 4110/1/3714 4108/1/3712
f 3986/1/3590 4063/1/3667 4206/1/3802 4131/1/3735
f 775/1/738 762/1/730 4023/1/3627 4090/1/3694 4021/1/3625
f 762/1/730 775/1/738 3995/1/3599 4071/1/3675 4000/1/3604
f 774/1/738 775/1/738 4113/1/3717 4110/1/3714
f 4036/1/3640 3985/1/3589 4128/1/3732 4181/1/3777
f 3996/1/3600 4073/1/3677 4216/1/3812 4141/1/3745
f 4066/1/3670 3991/1/3595 4134/1/3738 4211/1/3807
f 774/1/738 763/1/731 3999/1/3603 4072/1/3676 3997/1/3601
f 766/1/734 771/1/739 3971/1/3575 4053/1/3657 3976/1/3580
f 3994/1/3598 4069/1/3673 4212/1/3808 4139/1/3743
f 770/1/738 767/1/735 3974/1/3578 4055/1/3659 3972/1/3576
f 4063/1/3667 3989/1/3593 4132/1/3736 4206/1/3802
f 767/1/735 766/1/734 3976/1/3580 4035/1/3639 3974/1/3578
f 763/1/731 762/1/730 4000/1/3604 4041/1/3645 3999/1/3603
f 4002/1/3606 4075/1/3679 4218/1/3787 4147/1/3751
f 773/1/738 777/1/738 4029/1/3633 4092/1/3696 4027/1/3631
f 4040/1/3644 4001/1/3605 4144/1/3748 4185/1/3781
f 4098/1/3702 4101/1/3705 4244/1/3833 4243/1/3832
f 4078/1/3682 4007/1/3611 4150/1/3754 4223/1/3817
f 777/1/738 768/1/736 4031/1/3635 4096/1/3700 4029/1/3633
f 768/1/736 777/1/738 4003/1/3607 4077/1/3681 4008/1/3612
f 4010/1/3614 4081/1/3685 4224/1/3818 4155/1/3759
f 776/1/739 769/1/737 4006/1/3610 4079/1/3683 4004/1/3608
f 4075/1/3679 4005/1/3609 4148/1/3752 4218/1/3787
f 769/1/737 768/1/736 4008/1/3612 4043/1/3647 4006/1/3610
f 765/1/733 772/1/739 3979/1/3583 4059/1/3663 3984/1/3588
f 765/1/733 769/1/737 4016/1/3620 4045/1/3649 4015/1/3619
f 3980/1/3584 4061/1/3665 4204/1/3800 4125/1/3729
f 4012/1/3616 4085/1/3689 4228/1/3822 4157/1/3761
f 771/1/739 766/1/734 3983/1/3587 4060/1/3664 3981/1/3585
f 3977/1/3581 4052/1/3656 4197/1/3793 4120/1/3724
f 4044/1/3648 4017/1/3621 4160/1/3764 4189/1/3785
f 3985/1/3589 4058/1/3662 4203/1/3799 4128/1/3732
f 762/1/730 767/1/735 4024/1/3628 4047/1/3651 4023/1/3627
f 4034/1/3638 3977/1/3581 4120/1/3724 4179/1/3775
f 3993/1/3597 4064/1/3668 4209/1/3805 4136/1/3740
f 4020/1/3624 4091/1/3695 4234/1/3815 4165/1/3756
f 4061/1/3665 3982/1/3586 4127/1/3731 4204/1/3800
f 4001/1/3605 4070/1/3674 4215/1/3811 4144/1/3748
f 4046/1/3650 4025/1/3629 4168/1/3752 4191/1/3787
f 4038/1/3642 3993/1/3597 4136/1/3740 4183/1/3779
f 776/1/739 772/1/739 4013/1/3617 4080/1/3684 4011/1/3615
f 4009/1/3613 4076/1/3680 4221/1/3815 4152/1/3756
f 768/1/736 764/1/732 4032/1/3636 4049/1/3653 4031/1/3635
f 4073/1/3677 3998/1/3602 4143/1/3747 4216/1/3812
f 4018/1/3622 4087/1/3691 4230/1/3783 4163/1/3754
f 4017/1/3621 4083/1/3687 4226/1/3820 4160/1/3764
f 4028/1/3632 4097/1/3701 4240/1/3829 4173/1/3769
f 4042/1/3646 4009/1/3613 4152/1/3756 4187/1/3783
f 772/1/739 765/1/733 4015/1/3619 4084/1/3688 4013/1/3617
f 763/1/731 774/1/738 3987/1/3591 4065/1/3669 3992/1/3596
f 4025/1/3629 4089/1/3693 4232/1/3817 4168/1/3752
f 4048/1/3652 4033/1/3637 4176/1/3772 4193/1/3789
f 4085/1/3689 4014/1/3618 4159/1/3763 4228/1/3822
f 773/1/738 764/1/732 3990/1/3594 4067/1/3671 3988/1/3592
f 4033/1/3637 4095/1/3699 4238/1/3827 4176/1/3772
f 775/1/738 770/1/738 4099/1/3703 4113/1/3717
f 4091/1/3695 4022/1/3626 4167/1/3751 4234/1/3815
f 4222/1/3816 4151/1/3755 4294/1/3883 4367/1/3946
f 4231/1/3824 4164/1/3757 4309/1/3884 4374/1/3912
f 4137/1/3741 4208/1/3804 4353/1/3934 4280/1/3869
f 4158/1/3762 4188/1/3784 4333/1/3914 4303/1/3891
f 4239/1/3828 4170/1/3766 4315/1/3896 4382/1/3955
f 4145/1/3749 4214/1/3810 4359/1/3940 4288/1/3877
f 4156/1/3760 4229/1/3823 4372/1/3951 4301/1/3889
f 4242/1/3831 4245/1/3834 4388/1/3961 4387/1/3960
f 4153/1/3757 4220/1/3814 4365/1/3944 4296/1/3884
f 4188/1/3784 4161/1/3765 4304/1/3892 4333/1/3914
f 4237/1/3826 4172/1/3768 4317/1/3898 4380/1/3953
f 4161/1/3765 4227/1/3821 4370/1/3949 4304/1/3892
f 4166/1/3750 4190/1/3786 4335/1/3916 4311/1/3880
f 4178/1/3774 4121/1/3725 4264/1/3853 4323/1/3904
f 4169/1/3753 4233/1/3816 4376/1/3946 4312/1/3881
f 4164/1/3757 4235/1/3814 4378/1/3944 4309/1/3884
f 4205/1/3801 4126/1/3730 4271/1/3860 4348/1/3929
f 4177/1/3773 4239/1/3828 4382/1/3955 4320/1/3901
f 4190/1/3786 4169/1/3753 4312/1/3881 4335/1/3916
f 4182/1/3778 4137/1/3741 4280/1/3869 4327/1/3908
f 4196/1/3792 4114/1/3718 4259/1/3848 4341/1/3922
f 4174/1/3770 4192/1/3788 4337/1/3918 4319/1/3900
f 4217/1/3813 4142/1/3746 4287/1/3876 4360/1/3941
f 4195/1/3791 4117/1/3721 4260/1/3849 4338/1/3919
f 4172/1/3768 4241/1/3830 4384/1/3957 4317/1/3898
f 4186/1/3782 4153/1/3757 4296/1/3884 4331/1/3912
f 4119/1/3723 4178/1/3774 4323/1/3904 4262/1/3851
f 4192/1/3788 4177/1/3773 4320/1/3901 4337/1/3918
f 4229/1/3823 4158/1/3762 4303/1/3891 4372/1/3951
f 4202/1/3798 4122/1/3726 4267/1/3856 4347/1/3928
f 4256/1/3845 4242/1/3831 4387/1/3960 4401/1/3974
f 4235/1/3814 4166/1/3750 4311/1/3880 4378/1/3944
f 4124/1/3728 4205/1/3801 4348/1/3929 4269/1/3858
f 4245/1/3834 4247/1/3836 4390/1/3963 4388/1/3961
f 4241/1/3830 4174/1/3770 4319/1/3900 4384/1/3957
f 4201/1/3797 4124/1/3728 4269/1/3858 4344/1/3925
f 4247/1/3836 4249/1/3838 4392/1/3965 4390/1/3963
f 4117/1/3721 4198/1/3794 4343/1/3924 4260/1/3849
f 4208/1/3804 4130/1/3734 4275/1/3864 4353/1/3934
f 4249/1/3838 4251/1/3840 4394/1/3967 4392/1/3965
f 4122/1/3726 4201/1/3797 4344/1/3925 4267/1/3856
f 4207/1/3803 4133/1/3737 4276/1/3865 4350/1/3931
f 4251/1/3840 4253/1/3842 4396/1/3969 4394/1/3967
f 4198/1/3794 4119/1/3723 4262/1/3851 4343/1/3924
f 4135/1/3739 4182/1/3778 4327/1/3908 4278/1/3867
f 4253/1/3842 4255/1/3844 4398/1/3971 4396/1/3969
f 4126/1/3730 4180/1/3776 4325/1/3906 4271/1/3860
f 4214/1/3810 4138/1/3742 4283/1/3872 4359/1/3940
f 4255/1/3844 4256/1/3845 4401/1/3974 4398/1/3971
f 4130/1/3734 4207/1/3803 4350/1/3931 4275/1/3864
f 4140/1/3744 4217/1/3813 4360/1/3941 4285/1/3874
f 4258/1/3847 4339/1/3920 5298/1/4651 5219/1/4572
f 4180/1/3776 4129/1/3733 4272/1/3861 4325/1/3906
f 4213/1/3809 4140/1/3744 4285/1/3874 4356/1/3937
f 4133/1/3737 4210/1/3806 4355/1/3936 4276/1/3865
f 4220/1/3814 4146/1/3750 4291/1/3880 4365/1/3944
f 4138/1/3742 4213/1/3809 4356/1/3937 4283/1/3872
f 4219/1/3786 4149/1/3753 4292/1/3881 4362/1/3916
f 4210/1/3806 4135/1/3739 4278/1/3867 4355/1/3936
f 4151/1/3755 4186/1/3782 4331/1/3912 4294/1/3883
f 4142/1/3746 4184/1/3780 4329/1/3910 4287/1/3876
f 4227/1/3821 4154/1/3758 4299/1/3887 4370/1/3949
f 4146/1/3750 4219/1/3786 4362/1/3916 4291/1/3880
f 4162/1/3755 4231/1/3824 4374/1/3912 4307/1/3883
f 4184/1/3780 4145/1/3749 4288/1/3877 4329/1/3910
f 4225/1/3819 4156/1/3760 4301/1/3889 4368/1/3947
f 4149/1/3753 4222/1/3816 4367/1/3946 4292/1/3881
f 4233/1/3816 4162/1/3755 4307/1/3883 4376/1/3946
f 4121/1/3725 4196/1/3792 4341/1/3922 4264/1/3853
f 4154/1/3758 4225/1/3819 4368/1/3947 4299/1/3887
f 4170/1/3766 4237/1/3826 4380/1/3953 4315/1/3896
f 4129/1/3733 4202/1/3798 4347/1/3928 4272/1/3861
f 4402/1/3975 4405/1/3977 4420/1/3969 4419/1/3967
f 4397/1/3970 4399/1/3972 4414/1/3981 4412/1/3979
f 4393/1/3966 4395/1/3968 4410/1/3839 4408/1/3837
f 4389/1/3962 4391/1/3964 4406/1/3835 4404/1/3976
f 4399/1/3972 4400/1/3973 4417/1/3982 4414/1/3981
f 4395/1/3968 4397/1/3970 4412/1/3979 4410/1/3839
f 4391/1/3964 4393/1/3966 4408/1/3837 4406/1/3835
f 4400/1/3973 4386/1/3959 4403/1/3832 4417/1/3982
f 4407/1/3836 4409/1/3838 4424/1/3974 4422/1/3971
f 4416/1/3845 4402/1/3975 4419/1/3967 4433/1/3965
f 4418/1/3983 4421/1/3970 4436/1/3988 4435/1/3987
f 4413/1/3980 4415/1/3844 4430/1/3963 4428/1/3961
f 4409/1/3838 4411/1/3978 4426/1/3984 4424/1/3974
f 4405/1/3977 4407/1/3836 4422/1/3971 4420/1/3969
f 4415/1/3844 4416/1/3845 4433/1/3965 4430/1/3963
f 4411/1/3978 4413/1/3980 4428/1/3961 4426/1/3984
f 4431/1/3964 4432/1/3966 4449/1/4001 4446/1/3998
f 4427/1/3959 4429/1/3985 4444/1/3996 4442/1/3994
f 4423/1/3972 4425/1/3973 4440/1/3992 4438/1/3990
f 4432/1/3966 4418/1/3983 4435/1/3987 4449/1/4001
f 4434/1/3986 4437/1/3989 795/1/738 4752/1/4297 4758/1/4303 4750/1/4295
f 4429/1/3985 4431/1/3964 4446/1/3998 4444/1/3996
f 4425/1/3973 4427/1/3959 4442/1/3994 4440/1/3992
f 4421/1/3970 4423/1/3972 4438/1/3990 4436/1/3988
f 4765/1/4310 4773/1/4318 5115/1/4002 5107/1/4011
f 4613/1/4158 4607/1/4152 4949/1/4461 4954/1/4466
f 4661/1/4206 4655/1/4200 4996/1/4495 5002/1/4501
f 4711/1/4256 4705/1/4250 5046/1/4526 5053/1/4483
f 4573/1/4118 4581/1/4126 4922/1/4451 4915/1/4445
f 4621/1/4166 4629/1/4174 4971/1/4483 4963/1/4475
f 4669/1/4214 4677/1/4222 5018/1/4516 5010/1/4509
f 792/1/738 4672/1/4217 4678/1/4223 4670/1/4215 780/1/738 4512/1/4057 4518/1/4063 4510/1/4055
f 4829/1/4374 4837/1/4382 5179/1/4032 5171/1/4036
f 4797/1/4342 4805/1/4350 5146/1/4015 5138/1/4490
f 4717/1/4262 4725/1/4270 5066/1/4540 5058/1/4535
f 4855/1/4400 4849/1/4394 5190/1/4477 5196/1/4483
f 4823/1/4368 4817/1/4362 5159/1/4556 5165/1/4559
f 4791/1/4336 4785/1/4330 5126/1/4524 5132/1/4534
f 802/1/738 4514/1/4059 4520/1/4065 4512/1/4057 780/1/738 4524/1/4069 4539/1/4084 4530/1/4075
f 4554/1/4099 4541/1/4086 4883/1/4025 4896/1/4018
f 4557/1/4102 4565/1/4110 4906/1/4437 4899/1/4430
f 4718/1/4263 4724/1/4269 4716/1/4261 792/1/738 4510/1/4055 4516/1/4061 4508/1/4053 779/1/739
f 4670/1/4215 4676/1/4221 4668/1/4213 789/1/739 4526/1/4071 4532/1/4077 4524/1/4069 780/1/738
f 789/1/739 4624/1/4169 4630/1/4175 4622/1/4167 781/1/739 4528/1/4073 4534/1/4079 4526/1/4071
f 4545/1/4090 4553/1/4098 4895/1/4428 4886/1/4423
f 4543/1/4088 4551/1/4096 4893/1/4015 4885/1/4022
f 4599/1/4144 4593/1/4138 4934/1/4456 4941/1/4031
f 4605/1/4150 4613/1/4158 4954/1/4466 4947/1/4459
f 4701/1/4246 4709/1/4254 5051/1/4529 5043/1/4524
f 4663/1/4208 4657/1/4202 4998/1/4497 5004/1/4503
f 4653/1/4198 4661/1/4206 5002/1/4501 4994/1/4493
f 4607/1/4152 4615/1/4160 4957/1/4469 4949/1/4461
f 4601/1/4146 4595/1/4140 4937/1/4009 4943/1/4457
f 4559/1/4104 4567/1/4112 4909/1/4440 4901/1/4432
f 4749/1/4294 4757/1/4302 5099/1/4440 5091/1/4432
f 4713/1/4258 4707/1/4252 5048/1/4527 5054/1/4531
f 4673/1/4218 4681/1/4226 5023/1/4518 5015/1/4514
f 4665/1/4210 4659/1/4204 5000/1/4499 5006/1/4505
f 4633/1/4178 4627/1/4172 4969/1/4481 4975/1/4487
f 4609/1/4154 4617/1/4162 4959/1/4471 4950/1/4462
f 4585/1/4130 4579/1/4124 4921/1/4450 4927/1/4454
f 4569/1/4114 4563/1/4108 4905/1/4436 4911/1/4442
f 4448/1/4000 4434/1/3986 4750/1/4295 4756/1/4301 4748/1/4293 801/1/738
f 4437/1/3989 4439/1/3991 4780/1/4325 4795/1/4340 4786/1/4331 795/1/738
f 4761/1/4306 4755/1/4300 5097/1/4430 5103/1/4443
f 4439/1/3991 4441/1/3993 797/1/739 4782/1/4327 4788/1/4333 4780/1/4325
f 4441/1/3993 4443/1/3995 4812/1/4357 4827/1/4372 4818/1/4363 797/1/739
f 4443/1/3995 4445/1/3997 799/1/738 4814/1/4359 4820/1/4365 4812/1/4357
f 4445/1/3997 4447/1/3999 4844/1/4389 4859/1/4404 4850/1/4395 799/1/738
f 4447/1/3999 4448/1/4000 801/1/738 4846/1/4391 4852/1/4397 4844/1/4389
f 4525/1/4070 4533/1/4078 4450/1/4002 4459/1/4011
f 4590/1/4135 4596/1/4141 4588/1/4133 782/1/739 4556/1/4101 4571/1/4116 4562/1/4107 784/1/738
f 4498/1/4043 4504/1/4049 4496/1/4041 779/1/739 4508/1/4053 4523/1/4068 4514/1/4059 802/1/738
f 4542/1/4087 4548/1/4093 4540/1/4085 802/1/738 4530/1/4075 4536/1/4081 4528/1/4073 781/1/739
f 783/1/738 4720/1/4265 4726/1/4271 4718/1/4263 779/1/739 4496/1/4041 4502/1/4047 4494/1/4039
f 4794/1/4339 4781/1/4326 5122/1/4554 5137/1/4483
f 4639/1/4184 4647/1/4192 4988/1/4428 4980/1/4021
f 4705/1/4250 4713/1/4258 5054/1/4531 5046/1/4526
f 783/1/738 4572/1/4117 4587/1/4132 4578/1/4123 782/1/739 4588/1/4133 4603/1/4148 4594/1/4139
f 4771/1/4316 4779/1/4324 5121/1/4031 5112/1/4035
f 4503/1/4048 4497/1/4042 4486/1/4011 4481/1/4031
f 4853/1/4398 4847/1/4392 5188/1/4525 5194/1/4529
f 4586/1/4131 4573/1/4118 4915/1/4445 4928/1/4442
f 4495/1/4040 4503/1/4048 4481/1/4031 4489/1/4035
f 4845/1/4390 4853/1/4398 5194/1/4529 5187/1/4524
f 4766/1/4311 4772/1/4317 4764/1/4309 796/1/739 4704/1/4249 4710/1/4255 4702/1/4247 784/1/738
f 4563/1/4108 4570/1/4115 4912/1/4443 4905/1/4436
f 4777/1/4322 4771/1/4316 5112/1/4035 5119/1/4032
f 4645/1/4190 4639/1/4184 4980/1/4021 4987/1/4015
f 4858/1/4403 4845/1/4390 5187/1/4524 5201/1/4534
f 4703/1/4248 4711/1/4256 5053/1/4483 5045/1/4525
f 4769/1/4314 4777/1/4322 5119/1/4032 5111/1/4455
f 4637/1/4182 4645/1/4190 4987/1/4015 4979/1/4490
f 4493/1/4038 4501/1/4046 4482/1/4032 4491/1/4036
f 4835/1/4380 4843/1/4388 5185/1/4028 5177/1/4009
f 794/1/738 4768/1/4313 4774/1/4319 4766/1/4311 784/1/738 4562/1/4107 4568/1/4113 4560/1/4105
f 4651/1/4196 4637/1/4182 4979/1/4490 4993/1/4017
f 778/1/738 4492/1/4037 4507/1/4052 4498/1/4043 802/1/738 4540/1/4085 4555/1/4100 4546/1/4091
f 4561/1/4106 4569/1/4114 4911/1/4442 4902/1/4433
f 4775/1/4320 4769/1/4314 5111/1/4455 5117/1/4028
f 4627/1/4172 4634/1/4179 4977/1/4489 4969/1/4481
f 4841/1/4386 4835/1/4380 5177/1/4009 5183/1/4002
f 4709/1/4254 4703/1/4248 5045/1/4525 5051/1/4529
f 4767/1/4312 4775/1/4320 5117/1/4028 5109/1/4009
f 4833/1/4378 4841/1/4386 5183/1/4002 5175/1/4011
f 4734/1/4279 4740/1/4285 4732/1/4277 791/1/738 4700/1/4245 4714/1/4259 4706/1/4251 793/1/738
f 4567/1/4112 4561/1/4106 4902/1/4433 4909/1/4440
f 4626/1/4171 4632/1/4177 4624/1/4169 789/1/739 4690/1/4235 4696/1/4241 4688/1/4233 785/1/739
f 4501/1/4046 4495/1/4040 4489/1/4035 4482/1/4032
f 4715/1/4260 4701/1/4246 5043/1/4524 5057/1/4534
f 4864/1/4187 4870/1/4414 4862/1/4407 794/1/738 4560/1/4105 4566/1/4111 4558/1/4103 787/1/738
f 4625/1/4170 4633/1/4178 4975/1/4487 4967/1/4479
f 4499/1/4044 4506/1/4051 4476/1/4028 4485/1/4009
f 4839/1/4384 4833/1/4378 5175/1/4011 5181/1/4031
f 4691/1/4236 4698/1/4243 5041/1/4031 5033/1/4035
f 4773/1/4318 4767/1/4312 5109/1/4009 5115/1/4002
f 4831/1/4376 4839/1/4384 5181/1/4031 5173/1/4035
f 795/1/738 4786/1/4331 4792/1/4337 4784/1/4329 796/1/739 4764/1/4309 4778/1/4323 4770/1/4315
f 4631/1/4176 4625/1/4170 4967/1/4479 4973/1/4485
f 4697/1/4242 4691/1/4236 5033/1/4035 5039/1/4032
f 4565/1/4110 4559/1/4104 4901/1/4432 4906/1/4437
f 4779/1/4324 4765/1/4310 5107/1/4011 5121/1/4031
f 4623/1/4168 4631/1/4176 4973/1/4485 4965/1/4477
f 4689/1/4234 4697/1/4242 5039/1/4032 5031/1/4036
f 782/1/739 4640/1/4185 4646/1/4191 4638/1/4183 787/1/738 4558/1/4103 4564/1/4109 4556/1/4101
f 4755/1/4300 4762/1/4307 5105/1/4453 5097/1/4430
f 4837/1/4382 4831/1/4376 5173/1/4035 5179/1/4032
f 4570/1/4115 4557/1/4102 4899/1/4430 4912/1/4443
f 799/1/738 4850/1/4395 4856/1/4401 4848/1/4393 800/1/739 4828/1/4373 4842/1/4387 4834/1/4379
f 4695/1/4240 4689/1/4234 5031/1/4036 5037/1/4028
f 4547/1/4092 4554/1/4099 4896/1/4018 4889/1/4424
f 4754/1/4299 4760/1/4305 4752/1/4297 795/1/738 4770/1/4315 4776/1/4321 4768/1/4313 794/1/738
f 4629/1/4174 4623/1/4168 4965/1/4477 4971/1/4483
f 4843/1/4388 4829/1/4374 5171/1/4036 5185/1/4028
f 4687/1/4232 4695/1/4240 5037/1/4028 5029/1/4520
f 4753/1/4298 4761/1/4306 5103/1/4443 5095/1/4436
f 786/1/738 4620/1/4165 4635/1/4180 4626/1/4171 785/1/739 4636/1/4181 4650/1/4195 4642/1/4187
f 4819/1/4364 4826/1/4371 5169/1/4503 5161/1/4495
f 4553/1/4098 4547/1/4092 4889/1/4424 4895/1/4428
f 4634/1/4179 4621/1/4166 4963/1/4475 4977/1/4489
f 786/1/738 4576/1/4121 4582/1/4127 4574/1/4119 778/1/738 4546/1/4091 4552/1/4097 4544/1/4089
f 4759/1/4304 4753/1/4298 5095/1/4436 5101/1/4442
f 4611/1/4156 4618/1/4163 4960/1/4472 4953/1/4465
f 4825/1/4370 4819/1/4364 5161/1/4495 5167/1/4560
f 4693/1/4238 4687/1/4232 5029/1/4520 5035/1/4002
f 4751/1/4296 4759/1/4304 5101/1/4442 5093/1/4450
f 4817/1/4362 4825/1/4370 5167/1/4560 5159/1/4556
f 4685/1/4230 4693/1/4238 5035/1/4002 5027/1/4456
f 4551/1/4096 4545/1/4090 4886/1/4423 4893/1/4015
f 4617/1/4162 4611/1/4156 4953/1/4465 4959/1/4471
f 4698/1/4243 4685/1/4230 5027/1/4456 5041/1/4031
f 4622/1/4167 4628/1/4173 4620/1/4165 786/1/738 4544/1/4089 4550/1/4095 4542/1/4087 781/1/739
f 800/1/739 4866/1/4410 4872/1/4416 4864/1/4187 787/1/738 4610/1/4155 4616/1/4161 4608/1/4153
f 4816/1/4361 4822/1/4367 4814/1/4359 799/1/738 4834/1/4379 4840/1/4385 4832/1/4377 798/1/738
f 4675/1/4220 4682/1/4227 5025/1/4505 5017/1/4515
f 4757/1/4302 4751/1/4296 5093/1/4450 5099/1/4440
f 4815/1/4360 4823/1/4368 5165/1/4559 5157/1/4499
f 801/1/738 4748/1/4293 4763/1/4308 4754/1/4299 794/1/738 4862/1/4407 4868/1/4412 4860/1/4405
f 4615/1/4160 4609/1/4154 4950/1/4462 4957/1/4469
f 4681/1/4226 4675/1/4220 5017/1/4515 5023/1/4518
f 4549/1/4094 4543/1/4088 4885/1/4022 4890/1/4425
f 4762/1/4307 4749/1/4294 5091/1/4432 5105/1/4453
f 4830/1/4375 4836/1/4381 4828/1/4373 800/1/739 4608/1/4153 4614/1/4159 4606/1/4151 790/1/739
f 4674/1/4219 4680/1/4225 4672/1/4217 792/1/738 4738/1/4283 4744/1/4289 4736/1/4281 788/1/739
f 4541/1/4086 4549/1/4094 4890/1/4425 4883/1/4025
f 4739/1/4284 4746/1/4291 5089/1/4012 5081/1/4423
f 4821/1/4366 4815/1/4360 5157/1/4499 5163/1/4558
f 4537/1/4082 4531/1/4076 4453/1/4005 4879/1/4422
f 4813/1/4358 4821/1/4366 5163/1/4558 5155/1/4497
f 4679/1/4224 4673/1/4218 5015/1/4514 5021/1/4501
f 4529/1/4074 4537/1/4082 4879/1/4422 4455/1/4007
f 4574/1/4119 4580/1/4125 4572/1/4117 783/1/738 4494/1/4039 4500/1/4045 4492/1/4037 778/1/738
f 4522/1/4067 4509/1/4054 4475/1/4027 4460/1/4012
f 4533/1/4078 4527/1/4072 4457/1/4009 4450/1/4002
f 4898/1/4429 4907/1/4438 4900/1/4431 4908/1/4439 4903/1/4434 4910/1/4441 4904/1/4435 4913/1/4444
f 4914/1/4435 4923/1/4452 4916/1/4446 4924/1/4438 4919/1/4449 4926/1/4439 4920/1/4434 4929/1/4441
f 4930/1/4006 4939/1/4033 4932/1/4004 4940/1/4030 4935/1/4010 4942/1/4003 4936/1/4008 4945/1/4420
f 4946/1/4458 4955/1/4467 4948/1/4460 4956/1/4468 4951/1/4463 4958/1/4470 4952/1/4464 4961/1/4473
f 4962/1/4474 4970/1/4482 4964/1/4476 4972/1/4484 4966/1/4478 4974/1/4486 4968/1/4480 4976/1/4488
f 4978/1/4023 4986/1/4014 4981/1/4020 4989/1/4013 4983/1/4026 4991/1/4492 4985/1/4024 4992/1/4016
f 4995/1/4494 5003/1/4502 4997/1/4496 5005/1/4504 4999/1/4498 5007/1/4506 5001/1/4500 5008/1/4507
f 5011/1/4510 5019/1/4517 5012/1/4511 5020/1/4502 5014/1/4513 5022/1/4504 5016/1/4498 5024/1/4506
f 5026/1/4010 5034/1/4521 5028/1/4519 5036/1/4522 5030/1/4006 5038/1/4421 5032/1/4004 5040/1/4030
f 5042/1/4523 5050/1/4528 5044/1/4474 5052/1/4530 5047/1/4476 5055/1/4532 5049/1/4478 5056/1/4533
f 5059/1/4536 5067/1/4541 5061/1/4538 5069/1/4543 5063/1/4464 5071/1/4473 5065/1/4458 5072/1/4467
f 5075/1/4026 5083/1/4492 5077/1/4024 5085/1/4016 5079/1/4546 5086/1/4427 5080/1/4547 5088/1/4548
f 5090/1/4549 5098/1/4439 5092/1/4434 5100/1/4551 5094/1/4435 5102/1/4552 5096/1/4550 5104/1/4553
f 5106/1/4010 5114/1/4003 5108/1/4008 5116/1/4420 5110/1/4006 5118/1/4033 5113/1/4004 5120/1/4030
f 5123/1/4476 5131/1/4532 5125/1/4478 5133/1/4486 5127/1/4480 5135/1/4528 5129/1/4474 5136/1/4530
f 5139/1/4546 5147/1/4427 5141/1/4020 5149/1/4013 5143/1/4026 5151/1/4492 5145/1/4024 5152/1/4016
f 5154/1/4498 5162/1/4557 5156/1/4555 5164/1/4507 5158/1/4494 5166/1/4502 5160/1/4496 5168/1/4504
f 5170/1/4561 5178/1/4563 5172/1/4562 5180/1/4030 5174/1/4034 5182/1/4564 5176/1/4008 5184/1/4420
f 5186/1/4565 5195/1/4528 5189/1/4474 5197/1/4482 5191/1/4476 5199/1/4567 5193/1/4566 5200/1/4568
f 5203/1/4020 5211/1/4013 5205/1/4026 5213/1/4019 5207/1/4024 5215/1/4016 5209/1/4023 5216/1/4570
f 5299/978/4652 1166/979/1103 5470/980/4823 5469/981/4822 5218/982/4571
f 4581/1/4126 4575/1/4120 4917/1/4447 4922/1/4451
f 796/1/739 4800/1/4345 4806/1/4351 4798/1/4343 793/1/738 4706/1/4251 4712/1/4257 4704/1/4249
f 4497/1/4042 4505/1/4050 4479/1/4002 4486/1/4011
f 4647/1/4192 4641/1/4186 4982/1/4424 4988/1/4428
f 4781/1/4326 4789/1/4334 5130/1/4531 5122/1/4554
f 4847/1/4392 4855/1/4400 5196/1/4483 5188/1/4525
f 4505/1/4050 4499/1/4044 4485/1/4009 4479/1/4002
f 4789/1/4334 4783/1/4328 5124/1/4527 5130/1/4531
f 4707/1/4252 4715/1/4260 5057/1/4534 5048/1/4527
f 4848/1/4393 4854/1/4399 4846/1/4391 801/1/738 4860/1/4405 4875/1/4419 4866/1/4410 800/1/739
f 4521/1/4066 4515/1/4060 4469/1/4021 4463/1/4015
f 4641/1/4186 4649/1/4194 4990/1/4018 4982/1/4424
f 4575/1/4120 4583/1/4128 4925/1/4453 4917/1/4447
f 4730/1/4275 4717/1/4262 5058/1/4535 5073/1/4545
f 4517/1/4062 4511/1/4056 4473/1/4025 4466/1/4018
f 4649/1/4194 4643/1/4188 4984/1/4491 4990/1/4018
f 4583/1/4128 4577/1/4122 4918/1/4448 4925/1/4453
f 792/1/738 4716/1/4261 4731/1/4276 4722/1/4267 791/1/738 4732/1/4277 4747/1/4292 4738/1/4283
f 4849/1/4394 4857/1/4402 5198/1/4531 5190/1/4477
f 4783/1/4328 4791/1/4336 5132/1/4534 5124/1/4527
f 4725/1/4270 4719/1/4264 5060/1/4537 5066/1/4540
f 4857/1/4402 4851/1/4396 5192/1/4527 5198/1/4531
f 4643/1/4188 4651/1/4196 4993/1/4017 4984/1/4491
f 4784/1/4329 4790/1/4335 4782/1/4327 797/1/739 4802/1/4347 4808/1/4353 4800/1/4345 796/1/739
f 4577/1/4122 4585/1/4130 4927/1/4454 4918/1/4448
f 4490/1/4006 4483/1/4033 4488/1/4004 4480/1/4030 4487/1/4034 4478/1/4003 4484/1/4008 4477/1/4029
f 4666/1/4211 4653/1/4198 4994/1/4493 5009/1/4508
f 4578/1/4123 4584/1/4129 4576/1/4121 786/1/738 4642/1/4187 4648/1/4193 4640/1/4185 782/1/739
f 4851/1/4396 4858/1/4403 5201/1/4534 5192/1/4527
f 4509/1/4054 4517/1/4062 4466/1/4018 4475/1/4027
f 4686/1/4231 4692/1/4237 4684/1/4229 788/1/739 4652/1/4197 4667/1/4212 4658/1/4203 790/1/739
f 4785/1/4330 4793/1/4338 5134/1/4529 5126/1/4524
f 4719/1/4264 4727/1/4272 5068/1/4542 5060/1/4537
f 4874/1/4418 4861/1/4406 5202/1/4021 5217/1/4015
f 788/1/739 4736/1/4281 4742/1/4287 4734/1/4279 793/1/738 4654/1/4199 4660/1/4205 4652/1/4197
f 4793/1/4338 4787/1/4332 5128/1/4525 5134/1/4529
f 4579/1/4124 4586/1/4131 4928/1/4442 4921/1/4450
f 4727/1/4272 4721/1/4266 5062/1/4539 5068/1/4542
f 4861/1/4406 4869/1/4413 5210/1/4012 5202/1/4021
f 4511/1/4056 4519/1/4064 4465/1/4017 4473/1/4025
f 4602/1/4147 4589/1/4134 4931/1/4455 4944/1/4028
f 4869/1/4413 4863/1/4408 5204/1/4027 5210/1/4012
f 4519/1/4064 4513/1/4058 4470/1/4022 4465/1/4017
f 4787/1/4332 4794/1/4339 5137/1/4483 5128/1/4525
f 4589/1/4134 4597/1/4142 4938/1/4032 4931/1/4455
f 4721/1/4266 4729/1/4274 5070/1/4544 5062/1/4539
f 4655/1/4200 4663/1/4208 5004/1/4503 4996/1/4495
f 4810/1/4355 4797/1/4342 5138/1/4490 5153/1/4017
f 4597/1/4142 4591/1/4136 4933/1/4035 4938/1/4032
f 4729/1/4274 4723/1/4268 5064/1/4459 5070/1/4544
f 4513/1/4058 4521/1/4066 4463/1/4015 4470/1/4022
f 4798/1/4343 4804/1/4349 4796/1/4341 798/1/738 4656/1/4201 4662/1/4207 4654/1/4199 793/1/738
f 797/1/739 4818/1/4363 4824/1/4369 4816/1/4361 798/1/738 4796/1/4341 4811/1/4356 4802/1/4347
f 4863/1/4408 4871/1/4415 5212/1/4018 5204/1/4027
f 4474/1/4026 4467/1/4019 4472/1/4024 4464/1/4016 4471/1/4023 4462/1/4014 4468/1/4020 4461/1/4013
f 4805/1/4350 4799/1/4344 5140/1/4021 5146/1/4015
f 4723/1/4268 4730/1/4275 5073/1/4545 5064/1/4459
f 4871/1/4415 4865/1/4409 5206/1/4569 5212/1/4018
f 4515/1/4060 4522/1/4067 4460/1/4012 4469/1/4021
f 4657/1/4202 4665/1/4210 5006/1/4505 4998/1/4497
f 4591/1/4136 4599/1/4144 4941/1/4031 4933/1/4035
f 4746/1/4291 4733/1/4278 5074/1/4027 5089/1/4012
f 4458/1/4010 4451/1/4003 4456/1/4008 4876/1/4420 4454/1/4006 4878/1/4421 4452/1/4004 4881/1/4030
f 798/1/738 4832/1/4377 4838/1/4383 4830/1/4375 790/1/739 4658/1/4203 4664/1/4209 4656/1/4201
f 791/1/738 4592/1/4137 4598/1/4143 4590/1/4135 784/1/738 4702/1/4247 4708/1/4253 4700/1/4245
f 4733/1/4278 4741/1/4286 5082/1/4018 5074/1/4027
f 4865/1/4409 4873/1/4417 5214/1/4425 5206/1/4569
f 4799/1/4344 4807/1/4352 5148/1/4012 5140/1/4021
f 4741/1/4286 4735/1/4280 5076/1/4025 5082/1/4018
f 4873/1/4417 4867/1/4411 5208/1/4022 5214/1/4425
f 4659/1/4204 4666/1/4211 5009/1/4508 5000/1/4499
f 4807/1/4352 4801/1/4346 5142/1/4027 5148/1/4012
f 4593/1/4138 4601/1/4146 4943/1/4457 4934/1/4456
f 4531/1/4076 4538/1/4083 4880/1/4031 4453/1/4005
f 4682/1/4227 4669/1/4214 5010/1/4509 5025/1/4505
f 4722/1/4267 4728/1/4273 4720/1/4265 783/1/738 4594/1/4139 4600/1/4145 4592/1/4137 791/1/738
f 4867/1/4411 4874/1/4418 5217/1/4015 5208/1/4022
f 4538/1/4083 4525/1/4070 4459/1/4011 4880/1/4031
f 789/1/739 4668/1/4213 4683/1/4228 4674/1/4219 788/1/739 4684/1/4229 4699/1/4244 4690/1/4235
f 4801/1/4346 4809/1/4354 5150/1/4018 5142/1/4027
f 4735/1/4280 4743/1/4288 5084/1/4017 5076/1/4025
f 4882/1/4024 4891/1/4426 4884/1/4023 4892/1/4427 4887/1/4020 4894/1/4013 4888/1/4026 4897/1/4019
f 4677/1/4222 4671/1/4216 5013/1/4512 5018/1/4516
f 4809/1/4354 4803/1/4348 5144/1/4025 5150/1/4018
f 4595/1/4140 4602/1/4147 4944/1/4028 4937/1/4009
f 4743/1/4288 4737/1/4282 5078/1/4490 5084/1/4017
f 4527/1/4072 4535/1/4080 4877/1/4028 4457/1/4009
f 4618/1/4163 4605/1/4150 4947/1/4459 4960/1/4472
f 4535/1/4080 4529/1/4074 4455/1/4007 4877/1/4028
f 4803/1/4348 4810/1/4355 5153/1/4017 5144/1/4025
f 4638/1/4183 4644/1/4189 4636/1/4181 785/1/739 4604/1/4149 4619/1/4164 4610/1/4155 787/1/738
f 4737/1/4282 4745/1/4290 5087/1/4015 5078/1/4490
f 4671/1/4216 4679/1/4224 5021/1/4501 5013/1/4512
f 4826/1/4371 4813/1/4358 5155/1/4497 5169/1/4503
f 785/1/739 4688/1/4233 4694/1/4239 4686/1/4231 790/1/739 4606/1/4151 4612/1/4157 4604/1/4149
f 4745/1/4290 4739/1/4284 5081/1/4423 5087/1/4015
f 4506/1/4051 4493/1/4038 4491/1/4036 4476/1/4028
f 4300/1/3888 4373/1/3952 5332/1/4685 5261/1/4614
f 4386/1/3959 4389/1/3962 4404/1/3976 4403/1/3832
f 4297/1/3885 4364/1/3943 5325/1/4678 5256/1/4609
f 4332/1/3913 4305/1/3893 5264/1/4617 5293/1/4646
f 4381/1/3954 4316/1/3897 5277/1/4630 5340/1/4693
f 4305/1/3893 4371/1/3950 5330/1/4683 5264/1/4617
f 4310/1/3894 4334/1/3915 5295/1/4648 5271/1/4624
f 4322/1/3903 4265/1/3854 5224/1/4577 5283/1/4636
f 4313/1/3882 4377/1/3945 5336/1/4689 5272/1/4625
f 4308/1/3885 4379/1/3943 5338/1/4691 5269/1/4622
f 4349/1/3930 4270/1/3859 5231/1/4584 5308/1/4661
f 4321/1/3902 4383/1/3956 5342/1/4695 5280/1/4633
f 4334/1/3915 4313/1/3882 5272/1/4625 5295/1/4648
f 4326/1/3907 4281/1/3870 5240/1/4593 5287/1/4640
f 4340/1/3921 4258/1/3847 5219/1/4572 5301/1/4654
f 4318/1/3899 4336/1/3917 5297/1/4650 5279/1/4632
f 4361/1/3942 4286/1/3875 5247/1/4600 5320/1/4673
f 4339/1/3920 4261/1/3850 5220/1/4573 5298/1/4651
f 4316/1/3897 4385/1/3958 5344/1/4697 5277/1/4630
f 4330/1/3911 4297/1/3885 5256/1/4609 5291/1/4644
f 4263/1/3852 4322/1/3903 5283/1/4636 5222/1/4575
f 4336/1/3917 4321/1/3902 5280/1/4633 5297/1/4650
f 4373/1/3952 4302/1/3890 5263/1/4616 5332/1/4685
f 4346/1/3927 4266/1/3855 5227/1/4580 5307/1/4660
f 4379/1/3943 4310/1/3894 5271/1/4624 5338/1/4691
f 4268/1/3857 4349/1/3930 5308/1/4661 5229/1/4582
f 4385/1/3958 4318/1/3899 5279/1/4632 5344/1/4697
f 4345/1/3926 4268/1/3857 5229/1/4582 5304/1/4657
f 4261/1/3850 4342/1/3923 5303/1/4656 5220/1/4573
f 4352/1/3933 4274/1/3863 5235/1/4588 5313/1/4666
f 4266/1/3855 4345/1/3926 5304/1/4657 5227/1/4580
f 4351/1/3932 4277/1/3866 5236/1/4589 5310/1/4663
f 4342/1/3923 4263/1/3852 5222/1/4575 5303/1/4656
f 4279/1/3868 4326/1/3907 5287/1/4640 5238/1/4591
f 4270/1/3859 4324/1/3905 5285/1/4638 5231/1/4584
f 4358/1/3939 4282/1/3871 5243/1/4596 5319/1/4672
f 4274/1/3863 4351/1/3932 5310/1/4663 5235/1/4588
f 4284/1/3873 4361/1/3942 5320/1/4673 5245/1/4598
f 4324/1/3905 4273/1/3862 5232/1/4585 5285/1/4638
f 4357/1/3938 4284/1/3873 5245/1/4598 5316/1/4669
f 4277/1/3866 4354/1/3935 5315/1/4668 5236/1/4589
f 4364/1/3943 4290/1/3879 5251/1/4604 5325/1/4678
f 4282/1/3871 4357/1/3938 5316/1/4669 5243/1/4596
f 4363/1/3915 4293/1/3882 5252/1/4605 5322/1/4675
f 4354/1/3935 4279/1/3868 5238/1/4591 5315/1/4668
f 4295/1/3597 4330/1/3911 5291/1/4644 5254/1/4607
f 4286/1/3875 4328/1/3909 5289/1/4642 5247/1/4600
f 4371/1/3950 4298/1/3886 5259/1/4612 5330/1/4683
f 4290/1/3879 4363/1/3915 5322/1/4675 5251/1/4604
f 4306/1/3597 4375/1/3911 5334/1/4687 5267/1/4620
f 4328/1/3909 4289/1/3878 5248/1/4601 5289/1/4642
f 4369/1/3948 4300/1/3888 5261/1/4614 5328/1/4681
f 4293/1/3882 4366/1/3945 5327/1/4680 5252/1/4605
f 4377/1/3945 4306/1/3597 5267/1/4620 5336/1/4689
f 4265/1/3854 4340/1/3921 5301/1/4654 5224/1/4577
f 4298/1/3886 4369/1/3948 5328/1/4681 5259/1/4612
f 4314/1/3895 4381/1/3954 5340/1/4693 5275/1/4628
f 4273/1/3862 4346/1/3927 5307/1/4660 5232/1/4585
f 4366/1/3945 4295/1/3597 5254/1/4607 5327/1/4680
f 4375/1/3911 4308/1/3885 5269/1/4622 5334/1/4687
f 4281/1/3870 4352/1/3933 5313/1/4666 5240/1/4593
f 4302/1/3890 4332/1/3913 5293/1/4646 5263/1/4616
f 4383/1/3956 4314/1/3895 5275/1/4628 5342/1/4695
f 4289/1/3878 4358/1/3939 5319/1/4672 5248/1/4601
f 887/983/824 5361/984/4714 5359/985/4712 886/475/823
f 804/263/741 807/264/744 806/13/743 803/1/740
f 805/986/742 808/15/745 807/264/744 804/263/741
f 5350/987/4703 810/988/747 809/989/746 5347/990/4700
f 5352/991/4705 811/21/748 810/988/747 5350/992/4703
f 5354/993/4707 812/994/749 811/21/748 5352/995/4705
f 5355/996/4708 813/142/750 812/994/749 5354/997/4707
f 803/29/740 806/30/743 813/142/750 5355/998/4708 5357/999/4710
f 806/30/743 814/33/751 821/384/758 813/142/750
f 807/264/744 815/1000/752 814/36/751 806/13/743
f 808/15/745 816/1001/753 815/1000/752 807/264/744
f 809/989/746 817/564/754 816/1001/753 808/15/745
f 810/988/747 818/645/755 817/564/754 809/989/746
f 811/21/748 819/173/756 818/645/755 810/988/747
f 812/994/749 820/1002/757 819/173/756 811/21/748
f 813/142/750 821/384/758 820/1002/757 812/994/749
f 814/33/751 822/42/759 829/43/766 821/384/758
f 815/1000/752 823/44/760 822/45/759 814/36/751
f 816/1001/753 824/1003/761 823/44/760 815/1000/752
f 817/564/754 825/1004/762 824/1003/761 816/1001/753
f 818/645/755 826/484/763 825/1004/762 817/564/754
f 819/173/756 827/1005/764 826/484/763 818/645/755
f 820/1002/757 828/50/765 827/1005/764 819/173/756
f 821/384/758 829/43/766 828/50/765 820/1002/757
f 822/42/759 830/1006/767 837/182/774 829/43/766
f 823/44/760 831/487/768 830/1007/767 822/45/759
f 824/1003/761 832/488/769 831/487/768 823/44/760
f 825/1004/762 833/1008/770 832/488/769 824/1003/761
f 826/484/763 834/187/771 833/1008/770 825/1004/762
f 827/1005/764 835/58/772 834/187/771 826/484/763
f 828/50/765 836/188/773 835/58/772 827/1005/764
f 829/43/766 837/182/774 836/188/773 828/50/765
f 830/1006/767 838/1009/775 845/1010/782 837/182/774
f 831/487/768 839/1011/776 838/492/775 830/1007/767
f 832/488/769 840/1012/777 839/1011/776 831/487/768
f 833/1008/770 841/1013/778 840/1012/777 832/488/769
f 834/187/771 842/1014/779 841/1013/778 833/1008/770
f 835/58/772 843/195/780 842/1014/779 834/187/771
f 836/188/773 844/1015/781 843/195/780 835/58/772
f 837/182/774 845/1010/782 844/1015/781 836/188/773
f 838/1009/775 846/69/783 853/1016/790 845/1010/782
f 839/1011/776 847/304/784 846/72/783 838/492/775
f 840/1012/777 848/305/785 847/304/784 839/1011/776
f 841/1013/778 849/198/786 848/305/785 840/1012/777
f 842/1014/779 850/75/787 849/198/786 841/1013/778
f 843/195/780 851/1017/788 850/75/787 842/1014/779
f 844/1015/781 852/1018/789 851/1017/788 843/195/780
f 845/1010/782 853/1016/790 852/1018/789 844/1015/781
f 846/69/783 854/583/791 861/201/798 853/1016/790
f 847/304/784 855/1019/792 854/308/791 846/72/783
f 848/305/785 856/203/793 855/1019/792 847/304/784
f 849/198/786 857/204/794 856/203/793 848/305/785
f 850/75/787 858/84/795 857/204/794 849/198/786
f 851/1017/788 859/1020/796 858/84/795 850/75/787
f 852/1018/789 860/1021/797 859/1020/796 851/1017/788
f 853/1016/790 861/201/798 860/1021/797 852/1018/789
f 854/583/791 862/87/799 869/1022/806 861/201/798
f 855/1019/792 863/1023/800 862/209/799 854/308/791
f 856/203/793 864/417/801 863/1023/800 855/1019/792
f 857/204/794 865/1024/802 864/417/801 856/203/793
f 858/84/795 866/1025/803 865/1024/802 857/204/794
f 859/1020/796 867/1026/804 866/1025/803 858/84/795
f 860/1021/797 868/504/805 867/1026/804 859/1020/796
f 861/201/798 869/1022/806 868/504/805 860/1021/797
f 862/87/799 870/96/807 877/1027/814 869/1022/806
f 863/1023/800 871/216/808 870/217/807 862/209/799
f 864/417/801 872/218/809 871/216/808 863/1023/800
f 865/1024/802 873/219/810 872/218/809 864/417/801
f 866/1025/803 874/220/811 873/219/810 865/1024/802
f 867/1026/804 875/1028/812 874/220/811 866/1025/803
f 868/504/805 876/104/813 875/1028/812 867/1026/804
f 869/1022/806 877/1027/814 876/104/813 868/504/805
f 870/96/807 878/222/815 885/106/822 877/1027/814
f 871/216/808 879/224/816 878/108/815 870/217/807
f 872/218/809 880/1029/817 879/224/816 871/216/808
f 873/219/810 881/1030/818 880/1029/817 872/218/809
f 874/220/811 882/428/819 881/1030/818 873/219/810
f 875/1028/812 883/1031/820 882/428/819 874/220/811
f 876/104/813 884/1032/821 883/1031/820 875/1028/812
f 877/1027/814 885/106/822 884/1032/821 876/104/813
f 878/222/815 886/114/823 893/115/830 885/106/822
f 879/224/816 887/983/824 886/475/823 878/108/815
f 880/1029/817 888/432/825 887/983/824 879/224/816
f 881/1030/818 889/1033/826 888/432/825 880/1029/817
f 882/428/819 890/1034/827 889/1033/826 881/1030/818
f 883/1031/820 891/684/828 890/1034/827 882/428/819
f 884/1032/821 892/1035/829 891/684/828 883/1031/820
f 885/106/822 893/115/830 892/1035/829 884/1032/821
f 5372/1036/4725 5358/1037/4711 5360/1038/4713 5362/1039/4715 5364/1040/4717 5366/1041/4719 5368/1042/4721 5370/1043/4723
f 886/114/823 5359/1044/4712 5373/1045/4726 893/115/830
f 889/1033/826 5365/1046/4718 5363/1047/4716 888/432/825
f 890/1034/827 5367/1048/4720 5365/1049/4718 889/1033/826
f 891/684/828 5369/1050/4722 5367/1051/4720 890/1034/827
f 892/1035/829 5371/1052/4724 5369/1050/4722 891/684/828
f 893/115/830 5373/1053/4726 5371/1054/4724 892/1035/829
f 5375/1055/4728 896/30/833 903/1056/840 5386/1057/4739
f 5377/1058/4730 897/264/834 896/13/833 5375/1059/4728
f 5379/1060/4732 898/545/835 897/264/834 5377/1061/4730
f 5380/1062/4733 899/18/836 898/545/835 5379/1063/4732
f 894/153/831 900/1064/837 899/18/836 5380/1065/4733 5382/1066/4735
f 5385/1067/4738 5384/1068/4737 902/1069/839 901/21/838 895/1070/832
f 895/1070/832 901/21/838 900/1064/837 894/153/831
f 5386/1071/4739 903/1056/840 902/1069/839 5384/1072/4737
f 977/1073/914 5391/165/4744 5389/1074/4742 976/262/913
f 896/30/833 904/383/841 911/1075/848 903/1056/840
f 897/264/834 905/1076/842 904/281/841 896/13/833
f 898/545/835 906/170/843 905/1076/842 897/264/834
f 899/18/836 907/1077/844 906/170/843 898/545/835
f 900/1064/837 908/172/845 907/1077/844 899/18/836
f 901/21/838 909/173/846 908/172/845 900/1064/837
f 902/1069/839 910/1078/847 909/173/846 901/21/838
f 903/1056/840 911/1075/848 910/1078/847 902/1069/839
f 904/383/841 912/1079/849 919/1080/856 911/1075/848
f 905/1076/842 913/1081/850 912/45/849 904/281/841
f 906/170/843 914/46/851 913/1081/850 905/1076/842
f 907/1077/844 915/286/852 914/46/851 906/170/843
f 908/172/845 916/178/853 915/286/852 907/1077/844
f 909/173/846 917/288/854 916/178/853 908/172/845
f 910/1078/847 918/50/855 917/288/854 909/173/846
f 911/1075/848 919/1080/856 918/50/855 910/1078/847
f 912/1079/849 920/289/857 927/182/864 919/1080/856
f 913/1081/850 921/1082/858 920/290/857 912/45/849
f 914/46/851 922/55/859 921/1082/858 913/1081/850
f 915/286/852 923/1083/860 922/55/859 914/46/851
f 916/178/853 924/1084/861 923/1083/860 915/286/852
f 917/288/854 925/1085/862 924/1084/861 916/178/853
f 918/50/855 926/1086/863 925/1085/862 917/288/854
f 919/1080/856 927/182/864 926/1086/863 918/50/855
f 920/289/857 928/1087/865 935/1088/872 927/182/864
f 921/1082/858 929/576/866 928/740/865 920/290/857
f 922/55/859 930/1089/867 929/576/866 921/1082/858
f 923/1083/860 931/1090/868 930/1089/867 922/55/859
f 924/1084/861 932/1091/869 931/1090/868 923/1083/860
f 925/1085/862 933/1092/870 932/1091/869 924/1084/861
f 926/1086/863 934/402/871 933/1092/870 925/1085/862
f 927/182/864 935/1088/872 934/402/871 926/1086/863
f 928/1087/865 936/69/873 943/303/880 935/1088/872
f 929/576/866 937/304/874 936/72/873 928/740/865
f 930/1089/867 938/305/875 937/304/874 929/576/866
f 931/1090/868 939/198/876 938/305/875 930/1089/867
f 932/1091/869 940/75/877 939/198/876 931/1090/868
f 933/1092/870 941/76/878 940/75/877 932/1091/869
f 934/402/871 942/77/879 941/76/878 933/1092/870
f 935/1088/872 943/303/880 942/77/879 934/402/871
f 936/69/873 944/1093/881 951/201/888 943/303/880
f 937/304/874 945/663/882 944/308/881 936/72/873
f 938/305/875 946/82/883 945/663/882 937/304/874
f 939/198/876 947/1094/884 946/82/883 938/305/875
f 940/75/877 948/1095/885 947/1094/884 939/198/876
f 941/76/878 949/205/886 948/1095/885 940/75/877
f 942/77/879 950/413/887 949/205/886 941/76/878
f 943/303/880 951/201/888 950/413/887 942/77/879
f 944/1093/881 952/1096/889 959/207/896 951/201/888
f 945/663/882 953/1097/890 952/90/889 944/308/881
f 946/82/883 954/417/891 953/1097/890 945/663/882
f 947/1094/884 955/211/892 954/417/891 946/82/883
f 948/1095/885 956/1098/893 955/211/892 947/1094/884
f 949/205/886 957/1099/894 956/1098/893 948/1095/885
f 950/413/887 958/1100/895 957/1099/894 949/205/886
f 951/201/888 959/207/896 958/1100/895 950/413/887
f 952/1096/889 960/96/897 967/320/904 959/207/896
f 953/1097/890 961/1101/898 960/1102/897 952/90/889
f 954/417/891 962/218/899 961/1101/898 953/1097/890
f 955/211/892 963/1103/900 962/218/899 954/417/891
f 956/1098/893 964/1104/901 963/1103/900 955/211/892
f 957/1099/894 965/1105/902 964/1104/901 956/1098/893
f 958/1100/895 966/104/903 965/1105/902 957/1099/894
f 959/207/896 967/320/904 966/104/903 958/1100/895
f 960/96/897 968/325/905 975/677/912 967/320/904
f 961/1101/898 969/224/906 968/1106/905 960/1102/897
f 962/218/899 970/1107/907 969/224/906 961/1101/898
f 963/1103/900 971/226/908 970/1107/907 962/218/899
f 964/1104/901 972/1108/909 971/226/908 963/1103/900
f 965/1105/902 973/761/910 972/1108/909 964/1104/901
f 966/104/903 974/1109/911 973/761/910 965/1105/902
f 967/320/904 975/677/912 974/1109/911 966/104/903
f 968/325/905 976/514/913 983/1110/920 975/677/912
f 969/224/906 977/1073/914 976/262/913 968/1106/905
f 970/1107/907 978/1111/915 977/1073/914 969/224/906
f 971/226/908 979/1112/916 978/1111/915 970/1107/907
f 972/1108/909 980/1113/917 979/1112/916 971/226/908
f 973/761/910 981/1114/918 980/1113/917 972/1108/909
f 974/1109/911 982/1115/919 981/1114/918 973/761/910
f 975/677/912 983/1110/920 982/1115/919 974/1109/911
f 5399/1116/4752 5388/1117/4741 5390/1118/4743 5392/1119/4745 5394/1120/4747 5396/242/4749 984/1121/921 985/1122/922
f 976/514/913 5389/245/4742 5398/1123/4751 983/1110/920
f 979/1112/916 5395/1124/4748 5393/1125/4746 978/1111/915
f 980/1113/917 5397/1126/4750 5395/1127/4748 979/1112/916
f 981/1114/918 984/1121/921 5396/1128/4749 5397/1129/4750 980/1113/917
f 983/1110/920 5398/252/4751 5399/237/4752 985/1122/922 982/1115/919
f 982/1115/919 985/1122/922 984/1121/921 981/1114/918
f 5402/1130/4755 5401/1131/4754 992/1132/929 991/1133/928 988/1134/925
f 1070/983/1007 5415/1135/4768 5413/1136/4766 1069/475/1006
f 987/1137/924 990/264/927 989/13/926 986/1/923
f 988/1134/925 991/1133/928 990/264/927 987/1137/924
f 5404/1138/4757 993/154/930 992/1132/929 5401/1139/4754
f 5406/1140/4759 994/1141/931 993/154/930 5404/1142/4757
f 5408/1143/4761 995/1144/932 994/1141/931 5406/1145/4759
f 5409/1146/4762 996/1147/933 995/1144/932 5408/1148/4761
f 986/29/923 989/30/926 996/1147/933 5409/1149/4762 5411/1150/4764
f 989/30/926 997/1151/934 1004/1075/941 996/1147/933
f 990/264/927 998/1152/935 997/36/934 989/13/926
f 991/1133/928 999/1153/936 998/1152/935 990/264/927
f 992/1132/929 1000/1154/937 999/1153/936 991/1133/928
f 993/154/930 1001/1155/938 1000/1154/937 992/1132/929
f 994/1141/931 1002/1156/939 1001/1155/938 993/154/930
f 995/1144/932 1003/1157/940 1002/1156/939 994/1141/931
f 996/1147/933 1004/1075/941 1003/1157/940 995/1144/932
f 997/1151/934 1005/42/942 1012/43/949 1004/1075/941
f 998/1152/935 1006/44/943 1005/45/942 997/36/934
f 999/1153/936 1007/46/944 1006/44/943 998/1152/935
f 1000/1154/937 1008/1158/945 1007/46/944 999/1153/936
f 1001/1155/938 1009/178/946 1008/1158/945 1000/1154/937
f 1002/1156/939 1010/650/947 1009/178/946 1001/1155/938
f 1003/1157/940 1011/50/948 1010/650/947 1002/1156/939
f 1004/1075/941 1012/43/949 1011/50/948 1003/1157/940
f 1005/42/942 1013/289/950 1020/182/957 1012/43/949
f 1006/44/943 1014/1159/951 1013/734/950 1005/45/942
f 1007/46/944 1015/55/952 1014/1159/951 1006/44/943
f 1008/1158/945 1016/292/953 1015/55/952 1007/46/944
f 1009/178/946 1017/187/954 1016/292/953 1008/1158/945
f 1010/650/947 1018/1085/955 1017/187/954 1009/178/946
f 1011/50/948 1019/1160/956 1018/1085/955 1010/650/947
f 1012/43/949 1020/182/957 1019/1160/956 1011/50/948
f 1013/289/950 1021/1161/958 1028/1162/965 1020/182/957
f 1014/1159/951 1022/1163/959 1021/492/958 1013/734/950
f 1015/55/952 1023/1164/960 1022/1163/959 1014/1159/951
f 1016/292/953 1024/400/961 1023/1164/960 1015/55/952
f 1017/187/954 1025/1165/962 1024/400/961 1016/292/953
f 1018/1085/955 1026/301/963 1025/1165/962 1017/187/954
f 1019/1160/956 1027/402/964 1026/301/963 1018/1085/955
f 1020/182/957 1028/1162/965 1027/402/964 1019/1160/956
f 1021/1161/958 1029/1166/966 1036/1167/973 1028/1162/965
f 1022/1163/959 1030/1168/967 1029/72/966 1021/492/958
f 1023/1164/960 1031/73/968 1030/1168/967 1022/1163/959
f 1024/400/961 1032/1169/969 1031/73/968 1023/1164/960
f 1025/1165/962 1033/75/970 1032/1169/969 1024/400/961
f 1026/301/963 1034/76/971 1033/75/970 1025/1165/962
f 1027/402/964 1035/499/972 1034/76/971 1026/301/963
f 1028/1162/965 1036/1167/973 1035/499/972 1027/402/964
f 1029/1166/966 1037/583/974 1044/1170/981 1036/1167/973
f 1030/1168/967 1038/1171/975 1037/81/974 1029/72/966
f 1031/73/968 1039/585/976 1038/1171/975 1030/1168/967
f 1032/1169/969 1040/83/977 1039/585/976 1031/73/968
f 1033/75/970 1041/84/978 1040/83/977 1032/1169/969
f 1034/76/971 1042/1172/979 1041/84/978 1033/75/970
f 1035/499/972 1043/1173/980 1042/1172/979 1034/76/971
f 1036/1167/973 1044/1170/981 1043/1173/980 1035/499/972
f 1037/583/974 1045/667/982 1052/1174/989 1044/1170/981
f 1038/1171/975 1046/589/983 1045/209/982 1037/81/974
f 1039/585/976 1047/1175/984 1046/589/983 1038/1171/975
f 1040/83/977 1048/211/985 1047/1175/984 1039/585/976
f 1041/84/978 1049/1176/986 1048/211/985 1040/83/977
f 1042/1172/979 1050/420/987 1049/1176/986 1041/84/978
f 1043/1173/980 1051/504/988 1050/420/987 1042/1172/979
f 1044/1170/981 1052/1174/989 1051/504/988 1043/1173/980
f 1045/667/982 1053/96/990 1060/320/997 1052/1174/989
f 1046/589/983 1054/216/991 1053/217/990 1045/209/982
f 1047/1175/984 1055/218/992 1054/216/991 1046/589/983
f 1048/211/985 1056/1177/993 1055/218/992 1047/1175/984
f 1049/1176/986 1057/102/994 1056/1177/993 1048/211/985
f 1050/420/987 1058/1178/995 1057/102/994 1049/1176/986
f 1051/504/988 1059/1179/996 1058/1178/995 1050/420/987
f 1052/1174/989 1060/320/997 1059/1179/996 1051/504/988
f 1053/96/990 1061/325/998 1068/677/1005 1060/320/997
f 1054/216/991 1062/1180/999 1061/108/998 1053/217/990
f 1055/218/992 1063/1181/1000 1062/1180/999 1054/216/991
f 1056/1177/993 1064/1182/1001 1063/1181/1000 1055/218/992
f 1057/102/994 1065/1183/1002 1064/1182/1001 1056/1177/993
f 1058/1178/995 1066/513/1003 1065/1183/1002 1057/102/994
f 1059/1179/996 1067/1184/1004 1066/513/1003 1058/1178/995
f 1060/320/997 1068/677/1005 1067/1184/1004 1059/1179/996
f 1061/325/998 1069/1185/1006 1076/115/1013 1068/677/1005
f 1062/1180/999 1070/983/1007 1069/475/1006 1061/108/998
f 1063/1181/1000 1071/1186/1008 1070/983/1007 1062/1180/999
f 1064/1182/1001 1072/1187/1009 1071/1186/1008 1063/1181/1000
f 1065/1183/1002 1073/605/1010 1072/1187/1009 1064/1182/1001
f 1066/513/1003 1074/119/1011 1073/605/1010 1065/1183/1002
f 1067/1184/1004 1075/1188/1012 1074/119/1011 1066/513/1003
f 1068/677/1005 1076/115/1013 1075/1188/1012 1067/1184/1004
f 5426/1189/4779 5412/1190/4765 5414/1191/4767 5416/1192/4769 5418/1193/4771 5420/1194/4773 5422/1195/4775 5424/1196/4777
f 1069/1185/1006 5413/1197/4766 5427/1198/4780 1076/115/1013
f 1072/1187/1009 5419/1199/4772 5417/1200/4770 1071/1186/1008
f 1073/605/1010 5421/350/4774 5419/1201/4772 1072/1187/1009
f 1074/119/1011 5423/1202/4776 5421/1203/4774 1073/605/1010
f 1075/1188/1012 5425/1204/4778 5423/1205/4776 1074/119/1011
f 1076/115/1013 5427/1206/4780 5425/1207/4778 1075/1188/1012
f 5429/1208/4782 1077/1209/1014 1084/1210/1021 5442/1211/4795
f 5431/1212/4784 1078/1213/1015 1077/13/1014 5429/1214/4782
f 5433/1215/4786 1079/1133/1016 1078/1213/1015 5431/1216/4784
f 5435/1217/4788 1080/1218/1017 1079/1133/1016 5433/1219/4786
f 5437/1220/4790 1081/154/1018 1080/1218/1017 5435/1221/4788
f 5439/1222/4792 1082/1223/1019 1081/154/1018 5437/1224/4790
f 5441/1225/4794 1083/24/1020 1082/1223/1019 5439/1226/4792
f 5442/1227/4795 1084/1210/1021 1083/24/1020 5441/1228/4794
f 1158/259/1095 1165/380/1102 5444/1229/4797 5445/1230/4798 1157/1231/1094
f 1077/1209/1014 1085/1151/1022 1092/34/1029 1084/1210/1021
f 1078/1213/1015 1086/563/1023 1085/281/1022 1077/13/1014
f 1079/1133/1016 1087/170/1024 1086/563/1023 1078/1213/1015
f 1080/1218/1017 1088/1232/1025 1087/170/1024 1079/1133/1016
f 1081/154/1018 1089/172/1026 1088/1232/1025 1080/1218/1017
f 1082/1223/1019 1090/173/1027 1089/172/1026 1081/154/1018
f 1083/24/1020 1091/386/1028 1090/173/1027 1082/1223/1019
f 1084/1210/1021 1092/34/1029 1091/386/1028 1083/24/1020
f 1085/1151/1022 1093/42/1030 1100/43/1037 1092/34/1029
f 1086/563/1023 1094/1233/1031 1093/1234/1030 1085/281/1022
f 1087/170/1024 1095/46/1032 1094/1233/1031 1086/563/1023
f 1088/1232/1025 1096/286/1033 1095/46/1032 1087/170/1024
f 1089/172/1026 1097/178/1034 1096/286/1033 1088/1232/1025
f 1090/173/1027 1098/1235/1035 1097/178/1034 1089/172/1026
f 1091/386/1028 1099/50/1036 1098/1235/1035 1090/173/1027
f 1092/34/1029 1100/43/1037 1099/50/1036 1091/386/1028
f 1093/42/1030 1101/289/1038 1108/182/1045 1100/43/1037
f 1094/1233/1031 1102/487/1039 1101/734/1038 1093/1234/1030
f 1095/46/1032 1103/1236/1040 1102/487/1039 1094/1233/1031
f 1096/286/1033 1104/653/1041 1103/1236/1040 1095/46/1032
f 1097/178/1034 1105/654/1042 1104/653/1041 1096/286/1033
f 1098/1235/1035 1106/1085/1043 1105/654/1042 1097/178/1034
f 1099/50/1036 1107/59/1044 1106/1085/1043 1098/1235/1035
f 1100/43/1037 1108/182/1045 1107/59/1044 1099/50/1036
f 1101/289/1038 1109/1009/1046 1116/1237/1053 1108/182/1045
f 1102/487/1039 1110/1238/1047 1109/399/1046 1101/734/1038
f 1103/1236/1040 1111/1239/1048 1110/1238/1047 1102/487/1039
f 1104/653/1041 1112/1240/1049 1111/1239/1048 1103/1236/1040
f 1105/654/1042 1113/1241/1050 1112/1240/1049 1104/653/1041
f 1106/1085/1043 1114/1242/1051 1113/1241/1050 1105/654/1042
f 1107/59/1044 1115/302/1052 1114/1242/1051 1106/1085/1043
f 1108/182/1045 1116/1237/1053 1115/302/1052 1107/59/1044
f 1109/1009/1046 1117/69/1054 1124/303/1061 1116/1237/1053
f 1110/1238/1047 1118/304/1055 1117/1243/1054 1109/399/1046
f 1111/1239/1048 1119/1244/1056 1118/304/1055 1110/1238/1047
f 1112/1240/1049 1120/198/1057 1119/1244/1056 1111/1239/1048
f 1113/1241/1050 1121/75/1058 1120/198/1057 1112/1240/1049
f 1114/1242/1051 1122/76/1059 1121/75/1058 1113/1241/1050
f 1115/302/1052 1123/499/1060 1122/76/1059 1114/1242/1051
f 1116/1237/1053 1124/303/1061 1123/499/1060 1115/302/1052
f 1117/69/1054 1125/200/1062 1132/1245/1069 1124/303/1061
f 1118/304/1055 1126/202/1063 1125/81/1062 1117/1243/1054
f 1119/1244/1056 1127/585/1064 1126/202/1063 1118/304/1055
f 1120/198/1057 1128/1246/1065 1127/585/1064 1119/1244/1056
f 1121/75/1058 1129/500/1066 1128/1246/1065 1120/198/1057
f 1122/76/1059 1130/205/1067 1129/500/1066 1121/75/1058
f 1123/499/1060 1131/413/1068 1130/205/1067 1122/76/1059
f 1124/303/1061 1132/1245/1069 1131/413/1068 1123/499/1060
f 1125/200/1062 1133/1096/1070 1140/1247/1077 1132/1245/1069
f 1126/202/1063 1134/1248/1071 1133/416/1070 1125/81/1062
f 1127/585/1064 1135/1249/1072 1134/1248/1071 1126/202/1063
f 1128/1246/1065 1136/211/1073 1135/1249/1072 1127/585/1064
f 1129/500/1066 1137/1250/1074 1136/211/1073 1128/1246/1065
f 1130/205/1067 1138/1251/1075 1137/1250/1074 1129/500/1066
f 1131/413/1068 1139/504/1076 1138/1251/1075 1130/205/1067
f 1132/1245/1069 1140/1247/1077 1139/504/1076 1131/413/1068
f 1133/1096/1070 1141/96/1078 1148/320/1085 1140/1247/1077
f 1134/1248/1071 1142/216/1079 1141/217/1078 1133/416/1070
f 1135/1249/1072 1143/218/1080 1142/216/1079 1134/1248/1071
f 1136/211/1073 1144/219/1081 1143/218/1080 1135/1249/1072
f 1137/1250/1074 1145/1252/1082 1144/219/1081 1136/211/1073
f 1138/1251/1075 1146/103/1083 1145/1252/1082 1137/1250/1074
f 1139/504/1076 1147/104/1084 1146/103/1083 1138/1251/1075
f 1140/1247/1077 1148/320/1085 1147/104/1084 1139/504/1076
f 1141/96/1078 1149/222/1086 1156/1253/1093 1148/320/1085
f 1142/216/1079 1150/224/1087 1149/1254/1086 1141/217/1078
f 1143/218/1080 1151/1255/1088 1150/224/1087 1142/216/1079
f 1144/219/1081 1152/1256/1089 1151/1255/1088 1143/218/1080
f 1145/1252/1082 1153/1257/1090 1152/1256/1089 1144/219/1081
f 1146/103/1083 1154/513/1091 1153/1257/1090 1145/1252/1082
f 1147/104/1084 1155/1258/1092 1154/513/1091 1146/103/1083
f 1148/320/1085 1156/1253/1093 1155/1258/1092 1147/104/1084
f 1149/222/1086 1157/514/1094 1164/1259/1101 1156/1253/1093
f 1150/224/1087 1158/259/1095 1157/1231/1094 1149/1254/1086
f 1151/1255/1088 1159/1260/1096 1158/259/1095 1150/224/1087
f 1152/1256/1089 1160/117/1097 1159/1260/1096 1151/1255/1088
f 1153/1257/1090 1161/1034/1098 1160/117/1097 1152/1256/1089
f 1154/513/1091 1162/1261/1099 1161/1034/1098 1153/1257/1090
f 1155/1258/1092 1163/1262/1100 1162/1261/1099 1154/513/1091
f 1156/1253/1093 1164/1259/1101 1163/1262/1100 1155/1258/1092
f 5456/1263/4809 5444/1264/4797 1165/380/1102 5447/1265/4800 5448/1266/4801 5450/1267/4803 5452/1268/4805 5454/1269/4807
f 1157/514/1094 5445/443/4798 5457/1270/4810 1164/1259/1101
f 1161/1034/1098 5451/1271/4804 5449/1272/4802 1160/117/1097
f 1159/1260/1096 5446/1273/4799 5447/1274/4800 1165/380/1102 1158/259/1095
f 1162/1261/1099 5453/1275/4806 5451/1276/4804 1161/1034/1098
f 1163/1262/1100 5455/1277/4808 5453/1278/4806 1162/1261/1099
f 1164/1259/1101 5457/1279/4810 5455/1277/4808 1163/1262/1100
f 5459/1280/4812 1167/30/1104 1174/27/1111 5472/1281/4825
f 5461/1282/4814 1168/1283/1105 1167/265/1104 5459/1284/4812
f 5463/1285/4816 1169/545/1106 1168/1283/1105 5461/1286/4814
f 5465/1287/4818 1170/1288/1107 1169/545/1106 5463/1289/4816
f 5467/1290/4820 1171/17/1108 1170/1288/1107 5465/1291/4818
f 5468/1292/4821 1172/160/1109 1171/17/1108 5467/1293/4820
f 1166/979/1103 1173/24/1110 1172/160/1109 5468/1294/4821 5470/980/4823
f 5473/1295/4826 5472/1296/4825 1174/27/1111 1173/24/1110 1166/979/1103
f 1248/259/1185 1255/1297/1192 5474/1298/4827 5475/1299/4828 1247/475/1184
f 1167/30/1104 1175/1151/1112 1182/1300/1119 1174/27/1111
f 1168/1283/1105 1176/1301/1113 1175/36/1112 1167/265/1104
f 1169/545/1106 1177/1302/1114 1176/1301/1113 1168/1283/1105
f 1170/1288/1107 1178/1303/1115 1177/1302/1114 1169/545/1106
f 1171/17/1108 1179/1304/1116 1178/1303/1115 1170/1288/1107
f 1172/160/1109 1180/1305/1117 1179/1304/1116 1171/17/1108
f 1173/24/1110 1181/1306/1118 1180/1305/1117 1172/160/1109
f 1174/27/1111 1182/1300/1119 1181/1306/1118 1173/24/1110
f 1175/1151/1112 1183/42/1120 1190/43/1127 1182/1300/1119
f 1176/1301/1113 1184/44/1121 1183/45/1120 1175/36/1112
f 1177/1302/1114 1185/46/1122 1184/44/1121 1176/1301/1113
f 1178/1303/1115 1186/286/1123 1185/46/1122 1177/1302/1114
f 1179/1304/1116 1187/178/1124 1186/286/1123 1178/1303/1115
f 1180/1305/1117 1188/650/1125 1187/178/1124 1179/1304/1116
f 1181/1306/1118 1189/180/1126 1188/650/1125 1180/1305/1117
f 1182/1300/1119 1190/43/1127 1189/180/1126 1181/1306/1118
f 1183/42/1120 1191/289/1128 1198/182/1135 1190/43/1127
f 1184/44/1121 1192/1307/1129 1191/290/1128 1183/45/1120
f 1185/46/1122 1193/55/1130 1192/1307/1129 1184/44/1121
f 1186/286/1123 1194/292/1131 1193/55/1130 1185/46/1122
f 1187/178/1124 1195/1308/1132 1194/292/1131 1186/286/1123
f 1188/650/1125 1196/58/1133 1195/1308/1132 1187/178/1124
f 1189/180/1126 1197/188/1134 1196/58/1133 1188/650/1125
f 1190/43/1127 1198/182/1135 1197/188/1134 1189/180/1126
f 1191/289/1128 1199/1009/1136 1206/61/1143 1198/182/1135
f 1192/1307/1129 1200/1309/1137 1199/297/1136 1191/290/1128
f 1193/55/1130 1201/1310/1138 1200/1309/1137 1192/1307/1129
f 1194/292/1131 1202/1311/1139 1201/1310/1138 1193/55/1130
f 1195/1308/1132 1203/1312/1140 1202/1311/1139 1194/292/1131
f 1196/58/1133 1204/1313/1141 1203/1312/1140 1195/1308/1132
f 1197/188/1134 1205/1314/1142 1204/1313/1141 1196/58/1133
f 1198/182/1135 1206/61/1143 1205/1314/1142 1197/188/1134
f 1199/1009/1136 1207/1166/1144 1214/1315/1151 1206/61/1143
f 1200/1309/1137 1208/304/1145 1207/72/1144 1199/297/1136
f 1201/1310/1138 1209/305/1146 1208/304/1145 1200/1309/1137
f 1202/1311/1139 1210/198/1147 1209/305/1146 1201/1310/1138
f 1203/1312/1140 1211/75/1148 1210/198/1147 1202/1311/1139
f 1204/1313/1141 1212/76/1149 1211/75/1148 1203/1312/1140
f 1205/1314/1142 1213/582/1150 1212/76/1149 1204/1313/1141
f 1206/61/1143 1214/1315/1151 1213/582/1150 1205/1314/1142
f 1207/1166/1144 1215/583/1152 1222/201/1159 1214/1315/1151
f 1208/304/1145 1216/202/1153 1215/81/1152 1207/72/1144
f 1209/305/1146 1217/1316/1154 1216/202/1153 1208/304/1145
f 1210/198/1147 1218/83/1155 1217/1316/1154 1209/305/1146
f 1211/75/1148 1219/84/1156 1218/83/1155 1210/198/1147
f 1212/76/1149 1220/311/1157 1219/84/1156 1211/75/1148
f 1213/582/1150 1221/413/1158 1220/311/1157 1212/76/1149
f 1214/1315/1151 1222/201/1159 1221/413/1158 1213/582/1150
f 1215/583/1152 1223/667/1160 1230/207/1167 1222/201/1159
f 1216/202/1153 1224/1317/1161 1223/209/1160 1215/81/1152
f 1217/1316/1154 1225/417/1162 1224/1317/1161 1216/202/1153
f 1218/83/1155 1226/1318/1163 1225/417/1162 1217/1316/1154
f 1219/84/1156 1227/212/1164 1226/1318/1163 1218/83/1155
f 1220/311/1157 1228/94/1165 1227/212/1164 1219/84/1156
f 1221/413/1158 1229/504/1166 1228/94/1165 1220/311/1157
f 1222/201/1159 1230/207/1167 1229/504/1166 1221/413/1158
f 1223/667/1160 1231/96/1168 1238/320/1175 1230/207/1167
f 1224/1317/1161 1232/1319/1169 1231/217/1168 1223/209/1160
f 1225/417/1162 1233/218/1170 1232/1319/1169 1224/1317/1161
f 1226/1318/1163 1234/219/1171 1233/218/1170 1225/417/1162
f 1227/212/1164 1235/1320/1172 1234/219/1171 1226/1318/1163
f 1228/94/1165 1236/1321/1173 1235/1320/1172 1227/212/1164
f 1229/504/1166 1237/104/1174 1236/1321/1173 1228/94/1165
f 1230/207/1167 1238/320/1175 1237/104/1174 1229/504/1166
f 1231/96/1168 1239/105/1176 1246/1322/1183 1238/320/1175
f 1232/1319/1169 1240/107/1177 1239/510/1176 1231/217/1168
f 1233/218/1170 1241/1323/1178 1240/107/1177 1232/1319/1169
f 1234/219/1171 1242/1324/1179 1241/1323/1178 1233/218/1170
f 1235/1320/1172 1243/1108/1180 1242/1324/1179 1234/219/1171
f 1236/1321/1173 1244/1325/1181 1243/1108/1180 1235/1320/1172
f 1237/104/1174 1245/1326/1182 1244/1325/1181 1236/1321/1173
f 1238/320/1175 1246/1322/1183 1245/1326/1182 1237/104/1174
f 1239/105/1176 1247/431/1184 1254/1327/1191 1246/1322/1183
f 1240/107/1177 1248/259/1185 1247/475/1184 1239/510/1176
f 1241/1323/1178 1249/116/1186 1248/259/1185 1240/107/1177
f 1242/1324/1179 1250/1328/1187 1249/116/1186 1241/1323/1178
f 1243/1108/1180 1251/433/1188 1250/1328/1187 1242/1324/1179
f 1244/1325/1181 1252/684/1189 1251/433/1188 1243/1108/1180
f 1245/1326/1182 1253/1329/1190 1252/684/1189 1244/1325/1181
f 1246/1322/1183 1254/1327/1191 1253/1329/1190 1245/1326/1182
f 5484/1330/4837 5474/1331/4827 1255/1297/1192 1256/522/1193 5477/1332/4830 5478/1333/4831 5480/1334/4833 5482/1335/4835
f 1247/431/1184 5475/1336/4828 5485/1337/4838 1254/1327/1191
f 1249/116/1186 1256/522/1193 1255/1297/1192 1248/259/1185
f 1252/684/1189 5481/1338/4834 5479/1339/4832 1251/433/1188
f 1250/1328/1187 5476/1340/4829 5477/1341/4830 1256/522/1193 1249/116/1186
f 1253/1329/1190 5483/1342/4836 5481/1343/4834 1252/684/1189
f 1254/1327/1191 5485/1344/4838 5483/1345/4836 1253/1329/1190
f 5487/1346/4840 1257/276/1194 1264/1347/1201 5502/1348/4855
f 5489/1349/4842 1258/1350/1195 1257/13/1194 5487/1351/4840
f 5491/1352/4844 1259/1353/1196 1258/1350/1195 5489/1354/4842
f 5493/1355/4846 1260/462/1197 1259/1353/1196 5491/1356/4844
f 5494/1357/4847 1261/1358/1198 1260/462/1197 5493/1359/4846
f 5499/865/4852 5498/1360/4851 1262/1361/1199 1261/1358/1198 5494/1362/4847 5496/554/4849
f 5501/1363/4854 1263/1364/1200 1262/1361/1199 5498/1365/4851
f 5502/1366/4855 1264/1347/1201 1263/1364/1200 5501/1367/4854
f 1338/259/1275 5507/1368/4860 5505/561/4858 1337/262/1274
f 1257/276/1194 1265/168/1202 1272/1369/1209 1264/1347/1201
f 1258/1350/1195 1266/1370/1203 1265/169/1202 1257/13/1194
f 1259/1353/1196 1267/1371/1204 1266/1370/1203 1258/1350/1195
f 1260/462/1197 1268/564/1205 1267/1371/1204 1259/1353/1196
f 1261/1358/1198 1269/172/1206 1268/564/1205 1260/462/1197
f 1262/1361/1199 1270/1372/1207 1269/172/1206 1261/1358/1198
f 1263/1364/1200 1271/386/1208 1270/1372/1207 1262/1361/1199
f 1264/1347/1201 1272/1369/1209 1271/386/1208 1263/1364/1200
f 1265/168/1202 1273/42/1210 1280/43/1217 1272/1369/1209
f 1266/1370/1203 1274/1373/1211 1273/45/1210 1265/169/1202
f 1267/1371/1204 1275/483/1212 1274/1373/1211 1266/1370/1203
f 1268/564/1205 1276/286/1213 1275/483/1212 1267/1371/1204
f 1269/172/1206 1277/484/1214 1276/286/1213 1268/564/1205
f 1270/1372/1207 1278/288/1215 1277/484/1214 1269/172/1206
f 1271/386/1208 1279/50/1216 1278/288/1215 1270/1372/1207
f 1272/1369/1209 1280/43/1217 1279/50/1216 1271/386/1208
f 1273/42/1210 1281/571/1218 1288/651/1225 1280/43/1217
f 1274/1373/1211 1282/183/1219 1281/290/1218 1273/45/1210
f 1275/483/1212 1283/1374/1220 1282/183/1219 1274/1373/1211
f 1276/286/1213 1284/292/1221 1283/1374/1220 1275/483/1212
f 1277/484/1214 1285/1308/1222 1284/292/1221 1276/286/1213
f 1278/288/1215 1286/58/1223 1285/1308/1222 1277/484/1214
f 1279/50/1216 1287/188/1224 1286/58/1223 1278/288/1215
f 1280/43/1217 1288/651/1225 1287/188/1224 1279/50/1216
f 1281/571/1218 1289/1375/1226 1296/1376/1233 1288/651/1225
f 1282/183/1219 1290/656/1227 1289/740/1226 1281/290/1218
f 1283/1374/1220 1291/1377/1228 1290/656/1227 1282/183/1219
f 1284/292/1221 1292/1378/1229 1291/1377/1228 1283/1374/1220
f 1285/1308/1222 1293/1379/1230 1292/1378/1229 1284/292/1221
f 1286/58/1223 1294/67/1231 1293/1379/1230 1285/1308/1222
f 1287/188/1224 1295/302/1232 1294/67/1231 1286/58/1223
f 1288/651/1225 1296/1376/1233 1295/302/1232 1287/188/1224
f 1289/1375/1226 1297/69/1234 1304/303/1241 1296/1376/1233
f 1290/656/1227 1298/1380/1235 1297/72/1234 1289/740/1226
f 1291/1377/1228 1299/305/1236 1298/1380/1235 1290/656/1227
f 1292/1378/1229 1300/198/1237 1299/305/1236 1291/1377/1228
f 1293/1379/1230 1301/75/1238 1300/198/1237 1292/1378/1229
f 1294/67/1231 1302/76/1239 1301/75/1238 1293/1379/1230
f 1295/302/1232 1303/1381/1240 1302/76/1239 1294/67/1231
f 1296/1376/1233 1304/303/1241 1303/1381/1240 1295/302/1232
f 1297/69/1234 1305/1382/1242 1312/1383/1249 1304/303/1241
f 1298/1380/1235 1306/202/1243 1305/748/1242 1297/72/1234
f 1299/305/1236 1307/1384/1244 1306/202/1243 1298/1380/1235
f 1300/198/1237 1308/1385/1245 1307/1384/1244 1299/305/1236
f 1301/75/1238 1309/84/1246 1308/1385/1245 1300/198/1237
f 1302/76/1239 1310/205/1247 1309/84/1246 1301/75/1238
f 1303/1381/1240 1311/1386/1248 1310/205/1247 1302/76/1239
f 1304/303/1241 1312/1383/1249 1311/1386/1248 1303/1381/1240
f 1305/1382/1242 1313/87/1250 1320/1387/1257 1312/1383/1249
f 1306/202/1243 1314/1388/1251 1313/209/1250 1305/748/1242
f 1307/1384/1244 1315/315/1252 1314/1388/1251 1306/202/1243
f 1308/1385/1245 1316/1389/1253 1315/315/1252 1307/1384/1244
f 1309/84/1246 1317/1390/1254 1316/1389/1253 1308/1385/1245
f 1310/205/1247 1318/1391/1255 1317/1390/1254 1309/84/1246
f 1311/1386/1248 1319/318/1256 1318/1391/1255 1310/205/1247
f 1312/1383/1249 1320/1387/1257 1319/318/1256 1311/1386/1248
f 1313/87/1250 1321/1392/1258 1328/320/1265 1320/1387/1257
f 1314/1388/1251 1322/216/1259 1321/217/1258 1313/209/1250
f 1315/315/1252 1323/218/1260 1322/216/1259 1314/1388/1251
f 1316/1389/1253 1324/1393/1261 1323/218/1260 1315/315/1252
f 1317/1390/1254 1325/220/1262 1324/1393/1261 1316/1389/1253
f 1318/1391/1255 1326/103/1263 1325/220/1262 1317/1390/1254
f 1319/318/1256 1327/1394/1264 1326/103/1263 1318/1391/1255
f 1320/1387/1257 1328/320/1265 1327/1394/1264 1319/318/1256
f 1321/1392/1258 1329/1395/1266 1336/1396/1273 1328/320/1265
f 1322/216/1259 1330/1397/1267 1329/1106/1266 1321/217/1258
f 1323/218/1260 1331/109/1268 1330/1397/1267 1322/216/1259
f 1324/1393/1261 1332/1398/1269 1331/109/1268 1323/218/1260
f 1325/220/1262 1333/428/1270 1332/1398/1269 1324/1393/1261
f 1326/103/1263 1334/331/1271 1333/428/1270 1325/220/1262
f 1327/1394/1264 1335/1399/1272 1334/331/1271 1326/103/1263
f 1328/320/1265 1336/1396/1273 1335/1399/1272 1327/1394/1264
f 1329/1395/1266 1337/431/1274 1344/1400/1281 1336/1396/1273
f 1330/1397/1267 1338/259/1275 1337/262/1274 1329/1106/1266
f 1331/109/1268 1339/1401/1276 1338/259/1275 1330/1397/1267
f 1332/1398/1269 1340/117/1277 1339/1401/1276 1331/109/1268
f 1333/428/1270 1341/1402/1278 1340/117/1277 1332/1398/1269
f 1334/331/1271 1342/119/1279 1341/1402/1278 1333/428/1270
f 1335/1399/1272 1343/236/1280 1342/119/1279 1334/331/1271
f 1336/1396/1273 1344/1400/1281 1343/236/1280 1335/1399/1272
f 5518/1403/4871 5504/1404/4857 5506/1405/4859 5508/1406/4861 5510/1407/4863 5512/1408/4865 5514/1409/4867 5516/1410/4869
f 1337/431/1274 5505/1411/4858 5519/1412/4872 1344/1400/1281
f 1340/117/1277 5511/1413/4864 5509/1414/4862 1339/1401/1276
f 1341/1402/1278 5513/1415/4866 5511/619/4864 1340/117/1277
f 1342/119/1279 5515/620/4868 5513/1416/4866 1341/1402/1278
f 1343/236/1280 5517/622/4870 5515/620/4868 1342/119/1279
f 1344/1400/1281 5519/1417/4872 5517/622/4870 1343/236/1280
f 5522/1418/4875 5521/1419/4874 1354/1420/1291 1353/1421/1290 1348/628/1285
f 1345/1422/1282 1350/1209/1287 1357/1423/1294 1349/1424/1286
f 1346/1425/1283 1351/145/1288 1350/13/1287 1345/1/1282
f 1347/258/1284 1352/15/1289 1351/145/1288 1346/1425/1283
f 1348/628/1285 1353/1421/1290 1352/15/1289 1347/258/1284
f 5524/1426/4877 1355/21/1292 1354/1420/1291 5521/1427/4874
f 5525/1428/4878 1356/24/1293 1355/21/1292 5524/1429/4877
f 1349/1424/1286 1357/1423/1294 1356/24/1293 5525/1430/4878 5527/833/4880
f 1431/1431/1368 5531/1432/4884 5529/1433/4882 1430/167/1367
f 1350/1209/1287 1358/1434/1295 1365/1435/1302 1357/1423/1294
f 1351/145/1288 1359/1436/1296 1358/169/1295 1350/13/1287
f 1352/15/1289 1360/1437/1297 1359/1436/1296 1351/145/1288
f 1353/1421/1290 1361/1438/1298 1360/1437/1297 1352/15/1289
f 1354/1420/1291 1362/1439/1299 1361/1438/1298 1353/1421/1290
f 1355/21/1292 1363/1440/1300 1362/1439/1299 1354/1420/1291
f 1356/24/1293 1364/1157/1301 1363/1440/1300 1355/21/1292
f 1357/1423/1294 1365/1435/1302 1364/1157/1301 1356/24/1293
f 1358/1434/1295 1366/1441/1303 1373/1442/1310 1365/1435/1302
f 1359/1436/1296 1367/44/1304 1366/45/1303 1358/169/1295
f 1360/1437/1297 1368/46/1305 1367/44/1304 1359/1436/1296
f 1361/1438/1298 1369/286/1306 1368/46/1305 1360/1437/1297
f 1362/1439/1299 1370/1443/1307 1369/286/1306 1361/1438/1298
f 1363/1440/1300 1371/288/1308 1370/1443/1307 1362/1439/1299
f 1364/1157/1301 1372/50/1309 1371/288/1308 1363/1440/1300
f 1365/1435/1302 1373/1442/1310 1372/50/1309 1364/1157/1301
f 1366/1441/1303 1374/1006/1311 1381/1444/1318 1373/1442/1310
f 1367/44/1304 1375/183/1312 1374/290/1311 1366/45/1303
f 1368/46/1305 1376/1445/1313 1375/183/1312 1367/44/1304
f 1369/286/1306 1377/1446/1314 1376/1445/1313 1368/46/1305
f 1370/1443/1307 1378/187/1315 1377/1446/1314 1369/286/1306
f 1371/288/1308 1379/58/1316 1378/187/1315 1370/1443/1307
f 1372/50/1309 1380/1447/1317 1379/58/1316 1371/288/1308
f 1373/1442/1310 1381/1444/1318 1380/1447/1317 1372/50/1309
f 1374/1006/1311 1382/189/1319 1389/61/1326 1381/1444/1318
f 1375/183/1312 1383/576/1320 1382/297/1319 1374/290/1311
f 1376/1445/1313 1384/64/1321 1383/576/1320 1375/183/1312
f 1377/1446/1314 1385/1448/1322 1384/64/1321 1376/1445/1313
f 1378/187/1315 1386/66/1323 1385/1448/1322 1377/1446/1314
f 1379/58/1316 1387/67/1324 1386/66/1323 1378/187/1315
f 1380/1447/1317 1388/302/1325 1387/67/1324 1379/58/1316
f 1381/1444/1318 1389/61/1326 1388/302/1325 1380/1447/1317
f 1382/189/1319 1390/658/1327 1397/1449/1334 1389/61/1326
f 1383/576/1320 1391/1168/1328 1390/72/1327 1382/297/1319
f 1384/64/1321 1392/1450/1329 1391/1168/1328 1383/576/1320
f 1385/1448/1322 1393/1451/1330 1392/1450/1329 1384/64/1321
f 1386/66/1323 1394/75/1331 1393/1451/1330 1385/1448/1322
f 1387/67/1324 1395/498/1332 1394/75/1331 1386/66/1323
f 1388/302/1325 1396/499/1333 1395/498/1332 1387/67/1324
f 1389/61/1326 1397/1449/1334 1396/499/1333 1388/302/1325
f 1390/658/1327 1398/583/1335 1405/1452/1342 1397/1449/1334
f 1391/1168/1328 1399/202/1336 1398/81/1335 1390/72/1327
f 1392/1450/1329 1400/1316/1337 1399/202/1336 1391/1168/1328
f 1393/1451/1330 1401/1385/1338 1400/1316/1337 1392/1450/1329
f 1394/75/1331 1402/749/1339 1401/1385/1338 1393/1451/1330
f 1395/498/1332 1403/1453/1340 1402/749/1339 1394/75/1331
f 1396/499/1333 1404/1454/1341 1403/1453/1340 1395/498/1332
f 1397/1449/1334 1405/1452/1342 1404/1454/1341 1396/499/1333
f 1398/583/1335 1406/1096/1343 1413/1455/1350 1405/1452/1342
f 1399/202/1336 1407/589/1344 1406/209/1343 1398/81/1335
f 1400/1316/1337 1408/1456/1345 1407/589/1344 1399/202/1336
f 1401/1385/1338 1409/1457/1346 1408/1456/1345 1400/1316/1337
f 1402/749/1339 1410/1458/1347 1409/1457/1346 1401/1385/1338
f 1403/1453/1340 1411/1459/1348 1410/1458/1347 1402/749/1339
f 1404/1454/1341 1412/318/1349 1411/1459/1348 1403/1453/1340
f 1405/1452/1342 1413/1455/1350 1412/318/1349 1404/1454/1341
f 1406/1096/1343 1414/96/1351 1421/1460/1358 1413/1455/1350
f 1407/589/1344 1415/216/1352 1414/217/1351 1406/209/1343
f 1408/1456/1345 1416/1461/1353 1415/216/1352 1407/589/1344
f 1409/1457/1346 1417/219/1354 1416/1461/1353 1408/1456/1345
f 1410/1458/1347 1418/1104/1355 1417/219/1354 1409/1457/1346
f 1411/1459/1348 1419/1462/1356 1418/1104/1355 1410/1458/1347
f 1412/318/1349 1420/104/1357 1419/1462/1356 1411/1459/1348
f 1413/1455/1350 1421/1460/1358 1420/104/1357 1412/318/1349
f 1414/96/1351 1422/222/1359 1429/106/1366 1421/1460/1358
f 1415/216/1352 1423/107/1360 1422/1254/1359 1414/217/1351
f 1416/1461/1353 1424/1463/1361 1423/107/1360 1415/216/1352
f 1417/219/1354 1425/511/1362 1424/1463/1361 1416/1461/1353
f 1418/1104/1355 1426/1464/1363 1425/511/1362 1417/219/1354
f 1419/1462/1356 1427/1465/1364 1426/1464/1363 1418/1104/1355
f 1420/104/1357 1428/1466/1365 1427/1465/1364 1419/1462/1356
f 1421/1460/1358 1429/106/1366 1428/1466/1365 1420/104/1357
f 1422/222/1359 1430/114/1367 1437/681/1374 1429/106/1366
f 1423/107/1360 1431/1431/1368 1430/167/1367 1422/1254/1359
f 1424/1463/1361 1432/1467/1369 1431/1431/1368 1423/107/1360
f 1425/511/1362 1433/1468/1370 1432/1467/1369 1424/1463/1361
f 1426/1464/1363 1434/605/1371 1433/1468/1370 1425/511/1362
f 1427/1465/1364 1435/235/1372 1434/605/1371 1426/1464/1363
f 1428/1466/1365 1436/1469/1373 1435/235/1372 1427/1465/1364
f 1429/106/1366 1437/681/1374 1436/1469/1373 1428/1466/1365
f 5542/1470/4895 5528/1471/4881 5530/1472/4883 5532/1473/4885 5534/1474/4887 5536/1475/4889 5539/1476/4892 5540/1477/4893
f 1430/114/1367 5529/1478/4882 5543/1479/4896 1437/681/1374
f 1433/1468/1370 5535/1480/4888 5533/1481/4886 1432/1467/1369
f 1434/605/1371 5537/1482/4890 5535/1480/4888 1433/1468/1370
f 1435/235/1372 5538/1483/4891 5539/1476/4892 5536/1484/4889 5537/1485/4890 1434/605/1371
f 1436/1469/1373 5541/1486/4894 5538/1487/4891 1435/235/1372
f 1437/681/1374 5543/1488/4896 5541/1489/4894 1436/1469/1373
f 5546/1490/4899 5545/1491/4898 1440/1492/1377 1447/1493/1384 1439/1494/1376
f 5548/1495/4901 1441/1496/1378 1440/713/1377 5545/1497/4898
f 5550/1498/4903 1442/1499/1379 1441/1496/1378 5548/1500/4901
f 5552/1501/4905 1443/719/1380 1442/1499/1379 5550/1502/4903
f 5554/1503/4907 1444/722/1381 1443/719/1380 5552/1504/4905
f 5555/1505/4908 1445/1506/1382 1444/722/1381 5554/1507/4907
f 1438/1508/1375 1446/1509/1383 1445/1506/1382 5555/1510/4908 5557/1511/4910
f 1505/259/1442 5561/731/4914 5559/1512/4912 1504/10/1441
f 1439/1494/1376 1447/1493/1384 1446/1509/1383 1438/1508/1375
f 1440/1492/1377 1448/1513/1385 1455/182/1392 1447/1493/1384
f 1441/1496/1378 1449/1514/1386 1448/184/1385 1440/713/1377
f 1442/1499/1379 1450/1515/1387 1449/1514/1386 1441/1496/1378
f 1443/719/1380 1451/1516/1388 1450/1515/1387 1442/1499/1379
f 1444/722/1381 1452/654/1389 1451/1516/1388 1443/719/1380
f 1445/1506/1382 1453/1517/1390 1452/654/1389 1444/722/1381
f 1446/1509/1383 1454/1518/1391 1453/1517/1390 1445/1506/1382
f 1447/1493/1384 1455/182/1392 1454/1518/1391 1446/1509/1383
f 1448/1513/1385 1456/1009/1393 1463/1519/1400 1455/182/1392
f 1449/1514/1386 1457/191/1394 1456/399/1393 1448/184/1385
f 1450/1515/1387 1458/64/1395 1457/191/1394 1449/1514/1386
f 1451/1516/1388 1459/299/1396 1458/64/1395 1450/1515/1387
f 1452/654/1389 1460/66/1397 1459/299/1396 1451/1516/1388
f 1453/1517/1390 1461/67/1398 1460/66/1397 1452/654/1389
f 1454/1518/1391 1462/402/1399 1461/67/1398 1453/1517/1390
f 1455/182/1392 1463/1519/1400 1462/402/1399 1454/1518/1391
f 1456/1009/1393 1464/69/1401 1471/1520/1408 1463/1519/1400
f 1457/191/1394 1465/304/1402 1464/1243/1401 1456/399/1393
f 1458/64/1395 1466/305/1403 1465/304/1402 1457/191/1394
f 1459/299/1396 1467/198/1404 1466/305/1403 1458/64/1395
f 1460/66/1397 1468/75/1405 1467/198/1404 1459/299/1396
f 1461/67/1398 1469/1521/1406 1468/75/1405 1460/66/1397
f 1462/402/1399 1470/499/1407 1469/1521/1406 1461/67/1398
f 1463/1519/1400 1471/1520/1408 1470/499/1407 1462/402/1399
f 1464/69/1401 1472/583/1409 1479/1522/1416 1471/1520/1408
f 1465/304/1402 1473/202/1410 1472/748/1409 1464/1243/1401
f 1466/305/1403 1474/203/1411 1473/202/1410 1465/304/1402
f 1467/198/1404 1475/83/1412 1474/203/1411 1466/305/1403
f 1468/75/1405 1476/84/1413 1475/83/1412 1467/198/1404
f 1469/1521/1406 1477/1523/1414 1476/84/1413 1468/75/1405
f 1470/499/1407 1478/1524/1415 1477/1523/1414 1469/1521/1406
f 1471/1520/1408 1479/1522/1416 1478/1524/1415 1470/499/1407
f 1472/583/1409 1480/751/1417 1487/1525/1424 1479/1522/1416
f 1473/202/1410 1481/589/1418 1480/209/1417 1472/748/1409
f 1474/203/1411 1482/1526/1419 1481/589/1418 1473/202/1410
f 1475/83/1412 1483/1527/1420 1482/1526/1419 1474/203/1411
f 1476/84/1413 1484/1250/1421 1483/1527/1420 1475/83/1412
f 1477/1523/1414 1485/94/1422 1484/1250/1421 1476/84/1413
f 1478/1524/1415 1486/504/1423 1485/94/1422 1477/1523/1414
f 1479/1522/1416 1487/1525/1424 1486/504/1423 1478/1524/1415
f 1480/751/1417 1488/96/1425 1495/1528/1432 1487/1525/1424
f 1481/589/1418 1489/1529/1426 1488/1530/1425 1480/209/1417
f 1482/1526/1419 1490/1531/1427 1489/1529/1426 1481/589/1418
f 1483/1527/1420 1491/219/1428 1490/1531/1427 1482/1526/1419
f 1484/1250/1421 1492/102/1429 1491/219/1428 1483/1527/1420
f 1485/94/1422 1493/1532/1430 1492/102/1429 1484/1250/1421
f 1486/504/1423 1494/104/1431 1493/1532/1430 1485/94/1422
f 1487/1525/1424 1495/1528/1432 1494/104/1431 1486/504/1423
f 1488/96/1425 1496/105/1433 1503/1533/1440 1495/1528/1432
f 1489/1529/1426 1497/107/1434 1496/108/1433 1488/1530/1425
f 1490/1531/1427 1498/109/1435 1497/107/1434 1489/1529/1426
f 1491/219/1428 1499/1534/1436 1498/109/1435 1490/1531/1427
f 1492/102/1429 1500/1535/1437 1499/1534/1436 1491/219/1428
f 1493/1532/1430 1501/1536/1438 1500/1535/1437 1492/102/1429
f 1494/104/1431 1502/1537/1439 1501/1536/1438 1493/1532/1430
f 1495/1528/1432 1503/1533/1440 1502/1537/1439 1494/104/1431
f 1496/105/1433 1504/431/1441 1511/1538/1448 1503/1533/1440
f 1497/107/1434 1505/259/1442 1504/10/1441 1496/108/1433
f 1498/109/1435 1506/232/1443 1505/259/1442 1497/107/1434
f 1499/1534/1436 1507/1539/1444 1506/232/1443 1498/109/1435
f 1500/1535/1437 1508/1540/1445 1507/1539/1444 1499/1534/1436
f 1501/1536/1438 1509/1541/1446 1508/1540/1445 1500/1535/1437
f 1502/1537/1439 1510/1542/1447 1509/1541/1446 1501/1536/1438
f 1503/1533/1440 1511/1538/1448 1510/1542/1447 1502/1537/1439
f 5572/1543/4925 5558/1544/4911 5560/1545/4913 5562/1546/4915 5564/1547/4917 5566/1548/4919 5568/1549/4921 5570/1550/4923
f 1504/431/1441 5559/1551/4912 5573/1552/4926 1511/1538/1448
f 1507/1539/1444 5565/1553/4918 5563/1554/4916 1506/232/1443
f 1508/1540/1445 5567/1555/4920 5565/1556/4918 1507/1539/1444
f 1509/1541/1446 5569/1557/4922 5567/1558/4920 1508/1540/1445
f 1510/1542/1447 5571/1559/4924 5569/1560/4922 1509/1541/1446
f 1511/1538/1448 5573/1561/4926 5571/1562/4924 1510/1542/1447
f 5574/1/4927 5655/1/5008 5798/1/5145 5719/1/5072
f 5278/1563/4631 5356/1564/4709 5353/1565/4706 5345/1566/4698
f 5343/1567/4696 805/986/742 804/263/741 5281/1568/4634
f 5348/1569/4701 5347/1570/4700 809/989/746 808/15/745 805/986/742
f 5345/1571/4698 5353/1572/4706 5351/1573/4704 5276/1574/4629
f 5274/1575/4627 5346/1576/4699 5348/1577/4701 805/986/742 5343/1578/4696
f 5278/1579/4631 5296/1580/4649 803/29/740 5357/1581/4710 5356/1564/4709
f 5276/1582/4629 5351/1573/4704 5349/803/4702 5341/1583/4694
f 5281/1584/4634 804/263/741 803/1/740 5296/1/4649
f 5324/1585/4677 5556/1586/4909 5553/1587/4906 5257/1588/4610
f 5258/1589/4611 5329/1590/4682 1345/1422/1282 1349/1424/1286
f 5323/1591/4676 5253/1592/4606 5544/1593/4897 5546/1594/4899 1439/1494/1376
f 5250/1595/4603 1438/1508/1375 5557/730/4910 5556/1586/4909 5324/1596/4677
f 5326/1597/4679 5547/1598/4900 5544/1/4897 5253/1/4606
f 5255/1599/4608 5549/1600/4902 5547/1601/4900 5326/1602/4679
f 5290/1603/4643 5551/1604/4904 5549/1600/4902 5255/1605/4608
f 5257/1606/4610 5553/1587/4906 5551/1604/4904 5290/1607/4643
f 5333/1608/4686 1347/258/1284 1346/1425/1283 5260/1609/4613
f 5258/1610/4611 1349/1424/1286 5527/1611/4880 5526/1612/4879 5331/1613/4684
f 5292/1614/4645 5520/1615/4873 5522/1418/4875 1348/628/1285 5262/1616/4615
f 5260/1617/4613 1346/1425/1283 1345/1/1282 5329/1/4682
f 5265/1618/4618 5523/1619/4876 5520/1620/4873 5292/1621/4645
f 5262/1622/4615 1348/628/1285 1347/258/1284 5333/1623/4686
f 5331/1624/4684 5526/1625/4879 5523/1626/4876 5265/1627/4618
f 5335/1628/4688 5438/1629/4791 5436/1630/4789 5266/1631/4619
f 5226/1632/4579 5492/1633/4845 5490/1634/4843 5306/1635/4659
f 5230/1636/4583 5284/1637/4637 5486/861/4839 5503/1638/4856
f 5228/1639/4581 5497/1640/4850 5499/1641/4852 5496/554/4849 5495/1642/4848 5305/1643/4658
f 5233/1644/4586 5488/1645/4841 5486/1/4839 5284/1/4637
f 5230/1646/4583 5503/1638/4856 5500/1647/4853 5309/1648/4662
f 5306/1649/4659 5490/1650/4843 5488/1651/4841 5233/1652/4586
f 5311/1653/4664 5378/1654/4731 5376/1655/4729 5234/1656/4587
f 5309/1657/4662 5500/1658/4853 5497/1640/4850 5228/1659/4581
f 5218/1660/4571 5469/981/4822 5466/1661/4819 5300/1662/4653
f 5221/1663/4574 5302/1664/4655 5458/1665/4811 5471/1666/4824
f 5223/1667/4576 5460/1668/4813 5458/1/4811 5302/1/4655
f 5282/1669/4635 5462/1670/4815 5460/1671/4813 5223/1672/4576
f 5225/1673/4578 5464/899/4817 5462/1674/4815 5282/1675/4635
f 5300/1676/4653 5466/1677/4819 5464/1678/4817 5225/1679/4578
f 5305/1680/4658 5495/1681/4848 5492/1682/4845 5226/1683/4579
f 5221/1684/4574 5471/1666/4824 5473/470/4826 1166/979/1103 5299/1685/4652
f 5266/1686/4619 5436/1687/4789 5434/1688/4787 5337/1689/4690
f 5294/1690/4647 5430/1691/4783 5428/1/4781 5270/1/4623
f 5268/1692/4621 5440/1693/4793 5438/1694/4791 5335/1695/4688
f 5273/1696/4626 5432/1697/4785 5430/1698/4783 5294/1699/4647
f 5339/1700/4692 5270/1701/4623 5428/1702/4781 5443/1703/4796
f 5337/1704/4690 5434/1705/4787 5432/1706/4785 5273/1707/4626
f 5341/1708/4694 5349/1709/4702 5346/1576/4699 5274/1710/4627
f 5339/1711/4692 5443/1703/4796 5440/1712/4793 5268/1713/4621
f 5288/1714/4641 5405/1715/4758 5403/1716/4756 5246/1717/4599
f 5244/1718/4597 988/1134/925 987/1137/924 5317/1719/4670
f 5249/1720/4602 5407/1721/4760 5405/1722/4758 5288/1723/4641
f 5246/1724/4599 5403/1725/4756 5400/1726/4753 5321/1727/4674
f 5318/1728/4671 5410/1729/4763 5407/1721/4760 5249/1730/4602
f 5323/1731/4676 1439/1494/1376 1438/1508/1375 5250/1732/4603
f 5321/1733/4674 5400/1726/4753 5402/1734/4755 988/1134/925 5244/1735/4597
f 5318/1736/4671 5242/1737/4595 986/29/923 5411/1738/4764 5410/1729/4763
f 5314/1739/4667 894/153/831 5382/1740/4735 5381/1741/4734 5237/1742/4590
f 5234/1743/4587 5376/1744/4729 5374/1/4727 5312/1/4665
f 5237/1745/4590 5381/1741/4734 5378/1746/4731 5311/1747/4664
f 5317/1748/4670 987/1137/924 986/1/923 5242/1/4595
f 5241/1749/4594 5312/1750/4665 5374/1751/4727 5387/1752/4740
f 5241/1753/4594 5387/1754/4740 5383/1755/4736 5286/1756/4639
f 5286/1757/4639 5383/1755/4736 5385/1758/4738 895/1070/832 5239/1759/4592
f 5239/1760/4592 895/1070/832 894/153/831 5314/1761/4667
f 5656/1/5009 5574/1/4927 5719/1/5072 5801/1/5148
f 5577/1/4930 5658/1/5011 5803/1/5150 5720/1/5073
f 5579/1/4932 5638/1/4991 5783/1/5130 5722/1/5075
f 1521/1/1457 1520/1/1457 5576/1/4929 5654/1/5007 5575/1/4928
f 5662/1/5015 5582/1/4935 5727/1/5080 5807/1/5154
f 5661/1/5014 5584/1/4937 5729/1/5082 5804/1/5151
f 5586/1/4939 5640/1/4993 5785/1/5132 5731/1/5084
f 1522/1/1457 1521/1/1457 5585/1/4938 5660/1/5013 5583/1/4936
f 5668/1/5021 5590/1/4943 5735/1/5088 5813/1/5160
f 5593/1/4946 5670/1/5023 5815/1/5162 5736/1/5089
f 5595/1/4948 5642/1/4995 5787/1/5134 5738/1/5091
f 1524/1/1457 1523/1/1457 5592/1/4945 5666/1/5019 5591/1/4944
f 5674/1/5027 5598/1/4951 5743/1/5096 5819/1/5166
f 5673/1/5026 5600/1/4953 5745/1/5098 5816/1/5163
f 5602/1/4955 5644/1/4997 5789/1/5136 5747/1/5100
f 1525/1/1457 1524/1/1457 5601/1/4954 5672/1/5025 5599/1/4952
f 5680/1/5033 5606/1/4959 5751/1/5104 5825/1/5170
f 5609/1/4962 5682/1/5035 5827/1/5172 5752/1/5105
f 5611/1/4964 5646/1/4999 5791/1/5138 5754/1/5107
f 1527/1/1457 1526/1/1457 5608/1/4961 5678/1/5031 5607/1/4960
f 1519/1/1456 1526/1/1457 5615/1/4968 5686/1/5039 5620/1/4973
f 5685/1/5038 5616/1/4969 5761/1/5114 5828/1/5173
f 5618/1/4971 5648/1/5001 5793/1/5140 5763/1/5116
f 5687/1/5040 5614/1/4967 5759/1/5112 5830/1/5175
f 1517/1/1454 1520/1/1457 5623/1/4976 5692/1/5045 5628/1/4981
f 5691/1/5044 5624/1/4977 5769/1/5120 5834/1/5179
f 5626/1/4979 5650/1/5003 5795/1/5142 5771/1/5104
f 5693/1/5046 5622/1/4975 5767/1/5107 5836/1/5172
f 1514/1/1451 1523/1/1457 5631/1/4984 5698/1/5051 5636/1/4989
f 5697/1/5050 5632/1/4985 5777/1/5124 5840/1/5181
f 5634/1/4987 5652/1/5005 5797/1/5144 5779/1/5126
f 5699/1/5052 5630/1/4983 5775/1/5122 5842/1/5183
f 5716/1/5069 5702/1/5055 5847/1/5188 5861/1/5202
f 5707/1/5060 5709/1/5062 5852/1/5193 5850/1/5191
f 5709/1/5062 5711/1/5064 5854/1/5195 5852/1/5193
f 5711/1/5064 5713/1/5066 5856/1/5197 5854/1/5195
f 5713/1/5066 5715/1/5068 5858/1/5199 5856/1/5197
f 5715/1/5068 5716/1/5069 5861/1/5202 5858/1/5199
f 5718/1/5071 5799/1/5146 5942/1/5276 5863/1/5204
f 1520/1/1457 1521/1/1457 5704/1/5057 5703/1/5056
f 1514/1/1451 1513/1/1450 5596/1/4949 5643/1/4996 5594/1/4947
f 5705/1/5058 5707/1/5060 5850/1/5191 5848/1/5189
f 5701/1/5054 5634/1/4987 5779/1/5126 5844/1/5185
f 1521/1/1457 1522/1/1457 5706/1/5059 5704/1/5057
f 5658/1/5011 5579/1/4932 5722/1/5075 5803/1/5150
f 1522/1/1457 1526/1/1457 5708/1/5061 5706/1/5059
f 5582/1/4935 5661/1/5014 5804/1/5151 5727/1/5080
f 1526/1/1457 1527/1/1457 5710/1/5063 5708/1/5061
f 5655/1/5008 5577/1/4930 5720/1/5073 5798/1/5145
f 1520/1/1457 1525/1/1457 5625/1/4978 5690/1/5043 5623/1/4976
f 1527/1/1457 1523/1/1457 5712/1/5065 5710/1/5063
f 1516/1/1453 1515/1/1452 5588/1/4941 5641/1/4994 5587/1/4940
f 5630/1/4983 5697/1/5050 5840/1/5181 5775/1/5122
f 1523/1/1457 1524/1/1457 5714/1/5067 5712/1/5065
f 5590/1/4943 5667/1/5020 5810/1/5157 5735/1/5088
f 1525/1/1457 1512/1/1449 5627/1/4980 5694/1/5047 5625/1/4978
f 1512/1/1449 1525/1/1457 5599/1/4952 5675/1/5028 5604/1/4957
f 1524/1/1457 1525/1/1457 5717/1/5070 5714/1/5067
f 5640/1/4993 5589/1/4942 5732/1/5085 5785/1/5132
f 5600/1/4953 5677/1/5030 5820/1/5167 5745/1/5098
f 5670/1/5023 5595/1/4948 5738/1/5091 5815/1/5162
f 1524/1/1457 1513/1/1450 5603/1/4956 5676/1/5029 5601/1/4954
f 1516/1/1453 1521/1/1457 5575/1/4928 5657/1/5010 5580/1/4933
f 5598/1/4951 5673/1/5026 5816/1/5163 5743/1/5096
f 1520/1/1457 1517/1/1454 5578/1/4931 5659/1/5012 5576/1/4929
f 5667/1/5020 5593/1/4946 5736/1/5089 5810/1/5157
f 1517/1/1454 1516/1/1453 5580/1/4933 5639/1/4992 5578/1/4931
f 1513/1/1450 1512/1/1449 5604/1/4957 5645/1/4998 5603/1/4956
f 5606/1/4959 5679/1/5032 5822/1/5142 5751/1/5104
f 1523/1/1457 1527/1/1457 5633/1/4986 5696/1/5049 5631/1/4984
f 5644/1/4997 5605/1/4958 5748/1/5101 5789/1/5136
f 5702/1/5055 5705/1/5058 5848/1/5189 5847/1/5188
f 5682/1/5035 5611/1/4964 5754/1/5107 5827/1/5172
f 1527/1/1457 1518/1/1455 5635/1/4988 5700/1/5053 5633/1/4986
f 1518/1/1455 1527/1/1457 5607/1/4960 5681/1/5034 5612/1/4965
f 5614/1/4967 5685/1/5038 5828/1/5173 5759/1/5112
f 1526/1/1457 1519/1/1456 5610/1/4963 5683/1/5036 5608/1/4961
f 5679/1/5032 5609/1/4962 5752/1/5105 5822/1/5142
f 1519/1/1456 1518/1/1455 5612/1/4965 5647/1/5000 5610/1/4963
f 1515/1/1452 1522/1/1457 5583/1/4936 5663/1/5016 5588/1/4941
f 1515/1/1452 1519/1/1456 5620/1/4973 5649/1/5002 5619/1/4972
f 5584/1/4937 5665/1/5018 5808/1/5155 5729/1/5082
f 5616/1/4969 5689/1/5042 5832/1/5177 5761/1/5114
f 1521/1/1457 1516/1/1453 5587/1/4940 5664/1/5017 5585/1/4938
f 5581/1/4934 5656/1/5009 5801/1/5148 5724/1/5077
f 5648/1/5001 5621/1/4974 5764/1/5117 5793/1/5140
f 5589/1/4942 5662/1/5015 5807/1/5154 5732/1/5085
f 1512/1/1449 1517/1/1454 5628/1/4981 5651/1/5004 5627/1/4980
f 5638/1/4991 5581/1/4934 5724/1/5077 5783/1/5130
f 5597/1/4950 5668/1/5021 5813/1/5160 5740/1/5093
f 5624/1/4977 5695/1/5048 5838/1/5170 5769/1/5120
f 5665/1/5018 5586/1/4939 5731/1/5084 5808/1/5155
f 5605/1/4958 5674/1/5027 5819/1/5166 5748/1/5101
f 5650/1/5003 5629/1/4982 5772/1/5105 5795/1/5142
f 5642/1/4995 5597/1/4950 5740/1/5093 5787/1/5134
f 1526/1/1457 1522/1/1457 5617/1/4970 5684/1/5037 5615/1/4968
f 5613/1/4966 5680/1/5033 5825/1/5170 5756/1/5109
f 1518/1/1455 1514/1/1451 5636/1/4989 5653/1/5006 5635/1/4988
f 5677/1/5030 5602/1/4955 5747/1/5100 5820/1/5167
f 5622/1/4975 5691/1/5044 5834/1/5179 5767/1/5107
f 5621/1/4974 5687/1/5040 5830/1/5175 5764/1/5117
f 5632/1/4985 5701/1/5054 5844/1/5185 5777/1/5124
f 5646/1/4999 5613/1/4966 5756/1/5109 5791/1/5138
f 1522/1/1457 1515/1/1452 5619/1/4972 5688/1/5041 5617/1/4970
f 1513/1/1450 1524/1/1457 5591/1/4944 5669/1/5022 5596/1/4949
f 5629/1/4982 5693/1/5046 5836/1/5172 5772/1/5105
f 5652/1/5005 5637/1/4990 5780/1/5127 5797/1/5144
f 5689/1/5042 5618/1/4971 5763/1/5116 5832/1/5177
f 1523/1/1457 1514/1/1451 5594/1/4947 5671/1/5024 5592/1/4945
f 5637/1/4990 5699/1/5052 5842/1/5183 5780/1/5127
f 1525/1/1457 1520/1/1457 5703/1/5056 5717/1/5070
f 5695/1/5048 5626/1/4979 5771/1/5104 5838/1/5170
f 5826/1/5171 5755/1/5108 5898/1/5239 5971/1/5304
f 5835/1/5180 5768/1/5110 5913/1/5241 5978/1/5269
f 5741/1/5094 5812/1/5159 5957/1/5291 5884/1/5225
f 5762/1/5115 5792/1/5139 5937/1/5271 5907/1/5248
f 5843/1/5184 5774/1/5121 5919/1/5253 5986/1/5314
f 5749/1/5102 5818/1/5165 5963/1/5297 5892/1/5233
f 5760/1/5113 5833/1/5178 5976/1/5309 5905/1/5246
f 5846/1/5187 5849/1/5190 5992/1/5320 5991/1/5319
f 5757/1/5110 5824/1/5169 5969/1/5302 5900/1/5241
f 5792/1/5139 5765/1/5118 5908/1/5249 5937/1/5271
f 5841/1/5182 5776/1/5123 5921/1/5255 5984/1/5312
f 5765/1/5118 5831/1/5176 5974/1/5307 5908/1/5249
f 5770/1/5103 5794/1/5141 5939/1/5273 5915/1/5236
f 5782/1/5129 5725/1/5078 5868/1/5209 5927/1/5261
f 5773/1/5106 5837/1/5171 5980/1/5304 5916/1/5237
f 5768/1/5110 5839/1/5169 5982/1/5302 5913/1/5241
f 5809/1/5156 5730/1/5083 5875/1/5216 5952/1/5286
f 5781/1/5128 5843/1/5184 5986/1/5314 5924/1/5258
f 5794/1/5141 5773/1/5106 5916/1/5237 5939/1/5273
f 5786/1/5133 5741/1/5094 5884/1/5225 5931/1/5265
f 5800/1/5147 5718/1/5071 5863/1/5204 5945/1/5279
f 5778/1/5125 5796/1/5143 5941/1/5275 5923/1/5257
f 5821/1/5168 5746/1/5099 5891/1/5232 5964/1/5298
f 5799/1/5146 5721/1/5074 5864/1/5205 5942/1/5276
f 5776/1/5123 5845/1/5186 5988/1/5316 5921/1/5255
f 5790/1/5137 5757/1/5110 5900/1/5241 5935/1/5269
f 5723/1/5076 5782/1/5129 5927/1/5261 5866/1/5207
f 5796/1/5143 5781/1/5128 5924/1/5258 5941/1/5275
f 5833/1/5178 5762/1/5115 5907/1/5248 5976/1/5309
f 5806/1/5153 5726/1/5079 5871/1/5212 5951/1/5285
f 5860/1/5201 5846/1/5187 5991/1/5319 6005/1/5333
f 5839/1/5169 5770/1/5103 5915/1/5236 5982/1/5302
f 5728/1/5081 5809/1/5156 5952/1/5286 5873/1/5214
f 5849/1/5190 5851/1/5192 5994/1/5322 5992/1/5320
f 5845/1/5186 5778/1/5125 5923/1/5257 5988/1/5316
f 5805/1/5152 5728/1/5081 5873/1/5214 5948/1/5282
f 5851/1/5192 5853/1/5194 5996/1/5324 5994/1/5322
f 5721/1/5074 5802/1/5149 5947/1/5281 5864/1/5205
f 5812/1/5159 5734/1/5087 5879/1/5220 5957/1/5291
f 5853/1/5194 5855/1/5196 5998/1/5326 5996/1/5324
f 5726/1/5079 5805/1/5152 5948/1/5282 5871/1/5212
f 5811/1/5158 5737/1/5090 5880/1/5221 5954/1/5288
f 5855/1/5196 5857/1/5198 6000/1/5328 5998/1/5326
f 5802/1/5149 5723/1/5076 5866/1/5207 5947/1/5281
f 5739/1/5092 5786/1/5133 5931/1/5265 5882/1/5223
f 5857/1/5198 5859/1/5200 6002/1/5330 6000/1/5328
f 5730/1/5083 5784/1/5131 5929/1/5263 5875/1/5216
f 5818/1/5165 5742/1/5095 5887/1/5228 5963/1/5297
f 5859/1/5200 5860/1/5201 6005/1/5333 6002/1/5330
f 5734/1/5087 5811/1/5158 5954/1/5288 5879/1/5220
f 5744/1/5097 5821/1/5168 5964/1/5298 5889/1/5230
f 5862/1/5203 5943/1/5277 6902/1/5986 6823/1/5907
f 5784/1/5131 5733/1/5086 5876/1/5217 5929/1/5263
f 5817/1/5164 5744/1/5097 5889/1/5230 5960/1/5294
f 5737/1/5090 5814/1/5161 5959/1/5293 5880/1/5221
f 5824/1/5169 5750/1/5103 5895/1/5236 5969/1/5302
f 5742/1/5095 5817/1/5164 5960/1/5294 5887/1/5228
f 5823/1/5141 5753/1/5106 5896/1/5237 5966/1/5300
f 5814/1/5161 5739/1/5092 5882/1/5223 5959/1/5293
f 5755/1/5108 5790/1/5137 5935/1/5269 5898/1/5239
f 5746/1/5099 5788/1/5135 5933/1/5267 5891/1/5232
f 5831/1/5176 5758/1/5111 5903/1/5244 5974/1/5307
f 5750/1/5103 5823/1/5141 5966/1/5300 5895/1/5236
f 5766/1/5119 5835/1/5180 5978/1/5269 5911/1/5239
f 5788/1/5135 5749/1/5102 5892/1/5233 5933/1/5267
f 5829/1/5174 5760/1/5113 5905/1/5246 5972/1/5305
f 5753/1/5106 5826/1/5171 5971/1/5304 5896/1/5237
f 5837/1/5171 5766/1/5119 5911/1/5239 5980/1/5304
f 5725/1/5078 5800/1/5147 5945/1/5279 5868/1/5209
f 5758/1/5111 5829/1/5174 5972/1/5305 5903/1/5244
f 5774/1/5121 5841/1/5182 5984/1/5312 5919/1/5253
f 5733/1/5086 5806/1/5153 5951/1/5285 5876/1/5217
f 6006/1/5334 6009/1/5190 6024/1/5336 6023/1/5335
f 6001/1/5329 6003/1/5331 6018/1/5199 6016/1/5197
f 5997/1/5325 5999/1/5327 6014/1/5195 6012/1/5193
f 5993/1/5321 5995/1/5323 6010/1/5191 6008/1/5189
f 6003/1/5331 6004/1/5332 6021/1/5202 6018/1/5199
f 5999/1/5327 6001/1/5329 6016/1/5197 6014/1/5195
f 5995/1/5323 5997/1/5325 6012/1/5193 6010/1/5191
f 6004/1/5332 5990/1/5318 6007/1/5188 6021/1/5202
f 6011/1/5192 6013/1/5194 6028/1/5333 6026/1/5337
f 6020/1/5201 6006/1/5334 6023/1/5335 6037/1/5324
f 6022/1/5327 6025/1/5329 6040/1/5341 6039/1/5340
f 6017/1/5198 6019/1/5200 6034/1/5322 6032/1/5320
f 6013/1/5194 6015/1/5196 6030/1/5319 6028/1/5333
f 6009/1/5190 6011/1/5192 6026/1/5337 6024/1/5336
f 6019/1/5200 6020/1/5201 6037/1/5324 6034/1/5322
f 6015/1/5196 6017/1/5198 6032/1/5320 6030/1/5319
f 6035/1/5323 6036/1/5325 6053/1/5354 6050/1/5351
f 6031/1/5318 6033/1/5321 6048/1/5349 6046/1/5347
f 6027/1/5338 6029/1/5332 6044/1/5345 6042/1/5343
f 6036/1/5325 6022/1/5327 6039/1/5340 6053/1/5354
f 6038/1/5339 6041/1/5342 1545/1/1457 6356/1/5647 6362/1/5653 6354/1/5645
f 6033/1/5321 6035/1/5323 6050/1/5351 6048/1/5349
f 6029/1/5332 6031/1/5318 6046/1/5347 6044/1/5345
f 6025/1/5329 6027/1/5338 6042/1/5343 6040/1/5341
f 6369/1/5660 6377/1/5668 6719/1/5890 6711/1/5364
f 6217/1/5508 6211/1/5502 6553/1/5809 6558/1/5814
f 6265/1/5556 6259/1/5550 6600/1/5845 6606/1/5851
f 6315/1/5606 6309/1/5600 6650/1/5868 6657/1/5831
f 6177/1/5468 6185/1/5476 6526/1/5801 6519/1/5796
f 6225/1/5516 6233/1/5524 6575/1/5831 6567/1/5823
f 6273/1/5564 6281/1/5572 6622/1/5862 6614/1/5859
f 1542/1/1457 6276/1/5567 6282/1/5573 6274/1/5565 1530/1/1457 6116/1/5407 6122/1/5413 6114/1/5405
f 6433/1/5724 6441/1/5732 6783/1/5385 6775/1/5804
f 6401/1/5692 6409/1/5700 6750/1/5842 6742/1/5839
f 6321/1/5612 6329/1/5620 6670/1/5880 6662/1/5874
f 6459/1/5750 6453/1/5744 6794/1/5902 6800/1/5831
f 6427/1/5718 6421/1/5712 6763/1/5843 6769/1/5858
f 6395/1/5686 6389/1/5680 6730/1/5865 6736/1/5873
f 1552/1/1457 6118/1/5409 6124/1/5415 6116/1/5407 1530/1/1457 6128/1/5419 6143/1/5434 6134/1/5425
f 6158/1/5449 6145/1/5436 6487/1/5378 6500/1/5371
f 6161/1/5452 6169/1/5460 6510/1/5787 6503/1/5780
f 6322/1/5613 6328/1/5619 6320/1/5611 1542/1/1457 6114/1/5405 6120/1/5411 6112/1/5403 1529/1/1457
f 6274/1/5565 6280/1/5571 6272/1/5563 1539/1/1457 6130/1/5421 6136/1/5427 6128/1/5419 1530/1/1457
f 1539/1/1457 6228/1/5519 6234/1/5525 6226/1/5517 1531/1/1457 6132/1/5423 6138/1/5429 6130/1/5421
f 6149/1/5440 6157/1/5448 6499/1/5778 6490/1/5374
f 6147/1/5438 6155/1/5446 6497/1/5368 6489/1/5375
f 6203/1/5494 6197/1/5488 6538/1/5364 6545/1/5384
f 6209/1/5500 6217/1/5508 6558/1/5814 6551/1/5807
f 6305/1/5596 6313/1/5604 6655/1/5869 6647/1/5865
f 6267/1/5558 6261/1/5552 6602/1/5847 6608/1/5853
f 6257/1/5548 6265/1/5556 6606/1/5851 6598/1/5843
f 6211/1/5502 6219/1/5510 6561/1/5817 6553/1/5809
f 6205/1/5496 6199/1/5490 6541/1/5362 6547/1/5355
f 6163/1/5454 6171/1/5462 6513/1/5790 6505/1/5782
f 6353/1/5644 6361/1/5652 6703/1/5790 6695/1/5798
f 6317/1/5608 6311/1/5602 6652/1/5827 6658/1/5871
f 6277/1/5568 6285/1/5576 6627/1/5853 6619/1/5860
f 6269/1/5560 6263/1/5554 6604/1/5849 6610/1/5855
f 6237/1/5528 6231/1/5522 6573/1/5829 6579/1/5835
f 6213/1/5504 6221/1/5512 6563/1/5819 6554/1/5810
f 6189/1/5480 6183/1/5474 6525/1/5800 6531/1/5803
f 6173/1/5464 6167/1/5458 6509/1/5786 6515/1/5792
f 6052/1/5353 6038/1/5339 6354/1/5645 6360/1/5651 6352/1/5643 1551/1/1457
f 6041/1/5342 6043/1/5344 6384/1/5675 6399/1/5690 6390/1/5681 1545/1/1457
f 6365/1/5656 6359/1/5650 6701/1/5780 6707/1/5887
f 6043/1/5344 6045/1/5346 1547/1/1457 6386/1/5677 6392/1/5683 6384/1/5675
f 6045/1/5346 6047/1/5348 6416/1/5707 6431/1/5722 6422/1/5713 1547/1/1457
f 6047/1/5348 6049/1/5350 1549/1/1457 6418/1/5709 6424/1/5715 6416/1/5707
f 6049/1/5350 6051/1/5352 6448/1/5739 6463/1/5754 6454/1/5745 1549/1/1457
f 6051/1/5352 6052/1/5353 1551/1/1457 6450/1/5741 6456/1/5747 6448/1/5739
f 6129/1/5420 6137/1/5428 6054/1/5355 6063/1/5364
f 6194/1/5485 6200/1/5491 6192/1/5483 1532/1/1457 6160/1/5451 6175/1/5466 6166/1/5457 1534/1/1457
f 6102/1/5393 6108/1/5399 6100/1/5391 1529/1/1457 6112/1/5403 6127/1/5418 6118/1/5409 1552/1/1457
f 6146/1/5437 6152/1/5443 6144/1/5435 1552/1/1457 6134/1/5425 6140/1/5431 6132/1/5423 1531/1/1457
f 1533/1/1457 6324/1/5615 6330/1/5621 6322/1/5613 1529/1/1457 6100/1/5391 6106/1/5397 6098/1/5389
f 6398/1/5689 6385/1/5676 6726/1/5868 6741/1/5831
f 6243/1/5534 6251/1/5542 6592/1/5365 6584/1/5374
f 6309/1/5600 6317/1/5608 6658/1/5871 6650/1/5868
f 1533/1/1457 6176/1/5467 6191/1/5482 6182/1/5473 1532/1/1457 6192/1/5483 6207/1/5498 6198/1/5489
f 6375/1/5666 6383/1/5674 6725/1/5384 6716/1/5358
f 6107/1/5398 6101/1/5392 6090/1/5364 6085/1/5384
f 6457/1/5748 6451/1/5742 6792/1/5867 6798/1/5869
f 6190/1/5481 6177/1/5468 6519/1/5796 6532/1/5792
f 6099/1/5390 6107/1/5398 6085/1/5384 6093/1/5358
f 6449/1/5740 6457/1/5748 6798/1/5869 6791/1/5865
f 6370/1/5661 6376/1/5667 6368/1/5659 1546/1/1457 6308/1/5599 6314/1/5605 6306/1/5597 1534/1/1457
f 6167/1/5458 6174/1/5465 6516/1/5793 6509/1/5786
f 6381/1/5672 6375/1/5666 6716/1/5358 6723/1/5385
f 6249/1/5540 6243/1/5534 6584/1/5374 6591/1/5842
f 6462/1/5753 6449/1/5740 6791/1/5865 6805/1/5873
f 6307/1/5598 6315/1/5606 6657/1/5831 6649/1/5867
f 6373/1/5664 6381/1/5672 6723/1/5385 6715/1/5804
f 6241/1/5532 6249/1/5540 6591/1/5842 6583/1/5839
f 6097/1/5388 6105/1/5396 6086/1/5385 6095/1/5360
f 6439/1/5730 6447/1/5738 6789/1/5381 6781/1/5888
f 1544/1/1457 6372/1/5663 6378/1/5669 6370/1/5661 1534/1/1457 6166/1/5457 6172/1/5463 6164/1/5455
f 6255/1/5546 6241/1/5532 6583/1/5839 6597/1/5370
f 1528/1/1457 6096/1/5387 6111/1/5402 6102/1/5393 1552/1/1457 6144/1/5435 6159/1/5450 6150/1/5441
f 6165/1/5456 6173/1/5464 6515/1/5792 6506/1/5783
f 6379/1/5670 6373/1/5664 6715/1/5804 6721/1/5381
f 6231/1/5522 6238/1/5529 6581/1/5837 6573/1/5829
f 6445/1/5736 6439/1/5730 6781/1/5888 6787/1/5355
f 6313/1/5604 6307/1/5598 6649/1/5867 6655/1/5869
f 6371/1/5662 6379/1/5670 6721/1/5381 6713/1/5888
f 6437/1/5728 6445/1/5736 6787/1/5355 6779/1/5864
f 6338/1/5629 6344/1/5635 6336/1/5627 1541/1/1457 6304/1/5595 6318/1/5609 6310/1/5601 1543/1/1457
f 6171/1/5462 6165/1/5456 6506/1/5783 6513/1/5790
f 6230/1/5521 6236/1/5527 6228/1/5519 1539/1/1457 6294/1/5585 6300/1/5591 6292/1/5583 1535/1/1457
f 6105/1/5396 6099/1/5390 6093/1/5358 6086/1/5385
f 6319/1/5610 6305/1/5596 6647/1/5865 6661/1/5873
f 6468/1/5759 6474/1/5765 6466/1/5757 1544/1/1457 6164/1/5455 6170/1/5461 6162/1/5453 1537/1/1457
f 6229/1/5520 6237/1/5528 6579/1/5835 6571/1/5827
f 6103/1/5394 6110/1/5401 6080/1/5381 6089/1/5362
f 6443/1/5734 6437/1/5728 6779/1/5864 6785/1/5384
f 6295/1/5586 6302/1/5593 6645/1/5384 6637/1/5358
f 6377/1/5668 6371/1/5662 6713/1/5888 6719/1/5890
f 6435/1/5726 6443/1/5734 6785/1/5384 6777/1/5358
f 1545/1/1457 6390/1/5681 6396/1/5687 6388/1/5679 1546/1/1457 6368/1/5659 6382/1/5673 6374/1/5665
f 6235/1/5526 6229/1/5520 6571/1/5827 6577/1/5833
f 6301/1/5592 6295/1/5586 6637/1/5358 6643/1/5385
f 6169/1/5460 6163/1/5454 6505/1/5782 6510/1/5787
f 6383/1/5674 6369/1/5660 6711/1/5364 6725/1/5384
f 6227/1/5518 6235/1/5526 6577/1/5833 6569/1/5825
f 6293/1/5584 6301/1/5592 6643/1/5385 6635/1/5360
f 1532/1/1457 6244/1/5535 6250/1/5541 6242/1/5533 1537/1/1457 6162/1/5453 6168/1/5459 6160/1/5451
f 6359/1/5650 6366/1/5657 6709/1/5802 6701/1/5780
f 6441/1/5732 6435/1/5726 6777/1/5358 6783/1/5385
f 6174/1/5465 6161/1/5452 6503/1/5780 6516/1/5793
f 1549/1/1457 6454/1/5745 6460/1/5751 6452/1/5743 1550/1/1457 6432/1/5723 6446/1/5737 6438/1/5729
f 6299/1/5590 6293/1/5584 6635/1/5360 6641/1/5772
f 6151/1/5442 6158/1/5449 6500/1/5371 6493/1/5775
f 6358/1/5649 6364/1/5655 6356/1/5647 1545/1/1457 6374/1/5665 6380/1/5671 6372/1/5663 1544/1/1457
f 6233/1/5524 6227/1/5518 6569/1/5825 6575/1/5831
f 6447/1/5738 6433/1/5724 6775/1/5804 6789/1/5381
f 6291/1/5582 6299/1/5590 6641/1/5772 6633/1/5362
f 6357/1/5648 6365/1/5656 6707/1/5887 6699/1/5886
f 1536/1/1457 6224/1/5515 6239/1/5530 6230/1/5521 1535/1/1457 6240/1/5531 6254/1/5545 6246/1/5537
f 6423/1/5714 6430/1/5721 6773/1/5901 6765/1/5899
f 6157/1/5448 6151/1/5442 6493/1/5775 6499/1/5778
f 6238/1/5529 6225/1/5516 6567/1/5823 6581/1/5837
f 1536/1/1457 6180/1/5471 6186/1/5477 6178/1/5469 1528/1/1457 6150/1/5441 6156/1/5447 6148/1/5439
f 6363/1/5654 6357/1/5648 6699/1/5886 6705/1/5792
f 6215/1/5506 6222/1/5513 6564/1/5820 6557/1/5813
f 6429/1/5720 6423/1/5714 6765/1/5899 6771/1/5900
f 6297/1/5588 6291/1/5582 6633/1/5362 6639/1/5355
f 6355/1/5646 6363/1/5654 6705/1/5792 6697/1/5783
f 6421/1/5712 6429/1/5720 6771/1/5900 6763/1/5843
f 6289/1/5580 6297/1/5588 6639/1/5355 6631/1/5864
f 6155/1/5446 6149/1/5440 6490/1/5374 6497/1/5368
f 6221/1/5512 6215/1/5506 6557/1/5813 6563/1/5819
f 6302/1/5593 6289/1/5580 6631/1/5864 6645/1/5384
f 6226/1/5517 6232/1/5523 6224/1/5515 1536/1/1457 6148/1/5439 6154/1/5445 6146/1/5437 1531/1/1457
f 1550/1/1457 6470/1/5761 6476/1/5767 6468/1/5759 1537/1/1457 6214/1/5505 6220/1/5511 6212/1/5503
f 6420/1/5711 6426/1/5717 6418/1/5709 1549/1/1457 6438/1/5729 6444/1/5735 6436/1/5727 1548/1/1457
f 6279/1/5570 6286/1/5577 6629/1/5855 6621/1/5861
f 6361/1/5652 6355/1/5646 6697/1/5783 6703/1/5790
f 6419/1/5710 6427/1/5718 6769/1/5858 6761/1/5849
f 1551/1/1457 6352/1/5643 6367/1/5658 6358/1/5649 1544/1/1457 6466/1/5757 6472/1/5763 6464/1/5755
f 6219/1/5510 6213/1/5504 6554/1/5810 6561/1/5817
f 6285/1/5576 6279/1/5570 6621/1/5861 6627/1/5853
f 6153/1/5444 6147/1/5438 6489/1/5375 6494/1/5370
f 6366/1/5657 6353/1/5644 6695/1/5798 6709/1/5802
f 6434/1/5725 6440/1/5731 6432/1/5723 1550/1/1457 6212/1/5503 6218/1/5509 6210/1/5501 1540/1/1457
f 6278/1/5569 6284/1/5575 6276/1/5567 1542/1/1457 6342/1/5633 6348/1/5639 6340/1/5631 1538/1/1457
f 6145/1/5436 6153/1/5444 6494/1/5370 6487/1/5378
f 6343/1/5634 6350/1/5641 6693/1/5365 6685/1/5374
f 6425/1/5716 6419/1/5710 6761/1/5849 6767/1/5855
f 6141/1/5432 6135/1/5426 6057/1/5358 6483/1/5385
f 6417/1/5708 6425/1/5716 6767/1/5855 6759/1/5847
f 6283/1/5574 6277/1/5568 6619/1/5860 6625/1/5851
f 6133/1/5424 6141/1/5432 6483/1/5385 6059/1/5360
f 6178/1/5469 6184/1/5475 6176/1/5467 1533/1/1457 6098/1/5389 6104/1/5395 6096/1/5387 1528/1/1457
f 6126/1/5417 6113/1/5404 6079/1/5380 6064/1/5365
f 6137/1/5428 6131/1/5422 6061/1/5362 6054/1/5355
f 6502/1/5779 6511/1/5788 6504/1/5781 6512/1/5789 6507/1/5784 6514/1/5791 6508/1/5785 6517/1/5794
f 6518/1/5795 6527/1/5794 6520/1/5779 6528/1/5788 6523/1/5781 6530/1/5789 6524/1/5799 6533/1/5791
f 6534/1/5359 6543/1/5773 6536/1/5357 6544/1/5383 6539/1/5363 6546/1/5805 6540/1/5361 6549/1/5382
f 6550/1/5806 6559/1/5815 6552/1/5808 6560/1/5816 6555/1/5811 6562/1/5818 6556/1/5812 6565/1/5821
f 6566/1/5822 6574/1/5830 6568/1/5824 6576/1/5832 6570/1/5826 6578/1/5834 6572/1/5828 6580/1/5836
f 6582/1/5838 6590/1/5841 6585/1/5373 6593/1/5366 6587/1/5379 6595/1/5372 6589/1/5377 6596/1/5369
f 6599/1/5844 6607/1/5852 6601/1/5846 6609/1/5854 6603/1/5848 6611/1/5856 6605/1/5850 6612/1/5857
f 6615/1/5850 6623/1/5857 6616/1/5844 6624/1/5863 6618/1/5846 6626/1/5854 6620/1/5848 6628/1/5856
f 6630/1/5363 6638/1/5805 6632/1/5361 6640/1/5771 6634/1/5359 6642/1/5773 6636/1/5357 6644/1/5383
f 6646/1/5828 6654/1/5836 6648/1/5866 6656/1/5870 6651/1/5824 6659/1/5872 6653/1/5826 6660/1/5834
f 6663/1/5875 6671/1/5881 6665/1/5811 6673/1/5883 6667/1/5878 6675/1/5821 6669/1/5806 6676/1/5884
f 6679/1/5379 6687/1/5372 6681/1/5774 6689/1/5369 6683/1/5376 6690/1/5367 6684/1/5373 6692/1/5777
f 6694/1/5781 6702/1/5789 6696/1/5784 6704/1/5791 6698/1/5785 6706/1/5794 6700/1/5779 6708/1/5788
f 6710/1/5363 6718/1/5356 6712/1/5361 6720/1/5382 6714/1/5889 6722/1/5891 6717/1/5357 6724/1/5383
f 6727/1/5824 6735/1/5832 6729/1/5826 6737/1/5834 6731/1/5892 6739/1/5893 6733/1/5822 6740/1/5870
f 6743/1/5838 6751/1/5841 6745/1/5373 6753/1/5894 6747/1/5379 6755/1/5372 6749/1/5377 6756/1/5896
f 6758/1/5848 6766/1/5856 6760/1/5897 6768/1/5857 6762/1/5844 6770/1/5852 6764/1/5898 6772/1/5854
f 6774/1/5359 6782/1/5891 6776/1/5357 6784/1/5383 6778/1/5363 6786/1/5356 6780/1/5361 6788/1/5382
f 6790/1/5828 6799/1/5836 6793/1/5822 6801/1/5870 6795/1/5824 6803/1/5872 6797/1/5903 6804/1/5834
f 6807/1/5373 6815/1/5366 6809/1/5379 6817/1/5372 6811/1/5377 6819/1/5369 6813/1/5838 6820/1/5905
f 6903/1762/5987 1924/3/1829 7058/980/6142 7057/1763/6141 6822/1764/5906
f 6185/1/5476 6179/1/5470 6521/1/5797 6526/1/5801
f 1546/1/1457 6404/1/5695 6410/1/5701 6402/1/5693 1543/1/1457 6310/1/5601 6316/1/5607 6308/1/5599
f 6101/1/5392 6109/1/5400 6083/1/5355 6090/1/5364
f 6251/1/5542 6245/1/5536 6586/1/5840 6592/1/5365
f 6385/1/5676 6393/1/5684 6734/1/5833 6726/1/5868
f 6451/1/5742 6459/1/5750 6800/1/5831 6792/1/5867
f 6109/1/5400 6103/1/5394 6089/1/5362 6083/1/5355
f 6393/1/5684 6387/1/5678 6728/1/5827 6734/1/5833
f 6311/1/5602 6319/1/5610 6661/1/5873 6652/1/5827
f 6452/1/5743 6458/1/5749 6450/1/5741 1551/1/1457 6464/1/5755 6479/1/5770 6470/1/5761 1550/1/1457
f 6125/1/5416 6119/1/5410 6073/1/5374 6067/1/5368
f 6245/1/5536 6253/1/5544 6594/1/5371 6586/1/5840
f 6179/1/5470 6187/1/5478 6529/1/5802 6521/1/5797
f 6334/1/5625 6321/1/5612 6662/1/5874 6677/1/5885
f 6121/1/5412 6115/1/5406 6077/1/5378 6070/1/5371
f 6253/1/5544 6247/1/5538 6588/1/5378 6594/1/5371
f 6187/1/5478 6181/1/5472 6522/1/5798 6529/1/5802
f 1542/1/1457 6320/1/5611 6335/1/5626 6326/1/5617 1541/1/1457 6336/1/5627 6351/1/5642 6342/1/5633
f 6453/1/5744 6461/1/5752 6802/1/5833 6794/1/5902
f 6387/1/5678 6395/1/5686 6736/1/5873 6728/1/5827
f 6329/1/5620 6323/1/5614 6664/1/5876 6670/1/5880
f 6461/1/5752 6455/1/5746 6796/1/5827 6802/1/5833
f 6247/1/5538 6255/1/5546 6597/1/5370 6588/1/5378
f 6388/1/5679 6394/1/5685 6386/1/5677 1547/1/1457 6406/1/5697 6412/1/5703 6404/1/5695 1546/1/1457
f 6181/1/5472 6189/1/5480 6531/1/5803 6522/1/5798
f 6094/1/5359 6087/1/5386 6092/1/5357 6084/1/5383 6091/1/5363 6082/1/5356 6088/1/5361 6081/1/5382
f 6270/1/5561 6257/1/5548 6598/1/5843 6613/1/5858
f 6182/1/5473 6188/1/5479 6180/1/5471 1536/1/1457 6246/1/5537 6252/1/5543 6244/1/5535 1532/1/1457
f 6455/1/5746 6462/1/5753 6805/1/5873 6796/1/5827
f 6113/1/5404 6121/1/5412 6070/1/5371 6079/1/5380
f 6290/1/5581 6296/1/5587 6288/1/5579 1538/1/1457 6256/1/5547 6271/1/5562 6262/1/5553 1540/1/1457
f 6389/1/5680 6397/1/5688 6738/1/5869 6730/1/5865
f 6323/1/5614 6331/1/5622 6672/1/5882 6664/1/5876
f 6478/1/5769 6465/1/5756 6806/1/5374 6821/1/5842
f 1538/1/1457 6340/1/5631 6346/1/5637 6338/1/5629 1543/1/1457 6258/1/5549 6264/1/5555 6256/1/5547
f 6397/1/5688 6391/1/5682 6732/1/5867 6738/1/5869
f 6183/1/5474 6190/1/5481 6532/1/5792 6525/1/5800
f 6331/1/5622 6325/1/5616 6666/1/5877 6672/1/5882
f 6465/1/5756 6473/1/5764 6814/1/5365 6806/1/5374
f 6115/1/5406 6123/1/5414 6069/1/5370 6077/1/5378
f 6206/1/5497 6193/1/5484 6535/1/5804 6548/1/5381
f 6473/1/5764 6467/1/5758 6808/1/5904 6814/1/5365
f 6123/1/5414 6117/1/5408 6074/1/5375 6069/1/5370
f 6391/1/5682 6398/1/5689 6741/1/5831 6732/1/5867
f 6193/1/5484 6201/1/5492 6542/1/5385 6535/1/5804
f 6325/1/5616 6333/1/5624 6674/1/5820 6666/1/5877
f 6259/1/5550 6267/1/5558 6608/1/5853 6600/1/5845
f 6414/1/5705 6401/1/5692 6742/1/5839 6757/1/5370
f 6201/1/5492 6195/1/5486 6537/1/5358 6542/1/5385
f 6333/1/5624 6327/1/5618 6668/1/5879 6674/1/5820
f 6117/1/5408 6125/1/5416 6067/1/5368 6074/1/5375
f 6402/1/5693 6408/1/5699 6400/1/5691 1548/1/1457 6260/1/5551 6266/1/5557 6258/1/5549 1543/1/1457
f 1547/1/1457 6422/1/5713 6428/1/5719 6420/1/5711 1548/1/1457 6400/1/5691 6415/1/5706 6406/1/5697
f 6467/1/5758 6475/1/5766 6816/1/5371 6808/1/5904
f 6078/1/5379 6071/1/5372 6076/1/5377 6068/1/5369 6075/1/5376 6066/1/5367 6072/1/5373 6065/1/5366
f 6409/1/5700 6403/1/5694 6744/1/5374 6750/1/5842
f 6327/1/5618 6334/1/5625 6677/1/5885 6668/1/5879
f 6475/1/5766 6469/1/5760 6810/1/5378 6816/1/5371
f 6119/1/5410 6126/1/5417 6064/1/5365 6073/1/5374
f 6261/1/5552 6269/1/5560 6610/1/5855 6602/1/5847
f 6195/1/5486 6203/1/5494 6545/1/5384 6537/1/5358
f 6350/1/5641 6337/1/5628 6678/1/5775 6693/1/5365
f 6062/1/5363 6055/1/5356 6060/1/5361 6480/1/5771 6058/1/5359 6482/1/5773 6056/1/5357 6485/1/5383
f 1548/1/1457 6436/1/5727 6442/1/5733 6434/1/5725 1540/1/1457 6262/1/5553 6268/1/5559 6260/1/5551
f 1541/1/1457 6196/1/5487 6202/1/5493 6194/1/5485 1534/1/1457 6306/1/5597 6312/1/5603 6304/1/5595
f 6337/1/5628 6345/1/5636 6686/1/5371 6678/1/5775
f 6469/1/5760 6477/1/5768 6818/1/5370 6810/1/5378
f 6403/1/5694 6411/1/5702 6752/1/5365 6744/1/5374
f 6345/1/5636 6339/1/5630 6680/1/5378 6686/1/5371
f 6477/1/5768 6471/1/5762 6812/1/5375 6818/1/5370
f 6263/1/5554 6270/1/5561 6613/1/5858 6604/1/5849
f 6411/1/5702 6405/1/5696 6746/1/5775 6752/1/5365
f 6197/1/5488 6205/1/5496 6547/1/5355 6538/1/5364
f 6135/1/5426 6142/1/5433 6484/1/5384 6057/1/5358
f 6286/1/5577 6273/1/5564 6614/1/5859 6629/1/5855
f 6326/1/5617 6332/1/5623 6324/1/5615 1533/1/1457 6198/1/5489 6204/1/5495 6196/1/5487 1541/1/1457
f 6471/1/5762 6478/1/5769 6821/1/5842 6812/1/5375
f 6142/1/5433 6129/1/5420 6063/1/5364 6484/1/5384
f 1539/1/1457 6272/1/5563 6287/1/5578 6278/1/5569 1538/1/1457 6288/1/5579 6303/1/5594 6294/1/5585
f 6405/1/5696 6413/1/5704 6754/1/5895 6746/1/5775
f 6339/1/5630 6347/1/5638 6688/1/5370 6680/1/5378
f 6486/1/5774 6495/1/5776 6488/1/5376 6496/1/5367 6491/1/5373 6498/1/5777 6492/1/5379 6501/1/5372
f 6281/1/5572 6275/1/5566 6617/1/5843 6622/1/5862
f 6413/1/5704 6407/1/5698 6748/1/5378 6754/1/5895
f 6199/1/5490 6206/1/5497 6548/1/5381 6541/1/5362
f 6347/1/5638 6341/1/5632 6682/1/5375 6688/1/5370
f 6131/1/5422 6139/1/5430 6481/1/5772 6061/1/5362
f 6222/1/5513 6209/1/5500 6551/1/5807 6564/1/5820
f 6139/1/5430 6133/1/5424 6059/1/5360 6481/1/5772
f 6407/1/5698 6414/1/5705 6757/1/5370 6748/1/5378
f 6242/1/5533 6248/1/5539 6240/1/5531 1535/1/1457 6208/1/5499 6223/1/5514 6214/1/5505 1537/1/1457
f 6341/1/5632 6349/1/5640 6691/1/5368 6682/1/5375
f 6275/1/5566 6283/1/5574 6625/1/5851 6617/1/5843
f 6430/1/5721 6417/1/5708 6759/1/5847 6773/1/5901
f 1535/1/1457 6292/1/5583 6298/1/5589 6290/1/5581 1540/1/1457 6210/1/5501 6216/1/5507 6208/1/5499
f 6349/1/5640 6343/1/5634 6685/1/5374 6691/1/5368
f 6110/1/5401 6097/1/5388 6095/1/5360 6080/1/5381
f 5904/1/5245 5977/1/5310 6936/1/6020 6865/1/5949
f 5990/1/5318 5993/1/5321 6008/1/5189 6007/1/5188
f 5901/1/5242 5968/1/5301 6929/1/6013 6860/1/5944
f 5936/1/5270 5909/1/5250 6868/1/5952 6897/1/5981
f 5985/1/5313 5920/1/5254 6881/1/5965 6944/1/6028
f 5909/1/5250 5975/1/5308 6934/1/6018 6868/1/5952
f 5914/1/5235 5938/1/5272 6899/1/5983 6875/1/5959
f 5926/1/5260 5869/1/5210 6828/1/5912 6887/1/5971
f 5917/1/5238 5981/1/5303 6940/1/6024 6876/1/5960
f 5912/1/5242 5983/1/5311 6942/1/6026 6873/1/5957
f 5953/1/5287 5874/1/5215 6835/1/5919 6912/1/5996
f 5925/1/5259 5987/1/5315 6946/1/6030 6884/1/5968
f 5938/1/5272 5917/1/5238 6876/1/5960 6899/1/5983
f 5930/1/5264 5885/1/5226 6844/1/5928 6891/1/5975
f 5944/1/5278 5862/1/5203 6823/1/5907 6905/1/5989
f 5922/1/5256 5940/1/5274 6901/1/5985 6883/1/5967
f 5965/1/5299 5890/1/5231 6851/1/5935 6924/1/6008
f 5943/1/5277 5865/1/5206 6824/1/5908 6902/1/5986
f 5920/1/5254 5989/1/5317 6948/1/6032 6881/1/5965
f 5934/1/5268 5901/1/5242 6860/1/5944 6895/1/5979
f 5867/1/5208 5926/1/5260 6887/1/5971 6826/1/5910
f 5940/1/5274 5925/1/5259 6884/1/5968 6901/1/5985
f 5977/1/5310 5906/1/5247 6867/1/5951 6936/1/6020
f 5950/1/5284 5870/1/5211 6831/1/5915 6911/1/5995
f 5983/1/5311 5914/1/5235 6875/1/5959 6942/1/6026
f 5872/1/5213 5953/1/5287 6912/1/5996 6833/1/5917
f 5989/1/5317 5922/1/5256 6883/1/5967 6948/1/6032
f 5949/1/5283 5872/1/5213 6833/1/5917 6908/1/5992
f 5865/1/5206 5946/1/5280 6907/1/5991 6824/1/5908
f 5956/1/5290 5878/1/5219 6839/1/5923 6917/1/6001
f 5870/1/5211 5949/1/5283 6908/1/5992 6831/1/5915
f 5955/1/5289 5881/1/5222 6840/1/5924 6914/1/5998
f 5946/1/5280 5867/1/5208 6826/1/5910 6907/1/5991
f 5883/1/5224 5930/1/5264 6891/1/5975 6842/1/5926
f 5874/1/5215 5928/1/5262 6889/1/5973 6835/1/5919
f 5962/1/5296 5886/1/5227 6847/1/5931 6923/1/6007
f 5878/1/5219 5955/1/5289 6914/1/5998 6839/1/5923
f 5888/1/5229 5965/1/5299 6924/1/6008 6849/1/5933
f 5928/1/5262 5877/1/5218 6836/1/5920 6889/1/5973
f 5961/1/5295 5888/1/5229 6849/1/5933 6920/1/6004
f 5881/1/5222 5958/1/5292 6919/1/6003 6840/1/5924
f 5968/1/5301 5894/1/5235 6855/1/5939 6929/1/6013
f 5886/1/5227 5961/1/5295 6920/1/6004 6847/1/5931
f 5967/1/5272 5897/1/5238 6856/1/5940 6926/1/6010
f 5958/1/5292 5883/1/5224 6842/1/5926 6919/1/6003
f 5899/1/5240 5934/1/5268 6895/1/5979 6858/1/5942
f 5890/1/5231 5932/1/5266 6893/1/5977 6851/1/5935
f 5975/1/5308 5902/1/5243 6863/1/5947 6934/1/6018
f 5894/1/5235 5967/1/5272 6926/1/6010 6855/1/5939
f 5910/1/5251 5979/1/5268 6938/1/6022 6871/1/5955
f 5932/1/5266 5893/1/5234 6852/1/5936 6893/1/5977
f 5973/1/5306 5904/1/5245 6865/1/5949 6932/1/6016
f 5897/1/5238 5970/1/5303 6931/1/6015 6856/1/5940
f 5981/1/5303 5910/1/5251 6871/1/5955 6940/1/6024
f 5869/1/5210 5944/1/5278 6905/1/5989 6828/1/5912
f 5902/1/5243 5973/1/5306 6932/1/6016 6863/1/5947
f 5918/1/5252 5985/1/5313 6944/1/6028 6879/1/5963
f 5877/1/5218 5950/1/5284 6911/1/5995 6836/1/5920
f 5970/1/5303 5899/1/5240 6858/1/5942 6931/1/6015
f 5979/1/5268 5912/1/5242 6873/1/5957 6938/1/6022
f 5885/1/5226 5956/1/5290 6917/1/6001 6844/1/5928
f 5906/1/5247 5936/1/5270 6897/1/5981 6867/1/5951
f 5987/1/5315 5918/1/5252 6879/1/5963 6946/1/6030
f 5893/1/5234 5962/1/5296 6923/1/6007 6852/1/5936
f 6963/1765/6047 1654/357/1559 1661/27/1566 6974/1766/6058
f 1554/1767/1459 1557/361/1462 1556/265/1461 1553/1/1458
f 1555/258/1460 1558/1133/1463 1557/361/1462 1554/1767/1459
f 6954/1768/6038 1560/1769/1465 1559/1770/1464 6951/1771/6035
f 6956/1772/6040 1561/21/1466 1560/1769/1465 6954/1773/6038
f 6958/1774/6042 1562/159/1467 1561/21/1466 6956/1775/6040
f 6959/1776/6043 1563/27/1468 1562/159/1467 6958/1777/6042
f 1553/29/1458 1556/30/1461 1563/27/1468 6959/1778/6043 6961/999/6045
f 1556/30/1461 1564/168/1469 1571/1369/1476 1563/27/1468
f 1557/361/1462 1565/1779/1470 1564/169/1469 1556/265/1461
f 1558/1133/1463 1566/170/1471 1565/1779/1470 1557/361/1462
f 1559/1770/1464 1567/564/1472 1566/170/1471 1558/1133/1463
f 1560/1769/1465 1568/172/1473 1567/564/1472 1559/1770/1464
f 1561/21/1466 1569/1780/1474 1568/172/1473 1560/1769/1465
f 1562/159/1467 1570/1781/1475 1569/1780/1474 1561/21/1466
f 1563/27/1468 1571/1369/1476 1570/1781/1475 1562/159/1467
f 1564/168/1469 1572/42/1477 1579/43/1484 1571/1369/1476
f 1565/1779/1470 1573/44/1478 1572/45/1477 1564/169/1469
f 1566/170/1471 1574/649/1479 1573/44/1478 1565/1779/1470
f 1567/564/1472 1575/1782/1480 1574/649/1479 1566/170/1471
f 1568/172/1473 1576/178/1481 1575/1782/1480 1567/564/1472
f 1569/1780/1474 1577/1783/1482 1576/178/1481 1568/172/1473
f 1570/1781/1475 1578/50/1483 1577/1783/1482 1569/1780/1474
f 1571/1369/1476 1579/43/1484 1578/50/1483 1570/1781/1475
f 1572/42/1477 1580/289/1485 1587/1784/1492 1579/43/1484
f 1573/44/1478 1581/487/1486 1580/290/1485 1572/45/1477
f 1574/649/1479 1582/291/1487 1581/487/1486 1573/44/1478
f 1575/1782/1480 1583/489/1488 1582/291/1487 1574/649/1479
f 1576/178/1481 1584/1308/1489 1583/489/1488 1575/1782/1480
f 1577/1783/1482 1585/58/1490 1584/1308/1489 1576/178/1481
f 1578/50/1483 1586/188/1491 1585/58/1490 1577/1783/1482
f 1579/43/1484 1587/1784/1492 1586/188/1491 1578/50/1483
f 1580/289/1485 1588/1009/1493 1595/1785/1500 1587/1784/1492
f 1581/487/1486 1589/1786/1494 1588/492/1493 1580/290/1485
f 1582/291/1487 1590/1239/1495 1589/1786/1494 1581/487/1486
f 1583/489/1488 1591/1787/1496 1590/1239/1495 1582/291/1487
f 1584/1308/1489 1592/1788/1497 1591/1787/1496 1583/489/1488
f 1585/58/1490 1593/301/1498 1592/1788/1497 1584/1308/1489
f 1586/188/1491 1594/1789/1499 1593/301/1498 1585/58/1490
f 1587/1784/1492 1595/1785/1500 1594/1789/1499 1586/188/1491
f 1588/1009/1493 1596/69/1501 1603/303/1508 1595/1785/1500
f 1589/1786/1494 1597/304/1502 1596/72/1501 1588/492/1493
f 1590/1239/1495 1598/305/1503 1597/304/1502 1589/1786/1494
f 1591/1787/1496 1599/1790/1504 1598/305/1503 1590/1239/1495
f 1592/1788/1497 1600/75/1505 1599/1790/1504 1591/1787/1496
f 1593/301/1498 1601/1791/1506 1600/75/1505 1592/1788/1497
f 1594/1789/1499 1602/1792/1507 1601/1791/1506 1593/301/1498
f 1595/1785/1500 1603/303/1508 1602/1792/1507 1594/1789/1499
f 1596/69/1501 1604/583/1509 1611/201/1516 1603/303/1508
f 1597/304/1502 1605/80/1510 1604/81/1509 1596/72/1501
f 1598/305/1503 1606/203/1511 1605/80/1510 1597/304/1502
f 1599/1790/1504 1607/83/1512 1606/203/1511 1598/305/1503
f 1600/75/1505 1608/84/1513 1607/83/1512 1599/1790/1504
f 1601/1791/1506 1609/85/1514 1608/84/1513 1600/75/1505
f 1602/1792/1507 1610/413/1515 1609/85/1514 1601/1791/1506
f 1603/303/1508 1611/201/1516 1610/413/1515 1602/1792/1507
f 1604/583/1509 1612/87/1517 1619/1793/1524 1611/201/1516
f 1605/80/1510 1613/1248/1518 1612/416/1517 1604/81/1509
f 1606/203/1511 1614/1794/1519 1613/1248/1518 1605/80/1510
f 1607/83/1512 1615/211/1520 1614/1794/1519 1606/203/1511
f 1608/84/1513 1616/419/1521 1615/211/1520 1607/83/1512
f 1609/85/1514 1617/420/1522 1616/419/1521 1608/84/1513
f 1610/413/1515 1618/1795/1523 1617/420/1522 1609/85/1514
f 1611/201/1516 1619/1793/1524 1618/1795/1523 1610/413/1515
f 1612/87/1517 1620/96/1525 1627/1796/1532 1619/1793/1524
f 1613/1248/1518 1621/1797/1526 1620/217/1525 1612/416/1517
f 1614/1794/1519 1622/218/1527 1621/1797/1526 1613/1248/1518
f 1615/211/1520 1623/1798/1528 1622/218/1527 1614/1794/1519
f 1616/419/1521 1624/1799/1529 1623/1798/1528 1615/211/1520
f 1617/420/1522 1625/103/1530 1624/1799/1529 1616/419/1521
f 1618/1795/1523 1626/104/1531 1625/103/1530 1617/420/1522
f 1619/1793/1524 1627/1796/1532 1626/104/1531 1618/1795/1523
f 1620/96/1525 1628/222/1533 1635/1396/1540 1627/1796/1532
f 1621/1797/1526 1629/1397/1534 1628/108/1533 1620/217/1525
f 1622/218/1527 1630/1800/1535 1629/1397/1534 1621/1797/1526
f 1623/1798/1528 1631/511/1536 1630/1800/1535 1622/218/1527
f 1624/1799/1529 1632/428/1537 1631/511/1536 1623/1798/1528
f 1625/103/1530 1633/513/1538 1632/428/1537 1624/1799/1529
f 1626/104/1531 1634/1801/1539 1633/513/1538 1625/103/1530
f 1627/1796/1532 1635/1396/1540 1634/1801/1539 1626/104/1531
f 1628/222/1533 1636/514/1541 1643/681/1548 1635/1396/1540
f 1629/1397/1534 1637/7/1542 1636/475/1541 1628/108/1533
f 1630/1800/1535 1638/1802/1543 1637/7/1542 1629/1397/1534
f 1631/511/1536 1639/682/1544 1638/1802/1543 1630/1800/1535
f 1632/428/1537 1640/605/1545 1639/682/1544 1631/511/1536
f 1633/513/1538 1641/235/1546 1640/605/1545 1632/428/1537
f 1634/1801/1539 1642/1803/1547 1641/235/1546 1633/513/1538
f 1635/1396/1540 1643/681/1548 1642/1803/1547 1634/1801/1539
f 1636/514/1541 1644/1804/1549 1651/1805/1556 1643/681/1548
f 1637/7/1542 1645/380/1550 1644/1806/1549 1636/475/1541
f 1638/1802/1543 1646/522/1551 1645/380/1550 1637/7/1542
f 1639/682/1544 1647/1807/1552 1646/522/1551 1638/1802/1543
f 1640/605/1545 1648/1808/1553 1647/1807/1552 1639/682/1544
f 1641/235/1546 1649/1121/1554 1648/1808/1553 1640/605/1545
f 1642/1803/1547 1650/1809/1555 1649/1121/1554 1641/235/1546
f 1643/681/1548 1651/1805/1556 1650/1809/1555 1642/1803/1547
f 6965/1810/6049 1655/1350/1560 1654/265/1559 6963/1811/6047
f 6967/1812/6051 1656/632/1561 1655/1350/1560 6965/1813/6049
f 6968/1814/6052 1657/18/1562 1656/632/1561 6967/1815/6051
f 1652/153/1557 1658/17/1563 1657/18/1562 6968/1816/6052 6970/1066/6054
f 6973/1817/6057 6972/1818/6056 1660/1819/1565 1659/1820/1564 1653/1821/1558
f 1653/1821/1558 1659/1820/1564 1658/17/1563 1652/153/1557
f 6974/1822/6058 1661/27/1566 1660/1819/1565 6972/1823/6056
f 1735/259/1640 6979/1824/6063 6977/1825/6061 1734/167/1639
f 1654/357/1559 1662/383/1567 1669/1826/1574 1661/27/1566
f 1655/1350/1560 1663/563/1568 1662/169/1567 1654/265/1559
f 1656/632/1561 1664/1827/1569 1663/563/1568 1655/1350/1560
f 1657/18/1562 1665/1828/1570 1664/1827/1569 1656/632/1561
f 1658/17/1563 1666/1829/1571 1665/1828/1570 1657/18/1562
f 1659/1820/1564 1667/173/1572 1666/1829/1571 1658/17/1563
f 1660/1819/1565 1668/386/1573 1667/173/1572 1659/1820/1564
f 1661/27/1566 1669/1826/1574 1668/386/1573 1660/1819/1565
f 1662/383/1567 1670/42/1575 1677/1830/1582 1669/1826/1574
f 1663/563/1568 1671/44/1576 1670/45/1575 1662/169/1567
f 1664/1827/1569 1672/1831/1577 1671/44/1576 1663/563/1568
f 1665/1828/1570 1673/177/1578 1672/1831/1577 1664/1827/1569
f 1666/1829/1571 1674/1832/1579 1673/177/1578 1665/1828/1570
f 1667/173/1572 1675/288/1580 1674/1832/1579 1666/1829/1571
f 1668/386/1573 1676/50/1581 1675/288/1580 1667/173/1572
f 1669/1826/1574 1677/1830/1582 1676/50/1581 1668/386/1573
f 1670/42/1575 1678/1513/1583 1685/651/1590 1677/1830/1582
f 1671/44/1576 1679/1514/1584 1678/290/1583 1670/45/1575
f 1672/1831/1577 1680/55/1585 1679/1514/1584 1671/44/1576
f 1673/177/1578 1681/292/1586 1680/55/1585 1672/1831/1577
f 1674/1832/1579 1682/654/1587 1681/292/1586 1673/177/1578
f 1675/288/1580 1683/58/1588 1682/654/1587 1674/1832/1579
f 1676/50/1581 1684/188/1589 1683/58/1588 1675/288/1580
f 1677/1830/1582 1685/651/1590 1684/188/1589 1676/50/1581
f 1678/1513/1583 1686/1833/1591 1693/1834/1598 1685/651/1590
f 1679/1514/1584 1687/1835/1592 1686/1836/1591 1678/290/1583
f 1680/55/1585 1688/1239/1593 1687/1835/1592 1679/1514/1584
f 1681/292/1586 1689/299/1594 1688/1239/1593 1680/55/1585
f 1682/654/1587 1690/1837/1595 1689/299/1594 1681/292/1586
f 1683/58/1588 1691/1838/1596 1690/1837/1595 1682/654/1587
f 1684/188/1589 1692/302/1597 1691/1838/1596 1683/58/1588
f 1685/651/1590 1693/1834/1598 1692/302/1597 1684/188/1589
f 1686/1833/1591 1694/69/1599 1701/303/1606 1693/1834/1598
f 1687/1835/1592 1695/304/1600 1694/72/1599 1686/1836/1591
f 1688/1239/1593 1696/1450/1601 1695/304/1600 1687/1835/1592
f 1689/299/1594 1697/198/1602 1696/1450/1601 1688/1239/1593
f 1690/1837/1595 1698/75/1603 1697/198/1602 1689/299/1594
f 1691/1838/1596 1699/76/1604 1698/75/1603 1690/1837/1595
f 1692/302/1597 1700/499/1605 1699/76/1604 1691/1838/1596
f 1693/1834/1598 1701/303/1606 1700/499/1605 1692/302/1597
f 1694/69/1599 1702/1093/1607 1709/201/1614 1701/303/1606
f 1695/304/1600 1703/1839/1608 1702/1840/1607 1694/72/1599
f 1696/1450/1601 1704/203/1609 1703/1839/1608 1695/304/1600
f 1697/198/1602 1705/83/1610 1704/203/1609 1696/1450/1601
f 1698/75/1603 1706/749/1611 1705/83/1610 1697/198/1602
f 1699/76/1604 1707/205/1612 1706/749/1611 1698/75/1603
f 1700/499/1605 1708/413/1613 1707/205/1612 1699/76/1604
f 1701/303/1606 1709/201/1614 1708/413/1613 1700/499/1605
f 1702/1093/1607 1710/87/1615 1717/502/1622 1709/201/1614
f 1703/1839/1608 1711/1841/1616 1710/416/1615 1702/1840/1607
f 1704/203/1609 1712/315/1617 1711/1841/1616 1703/1839/1608
f 1705/83/1610 1713/1842/1618 1712/315/1617 1704/203/1609
f 1706/749/1611 1714/212/1619 1713/1842/1618 1705/83/1610
f 1707/205/1612 1715/1843/1620 1714/212/1619 1706/749/1611
f 1708/413/1613 1716/1844/1621 1715/1843/1620 1707/205/1612
f 1709/201/1614 1717/502/1622 1716/1844/1621 1708/413/1613
f 1710/87/1615 1718/96/1623 1725/320/1630 1717/502/1622
f 1711/1841/1616 1719/216/1624 1718/1845/1623 1710/416/1615
f 1712/315/1617 1720/218/1625 1719/216/1624 1711/1841/1616
f 1713/1842/1618 1721/1846/1626 1720/218/1625 1712/315/1617
f 1714/212/1619 1722/102/1627 1721/1846/1626 1713/1842/1618
f 1715/1843/1620 1723/103/1628 1722/102/1627 1714/212/1619
f 1716/1844/1621 1724/1847/1629 1723/103/1628 1715/1843/1620
f 1717/502/1622 1725/320/1630 1724/1847/1629 1716/1844/1621
f 1718/96/1623 1726/1848/1631 1733/677/1638 1725/320/1630
f 1719/216/1624 1727/1849/1632 1726/108/1631 1718/1845/1623
f 1720/218/1625 1728/1850/1633 1727/1849/1632 1719/216/1624
f 1721/1846/1626 1729/511/1634 1728/1850/1633 1720/218/1625
f 1722/102/1627 1730/1851/1635 1729/511/1634 1721/1846/1626
f 1723/103/1628 1731/1852/1636 1730/1851/1635 1722/102/1627
f 1724/1847/1629 1732/1853/1637 1731/1852/1636 1723/103/1628
f 1725/320/1630 1733/677/1638 1732/1853/1637 1724/1847/1629
f 1726/1848/1631 1734/1854/1639 1741/115/1646 1733/677/1638
f 1727/1849/1632 1735/259/1640 1734/167/1639 1726/108/1631
f 1728/1850/1633 1736/432/1641 1735/259/1640 1727/1849/1632
f 1729/511/1634 1737/1855/1642 1736/432/1641 1728/1850/1633
f 1730/1851/1635 1738/1856/1643 1737/1855/1642 1729/511/1634
f 1731/1852/1636 1739/119/1644 1738/1856/1643 1730/1851/1635
f 1732/1853/1637 1740/236/1645 1739/119/1644 1731/1852/1636
f 1733/677/1638 1741/115/1646 1740/236/1645 1732/1853/1637
f 6987/1857/6071 6976/1858/6060 6978/1859/6062 6980/1860/6064 6982/1861/6066 6984/1862/6068 1742/1121/1647 1743/1863/1648
f 1734/1854/1639 6977/1864/6061 6986/1865/6070 1741/115/1646
f 1737/1855/1642 6983/1866/6067 6981/248/6065 1736/432/1641
f 1738/1856/1643 6985/1129/6069 6983/1867/6067 1737/1855/1642
f 1739/119/1644 1742/1121/1647 6984/251/6068 6985/1129/6069 1738/1856/1643
f 1741/115/1646 6986/1868/6070 6987/1857/6071 1743/1863/1648 1740/236/1645
f 1740/236/1645 1743/1863/1648 1742/1121/1647 1739/119/1644
f 6990/1869/6074 6989/1870/6073 1750/18/1655 1749/15/1654 1746/258/1651
f 1828/1871/1733 7003/1872/6087 7001/1136/6085 1827/10/1732
f 1745/263/1650 1748/1873/1653 1747/362/1652 1744/1/1649
f 1746/258/1651 1749/15/1654 1748/1873/1653 1745/263/1650
f 6992/1874/6076 1751/1875/1656 1750/18/1655 6989/1876/6073
f 6994/1877/6078 1752/373/1657 1751/1875/1656 6992/1878/6076
f 6996/1879/6080 1753/1880/1658 1752/373/1657 6994/1881/6078
f 6997/1882/6081 1754/27/1659 1753/1880/1658 6996/1883/6080
f 1744/29/1649 1747/276/1652 1754/27/1659 6997/1884/6081 6999/1885/6083
f 1747/276/1652 1755/383/1660 1762/1886/1667 1754/27/1659
f 1748/1873/1653 1756/563/1661 1755/169/1660 1747/362/1652
f 1749/15/1654 1757/1887/1662 1756/563/1661 1748/1873/1653
f 1750/18/1655 1758/564/1663 1757/1887/1662 1749/15/1654
f 1751/1875/1656 1759/172/1664 1758/564/1663 1750/18/1655
f 1752/373/1657 1760/1888/1665 1759/172/1664 1751/1875/1656
f 1753/1880/1658 1761/1889/1666 1760/1888/1665 1752/373/1657
f 1754/27/1659 1762/1886/1667 1761/1889/1666 1753/1880/1658
f 1755/383/1660 1763/42/1668 1770/43/1675 1762/1886/1667
f 1756/563/1661 1764/44/1669 1763/1234/1668 1755/169/1660
f 1757/1887/1662 1765/46/1670 1764/44/1669 1756/563/1661
f 1758/564/1663 1766/286/1671 1765/46/1670 1757/1887/1662
f 1759/172/1664 1767/1832/1672 1766/286/1671 1758/564/1663
f 1760/1888/1665 1768/1890/1673 1767/1832/1672 1759/172/1664
f 1761/1889/1666 1769/50/1674 1768/1890/1673 1760/1888/1665
f 1762/1886/1667 1770/43/1675 1769/50/1674 1761/1889/1666
f 1763/42/1668 1771/571/1676 1778/1891/1683 1770/43/1675
f 1764/44/1669 1772/1892/1677 1771/734/1676 1763/1234/1668
f 1765/46/1670 1773/1893/1678 1772/1892/1677 1764/44/1669
f 1766/286/1671 1774/653/1679 1773/1893/1678 1765/46/1670
f 1767/1832/1672 1775/654/1680 1774/653/1679 1766/286/1671
f 1768/1890/1673 1776/58/1681 1775/654/1680 1767/1832/1672
f 1769/50/1674 1777/1894/1682 1776/58/1681 1768/1890/1673
f 1770/43/1675 1778/1891/1683 1777/1894/1682 1769/50/1674
f 1771/571/1676 1779/1161/1684 1786/295/1691 1778/1891/1683
f 1772/1892/1677 1780/1895/1685 1779/63/1684 1771/734/1676
f 1773/1893/1678 1781/1896/1686 1780/1895/1685 1772/1892/1677
f 1774/653/1679 1782/299/1687 1781/1896/1686 1773/1893/1678
f 1775/654/1680 1783/1897/1688 1782/299/1687 1774/653/1679
f 1776/58/1681 1784/195/1689 1783/1897/1688 1775/654/1680
f 1777/1894/1682 1785/302/1690 1784/195/1689 1776/58/1681
f 1778/1891/1683 1786/295/1691 1785/302/1690 1777/1894/1682
f 1779/1161/1684 1787/69/1692 1794/303/1699 1786/295/1691
f 1780/1895/1685 1788/1168/1693 1787/72/1692 1779/63/1684
f 1781/1896/1686 1789/305/1694 1788/1168/1693 1780/1895/1685
f 1782/299/1687 1790/198/1695 1789/305/1694 1781/1896/1686
f 1783/1897/1688 1791/75/1696 1790/198/1695 1782/299/1687
f 1784/195/1689 1792/1898/1697 1791/75/1696 1783/1897/1688
f 1785/302/1690 1793/499/1698 1792/1898/1697 1784/195/1689
f 1786/295/1691 1794/303/1699 1793/499/1698 1785/302/1690
f 1787/69/1692 1795/583/1700 1802/201/1707 1794/303/1699
f 1788/1168/1693 1796/1899/1701 1795/1840/1700 1787/72/1692
f 1789/305/1694 1797/203/1702 1796/1899/1701 1788/1168/1693
f 1790/198/1695 1798/83/1703 1797/203/1702 1789/305/1694
f 1791/75/1696 1799/1900/1704 1798/83/1703 1790/198/1695
f 1792/1898/1697 1800/205/1705 1799/1900/1704 1791/75/1696
f 1793/499/1698 1801/1386/1706 1800/205/1705 1792/1898/1697
f 1794/303/1699 1802/201/1707 1801/1386/1706 1793/499/1698
f 1795/583/1700 1803/588/1708 1810/207/1715 1802/201/1707
f 1796/1899/1701 1804/1901/1709 1803/90/1708 1795/1840/1700
f 1797/203/1702 1805/417/1710 1804/1901/1709 1796/1899/1701
f 1798/83/1703 1806/1902/1711 1805/417/1710 1797/203/1702
f 1799/1900/1704 1807/1903/1712 1806/1902/1711 1798/83/1703
f 1800/205/1705 1808/1251/1713 1807/1903/1712 1799/1900/1704
f 1801/1386/1706 1809/504/1714 1808/1251/1713 1800/205/1705
f 1802/201/1707 1810/207/1715 1809/504/1714 1801/1386/1706
f 1803/588/1708 1811/1904/1716 1818/1905/1723 1810/207/1715
f 1804/1901/1709 1812/216/1717 1811/217/1716 1803/90/1708
f 1805/417/1710 1813/218/1718 1812/216/1717 1804/1901/1709
f 1806/1902/1711 1814/219/1719 1813/218/1718 1805/417/1710
f 1807/1903/1712 1815/102/1720 1814/219/1719 1806/1902/1711
f 1808/1251/1713 1816/1462/1721 1815/102/1720 1807/1903/1712
f 1809/504/1714 1817/104/1722 1816/1462/1721 1808/1251/1713
f 1810/207/1715 1818/1905/1723 1817/104/1722 1809/504/1714
f 1811/1904/1716 1819/105/1724 1826/1906/1731 1818/1905/1723
f 1812/216/1717 1820/224/1725 1819/1907/1724 1811/217/1716
f 1813/218/1718 1821/109/1726 1820/224/1725 1812/216/1717
f 1814/219/1719 1822/1908/1727 1821/109/1726 1813/218/1718
f 1815/102/1720 1823/1108/1728 1822/1908/1727 1814/219/1719
f 1816/1462/1721 1824/1909/1729 1823/1108/1728 1815/102/1720
f 1817/104/1722 1825/1466/1730 1824/1909/1729 1816/1462/1721
f 1818/1905/1723 1826/1906/1731 1825/1466/1730 1817/104/1722
f 1819/105/1724 1827/1910/1732 1834/115/1739 1826/1906/1731
f 1820/224/1725 1828/1871/1733 1827/10/1732 1819/1907/1724
f 1821/109/1726 1829/1911/1734 1828/1871/1733 1820/224/1725
f 1822/1908/1727 1830/117/1735 1829/1911/1734 1821/109/1726
f 1823/1108/1728 1831/1912/1736 1830/117/1735 1822/1908/1727
f 1824/1909/1729 1832/235/1737 1831/1912/1736 1823/1108/1728
f 1825/1466/1730 1833/519/1738 1832/235/1737 1824/1909/1729
f 1826/1906/1731 1834/115/1739 1833/519/1738 1825/1466/1730
f 7014/1913/6098 7000/1914/6084 7002/1915/6086 7004/1916/6088 7006/1266/6090 7008/1194/6092 7010/1917/6094 7012/1918/6096
f 1827/1910/1732 7001/346/6085 7015/1919/6099 1834/115/1739
f 1830/117/1735 7007/1920/6091 7005/1921/6089 1829/1911/1734
f 1831/1912/1736 7009/1922/6093 7007/1920/6091 1830/117/1735
f 1832/235/1737 7011/351/6095 7009/1923/6093 1831/1912/1736
f 1833/519/1738 7013/1924/6097 7011/1925/6095 1832/235/1737
f 1834/115/1739 7015/1926/6099 7013/1927/6097 1833/519/1738
f 7017/1928/6101 1835/538/1740 1842/142/1747 7030/1929/6114
f 7019/1930/6103 1836/145/1741 1835/13/1740 7017/1931/6101
f 7021/1932/6105 1837/545/1742 1836/145/1741 7019/1933/6103
f 7023/1934/6107 1838/1935/1743 1837/545/1742 7021/1936/6105
f 7025/1937/6109 1839/17/1744 1838/1935/1743 7023/1938/6107
f 7027/1939/6111 1840/1361/1745 1839/17/1744 7025/1940/6109
f 7029/1941/6113 1841/24/1746 1840/1361/1745 7027/1942/6111
f 7030/1943/6114 1842/142/1747 1841/24/1746 7029/1944/6113
f 1916/259/1821 1923/380/1828 7032/1945/6116 7033/1946/6117 1915/167/1820
f 1835/538/1740 1843/383/1748 1850/1947/1755 1842/142/1747
f 1836/145/1741 1844/1948/1749 1843/169/1748 1835/13/1740
f 1837/545/1742 1845/1437/1750 1844/1948/1749 1836/145/1741
f 1838/1935/1743 1846/564/1751 1845/1437/1750 1837/545/1742
f 1839/17/1744 1847/479/1752 1846/564/1751 1838/1935/1743
f 1840/1361/1745 1848/1372/1753 1847/479/1752 1839/17/1744
f 1841/24/1746 1849/386/1754 1848/1372/1753 1840/1361/1745
f 1842/142/1747 1850/1947/1755 1849/386/1754 1841/24/1746
f 1843/383/1748 1851/42/1756 1858/647/1763 1850/1947/1755
f 1844/1948/1749 1852/44/1757 1851/1234/1756 1843/169/1748
f 1845/1437/1750 1853/483/1758 1852/44/1757 1844/1948/1749
f 1846/564/1751 1854/1949/1759 1853/483/1758 1845/1437/1750
f 1847/479/1752 1855/178/1760 1854/1949/1759 1846/564/1751
f 1848/1372/1753 1856/288/1761 1855/178/1760 1847/479/1752
f 1849/386/1754 1857/1950/1762 1856/288/1761 1848/1372/1753
f 1850/1947/1755 1858/647/1763 1857/1950/1762 1849/386/1754
f 1851/42/1756 1859/571/1764 1866/1951/1771 1858/647/1763
f 1852/44/1757 1860/1952/1765 1859/1007/1764 1851/1234/1756
f 1853/483/1758 1861/291/1766 1860/1952/1765 1852/44/1757
f 1854/1949/1759 1862/653/1767 1861/291/1766 1853/483/1758
f 1855/178/1760 1863/1953/1768 1862/653/1767 1854/1949/1759
f 1856/288/1761 1864/58/1769 1863/1953/1768 1855/178/1760
f 1857/1950/1762 1865/490/1770 1864/58/1769 1856/288/1761
f 1858/647/1763 1866/1951/1771 1865/490/1770 1857/1950/1762
f 1859/571/1764 1867/60/1772 1874/1954/1779 1866/1951/1771
f 1860/1952/1765 1868/1955/1773 1867/492/1772 1859/1007/1764
f 1861/291/1766 1869/64/1774 1868/1955/1773 1860/1952/1765
f 1862/653/1767 1870/1956/1775 1869/64/1774 1861/291/1766
f 1863/1953/1768 1871/66/1776 1870/1956/1775 1862/653/1767
f 1864/58/1769 1872/1957/1777 1871/66/1776 1863/1953/1768
f 1865/490/1770 1873/402/1778 1872/1957/1777 1864/58/1769
f 1866/1951/1771 1874/1954/1779 1873/402/1778 1865/490/1770
f 1867/60/1772 1875/69/1780 1882/1958/1787 1874/1954/1779
f 1868/1955/1773 1876/304/1781 1875/72/1780 1867/492/1772
f 1869/64/1774 1877/305/1782 1876/304/1781 1868/1955/1773
f 1870/1956/1775 1878/306/1783 1877/305/1782 1869/64/1774
f 1871/66/1776 1879/75/1784 1878/306/1783 1870/1956/1775
f 1872/1957/1777 1880/1959/1785 1879/75/1784 1871/66/1776
f 1873/402/1778 1881/499/1786 1880/1959/1785 1872/1957/1777
f 1874/1954/1779 1882/1958/1787 1881/499/1786 1873/402/1778
f 1875/69/1780 1883/200/1788 1890/1960/1795 1882/1958/1787
f 1876/304/1781 1884/202/1789 1883/308/1788 1875/72/1780
f 1877/305/1782 1885/1961/1790 1884/202/1789 1876/304/1781
f 1878/306/1783 1886/83/1791 1885/1961/1790 1877/305/1782
f 1879/75/1784 1887/1962/1792 1886/83/1791 1878/306/1783
f 1880/1959/1785 1888/205/1793 1887/1962/1792 1879/75/1784
f 1881/499/1786 1889/312/1794 1888/205/1793 1880/1959/1785
f 1882/1958/1787 1890/1960/1795 1889/312/1794 1881/499/1786
f 1883/200/1788 1891/751/1796 1898/1963/1803 1890/1960/1795
f 1884/202/1789 1892/589/1797 1891/209/1796 1883/308/1788
f 1885/1961/1790 1893/1964/1798 1892/589/1797 1884/202/1789
f 1886/83/1791 1894/211/1799 1893/1964/1798 1885/1961/1790
f 1887/1962/1792 1895/212/1800 1894/211/1799 1886/83/1791
f 1888/205/1793 1896/1965/1801 1895/212/1800 1887/1962/1792
f 1889/312/1794 1897/1966/1802 1896/1965/1801 1888/205/1793
f 1890/1960/1795 1898/1963/1803 1897/1966/1802 1889/312/1794
f 1891/751/1796 1899/96/1804 1906/1967/1811 1898/1963/1803
f 1892/589/1797 1900/98/1805 1899/505/1804 1891/209/1796
f 1893/1964/1798 1901/218/1806 1900/98/1805 1892/589/1797
f 1894/211/1799 1902/219/1807 1901/218/1806 1893/1964/1798
f 1895/212/1800 1903/1968/1808 1902/219/1807 1894/211/1799
f 1896/1965/1801 1904/103/1809 1903/1968/1808 1895/212/1800
f 1897/1966/1802 1905/507/1810 1904/103/1809 1896/1965/1801
f 1898/1963/1803 1906/1967/1811 1905/507/1810 1897/1966/1802
f 1899/96/1804 1907/757/1812 1914/106/1819 1906/1967/1811
f 1900/98/1805 1908/224/1813 1907/108/1812 1899/505/1804
f 1901/218/1806 1909/109/1814 1908/224/1813 1900/98/1805
f 1902/219/1807 1910/1398/1815 1909/109/1814 1901/218/1806
f 1903/1968/1808 1911/428/1816 1910/1398/1815 1902/219/1807
f 1904/103/1809 1912/513/1817 1911/428/1816 1903/1968/1808
f 1905/507/1810 1913/1537/1818 1912/513/1817 1904/103/1809
f 1906/1967/1811 1914/106/1819 1913/1537/1818 1905/507/1810
f 1907/757/1812 1915/114/1820 1922/764/1827 1914/106/1819
f 1908/224/1813 1916/259/1821 1915/167/1820 1907/108/1812
f 1909/109/1814 1917/1969/1822 1916/259/1821 1908/224/1813
f 1910/1398/1815 1918/1970/1823 1917/1969/1822 1909/109/1814
f 1911/428/1816 1919/1912/1824 1918/1970/1823 1910/1398/1815
f 1912/513/1817 1920/1971/1825 1919/1912/1824 1911/428/1816
f 1913/1537/1818 1921/236/1826 1920/1971/1825 1912/513/1817
f 1914/106/1819 1922/764/1827 1921/236/1826 1913/1537/1818
f 7044/1972/6128 7032/1973/6116 1923/380/1828 7035/1974/6119 7036/1975/6120 7038/1976/6122 7040/1268/6124 7042/1196/6126
f 1915/114/1820 7033/1977/6117 7045/1978/6129 1922/764/1827
f 1919/1912/1824 7039/1979/6123 7037/1980/6121 1918/1970/1823
f 1917/1969/1822 7034/1981/6118 7035/1974/6119 1923/380/1828 1916/259/1821
f 1920/1971/1825 7041/449/6125 7039/1982/6123 1919/1912/1824
f 1921/236/1826 7043/1983/6127 7041/449/6125 1920/1971/1825
f 1922/764/1827 7045/1984/6129 7043/450/6127 1921/236/1826
f 7047/1985/6131 1925/538/1830 1932/27/1837 7060/1986/6144
f 7049/1987/6133 1926/1988/1831 1925/362/1830 7047/1989/6131
f 7051/1990/6135 1927/545/1832 1926/1988/1831 7049/1991/6133
f 7053/1992/6137 1928/1993/1833 1927/545/1832 7051/1994/6135
f 7055/1995/6139 1929/17/1834 1928/1993/1833 7053/1996/6137
f 7056/1997/6140 1930/1998/1835 1929/17/1834 7055/1999/6139
f 1924/3/1829 1931/376/1836 1930/1998/1835 7056/2000/6140 7058/2001/6142
f 7061/2002/6145 7060/2003/6144 1932/27/1837 1931/376/1836 1924/3/1829
f 2006/259/1911 2013/1297/1918 7062/2004/6146 7063/2005/6147 2005/10/1910
f 1925/538/1830 1933/383/1838 1940/2006/1845 1932/27/1837
f 1926/1988/1831 1934/1948/1839 1933/36/1838 1925/362/1830
f 1927/545/1832 1935/2007/1840 1934/1948/1839 1926/1988/1831
f 1928/1993/1833 1936/2008/1841 1935/2007/1840 1927/545/1832
f 1929/17/1834 1937/172/1842 1936/2008/1841 1928/1993/1833
f 1930/1998/1835 1938/2009/1843 1937/172/1842 1929/17/1834
f 1931/376/1836 1939/2010/1844 1938/2009/1843 1930/1998/1835
f 1932/27/1837 1940/2006/1845 1939/2010/1844 1931/376/1836
f 1933/383/1838 1941/42/1846 1948/1830/1853 1940/2006/1845
f 1934/1948/1839 1942/44/1847 1941/45/1846 1933/36/1838
f 1935/2007/1840 1943/46/1848 1942/44/1847 1934/1948/1839
f 1936/2008/1841 1944/286/1849 1943/46/1848 1935/2007/1840
f 1937/172/1842 1945/178/1850 1944/286/1849 1936/2008/1841
f 1938/2009/1843 1946/2011/1851 1945/178/1850 1937/172/1842
f 1939/2010/1844 1947/50/1852 1946/2011/1851 1938/2009/1843
f 1940/2006/1845 1948/1830/1853 1947/50/1852 1939/2010/1844
f 1941/42/1846 1949/571/1854 1956/182/1861 1948/1830/1853
f 1942/44/1847 1950/183/1855 1949/734/1854 1941/45/1846
f 1943/46/1848 1951/291/1856 1950/183/1855 1942/44/1847
f 1944/286/1849 1952/2012/1857 1951/291/1856 1943/46/1848
f 1945/178/1850 1953/654/1858 1952/2012/1857 1944/286/1849
f 1946/2011/1851 1954/58/1859 1953/654/1858 1945/178/1850
f 1947/50/1852 1955/2013/1860 1954/58/1859 1946/2011/1851
f 1948/1830/1853 1956/182/1861 1955/2013/1860 1947/50/1852
f 1949/571/1854 1957/1375/1862 1964/2014/1869 1956/182/1861
f 1950/183/1855 1958/191/1863 1957/63/1862 1949/734/1854
f 1951/291/1856 1959/2015/1864 1958/191/1863 1950/183/1855
f 1952/2012/1857 1960/2016/1865 1959/2015/1864 1951/291/1856
f 1953/654/1858 1961/2017/1866 1960/2016/1865 1952/2012/1857
f 1954/58/1859 1962/2018/1867 1961/2017/1866 1953/654/1858
f 1955/2013/1860 1963/1789/1868 1962/2018/1867 1954/58/1859
f 1956/182/1861 1964/2014/1869 1963/1789/1868 1955/2013/1860
f 1957/1375/1862 1965/69/1870 1972/303/1877 1964/2014/1869
f 1958/191/1863 1966/304/1871 1965/72/1870 1957/63/1862
f 1959/2015/1864 1967/2019/1872 1966/304/1871 1958/191/1863
f 1960/2016/1865 1968/1451/1873 1967/2019/1872 1959/2015/1864
f 1961/2017/1866 1969/75/1874 1968/1451/1873 1960/2016/1865
f 1962/2018/1867 1970/76/1875 1969/75/1874 1961/2017/1866
f 1963/1789/1868 1971/499/1876 1970/76/1875 1962/2018/1867
f 1964/2014/1869 1972/303/1877 1971/499/1876 1963/1789/1868
f 1965/69/1870 1973/200/1878 1980/2020/1885 1972/303/1877
f 1966/304/1871 1974/2021/1879 1973/308/1878 1965/72/1870
f 1967/2019/1872 1975/309/1880 1974/2021/1879 1966/304/1871
f 1968/1451/1873 1976/83/1881 1975/309/1880 1967/2019/1872
f 1969/75/1874 1977/2022/1882 1976/83/1881 1968/1451/1873
f 1970/76/1875 1978/1172/1883 1977/2022/1882 1969/75/1874
f 1971/499/1876 1979/2023/1884 1978/1172/1883 1970/76/1875
f 1972/303/1877 1980/2020/1885 1979/2023/1884 1971/499/1876
f 1973/200/1878 1981/1096/1886 1988/2024/1893 1980/2020/1885
f 1974/2021/1879 1982/2025/1887 1981/416/1886 1973/308/1878
f 1975/309/1880 1983/417/1888 1982/2025/1887 1974/2021/1879
f 1976/83/1881 1984/2026/1889 1983/417/1888 1975/309/1880
f 1977/2022/1882 1985/1250/1890 1984/2026/1889 1976/83/1881
f 1978/1172/1883 1986/94/1891 1985/1250/1890 1977/2022/1882
f 1979/2023/1884 1987/504/1892 1986/94/1891 1978/1172/1883
f 1980/2020/1885 1988/2024/1893 1987/504/1892 1979/2023/1884
f 1981/1096/1886 1989/96/1894 1996/320/1901 1988/2024/1893
f 1982/2025/1887 1990/2027/1895 1989/217/1894 1981/416/1886
f 1983/417/1888 1991/218/1896 1990/2027/1895 1982/2025/1887
f 1984/2026/1889 1992/322/1897 1991/218/1896 1983/417/1888
f 1985/1250/1890 1993/2028/1898 1992/322/1897 1984/2026/1889
f 1986/94/1891 1994/103/1899 1993/2028/1898 1985/1250/1890
f 1987/504/1892 1995/2029/1900 1994/103/1899 1986/94/1891
f 1988/2024/1893 1996/320/1901 1995/2029/1900 1987/504/1892
f 1989/96/1894 1997/105/1902 2004/106/1909 1996/320/1901
f 1990/2027/1895 1998/2030/1903 1997/510/1902 1989/217/1894
f 1991/218/1896 1999/1850/1904 1998/2030/1903 1990/2027/1895
f 1992/322/1897 2000/511/1905 1999/1850/1904 1991/218/1896
f 1993/2028/1898 2001/2031/1906 2000/511/1905 1992/322/1897
f 1994/103/1899 2002/513/1907 2001/2031/1906 1993/2028/1898
f 1995/2029/1900 2003/2032/1908 2002/513/1907 1994/103/1899
f 1996/320/1901 2004/106/1909 2003/2032/1908 1995/2029/1900
f 1997/105/1902 2005/431/1910 2012/115/1917 2004/106/1909
f 1998/2030/1903 2006/259/1911 2005/10/1910 1997/510/1902
f 1999/1850/1904 2007/1802/1912 2006/259/1911 1998/2030/1903
f 2000/511/1905 2008/2033/1913 2007/1802/1912 1999/1850/1904
f 2001/2031/1906 2009/1912/1914 2008/2033/1913 2000/511/1905
f 2002/513/1907 2010/2034/1915 2009/1912/1914 2001/2031/1906
f 2003/2032/1908 2011/2035/1916 2010/2034/1915 2002/513/1907
f 2004/106/1909 2012/115/1917 2011/2035/1916 2003/2032/1908
f 7072/2036/6156 7062/2037/6146 2013/1297/1918 2014/522/1919 7065/2038/6149 7066/2039/6150 7068/2040/6152 7070/2041/6154
f 2005/431/1910 7063/2042/6147 7073/2043/6157 2012/115/1917
f 2007/1802/1912 2014/522/1919 2013/1297/1918 2006/259/1911
f 2010/2034/1915 7069/2044/6153 7067/2045/6151 2009/1912/1914
f 2008/2033/1913 7064/2046/6148 7065/2047/6149 2014/522/1919 2007/1802/1912
f 2011/2035/1916 7071/2048/6155 7069/2044/6153 2010/2034/1915
f 2012/115/1917 7073/1337/6157 7071/2049/6155 2011/2035/1916
f 7075/2050/6159 2015/2051/1920 2022/142/1927 7090/2052/6174
f 7077/2053/6161 2016/264/1921 2015/265/1920 7075/2054/6159
f 7079/2055/6163 2017/2056/1922 2016/264/1921 7077/2057/6161
f 7081/2058/6165 2018/2059/1923 2017/2056/1922 7079/2060/6163
f 7082/1362/6166 2019/2061/1924 2018/2059/1923 7081/2062/6165
f 7087/551/6171 7086/2063/6170 2020/634/1925 2019/2061/1924 7082/2064/6166 7084/2065/6168
f 7089/2066/6173 2021/24/1926 2020/634/1925 7086/2067/6170
f 7090/2068/6174 2022/142/1927 2021/24/1926 7089/2069/6173
f 2096/2070/2001 7095/2071/6179 7093/2072/6177 2095/167/2000
f 2015/2051/1920 2023/2073/1928 2030/34/1935 2022/142/1927
f 2016/264/1921 2024/35/1929 2023/36/1928 2015/265/1920
f 2017/2056/1922 2025/2074/1930 2024/35/1929 2016/264/1921
f 2018/2059/1923 2026/1077/1931 2025/2074/1930 2017/2056/1922
f 2019/2061/1924 2027/2075/1932 2026/1077/1931 2018/2059/1923
f 2020/634/1925 2028/1372/1933 2027/2075/1932 2019/2061/1924
f 2021/24/1926 2029/2076/1934 2028/1372/1933 2020/634/1925
f 2022/142/1927 2030/34/1935 2029/2076/1934 2021/24/1926
f 2023/2073/1928 2031/42/1936 2038/1830/1943 2030/34/1935
f 2024/35/1929 2032/44/1937 2031/45/1936 2023/36/1928
f 2025/2074/1930 2033/483/1938 2032/44/1937 2024/35/1929
f 2026/1077/1931 2034/286/1939 2033/483/1938 2025/2074/1930
f 2027/2075/1932 2035/484/1940 2034/286/1939 2026/1077/1931
f 2028/1372/1933 2036/288/1941 2035/484/1940 2027/2075/1932
f 2029/2076/1934 2037/50/1942 2036/288/1941 2028/1372/1933
f 2030/34/1935 2038/1830/1943 2037/50/1942 2029/2076/1934
f 2031/42/1936 2039/571/1944 2046/2077/1951 2038/1830/1943
f 2032/44/1937 2040/390/1945 2039/734/1944 2031/45/1936
f 2033/483/1938 2041/55/1946 2040/390/1945 2032/44/1937
f 2034/286/1939 2042/56/1947 2041/55/1946 2033/483/1938
f 2035/484/1940 2043/187/1948 2042/56/1947 2034/286/1939
f 2036/288/1941 2044/294/1949 2043/187/1948 2035/484/1940
f 2037/50/1942 2045/2078/1950 2044/294/1949 2036/288/1941
f 2038/1830/1943 2046/2077/1951 2045/2078/1950 2037/50/1942
f 2039/571/1944 2047/737/1952 2054/61/1959 2046/2077/1951
f 2040/390/1945 2048/2079/1953 2047/399/1952 2039/734/1944
f 2041/55/1946 2049/2080/1954 2048/2079/1953 2040/390/1945
f 2042/56/1947 2050/400/1955 2049/2080/1954 2041/55/1946
f 2043/187/1948 2051/2081/1956 2050/400/1955 2042/56/1947
f 2044/294/1949 2052/195/1957 2051/2081/1956 2043/187/1948
f 2045/2078/1950 2053/68/1958 2052/195/1957 2044/294/1949
f 2046/2077/1951 2054/61/1959 2053/68/1958 2045/2078/1950
f 2047/737/1952 2055/1166/1960 2062/303/1967 2054/61/1959
f 2048/2079/1953 2056/304/1961 2055/72/1960 2047/399/1952
f 2049/2080/1954 2057/305/1962 2056/304/1961 2048/2079/1953
f 2050/400/1955 2058/198/1963 2057/305/1962 2049/2080/1954
f 2051/2081/1956 2059/2082/1964 2058/198/1963 2050/400/1955
f 2052/195/1957 2060/2083/1965 2059/2082/1964 2051/2081/1956
f 2053/68/1958 2061/499/1966 2060/2083/1965 2052/195/1957
f 2054/61/1959 2062/303/1967 2061/499/1966 2053/68/1958
f 2055/1166/1960 2063/200/1968 2070/2084/1975 2062/303/1967
f 2056/304/1961 2064/663/1969 2063/308/1968 2055/72/1960
f 2057/305/1962 2065/82/1970 2064/663/1969 2056/304/1961
f 2058/198/1963 2066/204/1971 2065/82/1970 2057/305/1962
f 2059/2082/1964 2067/84/1972 2066/204/1971 2058/198/1963
f 2060/2083/1965 2068/205/1973 2067/84/1972 2059/2082/1964
f 2061/499/1966 2069/2085/1974 2068/205/1973 2060/2083/1965
f 2062/303/1967 2070/2084/1975 2069/2085/1974 2061/499/1966
f 2063/200/1968 2071/2086/1976 2078/207/1983 2070/2084/1975
f 2064/663/1969 2072/589/1977 2071/590/1976 2063/308/1968
f 2065/82/1970 2073/417/1978 2072/589/1977 2064/663/1969
f 2066/204/1971 2074/2087/1979 2073/417/1978 2065/82/1970
f 2067/84/1972 2075/419/1980 2074/2087/1979 2066/204/1971
f 2068/205/1973 2076/213/1981 2075/419/1980 2067/84/1972
f 2069/2085/1974 2077/2088/1982 2076/213/1981 2068/205/1973
f 2070/2084/1975 2078/207/1983 2077/2088/1982 2069/2085/1974
f 2071/2086/1976 2079/96/1984 2086/2089/1991 2078/207/1983
f 2072/589/1977 2080/216/1985 2079/217/1984 2071/590/1976
f 2073/417/1978 2081/2090/1986 2080/216/1985 2072/589/1977
f 2074/2087/1979 2082/219/1987 2081/2090/1986 2073/417/1978
f 2075/419/1980 2083/2091/1988 2082/219/1987 2074/2087/1979
f 2076/213/1981 2084/2092/1989 2083/2091/1988 2075/419/1980
f 2077/2088/1982 2085/507/1990 2084/2092/1989 2076/213/1981
f 2078/207/1983 2086/2089/1991 2085/507/1990 2077/2088/1982
f 2079/96/1984 2087/2093/1992 2094/106/1999 2086/2089/1991
f 2080/216/1985 2088/224/1993 2087/510/1992 2079/217/1984
f 2081/2090/1986 2089/1800/1994 2088/224/1993 2080/216/1985
f 2082/219/1987 2090/1908/1995 2089/1800/1994 2081/2090/1986
f 2083/2091/1988 2091/428/1996 2090/1908/1995 2082/219/1987
f 2084/2092/1989 2092/761/1997 2091/428/1996 2083/2091/1988
f 2085/507/1990 2093/2094/1998 2092/761/1997 2084/2092/1989
f 2086/2089/1991 2094/106/1999 2093/2094/1998 2085/507/1990
f 2087/2093/1992 2095/514/2000 2102/764/2007 2094/106/1999
f 2088/224/1993 2096/2070/2001 2095/167/2000 2087/510/1992
f 2089/1800/1994 2097/2095/2002 2096/2070/2001 2088/224/1993
f 2090/1908/1995 2098/2096/2003 2097/2095/2002 2089/1800/1994
f 2091/428/1996 2099/605/2004 2098/2096/2003 2090/1908/1995
f 2092/761/1997 2100/119/2005 2099/605/2004 2091/428/1996
f 2093/2094/1998 2101/236/2006 2100/119/2005 2092/761/1997
f 2094/106/1999 2102/764/2007 2101/236/2006 2093/2094/1998
f 7106/2097/6190 7092/2098/6176 7094/2099/6178 7096/2100/6180 7098/2101/6182 7100/2102/6184 7102/2103/6186 7104/2104/6188
f 2095/514/2000 7093/2105/6177 7107/2106/6191 2102/764/2007
f 2098/2096/2003 7099/2107/6183 7097/2108/6181 2097/2095/2002
f 2099/605/2004 7101/1415/6185 7099/2109/6183 2098/2096/2003
f 2100/119/2005 7103/2110/6187 7101/1416/6185 2099/605/2004
f 2101/236/2006 7105/2111/6189 7103/2110/6187 2100/119/2005
f 2102/764/2007 7107/2106/6191 7105/622/6189 2101/236/2006
f 7110/2112/6194 7109/2113/6193 2112/267/2017 2111/2114/2016 2106/628/2011
f 2103/29/2008 2108/276/2013 2115/1347/2020 2107/2115/2012
f 2104/263/2009 2109/264/2014 2108/542/2013 2103/1/2008
f 2105/258/2010 2110/15/2015 2109/264/2014 2104/263/2009
f 2106/628/2011 2111/2114/2016 2110/15/2015 2105/258/2010
f 7112/2116/6196 2113/21/2018 2112/267/2017 7109/2117/6193
f 7113/2118/6197 2114/1880/2019 2113/21/2018 7112/2119/6196
f 2107/2115/2012 2115/1347/2020 2114/1880/2019 7113/2120/6197 7115/2121/6199
f 2189/983/2094 7119/2122/6203 7117/2123/6201 2188/10/2093
f 2108/276/2013 2116/383/2021 2123/384/2028 2115/1347/2020
f 2109/264/2014 2117/563/2022 2116/169/2021 2108/542/2013
f 2110/15/2015 2118/2124/2023 2117/563/2022 2109/264/2014
f 2111/2114/2016 2119/1303/2024 2118/2124/2023 2110/15/2015
f 2112/267/2017 2120/1829/2025 2119/1303/2024 2111/2114/2016
f 2113/21/2018 2121/2125/2026 2120/1829/2025 2112/267/2017
f 2114/1880/2019 2122/646/2027 2121/2125/2026 2113/21/2018
f 2115/1347/2020 2123/384/2028 2122/646/2027 2114/1880/2019
f 2116/383/2021 2124/42/2029 2131/43/2036 2123/384/2028
f 2117/563/2022 2125/1081/2030 2124/1234/2029 2116/169/2021
f 2118/2124/2023 2126/46/2031 2125/1081/2030 2117/563/2022
f 2119/1303/2024 2127/2126/2032 2126/46/2031 2118/2124/2023
f 2120/1829/2025 2128/178/2033 2127/2126/2032 2119/1303/2024
f 2121/2125/2026 2129/288/2034 2128/178/2033 2120/1829/2025
f 2122/646/2027 2130/50/2035 2129/288/2034 2121/2125/2026
f 2123/384/2028 2131/43/2036 2130/50/2035 2122/646/2027
f 2124/42/2029 2132/1006/2037 2139/651/2044 2131/43/2036
f 2125/1081/2030 2133/2127/2038 2132/734/2037 2124/1234/2029
f 2126/46/2031 2134/2128/2039 2133/2127/2038 2125/1081/2030
f 2127/2126/2032 2135/292/2040 2134/2128/2039 2126/46/2031
f 2128/178/2033 2136/1308/2041 2135/292/2040 2127/2126/2032
f 2129/288/2034 2137/58/2042 2136/1308/2041 2128/178/2033
f 2130/50/2035 2138/2129/2043 2137/58/2042 2129/288/2034
f 2131/43/2036 2139/651/2044 2138/2129/2043 2130/50/2035
f 2132/1006/2037 2140/189/2045 2147/61/2052 2139/651/2044
f 2133/2127/2038 2141/1835/2046 2140/399/2045 2132/734/2037
f 2134/2128/2039 2142/1377/2047 2141/1835/2046 2133/2127/2038
f 2135/292/2040 2143/299/2048 2142/1377/2047 2134/2128/2039
f 2136/1308/2041 2144/66/2049 2143/299/2048 2135/292/2040
f 2137/58/2042 2145/2130/2050 2144/66/2049 2136/1308/2041
f 2138/2129/2043 2146/2131/2051 2145/2130/2050 2137/58/2042
f 2139/651/2044 2147/61/2052 2146/2131/2051 2138/2129/2043
f 2140/189/2045 2148/69/2053 2155/303/2060 2147/61/2052
f 2141/1835/2046 2149/2132/2054 2148/72/2053 2140/399/2045
f 2142/1377/2047 2150/305/2055 2149/2132/2054 2141/1835/2046
f 2143/299/2048 2151/306/2056 2150/305/2055 2142/1377/2047
f 2144/66/2049 2152/75/2057 2151/306/2056 2143/299/2048
f 2145/2130/2050 2153/76/2058 2152/75/2057 2144/66/2049
f 2146/2131/2051 2154/499/2059 2153/76/2058 2145/2130/2050
f 2147/61/2052 2155/303/2060 2154/499/2059 2146/2131/2051
f 2148/69/2053 2156/583/2061 2163/201/2068 2155/303/2060
f 2149/2132/2054 2157/202/2062 2156/308/2061 2148/72/2053
f 2150/305/2055 2158/2133/2063 2157/202/2062 2149/2132/2054
f 2151/306/2056 2159/83/2064 2158/2133/2063 2150/305/2055
f 2152/75/2057 2160/84/2065 2159/83/2064 2151/306/2056
f 2153/76/2058 2161/205/2066 2160/84/2065 2152/75/2057
f 2154/499/2059 2162/413/2067 2161/205/2066 2153/76/2058
f 2155/303/2060 2163/201/2068 2162/413/2067 2154/499/2059
f 2156/583/2061 2164/2134/2069 2171/207/2076 2163/201/2068
f 2157/202/2062 2165/589/2070 2164/416/2069 2156/308/2061
f 2158/2133/2063 2166/2135/2071 2165/589/2070 2157/202/2062
f 2159/83/2064 2167/211/2072 2166/2135/2071 2158/2133/2063
f 2160/84/2065 2168/1390/2073 2167/211/2072 2159/83/2064
f 2161/205/2066 2169/94/2074 2168/1390/2073 2160/84/2065
f 2162/413/2067 2170/2136/2075 2169/94/2074 2161/205/2066
f 2163/201/2068 2171/207/2076 2170/2136/2075 2162/413/2067
f 2164/2134/2069 2172/96/2077 2179/320/2084 2171/207/2076
f 2165/589/2070 2173/2137/2078 2172/217/2077 2164/416/2069
f 2166/2135/2071 2174/218/2079 2173/2137/2078 2165/589/2070
f 2167/211/2072 2175/219/2080 2174/218/2079 2166/2135/2071
f 2168/1390/2073 2176/220/2081 2175/219/2080 2167/211/2072
f 2169/94/2074 2177/1105/2082 2176/220/2081 2168/1390/2073
f 2170/2136/2075 2178/104/2083 2177/1105/2082 2169/94/2074
f 2171/207/2076 2179/320/2084 2178/104/2083 2170/2136/2075
f 2172/96/2077 2180/325/2085 2187/106/2092 2179/320/2084
f 2173/2137/2078 2181/224/2086 2180/108/2085 2172/217/2077
f 2174/218/2079 2182/109/2087 2181/224/2086 2173/2137/2078
f 2175/219/2080 2183/511/2088 2182/109/2087 2174/218/2079
f 2176/220/2081 2184/2138/2089 2183/511/2088 2175/219/2080
f 2177/1105/2082 2185/513/2090 2184/2138/2089 2176/220/2081
f 2178/104/2083 2186/1466/2091 2185/513/2090 2177/1105/2082
f 2179/320/2084 2187/106/2092 2186/1466/2091 2178/104/2083
f 2180/325/2085 2188/514/2093 2195/2139/2100 2187/106/2092
f 2181/224/2086 2189/983/2094 2188/10/2093 2180/108/2085
f 2182/109/2087 2190/1802/2095 2189/983/2094 2181/224/2086
f 2183/511/2088 2191/2140/2096 2190/1802/2095 2182/109/2087
f 2184/2138/2089 2192/1912/2097 2191/2140/2096 2183/511/2088
f 2185/513/2090 2193/684/2098 2192/1912/2097 2184/2138/2089
f 2186/1466/2091 2194/2141/2099 2193/684/2098 2185/513/2090
f 2187/106/2092 2195/2139/2100 2194/2141/2099 2186/1466/2091
f 7130/2142/6214 7116/2143/6200 7118/2144/6202 7120/2145/6204 7122/2146/6206 7124/1475/6208 7127/2147/6211 7128/2148/6212
f 2188/514/2093 7117/2149/6201 7131/2150/6215 2195/2139/2100
f 2191/2140/2096 7123/2151/6207 7121/2152/6205 2190/1802/2095
f 2192/1912/2097 7125/2153/6209 7123/2154/6207 2191/2140/2096
f 2193/684/2098 7126/2155/6210 7127/2147/6211 7124/2156/6208 7125/1482/6209 2192/1912/2097
f 2194/2141/2099 7129/2157/6213 7126/1483/6210 2193/684/2098
f 2195/2139/2100 7131/694/6215 7129/2158/6213 2194/2141/2099
f 7134/2159/6218 7133/2160/6217 2198/1492/2103 2205/1493/2110 2197/1494/2102
f 7136/2161/6220 2199/2162/2104 2198/713/2103 7133/2163/6217
f 7138/2164/6222 2200/1499/2105 2199/2162/2104 7136/2165/6220
f 7140/2166/6224 2201/719/2106 2200/1499/2105 7138/2167/6222
f 7142/2168/6226 2202/2169/2107 2201/719/2106 7140/2170/6224
f 7143/2171/6227 2203/2172/2108 2202/2169/2107 7142/2173/6226
f 2196/727/2101 2204/2174/2109 2203/2172/2108 7143/2175/6227 7145/730/6229
f 2263/2176/2168 7149/2177/6233 7147/2178/6231 2262/475/2167
f 2197/1494/2102 2205/1493/2110 2204/2174/2109 2196/727/2101
f 2198/1492/2103 2206/289/2111 2213/2179/2118 2205/1493/2110
f 2199/2162/2104 2207/2180/2112 2206/290/2111 2198/713/2103
f 2200/1499/2105 2208/2181/2113 2207/2180/2112 2199/2162/2104
f 2201/719/2106 2209/292/2114 2208/2181/2113 2200/1499/2105
f 2202/2169/2107 2210/1308/2115 2209/292/2114 2201/719/2106
f 2203/2172/2108 2211/1085/2116 2210/1308/2115 2202/2169/2107
f 2204/2174/2109 2212/188/2117 2211/1085/2116 2203/2172/2108
f 2205/1493/2110 2213/2179/2118 2212/188/2117 2204/2174/2109
f 2206/289/2111 2214/60/2119 2221/295/2126 2213/2179/2118
f 2207/2180/2112 2215/2182/2120 2214/492/2119 2206/290/2111
f 2208/2181/2113 2216/1239/2121 2215/2182/2120 2207/2180/2112
f 2209/292/2114 2217/1090/2122 2216/1239/2121 2208/2181/2113
f 2210/1308/2115 2218/2183/2123 2217/1090/2122 2209/292/2114
f 2211/1085/2116 2219/67/2124 2218/2183/2123 2210/1308/2115
f 2212/188/2117 2220/402/2125 2219/67/2124 2211/1085/2116
f 2213/2179/2118 2221/295/2126 2220/402/2125 2212/188/2117
f 2214/60/2119 2222/2184/2127 2229/2185/2134 2221/295/2126
f 2215/2182/2120 2223/2186/2128 2222/72/2127 2214/492/2119
f 2216/1239/2121 2224/305/2129 2223/2186/2128 2215/2182/2120
f 2217/1090/2122 2225/198/2130 2224/305/2129 2216/1239/2121
f 2218/2183/2123 2226/75/2131 2225/198/2130 2217/1090/2122
f 2219/67/2124 2227/76/2132 2226/75/2131 2218/2183/2123
f 2220/402/2125 2228/2187/2133 2227/76/2132 2219/67/2124
f 2221/295/2126 2229/2185/2134 2228/2187/2133 2220/402/2125
f 2222/2184/2127 2230/200/2135 2237/201/2142 2229/2185/2134
f 2223/2186/2128 2231/2188/2136 2230/1840/2135 2222/72/2127
f 2224/305/2129 2232/2189/2137 2231/2188/2136 2223/2186/2128
f 2225/198/2130 2233/83/2138 2232/2189/2137 2224/305/2129
f 2226/75/2131 2234/749/2139 2233/83/2138 2225/198/2130
f 2227/76/2132 2235/2190/2140 2234/749/2139 2226/75/2131
f 2228/2187/2133 2236/413/2141 2235/2190/2140 2227/76/2132
f 2229/2185/2134 2237/201/2142 2236/413/2141 2228/2187/2133
f 2230/200/2135 2238/2191/2143 2245/2192/2150 2237/201/2142
f 2231/2188/2136 2239/2193/2144 2238/416/2143 2230/1840/2135
f 2232/2189/2137 2240/315/2145 2239/2193/2144 2231/2188/2136
f 2233/83/2138 2241/2194/2146 2240/315/2145 2232/2189/2137
f 2234/749/2139 2242/212/2147 2241/2194/2146 2233/83/2138
f 2235/2190/2140 2243/213/2148 2242/212/2147 2234/749/2139
f 2236/413/2141 2244/214/2149 2243/213/2148 2235/2190/2140
f 2237/201/2142 2245/2192/2150 2244/214/2149 2236/413/2141
f 2238/2191/2143 2246/96/2151 2253/320/2158 2245/2192/2150
f 2239/2193/2144 2247/216/2152 2246/217/2151 2238/416/2143
f 2240/315/2145 2248/2195/2153 2247/216/2152 2239/2193/2144
f 2241/2194/2146 2249/1393/2154 2248/2195/2153 2240/315/2145
f 2242/212/2147 2250/102/2155 2249/1393/2154 2241/2194/2146
f 2243/213/2148 2251/103/2156 2250/102/2155 2242/212/2147
f 2244/214/2149 2252/104/2157 2251/103/2156 2243/213/2148
f 2245/2192/2150 2253/320/2158 2252/104/2157 2244/214/2149
f 2246/96/2151 2254/105/2159 2261/106/2166 2253/320/2158
f 2247/216/2152 2255/224/2160 2254/1106/2159 2246/217/2151
f 2248/2195/2153 2256/109/2161 2255/224/2160 2247/216/2152
f 2249/1393/2154 2257/2196/2162 2256/109/2161 2248/2195/2153
f 2250/102/2155 2258/2197/2163 2257/2196/2162 2249/1393/2154
f 2251/103/2156 2259/331/2164 2258/2197/2163 2250/102/2155
f 2252/104/2157 2260/1537/2165 2259/331/2164 2251/103/2156
f 2253/320/2158 2261/106/2166 2260/1537/2165 2252/104/2157
f 2254/105/2159 2262/514/2167 2269/115/2174 2261/106/2166
f 2255/224/2160 2263/2176/2168 2262/475/2167 2254/1106/2159
f 2256/109/2161 2264/432/2169 2263/2176/2168 2255/224/2160
f 2257/2196/2162 2265/117/2170 2264/432/2169 2256/109/2161
f 2258/2197/2163 2266/605/2171 2265/117/2170 2257/2196/2162
f 2259/331/2164 2267/684/2172 2266/605/2171 2258/2197/2163
f 2260/1537/2165 2268/2198/2173 2267/684/2172 2259/331/2164
f 2261/106/2166 2269/115/2174 2268/2198/2173 2260/1537/2165
f 7160/2199/6244 7146/2200/6230 7148/2201/6232 7150/2202/6234 7152/2203/6236 7154/2204/6238 7156/2205/6240 7158/2206/6242
f 2262/514/2167 7147/774/6231 7161/2207/6245 2269/115/2174
f 2265/117/2170 7153/2208/6237 7151/2209/6235 2264/432/2169
f 2266/605/2171 7155/1558/6239 7153/2210/6237 2265/117/2170
f 2267/684/2172 7157/2211/6241 7155/2212/6239 2266/605/2171
f 2268/2198/2173 7159/2213/6243 7157/2214/6241 2267/684/2172
f 2269/115/2174 7161/2215/6245 7159/782/6243 2268/2198/2173
f 6882/2216/5966 6960/786/6044 6957/2217/6041 6949/2218/6033
f 6947/2219/6031 1555/258/1460 1554/1767/1459 6885/2220/5969
f 6952/1569/6036 6951/2221/6035 1559/1770/1464 1558/1133/1463 1555/258/1460
f 6949/2222/6033 6957/2223/6041 6955/794/6039 6880/2224/5964
f 6878/2225/5962 6950/2226/6034 6952/2227/6036 1555/258/1460 6947/2228/6031
f 6882/2229/5966 6900/2230/5984 1553/29/1458 6961/32/6045 6960/786/6044
f 6880/2231/5964 6955/794/6039 6953/803/6037 6945/2232/6029
f 6885/2233/5969 1554/1767/1459 1553/1/1458 6900/1/5984
f 6928/2234/6012 7144/2235/6228 7141/2236/6225 6861/2237/5945
f 6862/2238/5946 6933/2239/6017 2103/29/2008 2107/2115/2012
f 6927/2240/6011 6857/2241/5941 7132/2242/6216 7134/1490/6218 2197/1494/2102
f 6854/2243/5938 2196/727/2101 7145/2244/6229 7144/807/6228 6928/2245/6012
f 6930/2246/6014 7135/2247/6219 7132/1/6216 6857/1/5941
f 6859/2248/5943 7137/2249/6221 7135/2247/6219 6930/2250/6014
f 6894/2251/5978 7139/2252/6223 7137/2253/6221 6859/2254/5943
f 6861/2255/5945 7141/2236/6225 7139/2256/6223 6894/2257/5978
f 6937/2258/6021 2105/258/2010 2104/263/2009 6864/2259/5948
f 6862/2260/5946 2107/2115/2012 7115/2261/6199 7114/2262/6198 6935/2263/6019
f 6896/2264/5980 7108/2265/6192 7110/1418/6194 2106/628/2011 6866/2266/5950
f 6864/2267/5948 2104/263/2009 2103/1/2008 6933/1/6017
f 6869/2268/5953 7111/2269/6195 7108/2270/6192 6896/2271/5980
f 6866/2272/5950 2106/628/2011 2105/258/2010 6937/2273/6021
f 6935/2274/6019 7114/834/6198 7111/2275/6195 6869/2276/5953
f 6939/2277/6023 7026/2278/6110 7024/2279/6108 6870/2280/5954
f 6830/2281/5914 7080/2282/6164 7078/2283/6162 6910/2284/5994
f 6834/2285/5918 6888/2286/5972 7074/861/6158 7091/2287/6175
f 6832/2288/5916 7085/864/6169 7087/551/6171 7084/2065/6168 7083/2289/6167 6909/2290/5993
f 6837/2291/5921 7076/2292/6160 7074/1/6158 6888/1/5972
f 6834/2293/5918 7091/862/6175 7088/2294/6172 6913/2295/5997
f 6910/2296/5994 7078/2297/6162 7076/2298/6160 6837/2299/5921
f 6915/2300/5999 6966/2301/6050 6964/2302/6048 6838/2303/5922
f 6913/2304/5997 7088/2305/6172 7085/2306/6169 6832/2307/5916
f 6822/2308/5906 7057/1763/6141 7054/2309/6138 6904/2310/5988
f 6825/889/5909 6906/2311/5990 7046/2312/6130 7059/2313/6143
f 6827/2314/5911 7048/2315/6132 7046/1/6130 6906/1/5990
f 6886/2316/5970 7050/1670/6134 7048/2315/6132 6827/2317/5911
f 6829/2318/5913 7052/2319/6136 7050/2320/6134 6886/2321/5970
f 6904/2322/5988 7054/2323/6138 7052/2324/6136 6829/2325/5913
f 6909/2326/5993 7083/2289/6167 7080/2327/6164 6830/2328/5914
f 6825/2329/5909 7059/2313/6143 7061/1295/6145 1924/3/1829 6903/2330/5987
f 6870/2331/5954 7024/2279/6108 7022/910/6106 6941/2332/6025
f 6898/2333/5982 7018/2334/6102 7016/1/6100 6874/1/5958
f 6872/2335/5956 7028/2336/6112 7026/2337/6110 6939/2338/6023
f 6877/2339/5961 7020/2340/6104 7018/913/6102 6898/2341/5982
f 6943/2342/6027 6874/2343/5958 7016/2344/6100 7031/2345/6115
f 6941/2346/6025 7022/2347/6106 7020/2348/6104 6877/2349/5961
f 6945/2350/6029 6953/2351/6037 6950/2352/6034 6878/2353/5962
f 6943/2354/6027 7031/2355/6115 7028/2356/6112 6872/2357/5956
f 6892/2358/5976 6993/1722/6077 6991/2359/6075 6850/2360/5934
f 6848/2361/5932 1746/258/1651 1745/263/1650 6921/2362/6005
f 6853/2363/5937 6995/2364/6079 6993/2365/6077 6892/2366/5976
f 6850/2367/5934 6991/2368/6075 6988/2369/6072 6925/2370/6009
f 6922/2371/6006 6998/2372/6082 6995/1721/6079 6853/2373/5937
f 6927/2374/6011 2197/1494/2102 2196/727/2101 6854/2375/5938
f 6925/2376/6009 6988/2369/6072 6990/2377/6074 1746/258/1651 6848/2378/5932
f 6922/2379/6006 6846/2380/5930 1744/29/1649 6999/957/6083 6998/2381/6082
f 6841/2382/5925 6969/2383/6053 6966/2384/6050 6915/2385/5999
f 6838/2386/5922 6964/2387/6048 6962/1/6046 6916/1/6000
f 6918/2388/6002 1652/153/1557 6970/156/6054 6969/2383/6053 6841/2389/5925
f 6843/2390/5927 1653/1821/1558 1652/153/1557 6918/2391/6002
f 6890/2392/5974 6971/2393/6055 6973/1758/6057 1653/1821/1558 6843/2394/5927
f 6845/2395/5929 6975/2396/6059 6971/2397/6055 6890/2398/5974
f 6845/2399/5929 6916/2400/6000 6962/2401/6046 6975/2402/6059
f 6921/2403/6005 1745/263/1650 1744/1/1649 6846/1/5930
f 2307/1/2177 3947/1/3551 3949/1/3553 2308/1/2182
f 2308/1/2182 3949/1/3553 3951/1/3555 2309/1/2183
f 2309/1/2183 3951/1/3555 3952/1/3556 2303/1/2179
f 3955/1/3559 2294/1/2175 2295/1/2176 3968/1/3572
f 2304/1/2180 3941/1/3545 3943/1/3547 2305/1/738
f 3953/1/3557 1519/1/1456 1515/1/1452 3938/1/3542
f 2305/1/738 3943/1/3547 3945/1/3549 2306/1/2181
f 2306/1/2181 3945/1/3549 3947/1/3551 2307/1/2177
f 3969/1/3573 762/1/730 763/1/731 3954/1/3558
f 2296/1/720 3957/1/3561 3959/1/3563 2297/1/721
f 3970/1/3574 4051/1/3655 4194/1/3790 4115/1/3719
f 2301/1/1457 3967/1/3571 3968/1/3572 2295/1/2176
f 2300/1/2178 3965/1/3569 3967/1/3571 2301/1/1457
f 2299/1/2177 3963/1/3567 3965/1/3569 2300/1/2178
f 2298/1/722 3961/1/3565 3963/1/3567 2299/1/2177
f 2297/1/721 3959/1/3563 3961/1/3565 2298/1/722
f 3932/1/3536 2316/1/2178 2317/1/1457 3934/1/3538
f 3934/1/3538 2317/1/1457 2311/1/2176 3937/1/3541
f 3939/1/3543 2302/1/2175 2303/1/2179 3952/1/3556
f 3922/1/3526 2310/1/2175 2312/1/720 3924/1/3528
f 3924/1/3528 2312/1/720 2313/1/721 3926/1/3530
f 3926/1/3530 2313/1/721 2314/1/722 3928/1/3532
f 3928/1/3532 2314/1/722 2315/1/2177 3930/1/3534
f 3930/1/3534 2315/1/2177 2316/1/2178 3932/1/3536
f 671/432/639 3881/2404/3485 3879/2405/3483 670/259/638
f 578/604/546 3857/1414/3461 3855/560/3459 577/259/545
f 490/518/458 3827/2406/3431 3824/2407/3428 489/517/457
f 399/117/367 3797/2408/3401 3794/2409/3398 398/432/366
f 745/432/713 3911/2410/3515 3909/2177/3513 744/259/712
f 127/116/95 3711/2411/3315 3709/2412/3313 126/7/94
f 217/232/185 3741/248/3345 3739/2413/3343 216/164/184
f 310/334/278 3765/2414/3369 3763/2415/3367 309/259/277
f 2190/1802/2095 7121/2416/6205 7119/2417/6203 2189/983/2094
f 2264/432/2169 7151/2209/6235 7149/2418/6233 2263/2176/2168
f 2097/2095/2002 7097/2419/6181 7095/2071/6179 2096/2070/2001
f 2009/1912/1914 7067/2045/6151 7064/2420/6148 2008/2033/1913
f 1918/1970/1823 7037/2421/6121 7034/2422/6118 1917/1969/1822
f 1829/1911/1734 7005/1921/6089 7003/2423/6087 1828/1871/1733
f 1736/432/1641 6981/248/6065 6979/2424/6063 1735/259/1640
f 1339/1401/1276 5509/2425/4862 5507/1368/4860 1338/259/1275
f 1251/433/1188 5479/2426/4832 5476/2427/4829 1250/1328/1187
f 1160/117/1097 5449/2421/4802 5446/2428/4799 1159/1260/1096
f 1432/1467/1369 5533/2152/4886 5531/2429/4884 1431/1431/1368
f 1506/232/1443 5563/2410/4916 5561/2177/4914 1505/259/1442
f 888/432/825 5363/2430/4716 5361/2431/4714 887/983/824
f 978/1111/915 5393/1125/4746 5391/2432/4744 977/1073/914
f 1071/1186/1008 5417/2414/4770 5415/2423/4768 1070/983/1007
f 760/1/728 2277/1/1457 2271/1/2176 759/1/727
f 761/1/729 2276/1/2178 2277/1/1457 760/1/728
f 755/1/723 2275/1/2177 2276/1/2178 761/1/729
f 754/1/722 2274/1/722 2275/1/2177 755/1/723
f 753/1/721 2273/1/721 2274/1/722 754/1/722
f 752/1/720 2272/1/720 2273/1/721 753/1/721
f 751/1/719 2270/1/2175 2272/1/720 752/1/720
f 2294/1/2175 2270/1/2175 2271/1/2176 2295/1/2176
f 757/1/725 2285/1/2183 2279/1/2179 758/1/726
f 756/1/724 2284/1/2182 2285/1/2183 757/1/725
f 755/1/723 2283/1/2177 2284/1/2182 756/1/724
f 761/1/729 2282/1/2181 2283/1/2177 755/1/723
f 760/1/728 2281/1/738 2282/1/2181 761/1/729
f 759/1/727 2280/1/2180 2281/1/738 760/1/728
f 751/1/719 2278/1/2175 2280/1/2180 759/1/727
f 2302/1/2175 2278/1/2175 2279/1/2179 2303/1/2179
f 2317/1/1457 2293/1/1457 2287/1/2176 2311/1/2176
f 2316/1/2178 2292/1/2178 2293/1/1457 2317/1/1457
f 2315/1/2177 2291/1/2177 2292/1/2178 2316/1/2178
f 2314/1/722 2290/1/722 2291/1/2177 2315/1/2177
f 2313/1/721 2289/1/721 2290/1/722 2314/1/722
f 2312/1/720 2288/1/720 2289/1/721 2313/1/721
f 2310/1/2175 2286/1/2175 2288/1/720 2312/1/720
f 751/1/719 2286/1/2175 2287/1/2176 758/1/726
f 2294/1/2175 3955/1/3559 3957/1/3561 2296/1/720
f 2277/1/1457 2301/1/1457 2295/1/2176 2271/1/2176
f 2276/1/2178 2300/1/2178 2301/1/1457 2277/1/1457
f 2275/1/2177 2299/1/2177 2300/1/2178 2276/1/2178
f 2274/1/722 2298/1/722 2299/1/2177 2275/1/2177
f 2273/1/721 2297/1/721 2298/1/722 2274/1/722
f 2272/1/720 2296/1/720 2297/1/721 2273/1/721
f 2270/1/2175 2294/1/2175 2296/1/720 2272/1/720
f 2302/1/2175 3939/1/3543 3941/1/3545 2304/1/2180
f 2285/1/2183 2309/1/2183 2303/1/2179 2279/1/2179
f 2284/1/2182 2308/1/2182 2309/1/2183 2285/1/2183
f 2283/1/2177 2307/1/2177 2308/1/2182 2284/1/2182
f 2282/1/2181 2306/1/2181 2307/1/2177 2283/1/2177
f 2281/1/738 2305/1/738 2306/1/2181 2282/1/2181
f 2280/1/2180 2304/1/2180 2305/1/738 2281/1/738
f 2278/1/2175 2302/1/2175 2304/1/2180 2280/1/2180
f 2310/1/2175 3922/1/3526 3937/1/3541 2311/1/2176
f 6/1/6 1/1/1 3925/1/3529 3927/1/3531
f 5/1/5 6/1/6 3927/1/3531 3929/1/3533
f 4/1/4 5/1/5 3929/1/3533 3931/1/3535
f 8/1/8 4/1/4 3931/1/3535 3933/1/3537
f 7/1/7 8/1/8 3933/1/3537 3935/1/3539
f 3/1/3 7/1/7 3935/1/3539 3936/1/3540
f 2286/1/2175 2310/1/2175 2311/1/2176 2287/1/2176
f 3694/929/3298 3695/2433/3299 3696/791/3300
f 3703/26/3307 3704/2434/3308 3705/32/3309
f 3728/150/3332 3729/2435/3333 3730/156/3334
f 3731/971/3335 3732/2436/3336 3733/157/3337
f 3748/944/3352 3749/2437/3353 3750/254/3354
f 3757/274/3361 3758/2438/3362 3759/957/3363
f 3816/466/3420 3817/2439/3421 3818/4/3422
f 3819/892/3423 3820/2440/3424 3821/470/3425
f 3842/549/3446 3843/2441/3447 3844/866/3448
f 3845/864/3449 3846/2442/3450 3847/551/3451
f 3868/843/3472 3869/2443/3473 3870/625/3474
f 3873/636/3477 3874/2444/3478 3875/833/3479
f 3892/1/3496 3893/2445/3497 3894/1/3498
f 3903/724/3507 3904/2446/3508 3905/816/3509
f 5346/1576/4699 5347/2447/4700 5348/1569/4701
f 5355/996/4708 5356/2448/4709 5357/1581/4710
f 5380/1062/4733 5381/2449/4734 5382/1740/4735
f 5383/1755/4736 5384/2450/4737 5385/1067/4738
f 5400/1726/4753 5401/2451/4754 5402/1130/4755
f 5409/1146/4762 5410/2452/4763 5411/1738/4764
f 5468/1292/4821 5469/2453/4822 5470/980/4823
f 5471/1666/4824 5472/2454/4825 5473/1295/4826
f 5494/1357/4847 5495/2455/4848 5496/554/4849
f 5497/1640/4850 5498/2456/4851 5499/865/4852
f 5520/1620/4873 5521/2457/4874 5522/1418/4875
f 5525/1428/4878 5526/2458/4879 5527/1611/4880
f 5544/1/4897 5545/1497/4898 5546/1/4899
f 5555/1505/4908 5556/2459/4909 5557/730/4910
f 6950/2352/6034 6951/2460/6035 6952/1569/6036
f 6959/1776/6043 6960/2461/6044 6961/32/6045
f 6968/1814/6052 6969/2462/6053 6970/156/6054
f 6971/2397/6055 6972/2463/6056 6973/1817/6057
f 6988/2369/6072 6989/2464/6073 6990/1869/6074
f 6997/1882/6081 6998/2465/6082 6999/957/6083
f 7056/1997/6140 7057/2466/6141 7058/980/6142
f 7059/2313/6143 7060/2467/6144 7061/2002/6145
f 7082/1362/6166 7083/2468/6167 7084/2065/6168
f 7085/2306/6169 7086/2469/6170 7087/551/6171
f 7108/2270/6192 7109/2470/6193 7110/2112/6194
f 7113/2118/6197 7114/2471/6198 7115/2261/6199
f 7132/1/6216 7133/2472/6217 7134/1/6218
f 7143/2171/6227 7144/2473/6228 7145/2244/6229
f 2383/1/2249 2324/1/2190 2325/1/2191 2382/1/2248
f 2385/1/2251 2332/1/2198 2333/1/2199 2384/1/2250
f 2387/1/2253 2340/1/2206 2341/1/2207 2386/1/2252
f 2389/1/2255 2348/1/2214 2349/1/2215 2388/1/2254
f 2391/1/2257 2356/1/2222 2357/1/2223 2390/1/2256
f 2393/1/2259 2364/1/2230 2365/1/2231 2392/1/2258
f 2395/1/2261 2372/1/2238 2373/1/2239 2394/1/2260
f 2397/1/2263 2380/1/2246 2381/1/2247 2396/1/2262
f 2399/1/2265 2318/1/2184 2319/1/2185 2398/1/2264
f 2401/1/2267 2319/1/2185 2318/1/2184 2400/1/2266
f 2403/1/2269 2322/1/2188 2323/1/2189 2402/1/2268
f 2405/1/2271 2326/1/2192 2327/1/2193 2404/1/2270
f 2407/1/2273 2327/1/2193 2326/1/2192 2406/1/2272
f 2409/1/2275 2328/1/2194 2329/1/2195 2408/1/2274
f 2411/1/2277 2334/1/2200 2335/1/2201 2410/1/2276
f 2413/1/2279 2335/1/2201 2334/1/2200 2412/1/2278
f 2415/1/2281 2338/1/2204 2339/1/2205 2414/1/2280
f 2417/1/2283 2342/1/2208 2343/1/2209 2416/1/2282
f 2419/1/2285 2343/1/2209 2342/1/2208 2418/1/2284
f 2421/1/2287 2344/1/2210 2345/1/2211 2420/1/2286
f 2423/1/2289 2350/1/2216 2351/1/2217 2422/1/2288
f 2425/1/2291 2351/1/2217 2350/1/2216 2424/1/2290
f 2427/1/2293 2354/1/2220 2355/1/2221 2426/1/2292
f 2429/1/2295 2358/1/2224 2359/1/2225 2428/1/2294
f 2431/1/2297 2365/1/2231 2364/1/2230 2430/1/2296
f 2433/1/2299 2360/1/2226 2361/1/2227 2432/1/2298
f 2435/1/2301 2366/1/2232 2367/1/2233 2434/1/2300
f 2437/1/2303 2373/1/2239 2372/1/2238 2436/1/2302
f 2439/1/2305 2368/1/2234 2369/1/2235 2438/1/2304
f 2441/1/2307 2374/1/2240 2375/1/2241 2440/1/2306
f 2443/1/2309 2381/1/2247 2380/1/2246 2442/1/2308
f 2445/1/2311 2376/1/2242 2377/1/2243 2444/1/2310
f 2322/1/2188 2383/1/2249 2382/1/2248 2323/1/2189
f 2331/1/2197 2385/1/2251 2384/1/2250 2330/1/2196
f 2338/1/2204 2387/1/2253 2386/1/2252 2339/1/2205
f 2347/1/2213 2389/1/2255 2388/1/2254 2346/1/2212
f 2354/1/2220 2391/1/2257 2390/1/2256 2355/1/2221
f 2363/1/2229 2393/1/2259 2392/1/2258 2362/1/2228
f 2371/1/2237 2395/1/2261 2394/1/2260 2370/1/2236
f 2379/1/2245 2397/1/2263 2396/1/2262 2378/1/2244
f 2321/1/2187 2399/1/2265 2398/1/2264 2320/1/2186
f 2324/1/2190 2401/1/2267 2400/1/2266 2325/1/2191
f 2320/1/2186 2403/1/2269 2402/1/2268 2321/1/2187
f 2328/1/2194 2405/1/2271 2404/1/2270 2329/1/2195
f 2332/1/2198 2407/1/2273 2406/1/2272 2333/1/2199
f 2330/1/2196 2409/1/2275 2408/1/2274 2331/1/2197
f 2337/1/2203 2411/1/2277 2410/1/2276 2336/1/2202
f 2340/1/2206 2413/1/2279 2412/1/2278 2341/1/2207
f 2336/1/2202 2415/1/2281 2414/1/2280 2337/1/2203
f 2344/1/2210 2417/1/2283 2416/1/2282 2345/1/2211
f 2348/1/2214 2419/1/2285 2418/1/2284 2349/1/2215
f 2346/1/2212 2421/1/2287 2420/1/2286 2347/1/2213
f 2353/1/2219 2423/1/2289 2422/1/2288 2352/1/2218
f 2356/1/2222 2425/1/2291 2424/1/2290 2357/1/2223
f 2352/1/2218 2427/1/2293 2426/1/2292 2353/1/2219
f 2360/1/2226 2429/1/2295 2428/1/2294 2361/1/2227
f 2358/1/2224 2431/1/2297 2430/1/2296 2359/1/2225
f 2362/1/2228 2433/1/2299 2432/1/2298 2363/1/2229
f 2368/1/2234 2435/1/2301 2434/1/2300 2369/1/2235
f 2366/1/2232 2437/1/2303 2436/1/2302 2367/1/2233
f 2370/1/2236 2439/1/2305 2438/1/2304 2371/1/2237
f 2376/1/2242 2441/1/2307 2440/1/2306 2377/1/2243
f 2374/1/2240 2443/1/2309 2442/1/2308 2375/1/2241
f 2378/1/2244 2445/1/2311 2444/1/2310 2379/1/2245
f 2447/1/2313 2448/1/2314 2449/1/2315 2446/1/2312
f 2461/1/2327 2447/1/2313 2446/1/2312 2460/1/2326
f 2448/1/2314 2450/1/2316 2451/1/2317 2449/1/2315
f 2450/1/2316 2452/1/2318 2453/1/2319 2451/1/2317
f 2452/1/2318 2454/1/2320 2455/1/2321 2453/1/2319
f 2454/1/2320 2456/1/2322 2457/1/2323 2455/1/2321
f 2456/1/2322 2458/1/2324 2459/1/2325 2457/1/2323
f 2458/1/2324 2461/1/2327 2460/1/2326 2459/1/2325
f 2527/1/2387 2468/1/2334 2469/1/2335 2526/1/2386
f 2529/1/2389 2476/1/2342 2477/1/2343 2528/1/2388
f 2531/1/2391 2484/1/2350 2485/1/2351 2530/1/2390
f 2533/1/2393 2492/1/2358 2493/1/2359 2532/1/2392
f 2535/1/2395 2500/1/2366 2501/1/2367 2534/1/2394
f 2537/1/2397 2508/1/2374 2509/1/2375 2536/1/2396
f 2539/1/2399 2516/1/2377 2517/1/2363 2538/1/2398
f 2541/1/2401 2524/1/2384 2525/1/2385 2540/1/2400
f 2543/1/2403 2462/1/2328 2463/1/2329 2542/1/2402
f 2545/1/2405 2463/1/2329 2462/1/2328 2544/1/2404
f 2547/1/2407 2466/1/2332 2467/1/2333 2546/1/2406
f 2549/1/2409 2470/1/2336 2471/1/2337 2548/1/2408
f 2551/1/2411 2471/1/2337 2470/1/2336 2550/1/2410
f 2553/1/2413 2472/1/2338 2473/1/2339 2552/1/2412
f 2555/1/2415 2478/1/2344 2479/1/2345 2554/1/2414
f 2557/1/2417 2479/1/2345 2478/1/2344 2556/1/2416
f 2559/1/2419 2482/1/2348 2483/1/2349 2558/1/2418
f 2561/1/2421 2486/1/2352 2487/1/2353 2560/1/2420
f 2563/1/2423 2487/1/2353 2486/1/2352 2562/1/2422
f 2565/1/2425 2488/1/2354 2489/1/2355 2564/1/2424
f 2567/1/2398 2494/1/2360 2495/1/2361 2566/1/2426
f 2569/1/2428 2495/1/2361 2494/1/2360 2568/1/2427
f 2571/1/2430 2498/1/2364 2499/1/2365 2570/1/2429
f 2573/1/2432 2502/1/2368 2503/1/2369 2572/1/2431
f 2575/1/2434 2509/1/2375 2508/1/2374 2574/1/2433
f 2577/1/2436 2504/1/2370 2505/1/2371 2576/1/2435
f 2579/1/2394 2510/1/2365 2511/1/2364 2578/1/2395
f 2581/1/2429 2517/1/2363 2516/1/2377 2580/1/2437
f 2583/1/2427 2512/1/2367 2513/1/2376 2582/1/2428
f 2585/1/2439 2518/1/2378 2519/1/2379 2584/1/2438
f 2587/1/2441 2525/1/2385 2524/1/2384 2586/1/2440
f 2589/1/2443 2520/1/2380 2521/1/2381 2588/1/2442
f 2466/1/2332 2527/1/2387 2526/1/2386 2467/1/2333
f 2475/1/2341 2529/1/2389 2528/1/2388 2474/1/2340
f 2482/1/2348 2531/1/2391 2530/1/2390 2483/1/2349
f 2491/1/2357 2533/1/2393 2532/1/2392 2490/1/2356
f 2498/1/2364 2535/1/2395 2534/1/2394 2499/1/2365
f 2507/1/2373 2537/1/2397 2536/1/2396 2506/1/2372
f 2515/1/2361 2539/1/2399 2538/1/2398 2514/1/2360
f 2523/1/2383 2541/1/2401 2540/1/2400 2522/1/2382
f 2465/1/2331 2543/1/2403 2542/1/2402 2464/1/2330
f 2468/1/2334 2545/1/2405 2544/1/2404 2469/1/2335
f 2464/1/2330 2547/1/2407 2546/1/2406 2465/1/2331
f 2472/1/2338 2549/1/2409 2548/1/2408 2473/1/2339
f 2476/1/2342 2551/1/2411 2550/1/2410 2477/1/2343
f 2474/1/2340 2553/1/2413 2552/1/2412 2475/1/2341
f 2481/1/2347 2555/1/2415 2554/1/2414 2480/1/2346
f 2484/1/2350 2557/1/2417 2556/1/2416 2485/1/2351
f 2480/1/2346 2559/1/2419 2558/1/2418 2481/1/2347
f 2488/1/2354 2561/1/2421 2560/1/2420 2489/1/2355
f 2492/1/2358 2563/1/2423 2562/1/2422 2493/1/2359
f 2490/1/2356 2565/1/2425 2564/1/2424 2491/1/2357
f 2497/1/2363 2567/1/2398 2566/1/2426 2496/1/2362
f 2500/1/2366 2569/1/2428 2568/1/2427 2501/1/2367
f 2496/1/2362 2571/1/2430 2570/1/2429 2497/1/2363
f 2504/1/2370 2573/1/2432 2572/1/2431 2505/1/2371
f 2502/1/2368 2575/1/2434 2574/1/2433 2503/1/2369
f 2506/1/2372 2577/1/2436 2576/1/2435 2507/1/2373
f 2512/1/2367 2579/1/2394 2578/1/2395 2513/1/2376
f 2510/1/2365 2581/1/2429 2580/1/2437 2511/1/2364
f 2514/1/2360 2583/1/2427 2582/1/2428 2515/1/2361
f 2520/1/2380 2585/1/2439 2584/1/2438 2521/1/2381
f 2518/1/2378 2587/1/2441 2586/1/2440 2519/1/2379
f 2522/1/2382 2589/1/2443 2588/1/2442 2523/1/2383
f 2591/1/2445 2592/1/2446 2593/1/2447 2590/1/2444
f 2605/1/2459 2591/1/2445 2590/1/2444 2604/1/2458
f 2592/1/2446 2594/1/2448 2595/1/2449 2593/1/2447
f 2594/1/2448 2596/1/2450 2597/1/2451 2595/1/2449
f 2596/1/2450 2598/1/2452 2599/1/2453 2597/1/2451
f 2598/1/2452 2600/1/2454 2601/1/2455 2599/1/2453
f 2600/1/2454 2602/1/2456 2603/1/2457 2601/1/2455
f 2602/1/2456 2605/1/2459 2604/1/2458 2603/1/2457
f 2671/1/2514 2612/1/2465 2613/1/2466 2670/1/2513
f 2673/1/2516 2620/1/2473 2621/1/2474 2672/1/2515
f 2675/1/2518 2628/1/2481 2629/1/2482 2674/1/2517
f 2677/1/2520 2636/1/2489 2637/1/2490 2676/1/2519
f 2679/1/2522 2644/1/2496 2645/1/2497 2678/1/2521
f 2681/1/2524 2652/1/2504 2653/1/2505 2680/1/2523
f 2683/1/2526 2660/1/2493 2661/1/2494 2682/1/2525
f 2685/1/2528 2668/1/2512 2669/1/2228 2684/1/2527
f 2687/1/2530 2606/1/2460 2607/1/2461 2686/1/2529
f 2689/1/2532 2607/1/2461 2606/1/2460 2688/1/2531
f 2691/1/2534 2610/1/2463 2611/1/2464 2690/1/2533
f 2693/1/2536 2614/1/2467 2615/1/2468 2692/1/2535
f 2695/1/2538 2615/1/2468 2614/1/2467 2694/1/2537
f 2697/1/2540 2616/1/2469 2617/1/2470 2696/1/2539
f 2699/1/2542 2622/1/2475 2623/1/2476 2698/1/2541
f 2701/1/2544 2623/1/2476 2622/1/2475 2700/1/2543
f 2703/1/2546 2626/1/2479 2627/1/2480 2702/1/2545
f 2705/1/2548 2630/1/2483 2631/1/2484 2704/1/2547
f 2707/1/2550 2631/1/2484 2630/1/2483 2706/1/2549
f 2709/1/2552 2632/1/2485 2633/1/2486 2708/1/2551
f 2711/1/2525 2638/1/2491 2639/1/2492 2710/1/2526
f 2713/1/2554 2639/1/2492 2638/1/2491 2712/1/2553
f 2715/1/2556 2642/1/2495 2643/1/2207 2714/1/2555
f 2717/1/2558 2646/1/2498 2647/1/2499 2716/1/2557
f 2719/1/2560 2653/1/2505 2652/1/2504 2718/1/2559
f 2721/1/2562 2648/1/2500 2649/1/2501 2720/1/2561
f 2723/1/2521 2654/1/2207 2655/1/2495 2722/1/2522
f 2725/1/2555 2661/1/2494 2660/1/2493 2724/1/2556
f 2727/1/2553 2656/1/2497 2657/1/2496 2726/1/2554
f 2729/1/2564 2662/1/2506 2663/1/2507 2728/1/2563
f 2731/1/2566 2669/1/2228 2668/1/2512 2730/1/2565
f 2733/1/2568 2664/1/2508 2665/1/2509 2732/1/2567
f 2610/1/2463 2671/1/2514 2670/1/2513 2611/1/2464
f 2619/1/2472 2673/1/2516 2672/1/2515 2618/1/2471
f 2626/1/2479 2675/1/2518 2674/1/2517 2627/1/2480
f 2635/1/2488 2677/1/2520 2676/1/2519 2634/1/2487
f 2642/1/2495 2679/1/2522 2678/1/2521 2643/1/2207
f 2651/1/2503 2681/1/2524 2680/1/2523 2650/1/2502
f 2659/1/2492 2683/1/2526 2682/1/2525 2658/1/2491
f 2667/1/2511 2685/1/2528 2684/1/2527 2666/1/2510
f 2609/1/2462 2687/1/2530 2686/1/2529 2608/1/2190
f 2612/1/2465 2689/1/2532 2688/1/2531 2613/1/2466
f 2608/1/2190 2691/1/2534 2690/1/2533 2609/1/2462
f 2616/1/2469 2693/1/2536 2692/1/2535 2617/1/2470
f 2620/1/2473 2695/1/2538 2694/1/2537 2621/1/2474
f 2618/1/2471 2697/1/2540 2696/1/2539 2619/1/2472
f 2625/1/2478 2699/1/2542 2698/1/2541 2624/1/2477
f 2628/1/2481 2701/1/2544 2700/1/2543 2629/1/2482
f 2624/1/2477 2703/1/2546 2702/1/2545 2625/1/2478
f 2632/1/2485 2705/1/2548 2704/1/2547 2633/1/2486
f 2636/1/2489 2707/1/2550 2706/1/2549 2637/1/2490
f 2634/1/2487 2709/1/2552 2708/1/2551 2635/1/2488
f 2641/1/2494 2711/1/2525 2710/1/2526 2640/1/2493
f 2644/1/2496 2713/1/2554 2712/1/2553 2645/1/2497
f 2640/1/2493 2715/1/2556 2714/1/2555 2641/1/2494
f 2648/1/2500 2717/1/2558 2716/1/2557 2649/1/2501
f 2646/1/2498 2719/1/2560 2718/1/2559 2647/1/2499
f 2650/1/2502 2721/1/2562 2720/1/2561 2651/1/2503
f 2656/1/2497 2723/1/2521 2722/1/2522 2657/1/2496
f 2654/1/2207 2725/1/2555 2724/1/2556 2655/1/2495
f 2658/1/2491 2727/1/2553 2726/1/2554 2659/1/2492
f 2664/1/2508 2729/1/2564 2728/1/2563 2665/1/2509
f 2662/1/2506 2731/1/2566 2730/1/2565 2663/1/2507
f 2666/1/2510 2733/1/2568 2732/1/2567 2667/1/2511
f 2735/1/2570 2736/1/2571 2737/1/2572 2734/1/2569
f 2749/1/2584 2735/1/2570 2734/1/2569 2748/1/2583
f 2736/1/2571 2738/1/2573 2739/1/2574 2737/1/2572
f 2738/1/2573 2740/1/2575 2741/1/2576 2739/1/2574
f 2740/1/2575 2742/1/2577 2743/1/2578 2741/1/2576
f 2742/1/2577 2744/1/2579 2745/1/2580 2743/1/2578
f 2744/1/2579 2746/1/2581 2747/1/2582 2745/1/2580
f 2746/1/2581 2749/1/2584 2748/1/2583 2747/1/2582
f 2751/1/2445 2752/1/2585 2753/1/2447 2750/1/2444
f 2765/1/2588 2751/1/2445 2750/1/2444 2764/1/2458
f 2752/1/2585 2754/1/2448 2755/1/2449 2753/1/2447
f 2754/1/2448 2756/1/2586 2757/1/2451 2755/1/2449
f 2756/1/2586 2758/1/2452 2759/1/2453 2757/1/2451
f 2758/1/2452 2760/1/2587 2761/1/2455 2759/1/2453
f 2760/1/2587 2762/1/2456 2763/1/2457 2761/1/2455
f 2762/1/2456 2765/1/2588 2764/1/2458 2763/1/2457
f 2767/1/2577 2768/1/2579 2769/1/2589 2766/1/2578
f 2781/1/2575 2767/1/2577 2766/1/2578 2780/1/2576
f 2768/1/2579 2770/1/2581 2771/1/2582 2769/1/2589
f 2770/1/2581 2772/1/2584 2773/1/2590 2771/1/2582
f 2772/1/2584 2774/1/2570 2775/1/2569 2773/1/2590
f 2774/1/2570 2776/1/2571 2777/1/2572 2775/1/2569
f 2776/1/2571 2778/1/2573 2779/1/2574 2777/1/2572
f 2778/1/2573 2781/1/2575 2780/1/2576 2779/1/2574
f 2783/1/2592 2784/1/2593 2785/1/2594 2782/1/2591
f 2797/1/2606 2783/1/2592 2782/1/2591 2796/1/2605
f 2784/1/2593 2786/1/2595 2787/1/2596 2785/1/2594
f 2786/1/2595 2788/1/2597 2789/1/2598 2787/1/2596
f 2788/1/2597 2790/1/2599 2791/1/2600 2789/1/2598
f 2790/1/2599 2792/1/2601 2793/1/2602 2791/1/2600
f 2792/1/2601 2794/1/2603 2795/1/2604 2793/1/2602
f 2794/1/2603 2797/1/2606 2796/1/2605 2795/1/2604
f 3301/1/3065 3308/1/3072 3309/1/3073 3300/1/3064
f 3285/1/3056 3292/1/3027 3293/1/3026 3284/1/2613
f 3307/1/3071 3301/1/3065 3300/1/3064 3306/1/3070
f 3305/1/3069 3298/1/3062 3299/1/3063 3304/1/3068
f 3291/1/2607 3285/1/3056 3284/1/2613 3290/1/2635
f 3269/1/3039 3276/1/3048 3277/1/3047 3268/1/3040
f 3275/1/3055 3269/1/3039 3268/1/3040 3274/1/3045
f 3241/1/3033 3234/1/2626 3235/1/2625 3240/1/2619
f 2801/1/2610 3228/1/3028 3229/1/2636 2800/1/2609
f 3227/1/2638 2801/1/2610 2800/1/2609 3226/1/2639
f 3257/1/3046 3250/1/3039 3251/1/3040 3256/1/3045
f 3237/1/3031 3244/1/3034 3245/1/2624 3236/1/2631
f 3243/1/2617 3237/1/3031 3236/1/2631 3242/1/2618
f 3273/1/3043 3266/1/3038 3267/1/3053 3272/1/3044
f 3253/1/3042 3260/1/3049 3261/1/3050 3252/1/3041
f 3259/1/3048 3253/1/3042 3252/1/3041 3258/1/3047
f 3289/1/3028 3282/1/2616 3283/1/2615 3288/1/3057
f 3231/1/3029 3238/1/2622 3239/1/3032 3230/1/2629
f 2803/1/2612 3227/1/2638 3226/1/2639 2802/1/2611
f 3233/1/3030 3241/1/3033 3240/1/2619 3232/1/2628
f 3247/1/3036 3254/1/3043 3255/1/3044 3246/1/3035
f 3234/1/2626 3243/1/2617 3242/1/2618 3235/1/2625
f 3249/1/3038 3257/1/3046 3256/1/3045 3248/1/3037
f 3263/1/3052 3270/1/3049 3271/1/3054 3262/1/3051
f 3250/1/3039 3259/1/3048 3258/1/3047 3251/1/3040
f 3265/1/3036 3273/1/3043 3272/1/3044 3264/1/3035
f 3279/1/2612 3286/1/2638 3287/1/2639 3278/1/2611
f 3266/1/3038 3275/1/3055 3274/1/3045 3267/1/3053
f 3281/1/2610 3289/1/3028 3288/1/3057 3280/1/2609
f 3292/1/3027 3279/1/2612 3278/1/2611 3293/1/3026
f 3244/1/3034 3231/1/3029 3230/1/2629 3245/1/2624
f 3295/1/3059 3302/1/3066 3303/1/3067 3294/1/3058
f 3276/1/3048 3263/1/3052 3262/1/3051 3277/1/3047
f 3297/1/3061 3305/1/3069 3304/1/3068 3296/1/3060
f 3260/1/3049 3247/1/3036 3246/1/3035 3261/1/3050
f 3225/1/3027 2803/1/2612 2802/1/2611 3224/1/3026
f 2805/1/2614 3225/1/3027 3224/1/3026 2804/1/2613
f 2817/1/2626 2808/1/2617 2809/1/2618 2816/1/2625
f 2811/1/2620 2817/1/2626 2816/1/2625 2810/1/2619
f 2807/1/2616 2798/1/2607 2799/1/2608 2806/1/2615
f 2813/1/2622 2818/1/2627 2819/1/2628 2812/1/2621
f 2821/1/2630 2813/1/2622 2812/1/2621 2820/1/2629
f 2823/1/2632 2814/1/2623 2815/1/2624 2822/1/2631
f 2833/1/2614 2824/1/2633 2825/1/2634 2832/1/2613
f 2827/1/2607 2833/1/2614 2832/1/2613 2826/1/2635
f 2829/1/2637 2834/1/2640 2835/1/2615 2828/1/2636
f 2837/1/2641 2829/1/2637 2828/1/2636 2836/1/2609
f 2839/1/2643 2830/1/2638 2831/1/2639 2838/1/2642
f 3286/1/2638 3281/1/2610 3280/1/2609 3287/1/2639
f 3228/1/3028 2807/1/2616 2806/1/2615 3229/1/2636
f 2798/1/2607 2805/1/2614 2804/1/2613 2799/1/2608
f 2824/1/2633 2839/1/2643 2838/1/2642 2825/1/2634
f 3238/1/2622 3233/1/3030 3232/1/2628 3239/1/3032
f 2818/1/2627 2811/1/2620 2810/1/2619 2819/1/2628
f 2814/1/2623 2821/1/2630 2820/1/2629 2815/1/2624
f 3254/1/3043 3249/1/3038 3248/1/3037 3255/1/3044
f 2808/1/2617 2823/1/2632 2822/1/2631 2809/1/2618
f 2834/1/2640 2827/1/2607 2826/1/2635 2835/1/2615
f 3270/1/3049 3265/1/3036 3264/1/3035 3271/1/3054
f 2830/1/2638 2837/1/2641 2836/1/2609 2831/1/2639
f 3282/1/2616 3291/1/2607 3290/1/2635 3283/1/2615
f 3302/1/3066 3297/1/3061 3296/1/3060 3303/1/3067
f 3308/1/3072 3295/1/3059 3294/1/3058 3309/1/3073
f 3298/1/3062 3307/1/3071 3306/1/3070 3299/1/3063
f 2855/1/2659 2840/1/2644 2841/1/2645 2854/1/2658
f 2840/1/2644 2848/1/2652 2849/1/2653 2841/1/2645
f 2848/1/2652 2842/1/2646 2843/1/2647 2849/1/2653
f 2842/1/2646 2850/1/2654 2851/1/2655 2843/1/2647
f 2850/1/2654 2844/1/2648 2845/1/2649 2851/1/2655
f 2844/1/2648 2852/1/2656 2853/1/2657 2845/1/2649
f 2852/1/2656 2846/1/2650 2847/1/2651 2853/1/2657
f 2846/1/2650 2855/1/2659 2854/1/2658 2847/1/2651
f 2871/1/2675 2856/1/2660 2857/1/2661 2870/1/2674
f 2856/1/2660 2864/1/2668 2865/1/2669 2857/1/2661
f 2864/1/2668 2858/1/2662 2859/1/2663 2865/1/2669
f 2858/1/2662 2866/1/2670 2867/1/2671 2859/1/2663
f 2866/1/2670 2860/1/2664 2861/1/2665 2867/1/2671
f 2860/1/2664 2868/1/2672 2869/1/2673 2861/1/2665
f 2868/1/2672 2862/1/2666 2863/1/2667 2869/1/2673
f 2862/1/2666 2871/1/2675 2870/1/2674 2863/1/2667
f 2887/1/2691 2872/1/2676 2873/1/2677 2886/1/2690
f 2872/1/2676 2880/1/2684 2881/1/2685 2873/1/2677
f 2880/1/2684 2874/1/2678 2875/1/2679 2881/1/2685
f 2874/1/2678 2882/1/2686 2883/1/2687 2875/1/2679
f 2882/1/2686 2876/1/2680 2877/1/2681 2883/1/2687
f 2876/1/2680 2884/1/2688 2885/1/2689 2877/1/2681
f 2884/1/2688 2878/1/2682 2879/1/2683 2885/1/2689
f 2878/1/2682 2887/1/2691 2886/1/2690 2879/1/2683
f 2903/1/2707 2888/1/2692 2889/1/2693 2902/1/2706
f 2888/1/2692 2896/1/2700 2897/1/2701 2889/1/2693
f 2896/1/2700 2890/1/2694 2891/1/2695 2897/1/2701
f 2890/1/2694 2898/1/2702 2899/1/2703 2891/1/2695
f 2898/1/2702 2892/1/2696 2893/1/2697 2899/1/2703
f 2892/1/2696 2900/1/2704 2901/1/2705 2893/1/2697
f 2900/1/2704 2894/1/2698 2895/1/2699 2901/1/2705
f 2894/1/2698 2903/1/2707 2902/1/2706 2895/1/2699
f 2919/1/2723 2904/1/2708 2905/1/2709 2918/1/2722
f 2904/1/2708 2912/1/2716 2913/1/2717 2905/1/2709
f 2912/1/2716 2906/1/2710 2907/1/2711 2913/1/2717
f 2906/1/2710 2914/1/2718 2915/1/2719 2907/1/2711
f 2914/1/2718 2908/1/2712 2909/1/2713 2915/1/2719
f 2908/1/2712 2916/1/2720 2917/1/2721 2909/1/2713
f 2916/1/2720 2910/1/2714 2911/1/2715 2917/1/2721
f 2910/1/2714 2919/1/2723 2918/1/2722 2911/1/2715
f 2935/1/2738 2920/1/2724 2921/1/2725 2934/1/2737
f 2920/1/2724 2928/1/2731 2929/1/2732 2921/1/2725
f 2928/1/2731 2922/1/2726 2923/1/2727 2929/1/2732
f 2922/1/2726 2930/1/2733 2931/1/2734 2923/1/2727
f 2930/1/2733 2924/1/2728 2925/1/2729 2931/1/2734
f 2924/1/2728 2932/1/2735 2933/1/2736 2925/1/2729
f 2932/1/2735 2926/1/2712 2927/1/2730 2933/1/2736
f 2926/1/2712 2935/1/2738 2934/1/2737 2927/1/2730
f 2951/1/2754 2936/1/2739 2937/1/2740 2950/1/2753
f 2936/1/2739 2944/1/2747 2945/1/2748 2937/1/2740
f 2944/1/2747 2938/1/2741 2939/1/2742 2945/1/2748
f 2938/1/2741 2946/1/2749 2947/1/2750 2939/1/2742
f 2946/1/2749 2940/1/2743 2941/1/2744 2947/1/2750
f 2940/1/2743 2948/1/2751 2949/1/2752 2941/1/2744
f 2948/1/2751 2942/1/2745 2943/1/2746 2949/1/2752
f 2942/1/2745 2951/1/2754 2950/1/2753 2943/1/2746
f 2967/1/2770 2952/1/2755 2953/1/2756 2966/1/2769
f 2952/1/2755 2960/1/2763 2961/1/2764 2953/1/2756
f 2960/1/2763 2954/1/2757 2955/1/2758 2961/1/2764
f 2954/1/2757 2962/1/2765 2963/1/2766 2955/1/2758
f 2962/1/2765 2956/1/2759 2957/1/2760 2963/1/2766
f 2956/1/2759 2964/1/2767 2965/1/2768 2957/1/2760
f 2964/1/2767 2958/1/2761 2959/1/2762 2965/1/2768
f 2958/1/2761 2967/1/2770 2966/1/2769 2959/1/2762
f 2983/1/2786 2968/1/2771 2969/1/2772 2982/1/2785
f 2968/1/2771 2976/1/2779 2977/1/2780 2969/1/2772
f 2976/1/2779 2970/1/2773 2971/1/2774 2977/1/2780
f 2970/1/2773 2978/1/2781 2979/1/2782 2971/1/2774
f 2978/1/2781 2972/1/2775 2973/1/2776 2979/1/2782
f 2972/1/2775 2980/1/2783 2981/1/2784 2973/1/2776
f 2980/1/2783 2974/1/2777 2975/1/2778 2981/1/2784
f 2974/1/2777 2983/1/2786 2982/1/2785 2975/1/2778
f 2998/1/2801 2984/1/2787 2985/1/2788 2999/1/2802
f 2984/1/2787 2992/1/2795 2993/1/2796 2985/1/2788
f 2992/1/2795 2986/1/2789 2987/1/2790 2993/1/2796
f 2986/1/2789 2994/1/2797 2995/1/2798 2987/1/2790
f 2994/1/2797 2988/1/2791 2989/1/2792 2995/1/2798
f 2988/1/2791 2996/1/2799 2997/1/2800 2989/1/2792
f 2996/1/2799 2990/1/2793 2991/1/2794 2997/1/2800
f 2990/1/2793 2998/1/2801 2999/1/2802 2991/1/2794
f 3015/1/2818 3000/1/2803 3001/1/2804 3014/1/2817
f 3000/1/2803 3008/1/2811 3009/1/2812 3001/1/2804
f 3008/1/2811 3002/1/2805 3003/1/2806 3009/1/2812
f 3002/1/2805 3010/1/2813 3011/1/2814 3003/1/2806
f 3010/1/2813 3004/1/2807 3005/1/2808 3011/1/2814
f 3004/1/2807 3012/1/2815 3013/1/2816 3005/1/2808
f 3012/1/2815 3006/1/2809 3007/1/2810 3013/1/2816
f 3006/1/2809 3015/1/2818 3014/1/2817 3007/1/2810
f 3031/1/2833 3016/1/2819 3017/1/2820 3030/1/2832
f 3016/1/2819 3024/1/2826 3025/1/2827 3017/1/2820
f 3024/1/2826 3018/1/2821 3019/1/2822 3025/1/2827
f 3018/1/2821 3026/1/2828 3027/1/2829 3019/1/2822
f 3026/1/2828 3020/1/2823 3021/1/2824 3027/1/2829
f 3020/1/2823 3028/1/2830 3029/1/2831 3021/1/2824
f 3028/1/2830 3022/1/2807 3023/1/2825 3029/1/2831
f 3022/1/2807 3031/1/2833 3030/1/2832 3023/1/2825
f 3047/1/2849 3032/1/2834 3033/1/2835 3046/1/2848
f 3032/1/2834 3040/1/2842 3041/1/2843 3033/1/2835
f 3040/1/2842 3034/1/2836 3035/1/2837 3041/1/2843
f 3034/1/2836 3042/1/2844 3043/1/2845 3035/1/2837
f 3042/1/2844 3036/1/2838 3037/1/2839 3043/1/2845
f 3036/1/2838 3044/1/2846 3045/1/2847 3037/1/2839
f 3044/1/2846 3038/1/2840 3039/1/2841 3045/1/2847
f 3038/1/2840 3047/1/2849 3046/1/2848 3039/1/2841
f 3062/1/2864 3048/1/2850 3049/1/2851 3063/1/2865
f 3048/1/2850 3056/1/2858 3057/1/2859 3049/1/2851
f 3056/1/2858 3050/1/2852 3051/1/2853 3057/1/2859
f 3050/1/2852 3058/1/2860 3059/1/2861 3051/1/2853
f 3058/1/2860 3052/1/2854 3053/1/2855 3059/1/2861
f 3052/1/2854 3060/1/2862 3061/1/2863 3053/1/2855
f 3060/1/2862 3054/1/2856 3055/1/2857 3061/1/2863
f 3054/1/2856 3062/1/2864 3063/1/2865 3055/1/2857
f 3079/1/2881 3064/1/2866 3065/1/2867 3078/1/2880
f 3064/1/2866 3072/1/2874 3073/1/2875 3065/1/2867
f 3072/1/2874 3066/1/2868 3067/1/2869 3073/1/2875
f 3066/1/2868 3074/1/2876 3075/1/2877 3067/1/2869
f 3074/1/2876 3068/1/2870 3069/1/2871 3075/1/2877
f 3068/1/2870 3076/1/2878 3077/1/2879 3069/1/2871
f 3076/1/2878 3070/1/2872 3071/1/2873 3077/1/2879
f 3070/1/2872 3079/1/2881 3078/1/2880 3071/1/2873
f 3095/1/2897 3080/1/2882 3081/1/2883 3094/1/2896
f 3080/1/2882 3088/1/2890 3089/1/2891 3081/1/2883
f 3088/1/2890 3082/1/2884 3083/1/2885 3089/1/2891
f 3082/1/2884 3090/1/2892 3091/1/2893 3083/1/2885
f 3090/1/2892 3084/1/2886 3085/1/2887 3091/1/2893
f 3084/1/2886 3092/1/2894 3093/1/2895 3085/1/2887
f 3092/1/2894 3086/1/2888 3087/1/2889 3093/1/2895
f 3086/1/2888 3095/1/2897 3094/1/2896 3087/1/2889
f 3111/1/2913 3096/1/2898 3097/1/2899 3110/1/2912
f 3096/1/2898 3104/1/2906 3105/1/2907 3097/1/2899
f 3104/1/2906 3098/1/2900 3099/1/2901 3105/1/2907
f 3098/1/2900 3106/1/2908 3107/1/2909 3099/1/2901
f 3106/1/2908 3100/1/2902 3101/1/2903 3107/1/2909
f 3100/1/2902 3108/1/2910 3109/1/2911 3101/1/2903
f 3108/1/2910 3102/1/2904 3103/1/2905 3109/1/2911
f 3102/1/2904 3111/1/2913 3110/1/2912 3103/1/2905
f 3126/1/2928 3112/1/2914 3113/1/2915 3127/1/2929
f 3112/1/2914 3120/1/2922 3121/1/2923 3113/1/2915
f 3120/1/2922 3114/1/2916 3115/1/2917 3121/1/2923
f 3114/1/2916 3122/1/2924 3123/1/2925 3115/1/2917
f 3122/1/2924 3116/1/2918 3117/1/2919 3123/1/2925
f 3116/1/2918 3124/1/2926 3125/1/2927 3117/1/2919
f 3124/1/2926 3118/1/2920 3119/1/2921 3125/1/2927
f 3118/1/2920 3126/1/2928 3127/1/2929 3119/1/2921
f 3143/1/2945 3128/1/2930 3129/1/2931 3142/1/2944
f 3128/1/2930 3136/1/2938 3137/1/2939 3129/1/2931
f 3136/1/2938 3130/1/2932 3131/1/2933 3137/1/2939
f 3130/1/2932 3138/1/2940 3139/1/2941 3131/1/2933
f 3138/1/2940 3132/1/2934 3133/1/2935 3139/1/2941
f 3132/1/2934 3140/1/2942 3141/1/2943 3133/1/2935
f 3140/1/2942 3134/1/2936 3135/1/2937 3141/1/2943
f 3134/1/2936 3143/1/2945 3142/1/2944 3135/1/2937
f 3159/1/2961 3144/1/2946 3145/1/2947 3158/1/2960
f 3144/1/2946 3152/1/2954 3153/1/2955 3145/1/2947
f 3152/1/2954 3146/1/2948 3147/1/2949 3153/1/2955
f 3146/1/2948 3154/1/2956 3155/1/2957 3147/1/2949
f 3154/1/2956 3148/1/2950 3149/1/2951 3155/1/2957
f 3148/1/2950 3156/1/2958 3157/1/2959 3149/1/2951
f 3156/1/2958 3150/1/2952 3151/1/2953 3157/1/2959
f 3150/1/2952 3159/1/2961 3158/1/2960 3151/1/2953
f 3175/1/2977 3160/1/2962 3161/1/2963 3174/1/2976
f 3160/1/2962 3168/1/2970 3169/1/2971 3161/1/2963
f 3168/1/2970 3162/1/2964 3163/1/2965 3169/1/2971
f 3162/1/2964 3170/1/2972 3171/1/2973 3163/1/2965
f 3170/1/2972 3164/1/2966 3165/1/2967 3171/1/2973
f 3164/1/2966 3172/1/2974 3173/1/2975 3165/1/2967
f 3172/1/2974 3166/1/2968 3167/1/2969 3173/1/2975
f 3166/1/2968 3175/1/2977 3174/1/2976 3167/1/2969
f 3190/1/2992 3176/1/2978 3177/1/2979 3191/1/2993
f 3176/1/2978 3184/1/2986 3185/1/2987 3177/1/2979
f 3184/1/2986 3178/1/2980 3179/1/2981 3185/1/2987
f 3178/1/2980 3186/1/2988 3187/1/2989 3179/1/2981
f 3186/1/2988 3180/1/2982 3181/1/2983 3187/1/2989
f 3180/1/2982 3188/1/2990 3189/1/2991 3181/1/2983
f 3188/1/2990 3182/1/2984 3183/1/2985 3189/1/2991
f 3182/1/2984 3190/1/2992 3191/1/2993 3183/1/2985
f 3207/1/3009 3192/1/2994 3193/1/2995 3206/1/3008
f 3192/1/2994 3200/1/3002 3201/1/3003 3193/1/2995
f 3200/1/3002 3194/1/2996 3195/1/2997 3201/1/3003
f 3194/1/2996 3202/1/3004 3203/1/3005 3195/1/2997
f 3202/1/3004 3196/1/2998 3197/1/2999 3203/1/3005
f 3196/1/2998 3204/1/3006 3205/1/3007 3197/1/2999
f 3204/1/3006 3198/1/3000 3199/1/3001 3205/1/3007
f 3198/1/3000 3207/1/3009 3206/1/3008 3199/1/3001
f 3223/1/3025 3208/1/3010 3209/1/3011 3222/1/3024
f 3208/1/3010 3216/1/3018 3217/1/3019 3209/1/3011
f 3216/1/3018 3210/1/3012 3211/1/3013 3217/1/3019
f 3210/1/3012 3218/1/3020 3219/1/3021 3211/1/3013
f 3218/1/3020 3212/1/3014 3213/1/3015 3219/1/3021
f 3212/1/3014 3220/1/3022 3221/1/3023 3213/1/3015
f 3220/1/3022 3214/1/3016 3215/1/3017 3221/1/3023
f 3214/1/3016 3223/1/3025 3222/1/3024 3215/1/3017
f 3325/1/3089 3311/1/3075 3310/1/3074 3324/1/3088
f 3311/1/3075 3319/1/3083 3318/1/3082 3310/1/3074
f 3319/1/3083 3313/1/3077 3312/1/3076 3318/1/3082
f 3313/1/3077 3321/1/3085 3320/1/3084 3312/1/3076
f 3321/1/3085 3315/1/3079 3314/1/3078 3320/1/3084
f 3315/1/3079 3323/1/3087 3322/1/3086 3314/1/3078
f 3323/1/3087 3317/1/3081 3316/1/3080 3322/1/3086
f 3317/1/3081 3325/1/3089 3324/1/3088 3316/1/3080
f 3341/1/2622 3327/1/3030 3326/1/2628 3340/1/2621
f 3327/1/3030 3335/1/3033 3334/1/2619 3326/1/2628
f 3335/1/3033 3328/1/3090 3329/1/3091 3334/1/2619
f 3328/1/3090 3336/1/2617 3337/1/3093 3329/1/3091
f 3336/1/2617 3330/1/3031 3331/1/3092 3337/1/3093
f 3330/1/3031 3338/1/3034 3339/1/2624 3331/1/3092
f 3338/1/3034 3332/1/2630 3333/1/2629 3339/1/2624
f 3332/1/2630 3341/1/2622 3340/1/2621 3333/1/2629
f 3357/1/3109 3342/1/3094 3343/1/3095 3356/1/3108
f 3342/1/3094 3350/1/3102 3351/1/3103 3343/1/3095
f 3350/1/3102 3344/1/3096 3345/1/3097 3351/1/3103
f 3344/1/3096 3352/1/3104 3353/1/3105 3345/1/3097
f 3352/1/3104 3346/1/3098 3347/1/3099 3353/1/3105
f 3346/1/3098 3354/1/3106 3355/1/3107 3347/1/3099
f 3354/1/3106 3348/1/3100 3349/1/3101 3355/1/3107
f 3348/1/3100 3357/1/3109 3356/1/3108 3349/1/3101
f 3373/1/3106 3358/1/3110 3359/1/3111 3372/1/3120
f 3358/1/3110 3366/1/3117 3367/1/3108 3359/1/3111
f 3366/1/3117 3361/1/3113 3360/1/3112 3367/1/3108
f 3361/1/3113 3369/1/3118 3368/1/3103 3360/1/3112
f 3369/1/3118 3363/1/3096 3362/1/3114 3368/1/3103
f 3363/1/3096 3371/1/3119 3370/1/3105 3362/1/3114
f 3371/1/3119 3365/1/3116 3364/1/3115 3370/1/3105
f 3365/1/3116 3373/1/3106 3372/1/3120 3364/1/3115
f 3389/1/2637 3375/1/2616 3374/1/2615 3388/1/2636
f 3375/1/2616 3383/1/2607 3382/1/2608 3374/1/2615
f 3383/1/2607 3377/1/2614 3376/1/2613 3382/1/2608
f 3377/1/2614 3385/1/3027 3384/1/3026 3376/1/2613
f 3385/1/3027 3379/1/2612 3378/1/2611 3384/1/3026
f 3379/1/2612 3387/1/2638 3386/1/3122 3378/1/2611
f 3387/1/2638 3381/1/2641 3380/1/3121 3386/1/3122
f 3381/1/2641 3389/1/2637 3388/1/2636 3380/1/3121
f 3405/1/3134 3391/1/3081 3390/1/3123 3404/1/3133
f 3391/1/3081 3399/1/3089 3398/1/3129 3390/1/3123
f 3399/1/3089 3393/1/3125 3392/1/3124 3398/1/3129
f 3393/1/3125 3401/1/3130 3400/1/3082 3392/1/3124
f 3401/1/3130 3394/1/3126 3395/1/3076 3400/1/3082
f 3394/1/3126 3402/1/3131 3403/1/3132 3395/1/3076
f 3402/1/3131 3396/1/3127 3397/1/3128 3403/1/3132
f 3396/1/3127 3405/1/3134 3404/1/3133 3397/1/3128
f 3421/1/3145 3406/1/3061 3407/1/3135 3420/1/3144
f 3406/1/3061 3414/1/3069 3415/1/3140 3407/1/3135
f 3414/1/3069 3408/1/3062 3409/1/3136 3415/1/3140
f 3408/1/3062 3416/1/3141 3417/1/3070 3409/1/3136
f 3416/1/3141 3410/1/3137 3411/1/3138 3417/1/3070
f 3410/1/3137 3418/1/3142 3419/1/3143 3411/1/3138
f 3418/1/3142 3412/1/3139 3413/1/3058 3419/1/3143
f 3412/1/3139 3421/1/3145 3420/1/3144 3413/1/3058
f 3437/1/2617 3422/1/3031 3423/1/3092 3436/1/2618
f 3422/1/3031 3430/1/3034 3431/1/2624 3423/1/3092
f 3430/1/3034 3424/1/2630 3425/1/2629 3431/1/2624
f 3424/1/2630 3432/1/2622 3433/1/2621 3425/1/2629
f 3432/1/2622 3426/1/3030 3427/1/2628 3433/1/2621
f 3426/1/3030 3435/1/3033 3434/1/2619 3427/1/2628
f 3435/1/3033 3429/1/3146 3428/1/3091 3434/1/2619
f 3429/1/3146 3437/1/2617 3436/1/2618 3428/1/3091
f 3453/1/3043 3439/1/3147 3438/1/3053 3452/1/3044
f 3439/1/3147 3447/1/3055 3446/1/3045 3438/1/3053
f 3447/1/3055 3441/1/3039 3440/1/3148 3446/1/3045
f 3441/1/3039 3449/1/3149 3448/1/3047 3440/1/3148
f 3449/1/3149 3443/1/3042 3442/1/3041 3448/1/3047
f 3443/1/3042 3451/1/3049 3450/1/3054 3442/1/3041
f 3451/1/3049 3445/1/3036 3444/1/3035 3450/1/3054
f 3445/1/3036 3453/1/3043 3452/1/3044 3444/1/3035
f 3469/1/3028 3455/1/3151 3454/1/3150 3468/1/2636
f 3455/1/3151 3463/1/2607 3462/1/2608 3454/1/3150
f 3463/1/2607 3457/1/3153 3456/1/3152 3462/1/2608
f 3457/1/3153 3465/1/2633 3464/1/3026 3456/1/3152
f 3465/1/2633 3459/1/2643 3458/1/2642 3464/1/3026
f 3459/1/2643 3467/1/3154 3466/1/2639 3458/1/2642
f 3467/1/3154 3460/1/2610 3461/1/2609 3466/1/2639
f 3460/1/2610 3469/1/3028 3468/1/2636 3461/1/2609
f 3485/1/3083 3470/1/3077 3471/1/3076 3484/1/3082
f 3470/1/3077 3478/1/3085 3479/1/3132 3471/1/3076
f 3478/1/3085 3472/1/3127 3473/1/3078 3479/1/3132
f 3472/1/3127 3480/1/3087 3481/1/3086 3473/1/3078
f 3480/1/3087 3474/1/3081 3475/1/3080 3481/1/3086
f 3474/1/3081 3482/1/3089 3483/1/3129 3475/1/3080
f 3482/1/3089 3476/1/3075 3477/1/3074 3483/1/3129
f 3476/1/3075 3485/1/3083 3484/1/3082 3477/1/3074
f 3501/1/3158 3486/1/3155 3487/1/2628 3500/1/2621
f 3486/1/3155 3494/1/3156 3495/1/2619 3487/1/2628
f 3494/1/3156 3488/1/2626 3489/1/2625 3495/1/2619
f 3488/1/2626 3496/1/2617 3497/1/3093 3489/1/2625
f 3496/1/2617 3490/1/3031 3491/1/2631 3497/1/3093
f 3490/1/3031 3498/1/2623 3499/1/3157 3491/1/2631
f 3498/1/2623 3492/1/2630 3493/1/2629 3499/1/3157
f 3492/1/2630 3501/1/3158 3500/1/2621 3493/1/2629
f 3517/1/3104 3503/1/3098 3502/1/3115 3516/1/3105
f 3503/1/3098 3511/1/3161 3510/1/3120 3502/1/3115
f 3511/1/3161 3505/1/3159 3504/1/3111 3510/1/3120
f 3505/1/3159 3513/1/3109 3512/1/3108 3504/1/3111
f 3513/1/3109 3507/1/3094 3506/1/3095 3512/1/3108
f 3507/1/3094 3515/1/3118 3514/1/3103 3506/1/3095
f 3515/1/3118 3509/1/3160 3508/1/3097 3514/1/3103
f 3509/1/3160 3517/1/3104 3516/1/3105 3508/1/3097
f 3533/1/2633 3519/1/2612 3518/1/2642 3532/1/3026
f 3519/1/2612 3527/1/2638 3526/1/3122 3518/1/2642
f 3527/1/2638 3521/1/2641 3520/1/2609 3526/1/3122
f 3521/1/2641 3529/1/2637 3528/1/2636 3520/1/2609
f 3529/1/2637 3523/1/3151 3522/1/3150 3528/1/2636
f 3523/1/3151 3531/1/3162 3530/1/2635 3522/1/3150
f 3531/1/3162 3525/1/3056 3524/1/2613 3530/1/2635
f 3525/1/3056 3533/1/2633 3532/1/3026 3524/1/2613
f 3549/1/3087 3535/1/3163 3534/1/3080 3548/1/3086
f 3535/1/3163 3542/1/3165 3543/1/3166 3534/1/3080
f 3542/1/3165 3536/1/3075 3537/1/3074 3543/1/3166
f 3536/1/3075 3544/1/3167 3545/1/3168 3537/1/3074
f 3544/1/3167 3538/1/3126 3539/1/3076 3545/1/3168
f 3538/1/3126 3546/1/3085 3547/1/3132 3539/1/3076
f 3546/1/3085 3540/1/3164 3541/1/3078 3547/1/3132
f 3540/1/3164 3549/1/3087 3548/1/3086 3541/1/3078
f 3565/1/2620 3550/1/3090 3551/1/3091 3564/1/2619
f 3550/1/3090 3558/1/3169 3559/1/3093 3551/1/3091
f 3558/1/3169 3552/1/3031 3553/1/2631 3559/1/3093
f 3552/1/3031 3560/1/2623 3561/1/3157 3553/1/2631
f 3560/1/2623 3554/1/2630 3555/1/2629 3561/1/3157
f 3554/1/2630 3562/1/3158 3563/1/2621 3555/1/2629
f 3562/1/3158 3556/1/3030 3557/1/2628 3563/1/2621
f 3556/1/3030 3565/1/2620 3564/1/2619 3557/1/2628
f 3631/1/3235 3572/1/3176 3573/898/3177 3630/901/3234
f 3633/1/3237 3580/1/3184 3581/869/3185 3632/1/3236
f 3635/1/3239 3588/1/3192 3589/970/3193 3634/972/3238
f 3637/1/3241 3596/1/3200 3597/939/3201 3636/942/3240
f 3639/1/3243 3604/1/3208 3605/827/3209 3638/829/3242
f 3641/1/3245 3612/1/3216 3613/841/3217 3640/844/3244
f 3643/1/3247 3620/1/3224 3621/917/3225 3642/919/3246
f 3645/1/3249 3628/1/3232 3629/805/3233 3644/1/3248
f 3647/2/3251 3566/6/3170 3567/1/3171 3646/1/3250
f 3649/1/3253 3567/1/3171 3566/886/3170 3648/888/3252
f 3651/1/3255 3570/1/3174 3571/893/3175 3650/1/3254
f 3653/904/3257 3574/906/3178 3575/1/3179 3652/1/3256
f 3655/1/3259 3575/1/3179 3574/855/3178 3654/858/3258
f 3657/883/3261 3576/885/3180 3577/1/3181 3656/1/3260
f 3659/879/3263 3582/882/3186 3583/1/3187 3658/1/3262
f 3661/1/3265 3583/1/3187 3582/961/3186 3660/1/3264
f 3663/1/3267 3586/1/3190 3587/976/3191 3662/977/3266
f 3665/965/3269 3590/1/3194 3591/1/3195 3664/1/3268
f 3667/1/3271 3591/1/3195 3590/956/3194 3666/955/3270
f 3669/952/3273 3592/954/3196 3593/1/3197 3668/1/3272
f 3671/950/3275 3598/951/3202 3599/1/3203 3670/1/3274
f 3673/1/3277 3599/1/3203 3598/815/3202 3672/817/3276
f 3675/1/3279 3602/1/3206 3603/820/3207 3674/822/3278
f 3677/811/3281 3606/810/3210 3607/1/3211 3676/1/3280
f 3679/847/3283 3613/850/3217 3612/1/3216 3678/1/3282
f 3681/830/3285 3608/831/3212 3609/1/3213 3680/1/3284
f 3683/851/3287 3614/854/3218 3615/1/3219 3682/1/3286
f 3685/924/3289 3621/927/3225 3620/1/3224 3684/1/3288
f 3687/931/3291 3616/932/3220 3617/1/3221 3686/1/3290
f 3689/928/3293 3622/930/3226 3623/1/3227 3688/1/3292
f 3691/789/3295 3629/790/3233 3628/1/3232 3690/1/3294
f 3693/793/3297 3624/795/3228 3625/1/3229 3692/1/3296
f 3570/1/3174 3631/1/3235 3630/895/3234 3571/897/3175
f 3579/1/3183 3633/1/3237 3632/860/3236 3578/859/3182
f 3586/1/3190 3635/1/3239 3634/973/3238 3587/975/3191
f 3595/1/3199 3637/1/3241 3636/933/3240 3594/936/3198
f 3602/1/3206 3639/1/3243 3638/823/3242 3603/826/3207
f 3611/1/3215 3641/1/3245 3640/836/3244 3610/839/3214
f 3619/1/3223 3643/1/3247 3642/912/3246 3618/1/3222
f 3627/1/3231 3645/1/3249 3644/801/3248 3626/800/3230
f 3569/907/3173 3647/908/3251 3646/1/3250 3568/1/3172
f 3572/1/3176 3649/1/3253 3648/902/3252 3573/898/3177
f 3568/1/3172 3651/1/3255 3650/890/3254 3569/889/3173
f 3576/863/3180 3653/868/3257 3652/1/3256 3577/1/3181
f 3580/1/3184 3655/1/3259 3654/875/3258 3581/878/3185
f 3578/871/3182 3657/874/3261 3656/1/3260 3579/1/3183
f 3585/962/3189 3659/964/3263 3658/1/3262 3584/1/3188
f 3588/1/3192 3661/1/3265 3660/967/3264 3589/966/3193
f 3584/1/3188 3663/1/3267 3662/958/3266 3585/960/3189
f 3592/937/3196 3665/938/3269 3664/1/3268 3593/1/3197
f 3596/1/3200 3667/1/3271 3666/946/3270 3597/949/3201
f 3594/943/3198 3669/945/3273 3668/1/3272 3595/1/3199
f 3601/813/3205 3671/812/3275 3670/1/3274 3600/1/3204
f 3604/1/3208 3673/1/3277 3672/806/3276 3605/809/3209
f 3600/1/3204 3675/1/3279 3674/818/3278 3601/1/3205
f 3608/840/3212 3677/1/3281 3676/1/3280 3609/1/3213
f 3606/832/3210 3679/835/3283 3678/1/3282 3607/1/3211
f 3610/845/3214 3681/846/3285 3680/1/3284 3611/1/3215
f 3616/914/3220 3683/916/3287 3682/1/3286 3617/1/3221
f 3614/909/3218 3685/911/3289 3684/1/3288 3615/1/3219
f 3618/921/3222 3687/920/3291 3686/1/3290 3619/1/3223
f 3624/802/3228 3689/804/3293 3688/1/3292 3625/1/3229
f 3622/796/3226 3691/799/3295 3690/1/3294 3623/1/3227
f 3626/785/3230 3693/788/3297 3692/1/3296 3627/1/3231
f 3694/929/3298 3697/803/3301 3698/16/3302 3695/19/3299
f 3697/803/3301 3699/794/3303 3700/20/3304 3698/22/3302
f 3699/794/3303 3701/787/3305 3702/23/3306 3700/25/3304
f 3701/787/3305 3704/786/3308 3703/26/3307 3702/28/3306
f 3706/2474/3310 3720/2475/3324 3721/130/3325 3707/129/3311
f 3707/9/3311 3709/8/3313 3708/123/3312 3706/122/3310
f 3709/2412/3313 3711/2411/3315 3710/124/3314 3708/123/3312
f 3711/132/3315 3713/131/3317 3712/125/3316 3710/124/3314
f 3713/134/3317 3715/133/3319 3714/126/3318 3712/125/3316
f 3715/136/3319 3717/135/3321 3716/127/3320 3714/126/3318
f 3717/138/3321 3719/137/3323 3718/128/3322 3716/127/3320
f 3719/140/3323 3721/139/3325 3720/121/3324 3718/128/3322
f 3723/141/3327 3734/143/3338 3735/969/3339 3722/968/3326
f 3722/1/3326 3724/881/3328 3725/144/3329 3723/146/3327
f 3724/881/3328 3726/880/3330 3727/147/3331 3725/149/3329
f 3726/963/3330 3729/959/3333 3728/150/3332 3727/152/3331
f 3731/971/3335 3735/969/3339 3734/162/3338 3732/163/3336
f 3736/238/3340 3747/237/3351 3746/2476/3350 3737/2477/3341
f 3737/166/3341 3739/165/3343 3738/239/3342 3736/238/3340
f 3739/2413/3343 3741/248/3345 3740/240/3344 3738/239/3342
f 3741/248/3345 3743/247/3347 3742/241/3346 3740/240/3344
f 3743/250/3347 3745/249/3349 3744/242/3348 3742/241/3346
f 3748/944/3352 3751/935/3355 3752/266/3356 3749/268/3353
f 3751/935/3355 3753/934/3357 3754/269/3358 3752/271/3356
f 3753/941/3357 3755/940/3359 3756/272/3360 3754/273/3358
f 3755/948/3359 3758/947/3362 3757/274/3361 3756/275/3360
f 3760/339/3364 3774/338/3378 3775/2478/3379 3761/2479/3365
f 3761/261/3365 3763/260/3367 3762/340/3366 3760/339/3364
f 3763/2415/3367 3765/2414/3369 3764/341/3368 3762/340/3366
f 3765/349/3369 3767/348/3371 3766/342/3370 3764/341/3368
f 3767/348/3371 3769/350/3373 3768/343/3372 3766/342/3370
f 3769/350/3373 3771/351/3375 3770/344/3374 3768/343/3372
f 3771/353/3375 3773/352/3377 3772/345/3376 3770/344/3374
f 3773/355/3377 3775/354/3379 3774/338/3378 3772/345/3376
f 3777/356/3381 3790/359/3394 3791/923/3395 3776/922/3380
f 3776/1/3380 3778/913/3382 3779/360/3383 3777/363/3381
f 3778/913/3382 3780/918/3384 3781/364/3385 3779/366/3383
f 3780/926/3384 3782/925/3386 3783/367/3387 3781/369/3385
f 3782/910/3386 3784/853/3388 3785/370/3389 3783/371/3387
f 3784/853/3388 3786/852/3390 3787/372/3391 3785/374/3389
f 3786/852/3390 3788/915/3392 3789/375/3393 3787/377/3391
f 3788/915/3392 3791/923/3395 3790/378/3394 3789/379/3393
f 3792/437/3396 3804/436/3408 3805/2480/3409 3793/1806/3397
f 3794/2409/3398 3797/2408/3401 3796/439/3400 3795/438/3399
f 3797/446/3401 3799/445/3403 3798/440/3402 3796/439/3400
f 3799/445/3403 3801/449/3405 3800/441/3404 3798/440/3402
f 3801/451/3405 3803/450/3407 3802/442/3406 3800/441/3404
f 3803/453/3407 3805/452/3409 3804/436/3408 3802/442/3406
f 3807/454/3411 3820/455/3424 3819/892/3423 3806/891/3410
f 3806/1/3410 3808/894/3412 3809/456/3413 3807/457/3411
f 3808/894/3412 3810/896/3414 3811/458/3415 3809/460/3413
f 3810/900/3414 3812/899/3416 3813/461/3417 3811/463/3415
f 3812/899/3416 3814/903/3418 3815/464/3419 3813/465/3417
f 3814/887/3418 3817/5/3421 3816/466/3420 3815/467/3419
f 3822/521/3426 3832/520/3436 3833/2481/3437 3823/1806/3427
f 3824/2407/3428 3827/2406/3431 3826/524/3430 3825/523/3429
f 3827/530/3431 3829/529/3433 3828/525/3432 3826/524/3430
f 3829/534/3433 3831/533/3435 3830/526/3434 3828/525/3432
f 3831/536/3435 3833/535/3437 3832/520/3436 3830/526/3434
f 3835/537/3439 3850/540/3454 3851/862/3455 3834/861/3438
f 3834/1/3438 3836/870/3440 3837/541/3441 3835/543/3439
f 3836/877/3440 3838/876/3442 3839/544/3443 3837/546/3441
f 3838/857/3442 3840/856/3444 3841/547/3445 3839/548/3443
f 3840/856/3444 3843/905/3447 3842/549/3446 3841/550/3445
f 3845/864/3449 3848/884/3452 3849/555/3453 3846/557/3450
f 3848/873/3452 3851/872/3455 3850/558/3454 3849/559/3453
f 3852/607/3456 3866/606/3470 3867/2482/3471 3853/1806/3457
f 3853/561/3457 3855/560/3459 3854/608/3458 3852/607/3456
f 3855/560/3459 3857/1414/3461 3856/609/3460 3854/608/3458
f 3857/617/3461 3859/616/3463 3858/610/3462 3856/609/3460
f 3859/619/3463 3861/618/3465 3860/611/3464 3858/610/3462
f 3861/621/3465 3863/620/3467 3862/612/3466 3860/611/3464
f 3863/623/3467 3865/622/3469 3864/613/3468 3862/612/3466
f 3865/622/3469 3867/624/3471 3866/606/3470 3864/613/3468
f 3868/843/3472 3871/842/3475 3872/633/3476 3869/635/3473
f 3871/849/3475 3874/848/3478 3873/636/3477 3872/638/3476
f 3876/686/3480 3890/685/3494 3891/1805/3495 3877/2483/3481
f 3877/642/3481 3879/641/3483 3878/687/3482 3876/686/3480
f 3879/2405/3483 3881/2404/3485 3880/688/3484 3878/687/3482
f 3881/696/3485 3883/695/3487 3882/689/3486 3880/688/3484
f 3883/698/3487 3885/697/3489 3884/690/3488 3882/689/3486
f 3886/703/3490 3889/702/3493 3888/692/3492 3887/691/3491
f 3889/705/3493 3891/704/3495 3890/685/3494 3888/692/3492
f 3892/1/3496 3895/819/3499 3896/711/3500 3893/714/3497
f 3895/819/3499 3897/821/3501 3898/715/3502 3896/717/3500
f 3897/825/3501 3899/824/3503 3900/718/3504 3898/720/3502
f 3899/828/3503 3901/808/3505 3902/721/3506 3900/723/3504
f 3901/808/3505 3904/807/3508 3903/724/3507 3902/726/3506
f 3906/768/3510 3920/767/3524 3921/2484/3525 3907/2485/3511
f 3907/732/3511 3909/731/3513 3908/769/3512 3906/768/3510
f 3909/2177/3513 3911/2410/3515 3910/770/3514 3908/769/3512
f 3911/777/3515 3913/776/3517 3912/771/3516 3910/770/3514
f 3913/779/3517 3915/778/3519 3914/772/3518 3912/771/3516
f 3915/781/3519 3917/780/3521 3916/773/3520 3914/772/3518
f 3917/780/3521 3919/782/3523 3918/128/3522 3916/773/3520
f 3919/784/3523 3921/783/3525 3920/767/3524 3918/128/3522
f 3923/1/3527 3936/1/3540 3937/1/3541 3922/1/3526
f 3922/1/3526 3924/1/3528 3925/1/3529 3923/1/3527
f 3924/1/3528 3926/1/3530 3927/1/3531 3925/1/3529
f 3926/1/3530 3928/1/3532 3929/1/3533 3927/1/3531
f 3928/1/3532 3930/1/3534 3931/1/3535 3929/1/3533
f 3930/1/3534 3932/1/3536 3933/1/3537 3931/1/3535
f 3932/1/3536 3934/1/3538 3935/1/3539 3933/1/3537
f 3934/1/3538 3937/1/3541 3936/1/3540 3935/1/3539
f 3939/1/3543 3952/1/3556 3953/1/3557 3938/1/3542
f 3938/1/3542 3940/1/3544 3941/1/3545 3939/1/3543
f 3940/1/3544 3942/1/3546 3943/1/3547 3941/1/3545
f 3942/1/3546 3944/1/3548 3945/1/3549 3943/1/3547
f 3944/1/3548 3946/1/3550 3947/1/3551 3945/1/3549
f 3946/1/3550 3948/1/3552 3949/1/3553 3947/1/3551
f 3948/1/3552 3950/1/3554 3951/1/3555 3949/1/3553
f 3950/1/3554 3953/1/3557 3952/1/3556 3951/1/3555
f 3955/1/3559 3968/1/3572 3969/1/3573 3954/1/3558
f 3954/1/3558 3956/1/3560 3957/1/3561 3955/1/3559
f 3956/1/3560 3958/1/3562 3959/1/3563 3957/1/3561
f 3958/1/3562 3960/1/3564 3961/1/3565 3959/1/3563
f 3960/1/3564 3962/1/3566 3963/1/3567 3961/1/3565
f 3962/1/3566 3964/1/3568 3965/1/3569 3963/1/3567
f 3964/1/3568 3966/1/3570 3967/1/3571 3965/1/3569
f 3966/1/3570 3969/1/3573 3968/1/3572 3967/1/3571
f 4035/1/3639 3976/1/3580 3977/1/3581 4034/1/3638
f 4037/1/3641 3984/1/3588 3985/1/3589 4036/1/3640
f 4039/1/3643 3992/1/3596 3993/1/3597 4038/1/3642
f 4041/1/3645 4000/1/3604 4001/1/3605 4040/1/3644
f 4043/1/3647 4008/1/3612 4009/1/3613 4042/1/3646
f 4045/1/3649 4016/1/3620 4017/1/3621 4044/1/3648
f 4047/1/3651 4024/1/3628 4025/1/3629 4046/1/3650
f 4049/1/3653 4032/1/3636 4033/1/3637 4048/1/3652
f 4051/1/3655 3970/1/3574 3971/1/3575 4050/1/3654
f 4053/1/3657 3971/1/3575 3970/1/3574 4052/1/3656
f 4055/1/3659 3974/1/3578 3975/1/3579 4054/1/3658
f 4057/1/3661 3978/1/3582 3979/1/3583 4056/1/3660
f 4059/1/3663 3979/1/3583 3978/1/3582 4058/1/3662
f 4061/1/3665 3980/1/3584 3981/1/3585 4060/1/3664
f 4063/1/3667 3986/1/3590 3987/1/3591 4062/1/3666
f 4065/1/3669 3987/1/3591 3986/1/3590 4064/1/3668
f 4067/1/3671 3990/1/3594 3991/1/3595 4066/1/3670
f 4069/1/3673 3994/1/3598 3995/1/3599 4068/1/3672
f 4071/1/3675 3995/1/3599 3994/1/3598 4070/1/3674
f 4073/1/3677 3996/1/3600 3997/1/3601 4072/1/3676
f 4075/1/3679 4002/1/3606 4003/1/3607 4074/1/3678
f 4077/1/3681 4003/1/3607 4002/1/3606 4076/1/3680
f 4079/1/3683 4006/1/3610 4007/1/3611 4078/1/3682
f 4081/1/3685 4010/1/3614 4011/1/3615 4080/1/3684
f 4083/1/3687 4017/1/3621 4016/1/3620 4082/1/3686
f 4085/1/3689 4012/1/3616 4013/1/3617 4084/1/3688
f 4087/1/3691 4018/1/3622 4019/1/3623 4086/1/3690
f 4089/1/3693 4025/1/3629 4024/1/3628 4088/1/3692
f 4091/1/3695 4020/1/3624 4021/1/3625 4090/1/3694
f 4093/1/3697 4026/1/3630 4027/1/3631 4092/1/3696
f 4095/1/3699 4033/1/3637 4032/1/3636 4094/1/3698
f 4097/1/3701 4028/1/3632 4029/1/3633 4096/1/3700
f 3974/1/3578 4035/1/3639 4034/1/3638 3975/1/3579
f 3983/1/3587 4037/1/3641 4036/1/3640 3982/1/3586
f 3990/1/3594 4039/1/3643 4038/1/3642 3991/1/3595
f 3999/1/3603 4041/1/3645 4040/1/3644 3998/1/3602
f 4006/1/3610 4043/1/3647 4042/1/3646 4007/1/3611
f 4015/1/3619 4045/1/3649 4044/1/3648 4014/1/3618
f 4023/1/3627 4047/1/3651 4046/1/3650 4022/1/3626
f 4031/1/3635 4049/1/3653 4048/1/3652 4030/1/3634
f 3973/1/3577 4051/1/3655 4050/1/3654 3972/1/3576
f 3976/1/3580 4053/1/3657 4052/1/3656 3977/1/3581
f 3972/1/3576 4055/1/3659 4054/1/3658 3973/1/3577
f 3980/1/3584 4057/1/3661 4056/1/3660 3981/1/3585
f 3984/1/3588 4059/1/3663 4058/1/3662 3985/1/3589
f 3982/1/3586 4061/1/3665 4060/1/3664 3983/1/3587
f 3989/1/3593 4063/1/3667 4062/1/3666 3988/1/3592
f 3992/1/3596 4065/1/3669 4064/1/3668 3993/1/3597
f 3988/1/3592 4067/1/3671 4066/1/3670 3989/1/3593
f 3996/1/3600 4069/1/3673 4068/1/3672 3997/1/3601
f 4000/1/3604 4071/1/3675 4070/1/3674 4001/1/3605
f 3998/1/3602 4073/1/3677 4072/1/3676 3999/1/3603
f 4005/1/3609 4075/1/3679 4074/1/3678 4004/1/3608
f 4008/1/3612 4077/1/3681 4076/1/3680 4009/1/3613
f 4004/1/3608 4079/1/3683 4078/1/3682 4005/1/3609
f 4012/1/3616 4081/1/3685 4080/1/3684 4013/1/3617
f 4010/1/3614 4083/1/3687 4082/1/3686 4011/1/3615
f 4014/1/3618 4085/1/3689 4084/1/3688 4015/1/3619
f 4020/1/3624 4087/1/3691 4086/1/3690 4021/1/3625
f 4018/1/3622 4089/1/3693 4088/1/3692 4019/1/3623
f 4022/1/3626 4091/1/3695 4090/1/3694 4023/1/3627
f 4028/1/3632 4093/1/3697 4092/1/3696 4029/1/3633
f 4026/1/3630 4095/1/3699 4094/1/3698 4027/1/3631
f 4030/1/3634 4097/1/3701 4096/1/3700 4031/1/3635
f 4099/1/3703 4100/1/3704 4101/1/3705 4098/1/3702
f 4113/1/3717 4099/1/3703 4098/1/3702 4112/1/3716
f 4100/1/3704 4102/1/3706 4103/1/3707 4101/1/3705
f 4102/1/3706 4104/1/3708 4105/1/3709 4103/1/3707
f 4104/1/3708 4106/1/3710 4107/1/3711 4105/1/3709
f 4106/1/3710 4108/1/3712 4109/1/3713 4107/1/3711
f 4108/1/3712 4110/1/3714 4111/1/3715 4109/1/3713
f 4110/1/3714 4113/1/3717 4112/1/3716 4111/1/3715
f 4179/1/3775 4120/1/3724 4121/1/3725 4178/1/3774
f 4181/1/3777 4128/1/3732 4129/1/3733 4180/1/3776
f 4183/1/3779 4136/1/3740 4137/1/3741 4182/1/3778
f 4185/1/3781 4144/1/3748 4145/1/3749 4184/1/3780
f 4187/1/3783 4152/1/3756 4153/1/3757 4186/1/3782
f 4189/1/3785 4160/1/3764 4161/1/3765 4188/1/3784
f 4191/1/3787 4168/1/3752 4169/1/3753 4190/1/3786
f 4193/1/3789 4176/1/3772 4177/1/3773 4192/1/3788
f 4195/1/3791 4114/1/3718 4115/1/3719 4194/1/3790
f 4197/1/3793 4115/1/3719 4114/1/3718 4196/1/3792
f 4199/1/3795 4118/1/3722 4119/1/3723 4198/1/3794
f 4201/1/3797 4122/1/3726 4123/1/3727 4200/1/3796
f 4203/1/3799 4123/1/3727 4122/1/3726 4202/1/3798
f 4205/1/3801 4124/1/3728 4125/1/3729 4204/1/3800
f 4207/1/3803 4130/1/3734 4131/1/3735 4206/1/3802
f 4209/1/3805 4131/1/3735 4130/1/3734 4208/1/3804
f 4211/1/3807 4134/1/3738 4135/1/3739 4210/1/3806
f 4213/1/3809 4138/1/3742 4139/1/3743 4212/1/3808
f 4215/1/3811 4139/1/3743 4138/1/3742 4214/1/3810
f 4217/1/3813 4140/1/3744 4141/1/3745 4216/1/3812
f 4219/1/3786 4146/1/3750 4147/1/3751 4218/1/3787
f 4221/1/3815 4147/1/3751 4146/1/3750 4220/1/3814
f 4223/1/3817 4150/1/3754 4151/1/3755 4222/1/3816
f 4225/1/3819 4154/1/3758 4155/1/3759 4224/1/3818
f 4227/1/3821 4161/1/3765 4160/1/3764 4226/1/3820
f 4229/1/3823 4156/1/3760 4157/1/3761 4228/1/3822
f 4231/1/3824 4162/1/3755 4163/1/3754 4230/1/3783
f 4233/1/3816 4169/1/3753 4168/1/3752 4232/1/3817
f 4235/1/3814 4164/1/3757 4165/1/3756 4234/1/3815
f 4237/1/3826 4170/1/3766 4171/1/3767 4236/1/3825
f 4239/1/3828 4177/1/3773 4176/1/3772 4238/1/3827
f 4241/1/3830 4172/1/3768 4173/1/3769 4240/1/3829
f 4118/1/3722 4179/1/3775 4178/1/3774 4119/1/3723
f 4127/1/3731 4181/1/3777 4180/1/3776 4126/1/3730
f 4134/1/3738 4183/1/3779 4182/1/3778 4135/1/3739
f 4143/1/3747 4185/1/3781 4184/1/3780 4142/1/3746
f 4150/1/3754 4187/1/3783 4186/1/3782 4151/1/3755
f 4159/1/3763 4189/1/3785 4188/1/3784 4158/1/3762
f 4167/1/3751 4191/1/3787 4190/1/3786 4166/1/3750
f 4175/1/3771 4193/1/3789 4192/1/3788 4174/1/3770
f 4117/1/3721 4195/1/3791 4194/1/3790 4116/1/3720
f 4120/1/3724 4197/1/3793 4196/1/3792 4121/1/3725
f 4116/1/3720 4199/1/3795 4198/1/3794 4117/1/3721
f 4124/1/3728 4201/1/3797 4200/1/3796 4125/1/3729
f 4128/1/3732 4203/1/3799 4202/1/3798 4129/1/3733
f 4126/1/3730 4205/1/3801 4204/1/3800 4127/1/3731
f 4133/1/3737 4207/1/3803 4206/1/3802 4132/1/3736
f 4136/1/3740 4209/1/3805 4208/1/3804 4137/1/3741
f 4132/1/3736 4211/1/3807 4210/1/3806 4133/1/3737
f 4140/1/3744 4213/1/3809 4212/1/3808 4141/1/3745
f 4144/1/3748 4215/1/3811 4214/1/3810 4145/1/3749
f 4142/1/3746 4217/1/3813 4216/1/3812 4143/1/3747
f 4149/1/3753 4219/1/3786 4218/1/3787 4148/1/3752
f 4152/1/3756 4221/1/3815 4220/1/3814 4153/1/3757
f 4148/1/3752 4223/1/3817 4222/1/3816 4149/1/3753
f 4156/1/3760 4225/1/3819 4224/1/3818 4157/1/3761
f 4154/1/3758 4227/1/3821 4226/1/3820 4155/1/3759
f 4158/1/3762 4229/1/3823 4228/1/3822 4159/1/3763
f 4164/1/3757 4231/1/3824 4230/1/3783 4165/1/3756
f 4162/1/3755 4233/1/3816 4232/1/3817 4163/1/3754
f 4166/1/3750 4235/1/3814 4234/1/3815 4167/1/3751
f 4172/1/3768 4237/1/3826 4236/1/3825 4173/1/3769
f 4170/1/3766 4239/1/3828 4238/1/3827 4171/1/3767
f 4174/1/3770 4241/1/3830 4240/1/3829 4175/1/3771
f 4243/1/3832 4244/1/3833 4245/1/3834 4242/1/3831
f 4257/1/3846 4243/1/3832 4242/1/3831 4256/1/3845
f 4244/1/3833 4246/1/3835 4247/1/3836 4245/1/3834
f 4246/1/3835 4248/1/3837 4249/1/3838 4247/1/3836
f 4248/1/3837 4250/1/3839 4251/1/3840 4249/1/3838
f 4250/1/3839 4252/1/3841 4253/1/3842 4251/1/3840
f 4252/1/3841 4254/1/3843 4255/1/3844 4253/1/3842
f 4254/1/3843 4257/1/3846 4256/1/3845 4255/1/3844
f 4323/1/3904 4264/1/3853 4265/1/3854 4322/1/3903
f 4325/1/3906 4272/1/3861 4273/1/3862 4324/1/3905
f 4327/1/3908 4280/1/3869 4281/1/3870 4326/1/3907
f 4329/1/3910 4288/1/3877 4289/1/3878 4328/1/3909
f 4331/1/3912 4296/1/3884 4297/1/3885 4330/1/3911
f 4333/1/3914 4304/1/3892 4305/1/3893 4332/1/3913
f 4335/1/3916 4312/1/3881 4313/1/3882 4334/1/3915
f 4337/1/3918 4320/1/3901 4321/1/3902 4336/1/3917
f 4339/1/3920 4258/1/3847 4259/1/3848 4338/1/3919
f 4341/1/3922 4259/1/3848 4258/1/3847 4340/1/3921
f 4343/1/3924 4262/1/3851 4263/1/3852 4342/1/3923
f 4345/1/3926 4266/1/3855 4267/1/3856 4344/1/3925
f 4347/1/3928 4267/1/3856 4266/1/3855 4346/1/3927
f 4349/1/3930 4268/1/3857 4269/1/3858 4348/1/3929
f 4351/1/3932 4274/1/3863 4275/1/3864 4350/1/3931
f 4353/1/3934 4275/1/3864 4274/1/3863 4352/1/3933
f 4355/1/3936 4278/1/3867 4279/1/3868 4354/1/3935
f 4357/1/3938 4282/1/3871 4283/1/3872 4356/1/3937
f 4359/1/3940 4283/1/3872 4282/1/3871 4358/1/3939
f 4361/1/3942 4284/1/3873 4285/1/3874 4360/1/3941
f 4363/1/3915 4290/1/3879 4291/1/3880 4362/1/3916
f 4365/1/3944 4291/1/3880 4290/1/3879 4364/1/3943
f 4367/1/3946 4294/1/3883 4295/1/3597 4366/1/3945
f 4369/1/3948 4298/1/3886 4299/1/3887 4368/1/3947
f 4371/1/3950 4305/1/3893 4304/1/3892 4370/1/3949
f 4373/1/3952 4300/1/3888 4301/1/3889 4372/1/3951
f 4375/1/3911 4306/1/3597 4307/1/3883 4374/1/3912
f 4377/1/3945 4313/1/3882 4312/1/3881 4376/1/3946
f 4379/1/3943 4308/1/3885 4309/1/3884 4378/1/3944
f 4381/1/3954 4314/1/3895 4315/1/3896 4380/1/3953
f 4383/1/3956 4321/1/3902 4320/1/3901 4382/1/3955
f 4385/1/3958 4316/1/3897 4317/1/3898 4384/1/3957
f 4262/1/3851 4323/1/3904 4322/1/3903 4263/1/3852
f 4271/1/3860 4325/1/3906 4324/1/3905 4270/1/3859
f 4278/1/3867 4327/1/3908 4326/1/3907 4279/1/3868
f 4287/1/3876 4329/1/3910 4328/1/3909 4286/1/3875
f 4294/1/3883 4331/1/3912 4330/1/3911 4295/1/3597
f 4303/1/3891 4333/1/3914 4332/1/3913 4302/1/3890
f 4311/1/3880 4335/1/3916 4334/1/3915 4310/1/3894
f 4319/1/3900 4337/1/3918 4336/1/3917 4318/1/3899
f 4261/1/3850 4339/1/3920 4338/1/3919 4260/1/3849
f 4264/1/3853 4341/1/3922 4340/1/3921 4265/1/3854
f 4260/1/3849 4343/1/3924 4342/1/3923 4261/1/3850
f 4268/1/3857 4345/1/3926 4344/1/3925 4269/1/3858
f 4272/1/3861 4347/1/3928 4346/1/3927 4273/1/3862
f 4270/1/3859 4349/1/3930 4348/1/3929 4271/1/3860
f 4277/1/3866 4351/1/3932 4350/1/3931 4276/1/3865
f 4280/1/3869 4353/1/3934 4352/1/3933 4281/1/3870
f 4276/1/3865 4355/1/3936 4354/1/3935 4277/1/3866
f 4284/1/3873 4357/1/3938 4356/1/3937 4285/1/3874
f 4288/1/3877 4359/1/3940 4358/1/3939 4289/1/3878
f 4286/1/3875 4361/1/3942 4360/1/3941 4287/1/3876
f 4293/1/3882 4363/1/3915 4362/1/3916 4292/1/3881
f 4296/1/3884 4365/1/3944 4364/1/3943 4297/1/3885
f 4292/1/3881 4367/1/3946 4366/1/3945 4293/1/3882
f 4300/1/3888 4369/1/3948 4368/1/3947 4301/1/3889
f 4298/1/3886 4371/1/3950 4370/1/3949 4299/1/3887
f 4302/1/3890 4373/1/3952 4372/1/3951 4303/1/3891
f 4308/1/3885 4375/1/3911 4374/1/3912 4309/1/3884
f 4306/1/3597 4377/1/3945 4376/1/3946 4307/1/3883
f 4310/1/3894 4379/1/3943 4378/1/3944 4311/1/3880
f 4316/1/3897 4381/1/3954 4380/1/3953 4317/1/3898
f 4314/1/3895 4383/1/3956 4382/1/3955 4315/1/3896
f 4318/1/3899 4385/1/3958 4384/1/3957 4319/1/3900
f 4387/1/3960 4388/1/3961 4389/1/3962 4386/1/3959
f 4401/1/3974 4387/1/3960 4386/1/3959 4400/1/3973
f 4388/1/3961 4390/1/3963 4391/1/3964 4389/1/3962
f 4390/1/3963 4392/1/3965 4393/1/3966 4391/1/3964
f 4392/1/3965 4394/1/3967 4395/1/3968 4393/1/3966
f 4394/1/3967 4396/1/3969 4397/1/3970 4395/1/3968
f 4396/1/3969 4398/1/3971 4399/1/3972 4397/1/3970
f 4398/1/3971 4401/1/3974 4400/1/3973 4399/1/3972
f 4403/1/3832 4404/1/3976 4405/1/3977 4402/1/3975
f 4417/1/3982 4403/1/3832 4402/1/3975 4416/1/3845
f 4404/1/3976 4406/1/3835 4407/1/3836 4405/1/3977
f 4406/1/3835 4408/1/3837 4409/1/3838 4407/1/3836
f 4408/1/3837 4410/1/3839 4411/1/3978 4409/1/3838
f 4410/1/3839 4412/1/3979 4413/1/3980 4411/1/3978
f 4412/1/3979 4414/1/3981 4415/1/3844 4413/1/3980
f 4414/1/3981 4417/1/3982 4416/1/3845 4415/1/3844
f 4419/1/3967 4420/1/3969 4421/1/3970 4418/1/3983
f 4433/1/3965 4419/1/3967 4418/1/3983 4432/1/3966
f 4420/1/3969 4422/1/3971 4423/1/3972 4421/1/3970
f 4422/1/3971 4424/1/3974 4425/1/3973 4423/1/3972
f 4424/1/3974 4426/1/3984 4427/1/3959 4425/1/3973
f 4426/1/3984 4428/1/3961 4429/1/3985 4427/1/3959
f 4428/1/3961 4430/1/3963 4431/1/3964 4429/1/3985
f 4430/1/3963 4433/1/3965 4432/1/3966 4431/1/3964
f 4435/1/3987 4436/1/3988 4437/1/3989 4434/1/3986
f 4449/1/4001 4435/1/3987 4434/1/3986 4448/1/4000
f 4436/1/3988 4438/1/3990 4439/1/3991 4437/1/3989
f 4438/1/3990 4440/1/3992 4441/1/3993 4439/1/3991
f 4440/1/3992 4442/1/3994 4443/1/3995 4441/1/3993
f 4442/1/3994 4444/1/3996 4445/1/3997 4443/1/3995
f 4444/1/3996 4446/1/3998 4447/1/3999 4445/1/3997
f 4446/1/3998 4449/1/4001 4448/1/4000 4447/1/3999
f 4953/1/4465 4960/1/4472 4961/1/4473 4952/1/4464
f 4937/1/4009 4944/1/4028 4945/1/4420 4936/1/4008
f 4959/1/4471 4953/1/4465 4952/1/4464 4958/1/4470
f 4957/1/4469 4950/1/4462 4951/1/4463 4956/1/4468
f 4943/1/4457 4937/1/4009 4936/1/4008 4942/1/4003
f 4921/1/4450 4928/1/4442 4929/1/4441 4920/1/4434
f 4927/1/4454 4921/1/4450 4920/1/4434 4926/1/4439
f 4893/1/4015 4886/1/4423 4887/1/4020 4892/1/4427
f 4453/1/4005 4880/1/4031 4881/1/4030 4452/1/4004
f 4879/1/4422 4453/1/4005 4452/1/4004 4878/1/4421
f 4909/1/4440 4902/1/4433 4903/1/4434 4908/1/4439
f 4889/1/4424 4896/1/4018 4897/1/4019 4888/1/4026
f 4895/1/4428 4889/1/4424 4888/1/4026 4894/1/4013
f 4925/1/4453 4918/1/4448 4919/1/4449 4924/1/4438
f 4905/1/4436 4912/1/4443 4913/1/4444 4904/1/4435
f 4911/1/4442 4905/1/4436 4904/1/4435 4910/1/4441
f 4941/1/4031 4934/1/4456 4935/1/4010 4940/1/4030
f 4883/1/4025 4890/1/4425 4891/1/4426 4882/1/4024
f 4455/1/4007 4879/1/4422 4878/1/4421 4454/1/4006
f 4885/1/4022 4893/1/4015 4892/1/4427 4884/1/4023
f 4899/1/4430 4906/1/4437 4907/1/4438 4898/1/4429
f 4886/1/4423 4895/1/4428 4894/1/4013 4887/1/4020
f 4901/1/4432 4909/1/4440 4908/1/4439 4900/1/4431
f 4915/1/4445 4922/1/4451 4923/1/4452 4914/1/4435
f 4902/1/4433 4911/1/4442 4910/1/4441 4903/1/4434
f 4917/1/4447 4925/1/4453 4924/1/4438 4916/1/4446
f 4931/1/4455 4938/1/4032 4939/1/4033 4930/1/4006
f 4918/1/4448 4927/1/4454 4926/1/4439 4919/1/4449
f 4933/1/4035 4941/1/4031 4940/1/4030 4932/1/4004
f 4944/1/4028 4931/1/4455 4930/1/4006 4945/1/4420
f 4896/1/4018 4883/1/4025 4882/1/4024 4897/1/4019
f 4947/1/4459 4954/1/4466 4955/1/4467 4946/1/4458
f 4928/1/4442 4915/1/4445 4914/1/4435 4929/1/4441
f 4949/1/4461 4957/1/4469 4956/1/4468 4948/1/4460
f 4912/1/4443 4899/1/4430 4898/1/4429 4913/1/4444
f 4877/1/4028 4455/1/4007 4454/1/4006 4876/1/4420
f 4457/1/4009 4877/1/4028 4876/1/4420 4456/1/4008
f 4469/1/4021 4460/1/4012 4461/1/4013 4468/1/4020
f 4463/1/4015 4469/1/4021 4468/1/4020 4462/1/4014
f 4459/1/4011 4450/1/4002 4451/1/4003 4458/1/4010
f 4465/1/4017 4470/1/4022 4471/1/4023 4464/1/4016
f 4473/1/4025 4465/1/4017 4464/1/4016 4472/1/4024
f 4475/1/4027 4466/1/4018 4467/1/4019 4474/1/4026
f 4485/1/4009 4476/1/4028 4477/1/4029 4484/1/4008
f 4479/1/4002 4485/1/4009 4484/1/4008 4478/1/4003
f 4481/1/4031 4486/1/4011 4487/1/4034 4480/1/4030
f 4489/1/4035 4481/1/4031 4480/1/4030 4488/1/4004
f 4491/1/4036 4482/1/4032 4483/1/4033 4490/1/4006
f 4938/1/4032 4933/1/4035 4932/1/4004 4939/1/4033
f 4880/1/4031 4459/1/4011 4458/1/4010 4881/1/4030
f 4450/1/4002 4457/1/4009 4456/1/4008 4451/1/4003
f 4476/1/4028 4491/1/4036 4490/1/4006 4477/1/4029
f 4890/1/4425 4885/1/4022 4884/1/4023 4891/1/4426
f 4470/1/4022 4463/1/4015 4462/1/4014 4471/1/4023
f 4466/1/4018 4473/1/4025 4472/1/4024 4467/1/4019
f 4906/1/4437 4901/1/4432 4900/1/4431 4907/1/4438
f 4460/1/4012 4475/1/4027 4474/1/4026 4461/1/4013
f 4486/1/4011 4479/1/4002 4478/1/4003 4487/1/4034
f 4922/1/4451 4917/1/4447 4916/1/4446 4923/1/4452
f 4482/1/4032 4489/1/4035 4488/1/4004 4483/1/4033
f 4934/1/4456 4943/1/4457 4942/1/4003 4935/1/4010
f 4954/1/4466 4949/1/4461 4948/1/4460 4955/1/4467
f 4960/1/4472 4947/1/4459 4946/1/4458 4961/1/4473
f 4950/1/4462 4959/1/4471 4958/1/4470 4951/1/4463
f 4507/1/4052 4492/1/4037 4493/1/4038 4506/1/4051
f 4492/1/4037 4500/1/4045 4501/1/4046 4493/1/4038
f 4500/1/4045 4494/1/4039 4495/1/4040 4501/1/4046
f 4494/1/4039 4502/1/4047 4503/1/4048 4495/1/4040
f 4502/1/4047 4496/1/4041 4497/1/4042 4503/1/4048
f 4496/1/4041 4504/1/4049 4505/1/4050 4497/1/4042
f 4504/1/4049 4498/1/4043 4499/1/4044 4505/1/4050
f 4498/1/4043 4507/1/4052 4506/1/4051 4499/1/4044
f 4523/1/4068 4508/1/4053 4509/1/4054 4522/1/4067
f 4508/1/4053 4516/1/4061 4517/1/4062 4509/1/4054
f 4516/1/4061 4510/1/4055 4511/1/4056 4517/1/4062
f 4510/1/4055 4518/1/4063 4519/1/4064 4511/1/4056
f 4518/1/4063 4512/1/4057 4513/1/4058 4519/1/4064
f 4512/1/4057 4520/1/4065 4521/1/4066 4513/1/4058
f 4520/1/4065 4514/1/4059 4515/1/4060 4521/1/4066
f 4514/1/4059 4523/1/4068 4522/1/4067 4515/1/4060
f 4539/1/4084 4524/1/4069 4525/1/4070 4538/1/4083
f 4524/1/4069 4532/1/4077 4533/1/4078 4525/1/4070
f 4532/1/4077 4526/1/4071 4527/1/4072 4533/1/4078
f 4526/1/4071 4534/1/4079 4535/1/4080 4527/1/4072
f 4534/1/4079 4528/1/4073 4529/1/4074 4535/1/4080
f 4528/1/4073 4536/1/4081 4537/1/4082 4529/1/4074
f 4536/1/4081 4530/1/4075 4531/1/4076 4537/1/4082
f 4530/1/4075 4539/1/4084 4538/1/4083 4531/1/4076
f 4555/1/4100 4540/1/4085 4541/1/4086 4554/1/4099
f 4540/1/4085 4548/1/4093 4549/1/4094 4541/1/4086
f 4548/1/4093 4542/1/4087 4543/1/4088 4549/1/4094
f 4542/1/4087 4550/1/4095 4551/1/4096 4543/1/4088
f 4550/1/4095 4544/1/4089 4545/1/4090 4551/1/4096
f 4544/1/4089 4552/1/4097 4553/1/4098 4545/1/4090
f 4552/1/4097 4546/1/4091 4547/1/4092 4553/1/4098
f 4546/1/4091 4555/1/4100 4554/1/4099 4547/1/4092
f 4571/1/4116 4556/1/4101 4557/1/4102 4570/1/4115
f 4556/1/4101 4564/1/4109 4565/1/4110 4557/1/4102
f 4564/1/4109 4558/1/4103 4559/1/4104 4565/1/4110
f 4558/1/4103 4566/1/4111 4567/1/4112 4559/1/4104
f 4566/1/4111 4560/1/4105 4561/1/4106 4567/1/4112
f 4560/1/4105 4568/1/4113 4569/1/4114 4561/1/4106
f 4568/1/4113 4562/1/4107 4563/1/4108 4569/1/4114
f 4562/1/4107 4571/1/4116 4570/1/4115 4563/1/4108
f 4587/1/4132 4572/1/4117 4573/1/4118 4586/1/4131
f 4572/1/4117 4580/1/4125 4581/1/4126 4573/1/4118
f 4580/1/4125 4574/1/4119 4575/1/4120 4581/1/4126
f 4574/1/4119 4582/1/4127 4583/1/4128 4575/1/4120
f 4582/1/4127 4576/1/4121 4577/1/4122 4583/1/4128
f 4576/1/4121 4584/1/4129 4585/1/4130 4577/1/4122
f 4584/1/4129 4578/1/4123 4579/1/4124 4585/1/4130
f 4578/1/4123 4587/1/4132 4586/1/4131 4579/1/4124
f 4603/1/4148 4588/1/4133 4589/1/4134 4602/1/4147
f 4588/1/4133 4596/1/4141 4597/1/4142 4589/1/4134
f 4596/1/4141 4590/1/4135 4591/1/4136 4597/1/4142
f 4590/1/4135 4598/1/4143 4599/1/4144 4591/1/4136
f 4598/1/4143 4592/1/4137 4593/1/4138 4599/1/4144
f 4592/1/4137 4600/1/4145 4601/1/4146 4593/1/4138
f 4600/1/4145 4594/1/4139 4595/1/4140 4601/1/4146
f 4594/1/4139 4603/1/4148 4602/1/4147 4595/1/4140
f 4619/1/4164 4604/1/4149 4605/1/4150 4618/1/4163
f 4604/1/4149 4612/1/4157 4613/1/4158 4605/1/4150
f 4612/1/4157 4606/1/4151 4607/1/4152 4613/1/4158
f 4606/1/4151 4614/1/4159 4615/1/4160 4607/1/4152
f 4614/1/4159 4608/1/4153 4609/1/4154 4615/1/4160
f 4608/1/4153 4616/1/4161 4617/1/4162 4609/1/4154
f 4616/1/4161 4610/1/4155 4611/1/4156 4617/1/4162
f 4610/1/4155 4619/1/4164 4618/1/4163 4611/1/4156
f 4635/1/4180 4620/1/4165 4621/1/4166 4634/1/4179
f 4620/1/4165 4628/1/4173 4629/1/4174 4621/1/4166
f 4628/1/4173 4622/1/4167 4623/1/4168 4629/1/4174
f 4622/1/4167 4630/1/4175 4631/1/4176 4623/1/4168
f 4630/1/4175 4624/1/4169 4625/1/4170 4631/1/4176
f 4624/1/4169 4632/1/4177 4633/1/4178 4625/1/4170
f 4632/1/4177 4626/1/4171 4627/1/4172 4633/1/4178
f 4626/1/4171 4635/1/4180 4634/1/4179 4627/1/4172
f 4650/1/4195 4636/1/4181 4637/1/4182 4651/1/4196
f 4636/1/4181 4644/1/4189 4645/1/4190 4637/1/4182
f 4644/1/4189 4638/1/4183 4639/1/4184 4645/1/4190
f 4638/1/4183 4646/1/4191 4647/1/4192 4639/1/4184
f 4646/1/4191 4640/1/4185 4641/1/4186 4647/1/4192
f 4640/1/4185 4648/1/4193 4649/1/4194 4641/1/4186
f 4648/1/4193 4642/1/4187 4643/1/4188 4649/1/4194
f 4642/1/4187 4650/1/4195 4651/1/4196 4643/1/4188
f 4667/1/4212 4652/1/4197 4653/1/4198 4666/1/4211
f 4652/1/4197 4660/1/4205 4661/1/4206 4653/1/4198
f 4660/1/4205 4654/1/4199 4655/1/4200 4661/1/4206
f 4654/1/4199 4662/1/4207 4663/1/4208 4655/1/4200
f 4662/1/4207 4656/1/4201 4657/1/4202 4663/1/4208
f 4656/1/4201 4664/1/4209 4665/1/4210 4657/1/4202
f 4664/1/4209 4658/1/4203 4659/1/4204 4665/1/4210
f 4658/1/4203 4667/1/4212 4666/1/4211 4659/1/4204
f 4683/1/4228 4668/1/4213 4669/1/4214 4682/1/4227
f 4668/1/4213 4676/1/4221 4677/1/4222 4669/1/4214
f 4676/1/4221 4670/1/4215 4671/1/4216 4677/1/4222
f 4670/1/4215 4678/1/4223 4679/1/4224 4671/1/4216
f 4678/1/4223 4672/1/4217 4673/1/4218 4679/1/4224
f 4672/1/4217 4680/1/4225 4681/1/4226 4673/1/4218
f 4680/1/4225 4674/1/4219 4675/1/4220 4681/1/4226
f 4674/1/4219 4683/1/4228 4682/1/4227 4675/1/4220
f 4699/1/4244 4684/1/4229 4685/1/4230 4698/1/4243
f 4684/1/4229 4692/1/4237 4693/1/4238 4685/1/4230
f 4692/1/4237 4686/1/4231 4687/1/4232 4693/1/4238
f 4686/1/4231 4694/1/4239 4695/1/4240 4687/1/4232
f 4694/1/4239 4688/1/4233 4689/1/4234 4695/1/4240
f 4688/1/4233 4696/1/4241 4697/1/4242 4689/1/4234
f 4696/1/4241 4690/1/4235 4691/1/4236 4697/1/4242
f 4690/1/4235 4699/1/4244 4698/1/4243 4691/1/4236
f 4714/1/4259 4700/1/4245 4701/1/4246 4715/1/4260
f 4700/1/4245 4708/1/4253 4709/1/4254 4701/1/4246
f 4708/1/4253 4702/1/4247 4703/1/4248 4709/1/4254
f 4702/1/4247 4710/1/4255 4711/1/4256 4703/1/4248
f 4710/1/4255 4704/1/4249 4705/1/4250 4711/1/4256
f 4704/1/4249 4712/1/4257 4713/1/4258 4705/1/4250
f 4712/1/4257 4706/1/4251 4707/1/4252 4713/1/4258
f 4706/1/4251 4714/1/4259 4715/1/4260 4707/1/4252
f 4731/1/4276 4716/1/4261 4717/1/4262 4730/1/4275
f 4716/1/4261 4724/1/4269 4725/1/4270 4717/1/4262
f 4724/1/4269 4718/1/4263 4719/1/4264 4725/1/4270
f 4718/1/4263 4726/1/4271 4727/1/4272 4719/1/4264
f 4726/1/4271 4720/1/4265 4721/1/4266 4727/1/4272
f 4720/1/4265 4728/1/4273 4729/1/4274 4721/1/4266
f 4728/1/4273 4722/1/4267 4723/1/4268 4729/1/4274
f 4722/1/4267 4731/1/4276 4730/1/4275 4723/1/4268
f 4747/1/4292 4732/1/4277 4733/1/4278 4746/1/4291
f 4732/1/4277 4740/1/4285 4741/1/4286 4733/1/4278
f 4740/1/4285 4734/1/4279 4735/1/4280 4741/1/4286
f 4734/1/4279 4742/1/4287 4743/1/4288 4735/1/4280
f 4742/1/4287 4736/1/4281 4737/1/4282 4743/1/4288
f 4736/1/4281 4744/1/4289 4745/1/4290 4737/1/4282
f 4744/1/4289 4738/1/4283 4739/1/4284 4745/1/4290
f 4738/1/4283 4747/1/4292 4746/1/4291 4739/1/4284
f 4763/1/4308 4748/1/4293 4749/1/4294 4762/1/4307
f 4748/1/4293 4756/1/4301 4757/1/4302 4749/1/4294
f 4756/1/4301 4750/1/4295 4751/1/4296 4757/1/4302
f 4750/1/4295 4758/1/4303 4759/1/4304 4751/1/4296
f 4758/1/4303 4752/1/4297 4753/1/4298 4759/1/4304
f 4752/1/4297 4760/1/4305 4761/1/4306 4753/1/4298
f 4760/1/4305 4754/1/4299 4755/1/4300 4761/1/4306
f 4754/1/4299 4763/1/4308 4762/1/4307 4755/1/4300
f 4778/1/4323 4764/1/4309 4765/1/4310 4779/1/4324
f 4764/1/4309 4772/1/4317 4773/1/4318 4765/1/4310
f 4772/1/4317 4766/1/4311 4767/1/4312 4773/1/4318
f 4766/1/4311 4774/1/4319 4775/1/4320 4767/1/4312
f 4774/1/4319 4768/1/4313 4769/1/4314 4775/1/4320
f 4768/1/4313 4776/1/4321 4777/1/4322 4769/1/4314
f 4776/1/4321 4770/1/4315 4771/1/4316 4777/1/4322
f 4770/1/4315 4778/1/4323 4779/1/4324 4771/1/4316
f 4795/1/4340 4780/1/4325 4781/1/4326 4794/1/4339
f 4780/1/4325 4788/1/4333 4789/1/4334 4781/1/4326
f 4788/1/4333 4782/1/4327 4783/1/4328 4789/1/4334
f 4782/1/4327 4790/1/4335 4791/1/4336 4783/1/4328
f 4790/1/4335 4784/1/4329 4785/1/4330 4791/1/4336
f 4784/1/4329 4792/1/4337 4793/1/4338 4785/1/4330
f 4792/1/4337 4786/1/4331 4787/1/4332 4793/1/4338
f 4786/1/4331 4795/1/4340 4794/1/4339 4787/1/4332
f 4811/1/4356 4796/1/4341 4797/1/4342 4810/1/4355
f 4796/1/4341 4804/1/4349 4805/1/4350 4797/1/4342
f 4804/1/4349 4798/1/4343 4799/1/4344 4805/1/4350
f 4798/1/4343 4806/1/4351 4807/1/4352 4799/1/4344
f 4806/1/4351 4800/1/4345 4801/1/4346 4807/1/4352
f 4800/1/4345 4808/1/4353 4809/1/4354 4801/1/4346
f 4808/1/4353 4802/1/4347 4803/1/4348 4809/1/4354
f 4802/1/4347 4811/1/4356 4810/1/4355 4803/1/4348
f 4827/1/4372 4812/1/4357 4813/1/4358 4826/1/4371
f 4812/1/4357 4820/1/4365 4821/1/4366 4813/1/4358
f 4820/1/4365 4814/1/4359 4815/1/4360 4821/1/4366
f 4814/1/4359 4822/1/4367 4823/1/4368 4815/1/4360
f 4822/1/4367 4816/1/4361 4817/1/4362 4823/1/4368
f 4816/1/4361 4824/1/4369 4825/1/4370 4817/1/4362
f 4824/1/4369 4818/1/4363 4819/1/4364 4825/1/4370
f 4818/1/4363 4827/1/4372 4826/1/4371 4819/1/4364
f 4842/1/4387 4828/1/4373 4829/1/4374 4843/1/4388
f 4828/1/4373 4836/1/4381 4837/1/4382 4829/1/4374
f 4836/1/4381 4830/1/4375 4831/1/4376 4837/1/4382
f 4830/1/4375 4838/1/4383 4839/1/4384 4831/1/4376
f 4838/1/4383 4832/1/4377 4833/1/4378 4839/1/4384
f 4832/1/4377 4840/1/4385 4841/1/4386 4833/1/4378
f 4840/1/4385 4834/1/4379 4835/1/4380 4841/1/4386
f 4834/1/4379 4842/1/4387 4843/1/4388 4835/1/4380
f 4859/1/4404 4844/1/4389 4845/1/4390 4858/1/4403
f 4844/1/4389 4852/1/4397 4853/1/4398 4845/1/4390
f 4852/1/4397 4846/1/4391 4847/1/4392 4853/1/4398
f 4846/1/4391 4854/1/4399 4855/1/4400 4847/1/4392
f 4854/1/4399 4848/1/4393 4849/1/4394 4855/1/4400
f 4848/1/4393 4856/1/4401 4857/1/4402 4849/1/4394
f 4856/1/4401 4850/1/4395 4851/1/4396 4857/1/4402
f 4850/1/4395 4859/1/4404 4858/1/4403 4851/1/4396
f 4875/1/4419 4860/1/4405 4861/1/4406 4874/1/4418
f 4860/1/4405 4868/1/4412 4869/1/4413 4861/1/4406
f 4868/1/4412 4862/1/4407 4863/1/4408 4869/1/4413
f 4862/1/4407 4870/1/4414 4871/1/4415 4863/1/4408
f 4870/1/4414 4864/1/4187 4865/1/4409 4871/1/4415
f 4864/1/4187 4872/1/4416 4873/1/4417 4865/1/4409
f 4872/1/4416 4866/1/4410 4867/1/4411 4873/1/4417
f 4866/1/4410 4875/1/4419 4874/1/4418 4867/1/4411
f 4977/1/4489 4963/1/4475 4962/1/4474 4976/1/4488
f 4963/1/4475 4971/1/4483 4970/1/4482 4962/1/4474
f 4971/1/4483 4965/1/4477 4964/1/4476 4970/1/4482
f 4965/1/4477 4973/1/4485 4972/1/4484 4964/1/4476
f 4973/1/4485 4967/1/4479 4966/1/4478 4972/1/4484
f 4967/1/4479 4975/1/4487 4974/1/4486 4966/1/4478
f 4975/1/4487 4969/1/4481 4968/1/4480 4974/1/4486
f 4969/1/4481 4977/1/4489 4976/1/4488 4968/1/4480
f 4993/1/4017 4979/1/4490 4978/1/4023 4992/1/4016
f 4979/1/4490 4987/1/4015 4986/1/4014 4978/1/4023
f 4987/1/4015 4980/1/4021 4981/1/4020 4986/1/4014
f 4980/1/4021 4988/1/4428 4989/1/4013 4981/1/4020
f 4988/1/4428 4982/1/4424 4983/1/4026 4989/1/4013
f 4982/1/4424 4990/1/4018 4991/1/4492 4983/1/4026
f 4990/1/4018 4984/1/4491 4985/1/4024 4991/1/4492
f 4984/1/4491 4993/1/4017 4992/1/4016 4985/1/4024
f 5009/1/4508 4994/1/4493 4995/1/4494 5008/1/4507
f 4994/1/4493 5002/1/4501 5003/1/4502 4995/1/4494
f 5002/1/4501 4996/1/4495 4997/1/4496 5003/1/4502
f 4996/1/4495 5004/1/4503 5005/1/4504 4997/1/4496
f 5004/1/4503 4998/1/4497 4999/1/4498 5005/1/4504
f 4998/1/4497 5006/1/4505 5007/1/4506 4999/1/4498
f 5006/1/4505 5000/1/4499 5001/1/4500 5007/1/4506
f 5000/1/4499 5009/1/4508 5008/1/4507 5001/1/4500
f 5025/1/4505 5010/1/4509 5011/1/4510 5024/1/4506
f 5010/1/4509 5018/1/4516 5019/1/4517 5011/1/4510
f 5018/1/4516 5013/1/4512 5012/1/4511 5019/1/4517
f 5013/1/4512 5021/1/4501 5020/1/4502 5012/1/4511
f 5021/1/4501 5015/1/4514 5014/1/4513 5020/1/4502
f 5015/1/4514 5023/1/4518 5022/1/4504 5014/1/4513
f 5023/1/4518 5017/1/4515 5016/1/4498 5022/1/4504
f 5017/1/4515 5025/1/4505 5024/1/4506 5016/1/4498
f 5041/1/4031 5027/1/4456 5026/1/4010 5040/1/4030
f 5027/1/4456 5035/1/4002 5034/1/4521 5026/1/4010
f 5035/1/4002 5029/1/4520 5028/1/4519 5034/1/4521
f 5029/1/4520 5037/1/4028 5036/1/4522 5028/1/4519
f 5037/1/4028 5031/1/4036 5030/1/4006 5036/1/4522
f 5031/1/4036 5039/1/4032 5038/1/4421 5030/1/4006
f 5039/1/4032 5033/1/4035 5032/1/4004 5038/1/4421
f 5033/1/4035 5041/1/4031 5040/1/4030 5032/1/4004
f 5057/1/4534 5043/1/4524 5042/1/4523 5056/1/4533
f 5043/1/4524 5051/1/4529 5050/1/4528 5042/1/4523
f 5051/1/4529 5045/1/4525 5044/1/4474 5050/1/4528
f 5045/1/4525 5053/1/4483 5052/1/4530 5044/1/4474
f 5053/1/4483 5046/1/4526 5047/1/4476 5052/1/4530
f 5046/1/4526 5054/1/4531 5055/1/4532 5047/1/4476
f 5054/1/4531 5048/1/4527 5049/1/4478 5055/1/4532
f 5048/1/4527 5057/1/4534 5056/1/4533 5049/1/4478
f 5073/1/4545 5058/1/4535 5059/1/4536 5072/1/4467
f 5058/1/4535 5066/1/4540 5067/1/4541 5059/1/4536
f 5066/1/4540 5060/1/4537 5061/1/4538 5067/1/4541
f 5060/1/4537 5068/1/4542 5069/1/4543 5061/1/4538
f 5068/1/4542 5062/1/4539 5063/1/4464 5069/1/4543
f 5062/1/4539 5070/1/4544 5071/1/4473 5063/1/4464
f 5070/1/4544 5064/1/4459 5065/1/4458 5071/1/4473
f 5064/1/4459 5073/1/4545 5072/1/4467 5065/1/4458
f 5089/1/4012 5074/1/4027 5075/1/4026 5088/1/4548
f 5074/1/4027 5082/1/4018 5083/1/4492 5075/1/4026
f 5082/1/4018 5076/1/4025 5077/1/4024 5083/1/4492
f 5076/1/4025 5084/1/4017 5085/1/4016 5077/1/4024
f 5084/1/4017 5078/1/4490 5079/1/4546 5085/1/4016
f 5078/1/4490 5087/1/4015 5086/1/4427 5079/1/4546
f 5087/1/4015 5081/1/4423 5080/1/4547 5086/1/4427
f 5081/1/4423 5089/1/4012 5088/1/4548 5080/1/4547
f 5105/1/4453 5091/1/4432 5090/1/4549 5104/1/4553
f 5091/1/4432 5099/1/4440 5098/1/4439 5090/1/4549
f 5099/1/4440 5093/1/4450 5092/1/4434 5098/1/4439
f 5093/1/4450 5101/1/4442 5100/1/4551 5092/1/4434
f 5101/1/4442 5095/1/4436 5094/1/4435 5100/1/4551
f 5095/1/4436 5103/1/4443 5102/1/4552 5094/1/4435
f 5103/1/4443 5097/1/4430 5096/1/4550 5102/1/4552
f 5097/1/4430 5105/1/4453 5104/1/4553 5096/1/4550
f 5121/1/4031 5107/1/4011 5106/1/4010 5120/1/4030
f 5107/1/4011 5115/1/4002 5114/1/4003 5106/1/4010
f 5115/1/4002 5109/1/4009 5108/1/4008 5114/1/4003
f 5109/1/4009 5117/1/4028 5116/1/4420 5108/1/4008
f 5117/1/4028 5111/1/4455 5110/1/4006 5116/1/4420
f 5111/1/4455 5119/1/4032 5118/1/4033 5110/1/4006
f 5119/1/4032 5112/1/4035 5113/1/4004 5118/1/4033
f 5112/1/4035 5121/1/4031 5120/1/4030 5113/1/4004
f 5137/1/4483 5122/1/4554 5123/1/4476 5136/1/4530
f 5122/1/4554 5130/1/4531 5131/1/4532 5123/1/4476
f 5130/1/4531 5124/1/4527 5125/1/4478 5131/1/4532
f 5124/1/4527 5132/1/4534 5133/1/4486 5125/1/4478
f 5132/1/4534 5126/1/4524 5127/1/4480 5133/1/4486
f 5126/1/4524 5134/1/4529 5135/1/4528 5127/1/4480
f 5134/1/4529 5128/1/4525 5129/1/4474 5135/1/4528
f 5128/1/4525 5137/1/4483 5136/1/4530 5129/1/4474
f 5153/1/4017 5138/1/4490 5139/1/4546 5152/1/4016
f 5138/1/4490 5146/1/4015 5147/1/4427 5139/1/4546
f 5146/1/4015 5140/1/4021 5141/1/4020 5147/1/4427
f 5140/1/4021 5148/1/4012 5149/1/4013 5141/1/4020
f 5148/1/4012 5142/1/4027 5143/1/4026 5149/1/4013
f 5142/1/4027 5150/1/4018 5151/1/4492 5143/1/4026
f 5150/1/4018 5144/1/4025 5145/1/4024 5151/1/4492
f 5144/1/4025 5153/1/4017 5152/1/4016 5145/1/4024
f 5169/1/4503 5155/1/4497 5154/1/4498 5168/1/4504
f 5155/1/4497 5163/1/4558 5162/1/4557 5154/1/4498
f 5163/1/4558 5157/1/4499 5156/1/4555 5162/1/4557
f 5157/1/4499 5165/1/4559 5164/1/4507 5156/1/4555
f 5165/1/4559 5159/1/4556 5158/1/4494 5164/1/4507
f 5159/1/4556 5167/1/4560 5166/1/4502 5158/1/4494
f 5167/1/4560 5161/1/4495 5160/1/4496 5166/1/4502
f 5161/1/4495 5169/1/4503 5168/1/4504 5160/1/4496
f 5185/1/4028 5171/1/4036 5170/1/4561 5184/1/4420
f 5171/1/4036 5179/1/4032 5178/1/4563 5170/1/4561
f 5179/1/4032 5173/1/4035 5172/1/4562 5178/1/4563
f 5173/1/4035 5181/1/4031 5180/1/4030 5172/1/4562
f 5181/1/4031 5175/1/4011 5174/1/4034 5180/1/4030
f 5175/1/4011 5183/1/4002 5182/1/4564 5174/1/4034
f 5183/1/4002 5177/1/4009 5176/1/4008 5182/1/4564
f 5177/1/4009 5185/1/4028 5184/1/4420 5176/1/4008
f 5201/1/4534 5187/1/4524 5186/1/4565 5200/1/4568
f 5187/1/4524 5194/1/4529 5195/1/4528 5186/1/4565
f 5194/1/4529 5188/1/4525 5189/1/4474 5195/1/4528
f 5188/1/4525 5196/1/4483 5197/1/4482 5189/1/4474
f 5196/1/4483 5190/1/4477 5191/1/4476 5197/1/4482
f 5190/1/4477 5198/1/4531 5199/1/4567 5191/1/4476
f 5198/1/4531 5192/1/4527 5193/1/4566 5199/1/4567
f 5192/1/4527 5201/1/4534 5200/1/4568 5193/1/4566
f 5217/1/4015 5202/1/4021 5203/1/4020 5216/1/4570
f 5202/1/4021 5210/1/4012 5211/1/4013 5203/1/4020
f 5210/1/4012 5204/1/4027 5205/1/4026 5211/1/4013
f 5204/1/4027 5212/1/4018 5213/1/4019 5205/1/4026
f 5212/1/4018 5206/1/4569 5207/1/4024 5213/1/4019
f 5206/1/4569 5214/1/4425 5215/1/4016 5207/1/4024
f 5214/1/4425 5208/1/4022 5209/1/4023 5215/1/4016
f 5208/1/4022 5217/1/4015 5216/1/4570 5209/1/4023
f 5283/1/4636 5224/1/4577 5225/1673/4578 5282/1675/4635
f 5285/1/4638 5232/1/4585 5233/1644/4586 5284/1/4637
f 5287/1/4640 5240/1/4593 5241/1753/4594 5286/1756/4639
f 5289/1/4642 5248/1/4601 5249/1720/4602 5288/1723/4641
f 5291/1/4644 5256/1/4609 5257/1606/4610 5290/1607/4643
f 5293/1/4646 5264/1/4617 5265/1618/4618 5292/1621/4645
f 5295/1/4648 5272/1/4625 5273/1696/4626 5294/1699/4647
f 5297/1/4650 5280/1/4633 5281/1584/4634 5296/1/4649
f 5299/978/4652 5218/982/4571 5219/1/4572 5298/1/4651
f 5301/1/4654 5219/1/4572 5218/1660/4571 5300/1662/4653
f 5303/1/4656 5222/1/4575 5223/1667/4576 5302/1/4655
f 5305/1680/4658 5226/1683/4579 5227/1/4580 5304/1/4657
f 5307/1/4660 5227/1/4580 5226/1632/4579 5306/1635/4659
f 5309/1657/4662 5228/1659/4581 5229/1/4582 5308/1/4661
f 5311/1653/4664 5234/1656/4587 5235/1/4588 5310/1/4663
f 5313/1/4666 5235/1/4588 5234/1743/4587 5312/1/4665
f 5315/1/4668 5238/1/4591 5239/1760/4592 5314/1761/4667
f 5317/1748/4670 5242/1/4595 5243/1/4596 5316/1/4669
f 5319/1/4672 5243/1/4596 5242/1737/4595 5318/1736/4671
f 5321/1733/4674 5244/1735/4597 5245/1/4598 5320/1/4673
f 5323/1731/4676 5250/1732/4603 5251/1/4604 5322/1/4675
f 5325/1/4678 5251/1/4604 5250/1595/4603 5324/1596/4677
f 5327/1/4680 5254/1/4607 5255/1599/4608 5326/1602/4679
f 5329/1590/4682 5258/1589/4611 5259/1/4612 5328/1/4681
f 5331/1624/4684 5265/1627/4618 5264/1/4617 5330/1/4683
f 5333/1608/4686 5260/1609/4613 5261/1/4614 5332/1/4685
f 5335/1628/4688 5266/1631/4619 5267/1/4620 5334/1/4687
f 5337/1704/4690 5273/1707/4626 5272/1/4625 5336/1/4689
f 5339/1711/4692 5268/1713/4621 5269/1/4622 5338/1/4691
f 5341/1708/4694 5274/1710/4627 5275/1/4628 5340/1/4693
f 5343/1567/4696 5281/1568/4634 5280/1/4633 5342/1/4695
f 5345/1571/4698 5276/1574/4629 5277/1/4630 5344/1/4697
f 5222/1/4575 5283/1/4636 5282/1669/4635 5223/1672/4576
f 5231/1/4584 5285/1/4638 5284/1637/4637 5230/1636/4583
f 5238/1/4591 5287/1/4640 5286/1757/4639 5239/1759/4592
f 5247/1/4600 5289/1/4642 5288/1714/4641 5246/1717/4599
f 5254/1/4607 5291/1/4644 5290/1603/4643 5255/1605/4608
f 5263/1/4616 5293/1/4646 5292/1614/4645 5262/1616/4615
f 5271/1/4624 5295/1/4648 5294/1690/4647 5270/1/4623
f 5279/1/4632 5297/1/4650 5296/1580/4649 5278/1579/4631
f 5221/1684/4574 5299/1685/4652 5298/1/4651 5220/1/4573
f 5224/1/4577 5301/1/4654 5300/1676/4653 5225/1679/4578
f 5220/1/4573 5303/1/4656 5302/1664/4655 5221/1663/4574
f 5228/1639/4581 5305/1643/4658 5304/1/4657 5229/1/4582
f 5232/1/4585 5307/1/4660 5306/1649/4659 5233/1652/4586
f 5230/1646/4583 5309/1648/4662 5308/1/4661 5231/1/4584
f 5237/1745/4590 5311/1747/4664 5310/1/4663 5236/1/4589
f 5240/1/4593 5313/1/4666 5312/1750/4665 5241/1749/4594
f 5236/1/4589 5315/1/4668 5314/1739/4667 5237/1742/4590
f 5244/1718/4597 5317/1719/4670 5316/1/4669 5245/1/4598
f 5248/1/4601 5319/1/4672 5318/1728/4671 5249/1730/4602
f 5246/1724/4599 5321/1727/4674 5320/1/4673 5247/1/4600
f 5253/1592/4606 5323/1591/4676 5322/1/4675 5252/1/4605
f 5256/1/4609 5325/1/4678 5324/1585/4677 5257/1588/4610
f 5252/1/4605 5327/1/4680 5326/1597/4679 5253/1/4606
f 5260/1617/4613 5329/1/4682 5328/1/4681 5261/1/4614
f 5258/1610/4611 5331/1613/4684 5330/1/4683 5259/1/4612
f 5262/1622/4615 5333/1623/4686 5332/1/4685 5263/1/4616
f 5268/1692/4621 5335/1695/4688 5334/1/4687 5269/1/4622
f 5266/1686/4619 5337/1689/4690 5336/1/4689 5267/1/4620
f 5270/1701/4623 5339/1700/4692 5338/1/4691 5271/1/4624
f 5276/1582/4629 5341/1583/4694 5340/1/4693 5277/1/4630
f 5274/1575/4627 5343/1578/4696 5342/1/4695 5275/1/4628
f 5278/1563/4631 5345/1566/4698 5344/1/4697 5279/1/4632
f 5346/1576/4699 5349/1709/4702 5350/987/4703 5347/990/4700
f 5349/803/4702 5351/1573/4704 5352/991/4705 5350/992/4703
f 5351/1573/4704 5353/1572/4706 5354/993/4707 5352/995/4705
f 5353/1565/4706 5356/1564/4709 5355/996/4708 5354/997/4707
f 5358/1037/4711 5372/1036/4725 5373/2486/4726 5359/2485/4712
f 5359/985/4712 5361/984/4714 5360/1038/4713 5358/1037/4711
f 5361/2431/4714 5363/2430/4716 5362/1039/4715 5360/1038/4713
f 5363/1047/4716 5365/1046/4718 5364/1040/4717 5362/1039/4715
f 5365/1049/4718 5367/1048/4720 5366/1041/4719 5364/1040/4717
f 5367/1051/4720 5369/1050/4722 5368/1042/4721 5366/1041/4719
f 5369/1050/4722 5371/1052/4724 5370/1043/4723 5368/1042/4721
f 5371/1054/4724 5373/1053/4726 5372/1036/4725 5370/1043/4723
f 5375/1055/4728 5386/1057/4739 5387/1752/4740 5374/1751/4727
f 5374/1/4727 5376/1744/4729 5377/1058/4730 5375/1059/4728
f 5376/1655/4729 5378/1654/4731 5379/1060/4732 5377/1061/4730
f 5378/1746/4731 5381/1741/4734 5380/1062/4733 5379/1063/4732
f 5383/1755/4736 5387/1754/4740 5386/1071/4739 5384/1072/4737
f 5388/2487/4741 5399/2476/4752 5398/1123/4751 5389/245/4742
f 5389/1074/4742 5391/165/4744 5390/1118/4743 5388/1117/4741
f 5391/2432/4744 5393/1125/4746 5392/1119/4745 5390/1118/4743
f 5393/1125/4746 5395/1124/4748 5394/1120/4747 5392/1119/4745
f 5395/1127/4748 5397/1126/4750 5396/242/4749 5394/1120/4747
f 5400/1726/4753 5403/1725/4756 5404/1138/4757 5401/1139/4754
f 5403/1716/4756 5405/1715/4758 5406/1140/4759 5404/1142/4757
f 5405/1722/4758 5407/1721/4760 5408/1143/4761 5406/1145/4759
f 5407/1721/4760 5410/1729/4763 5409/1146/4762 5408/1148/4761
f 5412/2474/4765 5426/2488/4779 5427/1198/4780 5413/1197/4766
f 5413/1136/4766 5415/1135/4768 5414/1191/4767 5412/1190/4765
f 5415/2423/4768 5417/2414/4770 5416/1192/4769 5414/1191/4767
f 5417/1200/4770 5419/1199/4772 5418/1193/4771 5416/1192/4769
f 5419/1201/4772 5421/350/4774 5420/1194/4773 5418/1193/4771
f 5421/1203/4774 5423/1202/4776 5422/1195/4775 5420/1194/4773
f 5423/1205/4776 5425/1204/4778 5424/1196/4777 5422/1195/4775
f 5425/1207/4778 5427/1206/4780 5426/1189/4779 5424/1196/4777
f 5429/1208/4782 5442/1211/4795 5443/1703/4796 5428/1702/4781
f 5428/1/4781 5430/1691/4783 5431/1212/4784 5429/1214/4782
f 5430/1698/4783 5432/1697/4785 5433/1215/4786 5431/1216/4784
f 5432/1706/4785 5434/1705/4787 5435/1217/4788 5433/1219/4786
f 5434/1688/4787 5436/1687/4789 5437/1220/4790 5435/1221/4788
f 5436/1630/4789 5438/1629/4791 5439/1222/4792 5437/1224/4790
f 5438/1694/4791 5440/1693/4793 5441/1225/4794 5439/1226/4792
f 5440/1712/4793 5443/1703/4796 5442/1227/4795 5441/1228/4794
f 5444/1804/4797 5456/2489/4809 5457/1270/4810 5445/443/4798
f 5446/2428/4799 5449/2421/4802 5448/1266/4801 5447/1265/4800
f 5449/1272/4802 5451/1271/4804 5450/1267/4803 5448/1266/4801
f 5451/1276/4804 5453/1275/4806 5452/1268/4805 5450/1267/4803
f 5453/1278/4806 5455/1277/4808 5454/1269/4807 5452/1268/4805
f 5455/1277/4808 5457/1279/4810 5456/1263/4809 5454/1269/4807
f 5459/1280/4812 5472/1281/4825 5471/1666/4824 5458/1665/4811
f 5458/1/4811 5460/1668/4813 5461/1282/4814 5459/1284/4812
f 5460/1671/4813 5462/1670/4815 5463/1285/4816 5461/1286/4814
f 5462/1674/4815 5464/899/4817 5465/1287/4818 5463/1289/4816
f 5464/1678/4817 5466/1677/4819 5467/1290/4820 5465/1291/4818
f 5466/1661/4819 5469/981/4822 5468/1292/4821 5467/1293/4820
f 5474/1804/4827 5484/2490/4837 5485/1337/4838 5475/1336/4828
f 5476/2427/4829 5479/2426/4832 5478/1333/4831 5477/1332/4830
f 5479/1339/4832 5481/1338/4834 5480/1334/4833 5478/1333/4831
f 5481/1343/4834 5483/1342/4836 5482/1335/4835 5480/1334/4833
f 5483/1345/4836 5485/1344/4838 5484/1330/4837 5482/1335/4835
f 5487/1346/4840 5502/1348/4855 5503/1638/4856 5486/861/4839
f 5486/1/4839 5488/1645/4841 5489/1349/4842 5487/1351/4840
f 5488/1651/4841 5490/1650/4843 5491/1352/4844 5489/1354/4842
f 5490/1634/4843 5492/1633/4845 5493/1355/4846 5491/1356/4844
f 5492/1682/4845 5495/1681/4848 5494/1357/4847 5493/1359/4846
f 5497/1640/4850 5500/1658/4853 5501/1363/4854 5498/1365/4851
f 5500/1647/4853 5503/1638/4856 5502/1366/4855 5501/1367/4854
f 5504/2491/4857 5518/2492/4871 5519/1412/4872 5505/1411/4858
f 5505/561/4858 5507/1368/4860 5506/1405/4859 5504/1404/4857
f 5507/1368/4860 5509/2425/4862 5508/1406/4861 5506/1405/4859
f 5509/1414/4862 5511/1413/4864 5510/1407/4863 5508/1406/4861
f 5511/619/4864 5513/1415/4866 5512/1408/4865 5510/1407/4863
f 5513/1416/4866 5515/620/4868 5514/1409/4867 5512/1408/4865
f 5515/620/4868 5517/622/4870 5516/1410/4869 5514/1409/4867
f 5517/622/4870 5519/1417/4872 5518/1403/4871 5516/1410/4869
f 5520/1620/4873 5523/1619/4876 5524/1426/4877 5521/1427/4874
f 5523/1626/4876 5526/1625/4879 5525/1428/4878 5524/1429/4877
f 5528/2493/4881 5542/2494/4895 5543/1479/4896 5529/1478/4882
f 5529/1433/4882 5531/1432/4884 5530/1472/4883 5528/1471/4881
f 5531/2429/4884 5533/2152/4886 5532/1473/4885 5530/1472/4883
f 5533/1481/4886 5535/1480/4888 5534/1474/4887 5532/1473/4885
f 5535/1480/4888 5537/1482/4890 5536/1475/4889 5534/1474/4887
f 5538/1487/4891 5541/1486/4894 5540/1477/4893 5539/1476/4892
f 5541/1489/4894 5543/1488/4896 5542/1470/4895 5540/1477/4893
f 5544/1/4897 5547/1598/4900 5548/1495/4901 5545/1497/4898
f 5547/1601/4900 5549/1600/4902 5550/1498/4903 5548/1500/4901
f 5549/1600/4902 5551/1604/4904 5552/1501/4905 5550/1502/4903
f 5551/1604/4904 5553/1587/4906 5554/1503/4907 5552/1504/4905
f 5553/1587/4906 5556/1586/4909 5555/1505/4908 5554/1507/4907
f 5558/2495/4911 5572/2494/4925 5573/1552/4926 5559/1551/4912
f 5559/1512/4912 5561/731/4914 5560/1545/4913 5558/1544/4911
f 5561/2177/4914 5563/2410/4916 5562/1546/4915 5560/1545/4913
f 5563/1554/4916 5565/1553/4918 5564/1547/4917 5562/1546/4915
f 5565/1556/4918 5567/1555/4920 5566/1548/4919 5564/1547/4917
f 5567/1558/4920 5569/1557/4922 5568/1549/4921 5566/1548/4919
f 5569/1560/4922 5571/1559/4924 5570/1550/4923 5568/1549/4921
f 5571/1562/4924 5573/1561/4926 5572/1543/4925 5570/1550/4923
f 5639/1/4992 5580/1/4933 5581/1/4934 5638/1/4991
f 5641/1/4994 5588/1/4941 5589/1/4942 5640/1/4993
f 5643/1/4996 5596/1/4949 5597/1/4950 5642/1/4995
f 5645/1/4998 5604/1/4957 5605/1/4958 5644/1/4997
f 5647/1/5000 5612/1/4965 5613/1/4966 5646/1/4999
f 5649/1/5002 5620/1/4973 5621/1/4974 5648/1/5001
f 5651/1/5004 5628/1/4981 5629/1/4982 5650/1/5003
f 5653/1/5006 5636/1/4989 5637/1/4990 5652/1/5005
f 5655/1/5008 5574/1/4927 5575/1/4928 5654/1/5007
f 5657/1/5010 5575/1/4928 5574/1/4927 5656/1/5009
f 5659/1/5012 5578/1/4931 5579/1/4932 5658/1/5011
f 5661/1/5014 5582/1/4935 5583/1/4936 5660/1/5013
f 5663/1/5016 5583/1/4936 5582/1/4935 5662/1/5015
f 5665/1/5018 5584/1/4937 5585/1/4938 5664/1/5017
f 5667/1/5020 5590/1/4943 5591/1/4944 5666/1/5019
f 5669/1/5022 5591/1/4944 5590/1/4943 5668/1/5021
f 5671/1/5024 5594/1/4947 5595/1/4948 5670/1/5023
f 5673/1/5026 5598/1/4951 5599/1/4952 5672/1/5025
f 5675/1/5028 5599/1/4952 5598/1/4951 5674/1/5027
f 5677/1/5030 5600/1/4953 5601/1/4954 5676/1/5029
f 5679/1/5032 5606/1/4959 5607/1/4960 5678/1/5031
f 5681/1/5034 5607/1/4960 5606/1/4959 5680/1/5033
f 5683/1/5036 5610/1/4963 5611/1/4964 5682/1/5035
f 5685/1/5038 5614/1/4967 5615/1/4968 5684/1/5037
f 5687/1/5040 5621/1/4974 5620/1/4973 5686/1/5039
f 5689/1/5042 5616/1/4969 5617/1/4970 5688/1/5041
f 5691/1/5044 5622/1/4975 5623/1/4976 5690/1/5043
f 5693/1/5046 5629/1/4982 5628/1/4981 5692/1/5045
f 5695/1/5048 5624/1/4977 5625/1/4978 5694/1/5047
f 5697/1/5050 5630/1/4983 5631/1/4984 5696/1/5049
f 5699/1/5052 5637/1/4990 5636/1/4989 5698/1/5051
f 5701/1/5054 5632/1/4985 5633/1/4986 5700/1/5053
f 5578/1/4931 5639/1/4992 5638/1/4991 5579/1/4932
f 5587/1/4940 5641/1/4994 5640/1/4993 5586/1/4939
f 5594/1/4947 5643/1/4996 5642/1/4995 5595/1/4948
f 5603/1/4956 5645/1/4998 5644/1/4997 5602/1/4955
f 5610/1/4963 5647/1/5000 5646/1/4999 5611/1/4964
f 5619/1/4972 5649/1/5002 5648/1/5001 5618/1/4971
f 5627/1/4980 5651/1/5004 5650/1/5003 5626/1/4979
f 5635/1/4988 5653/1/5006 5652/1/5005 5634/1/4987
f 5577/1/4930 5655/1/5008 5654/1/5007 5576/1/4929
f 5580/1/4933 5657/1/5010 5656/1/5009 5581/1/4934
f 5576/1/4929 5659/1/5012 5658/1/5011 5577/1/4930
f 5584/1/4937 5661/1/5014 5660/1/5013 5585/1/4938
f 5588/1/4941 5663/1/5016 5662/1/5015 5589/1/4942
f 5586/1/4939 5665/1/5018 5664/1/5017 5587/1/4940
f 5593/1/4946 5667/1/5020 5666/1/5019 5592/1/4945
f 5596/1/4949 5669/1/5022 5668/1/5021 5597/1/4950
f 5592/1/4945 5671/1/5024 5670/1/5023 5593/1/4946
f 5600/1/4953 5673/1/5026 5672/1/5025 5601/1/4954
f 5604/1/4957 5675/1/5028 5674/1/5027 5605/1/4958
f 5602/1/4955 5677/1/5030 5676/1/5029 5603/1/4956
f 5609/1/4962 5679/1/5032 5678/1/5031 5608/1/4961
f 5612/1/4965 5681/1/5034 5680/1/5033 5613/1/4966
f 5608/1/4961 5683/1/5036 5682/1/5035 5609/1/4962
f 5616/1/4969 5685/1/5038 5684/1/5037 5617/1/4970
f 5614/1/4967 5687/1/5040 5686/1/5039 5615/1/4968
f 5618/1/4971 5689/1/5042 5688/1/5041 5619/1/4972
f 5624/1/4977 5691/1/5044 5690/1/5043 5625/1/4978
f 5622/1/4975 5693/1/5046 5692/1/5045 5623/1/4976
f 5626/1/4979 5695/1/5048 5694/1/5047 5627/1/4980
f 5632/1/4985 5697/1/5050 5696/1/5049 5633/1/4986
f 5630/1/4983 5699/1/5052 5698/1/5051 5631/1/4984
f 5634/1/4987 5701/1/5054 5700/1/5053 5635/1/4988
f 5703/1/5056 5704/1/5057 5705/1/5058 5702/1/5055
f 5717/1/5070 5703/1/5056 5702/1/5055 5716/1/5069
f 5704/1/5057 5706/1/5059 5707/1/5060 5705/1/5058
f 5706/1/5059 5708/1/5061 5709/1/5062 5707/1/5060
f 5708/1/5061 5710/1/5063 5711/1/5064 5709/1/5062
f 5710/1/5063 5712/1/5065 5713/1/5066 5711/1/5064
f 5712/1/5065 5714/1/5067 5715/1/5068 5713/1/5066
f 5714/1/5067 5717/1/5070 5716/1/5069 5715/1/5068
f 5783/1/5130 5724/1/5077 5725/1/5078 5782/1/5129
f 5785/1/5132 5732/1/5085 5733/1/5086 5784/1/5131
f 5787/1/5134 5740/1/5093 5741/1/5094 5786/1/5133
f 5789/1/5136 5748/1/5101 5749/1/5102 5788/1/5135
f 5791/1/5138 5756/1/5109 5757/1/5110 5790/1/5137
f 5793/1/5140 5764/1/5117 5765/1/5118 5792/1/5139
f 5795/1/5142 5772/1/5105 5773/1/5106 5794/1/5141
f 5797/1/5144 5780/1/5127 5781/1/5128 5796/1/5143
f 5799/1/5146 5718/1/5071 5719/1/5072 5798/1/5145
f 5801/1/5148 5719/1/5072 5718/1/5071 5800/1/5147
f 5803/1/5150 5722/1/5075 5723/1/5076 5802/1/5149
f 5805/1/5152 5726/1/5079 5727/1/5080 5804/1/5151
f 5807/1/5154 5727/1/5080 5726/1/5079 5806/1/5153
f 5809/1/5156 5728/1/5081 5729/1/5082 5808/1/5155
f 5811/1/5158 5734/1/5087 5735/1/5088 5810/1/5157
f 5813/1/5160 5735/1/5088 5734/1/5087 5812/1/5159
f 5815/1/5162 5738/1/5091 5739/1/5092 5814/1/5161
f 5817/1/5164 5742/1/5095 5743/1/5096 5816/1/5163
f 5819/1/5166 5743/1/5096 5742/1/5095 5818/1/5165
f 5821/1/5168 5744/1/5097 5745/1/5098 5820/1/5167
f 5823/1/5141 5750/1/5103 5751/1/5104 5822/1/5142
f 5825/1/5170 5751/1/5104 5750/1/5103 5824/1/5169
f 5827/1/5172 5754/1/5107 5755/1/5108 5826/1/5171
f 5829/1/5174 5758/1/5111 5759/1/5112 5828/1/5173
f 5831/1/5176 5765/1/5118 5764/1/5117 5830/1/5175
f 5833/1/5178 5760/1/5113 5761/1/5114 5832/1/5177
f 5835/1/5180 5766/1/5119 5767/1/5107 5834/1/5179
f 5837/1/5171 5773/1/5106 5772/1/5105 5836/1/5172
f 5839/1/5169 5768/1/5110 5769/1/5120 5838/1/5170
f 5841/1/5182 5774/1/5121 5775/1/5122 5840/1/5181
f 5843/1/5184 5781/1/5128 5780/1/5127 5842/1/5183
f 5845/1/5186 5776/1/5123 5777/1/5124 5844/1/5185
f 5722/1/5075 5783/1/5130 5782/1/5129 5723/1/5076
f 5731/1/5084 5785/1/5132 5784/1/5131 5730/1/5083
f 5738/1/5091 5787/1/5134 5786/1/5133 5739/1/5092
f 5747/1/5100 5789/1/5136 5788/1/5135 5746/1/5099
f 5754/1/5107 5791/1/5138 5790/1/5137 5755/1/5108
f 5763/1/5116 5793/1/5140 5792/1/5139 5762/1/5115
f 5771/1/5104 5795/1/5142 5794/1/5141 5770/1/5103
f 5779/1/5126 5797/1/5144 5796/1/5143 5778/1/5125
f 5721/1/5074 5799/1/5146 5798/1/5145 5720/1/5073
f 5724/1/5077 5801/1/5148 5800/1/5147 5725/1/5078
f 5720/1/5073 5803/1/5150 5802/1/5149 5721/1/5074
f 5728/1/5081 5805/1/5152 5804/1/5151 5729/1/5082
f 5732/1/5085 5807/1/5154 5806/1/5153 5733/1/5086
f 5730/1/5083 5809/1/5156 5808/1/5155 5731/1/5084
f 5737/1/5090 5811/1/5158 5810/1/5157 5736/1/5089
f 5740/1/5093 5813/1/5160 5812/1/5159 5741/1/5094
f 5736/1/5089 5815/1/5162 5814/1/5161 5737/1/5090
f 5744/1/5097 5817/1/5164 5816/1/5163 5745/1/5098
f 5748/1/5101 5819/1/5166 5818/1/5165 5749/1/5102
f 5746/1/5099 5821/1/5168 5820/1/5167 5747/1/5100
f 5753/1/5106 5823/1/5141 5822/1/5142 5752/1/5105
f 5756/1/5109 5825/1/5170 5824/1/5169 5757/1/5110
f 5752/1/5105 5827/1/5172 5826/1/5171 5753/1/5106
f 5760/1/5113 5829/1/5174 5828/1/5173 5761/1/5114
f 5758/1/5111 5831/1/5176 5830/1/5175 5759/1/5112
f 5762/1/5115 5833/1/5178 5832/1/5177 5763/1/5116
f 5768/1/5110 5835/1/5180 5834/1/5179 5769/1/5120
f 5766/1/5119 5837/1/5171 5836/1/5172 5767/1/5107
f 5770/1/5103 5839/1/5169 5838/1/5170 5771/1/5104
f 5776/1/5123 5841/1/5182 5840/1/5181 5777/1/5124
f 5774/1/5121 5843/1/5184 5842/1/5183 5775/1/5122
f 5778/1/5125 5845/1/5186 5844/1/5185 5779/1/5126
f 5847/1/5188 5848/1/5189 5849/1/5190 5846/1/5187
f 5861/1/5202 5847/1/5188 5846/1/5187 5860/1/5201
f 5848/1/5189 5850/1/5191 5851/1/5192 5849/1/5190
f 5850/1/5191 5852/1/5193 5853/1/5194 5851/1/5192
f 5852/1/5193 5854/1/5195 5855/1/5196 5853/1/5194
f 5854/1/5195 5856/1/5197 5857/1/5198 5855/1/5196
f 5856/1/5197 5858/1/5199 5859/1/5200 5857/1/5198
f 5858/1/5199 5861/1/5202 5860/1/5201 5859/1/5200
f 5927/1/5261 5868/1/5209 5869/1/5210 5926/1/5260
f 5929/1/5263 5876/1/5217 5877/1/5218 5928/1/5262
f 5931/1/5265 5884/1/5225 5885/1/5226 5930/1/5264
f 5933/1/5267 5892/1/5233 5893/1/5234 5932/1/5266
f 5935/1/5269 5900/1/5241 5901/1/5242 5934/1/5268
f 5937/1/5271 5908/1/5249 5909/1/5250 5936/1/5270
f 5939/1/5273 5916/1/5237 5917/1/5238 5938/1/5272
f 5941/1/5275 5924/1/5258 5925/1/5259 5940/1/5274
f 5943/1/5277 5862/1/5203 5863/1/5204 5942/1/5276
f 5945/1/5279 5863/1/5204 5862/1/5203 5944/1/5278
f 5947/1/5281 5866/1/5207 5867/1/5208 5946/1/5280
f 5949/1/5283 5870/1/5211 5871/1/5212 5948/1/5282
f 5951/1/5285 5871/1/5212 5870/1/5211 5950/1/5284
f 5953/1/5287 5872/1/5213 5873/1/5214 5952/1/5286
f 5955/1/5289 5878/1/5219 5879/1/5220 5954/1/5288
f 5957/1/5291 5879/1/5220 5878/1/5219 5956/1/5290
f 5959/1/5293 5882/1/5223 5883/1/5224 5958/1/5292
f 5961/1/5295 5886/1/5227 5887/1/5228 5960/1/5294
f 5963/1/5297 5887/1/5228 5886/1/5227 5962/1/5296
f 5965/1/5299 5888/1/5229 5889/1/5230 5964/1/5298
f 5967/1/5272 5894/1/5235 5895/1/5236 5966/1/5300
f 5969/1/5302 5895/1/5236 5894/1/5235 5968/1/5301
f 5971/1/5304 5898/1/5239 5899/1/5240 5970/1/5303
f 5973/1/5306 5902/1/5243 5903/1/5244 5972/1/5305
f 5975/1/5308 5909/1/5250 5908/1/5249 5974/1/5307
f 5977/1/5310 5904/1/5245 5905/1/5246 5976/1/5309
f 5979/1/5268 5910/1/5251 5911/1/5239 5978/1/5269
f 5981/1/5303 5917/1/5238 5916/1/5237 5980/1/5304
f 5983/1/5311 5912/1/5242 5913/1/5241 5982/1/5302
f 5985/1/5313 5918/1/5252 5919/1/5253 5984/1/5312
f 5987/1/5315 5925/1/5259 5924/1/5258 5986/1/5314
f 5989/1/5317 5920/1/5254 5921/1/5255 5988/1/5316
f 5866/1/5207 5927/1/5261 5926/1/5260 5867/1/5208
f 5875/1/5216 5929/1/5263 5928/1/5262 5874/1/5215
f 5882/1/5223 5931/1/5265 5930/1/5264 5883/1/5224
f 5891/1/5232 5933/1/5267 5932/1/5266 5890/1/5231
f 5898/1/5239 5935/1/5269 5934/1/5268 5899/1/5240
f 5907/1/5248 5937/1/5271 5936/1/5270 5906/1/5247
f 5915/1/5236 5939/1/5273 5938/1/5272 5914/1/5235
f 5923/1/5257 5941/1/5275 5940/1/5274 5922/1/5256
f 5865/1/5206 5943/1/5277 5942/1/5276 5864/1/5205
f 5868/1/5209 5945/1/5279 5944/1/5278 5869/1/5210
f 5864/1/5205 5947/1/5281 5946/1/5280 5865/1/5206
f 5872/1/5213 5949/1/5283 5948/1/5282 5873/1/5214
f 5876/1/5217 5951/1/5285 5950/1/5284 5877/1/5218
f 5874/1/5215 5953/1/5287 5952/1/5286 5875/1/5216
f 5881/1/5222 5955/1/5289 5954/1/5288 5880/1/5221
f 5884/1/5225 5957/1/5291 5956/1/5290 5885/1/5226
f 5880/1/5221 5959/1/5293 5958/1/5292 5881/1/5222
f 5888/1/5229 5961/1/5295 5960/1/5294 5889/1/5230
f 5892/1/5233 5963/1/5297 5962/1/5296 5893/1/5234
f 5890/1/5231 5965/1/5299 5964/1/5298 5891/1/5232
f 5897/1/5238 5967/1/5272 5966/1/5300 5896/1/5237
f 5900/1/5241 5969/1/5302 5968/1/5301 5901/1/5242
f 5896/1/5237 5971/1/5304 5970/1/5303 5897/1/5238
f 5904/1/5245 5973/1/5306 5972/1/5305 5905/1/5246
f 5902/1/5243 5975/1/5308 5974/1/5307 5903/1/5244
f 5906/1/5247 5977/1/5310 5976/1/5309 5907/1/5248
f 5912/1/5242 5979/1/5268 5978/1/5269 5913/1/5241
f 5910/1/5251 5981/1/5303 5980/1/5304 5911/1/5239
f 5914/1/5235 5983/1/5311 5982/1/5302 5915/1/5236
f 5920/1/5254 5985/1/5313 5984/1/5312 5921/1/5255
f 5918/1/5252 5987/1/5315 5986/1/5314 5919/1/5253
f 5922/1/5256 5989/1/5317 5988/1/5316 5923/1/5257
f 5991/1/5319 5992/1/5320 5993/1/5321 5990/1/5318
f 6005/1/5333 5991/1/5319 5990/1/5318 6004/1/5332
f 5992/1/5320 5994/1/5322 5995/1/5323 5993/1/5321
f 5994/1/5322 5996/1/5324 5997/1/5325 5995/1/5323
f 5996/1/5324 5998/1/5326 5999/1/5327 5997/1/5325
f 5998/1/5326 6000/1/5328 6001/1/5329 5999/1/5327
f 6000/1/5328 6002/1/5330 6003/1/5331 6001/1/5329
f 6002/1/5330 6005/1/5333 6004/1/5332 6003/1/5331
f 6007/1/5188 6008/1/5189 6009/1/5190 6006/1/5334
f 6021/1/5202 6007/1/5188 6006/1/5334 6020/1/5201
f 6008/1/5189 6010/1/5191 6011/1/5192 6009/1/5190
f 6010/1/5191 6012/1/5193 6013/1/5194 6011/1/5192
f 6012/1/5193 6014/1/5195 6015/1/5196 6013/1/5194
f 6014/1/5195 6016/1/5197 6017/1/5198 6015/1/5196
f 6016/1/5197 6018/1/5199 6019/1/5200 6017/1/5198
f 6018/1/5199 6021/1/5202 6020/1/5201 6019/1/5200
f 6023/1/5335 6024/1/5336 6025/1/5329 6022/1/5327
f 6037/1/5324 6023/1/5335 6022/1/5327 6036/1/5325
f 6024/1/5336 6026/1/5337 6027/1/5338 6025/1/5329
f 6026/1/5337 6028/1/5333 6029/1/5332 6027/1/5338
f 6028/1/5333 6030/1/5319 6031/1/5318 6029/1/5332
f 6030/1/5319 6032/1/5320 6033/1/5321 6031/1/5318
f 6032/1/5320 6034/1/5322 6035/1/5323 6033/1/5321
f 6034/1/5322 6037/1/5324 6036/1/5325 6035/1/5323
f 6039/1/5340 6040/1/5341 6041/1/5342 6038/1/5339
f 6053/1/5354 6039/1/5340 6038/1/5339 6052/1/5353
f 6040/1/5341 6042/1/5343 6043/1/5344 6041/1/5342
f 6042/1/5343 6044/1/5345 6045/1/5346 6043/1/5344
f 6044/1/5345 6046/1/5347 6047/1/5348 6045/1/5346
f 6046/1/5347 6048/1/5349 6049/1/5350 6047/1/5348
f 6048/1/5349 6050/1/5351 6051/1/5352 6049/1/5350
f 6050/1/5351 6053/1/5354 6052/1/5353 6051/1/5352
f 6557/1/5813 6564/1/5820 6565/1/5821 6556/1/5812
f 6541/1/5362 6548/1/5381 6549/1/5382 6540/1/5361
f 6563/1/5819 6557/1/5813 6556/1/5812 6562/1/5818
f 6561/1/5817 6554/1/5810 6555/1/5811 6560/1/5816
f 6547/1/5355 6541/1/5362 6540/1/5361 6546/1/5805
f 6525/1/5800 6532/1/5792 6533/1/5791 6524/1/5799
f 6531/1/5803 6525/1/5800 6524/1/5799 6530/1/5789
f 6497/1/5368 6490/1/5374 6491/1/5373 6496/1/5367
f 6057/1/5358 6484/1/5384 6485/1/5383 6056/1/5357
f 6483/1/5385 6057/1/5358 6056/1/5357 6482/1/5773
f 6513/1/5790 6506/1/5783 6507/1/5784 6512/1/5789
f 6493/1/5775 6500/1/5371 6501/1/5372 6492/1/5379
f 6499/1/5778 6493/1/5775 6492/1/5379 6498/1/5777
f 6529/1/5802 6522/1/5798 6523/1/5781 6528/1/5788
f 6509/1/5786 6516/1/5793 6517/1/5794 6508/1/5785
f 6515/1/5792 6509/1/5786 6508/1/5785 6514/1/5791
f 6545/1/5384 6538/1/5364 6539/1/5363 6544/1/5383
f 6487/1/5378 6494/1/5370 6495/1/5776 6486/1/5774
f 6059/1/5360 6483/1/5385 6482/1/5773 6058/1/5359
f 6489/1/5375 6497/1/5368 6496/1/5367 6488/1/5376
f 6503/1/5780 6510/1/5787 6511/1/5788 6502/1/5779
f 6490/1/5374 6499/1/5778 6498/1/5777 6491/1/5373
f 6505/1/5782 6513/1/5790 6512/1/5789 6504/1/5781
f 6519/1/5796 6526/1/5801 6527/1/5794 6518/1/5795
f 6506/1/5783 6515/1/5792 6514/1/5791 6507/1/5784
f 6521/1/5797 6529/1/5802 6528/1/5788 6520/1/5779
f 6535/1/5804 6542/1/5385 6543/1/5773 6534/1/5359
f 6522/1/5798 6531/1/5803 6530/1/5789 6523/1/5781
f 6537/1/5358 6545/1/5384 6544/1/5383 6536/1/5357
f 6548/1/5381 6535/1/5804 6534/1/5359 6549/1/5382
f 6500/1/5371 6487/1/5378 6486/1/5774 6501/1/5372
f 6551/1/5807 6558/1/5814 6559/1/5815 6550/1/5806
f 6532/1/5792 6519/1/5796 6518/1/5795 6533/1/5791
f 6553/1/5809 6561/1/5817 6560/1/5816 6552/1/5808
f 6516/1/5793 6503/1/5780 6502/1/5779 6517/1/5794
f 6481/1/5772 6059/1/5360 6058/1/5359 6480/1/5771
f 6061/1/5362 6481/1/5772 6480/1/5771 6060/1/5361
f 6073/1/5374 6064/1/5365 6065/1/5366 6072/1/5373
f 6067/1/5368 6073/1/5374 6072/1/5373 6066/1/5367
f 6063/1/5364 6054/1/5355 6055/1/5356 6062/1/5363
f 6069/1/5370 6074/1/5375 6075/1/5376 6068/1/5369
f 6077/1/5378 6069/1/5370 6068/1/5369 6076/1/5377
f 6079/1/5380 6070/1/5371 6071/1/5372 6078/1/5379
f 6089/1/5362 6080/1/5381 6081/1/5382 6088/1/5361
f 6083/1/5355 6089/1/5362 6088/1/5361 6082/1/5356
f 6085/1/5384 6090/1/5364 6091/1/5363 6084/1/5383
f 6093/1/5358 6085/1/5384 6084/1/5383 6092/1/5357
f 6095/1/5360 6086/1/5385 6087/1/5386 6094/1/5359
f 6542/1/5385 6537/1/5358 6536/1/5357 6543/1/5773
f 6484/1/5384 6063/1/5364 6062/1/5363 6485/1/5383
f 6054/1/5355 6061/1/5362 6060/1/5361 6055/1/5356
f 6080/1/5381 6095/1/5360 6094/1/5359 6081/1/5382
f 6494/1/5370 6489/1/5375 6488/1/5376 6495/1/5776
f 6074/1/5375 6067/1/5368 6066/1/5367 6075/1/5376
f 6070/1/5371 6077/1/5378 6076/1/5377 6071/1/5372
f 6510/1/5787 6505/1/5782 6504/1/5781 6511/1/5788
f 6064/1/5365 6079/1/5380 6078/1/5379 6065/1/5366
f 6090/1/5364 6083/1/5355 6082/1/5356 6091/1/5363
f 6526/1/5801 6521/1/5797 6520/1/5779 6527/1/5794
f 6086/1/5385 6093/1/5358 6092/1/5357 6087/1/5386
f 6538/1/5364 6547/1/5355 6546/1/5805 6539/1/5363
f 6558/1/5814 6553/1/5809 6552/1/5808 6559/1/5815
f 6564/1/5820 6551/1/5807 6550/1/5806 6565/1/5821
f 6554/1/5810 6563/1/5819 6562/1/5818 6555/1/5811
f 6111/1/5402 6096/1/5387 6097/1/5388 6110/1/5401
f 6096/1/5387 6104/1/5395 6105/1/5396 6097/1/5388
f 6104/1/5395 6098/1/5389 6099/1/5390 6105/1/5396
f 6098/1/5389 6106/1/5397 6107/1/5398 6099/1/5390
f 6106/1/5397 6100/1/5391 6101/1/5392 6107/1/5398
f 6100/1/5391 6108/1/5399 6109/1/5400 6101/1/5392
f 6108/1/5399 6102/1/5393 6103/1/5394 6109/1/5400
f 6102/1/5393 6111/1/5402 6110/1/5401 6103/1/5394
f 6127/1/5418 6112/1/5403 6113/1/5404 6126/1/5417
f 6112/1/5403 6120/1/5411 6121/1/5412 6113/1/5404
f 6120/1/5411 6114/1/5405 6115/1/5406 6121/1/5412
f 6114/1/5405 6122/1/5413 6123/1/5414 6115/1/5406
f 6122/1/5413 6116/1/5407 6117/1/5408 6123/1/5414
f 6116/1/5407 6124/1/5415 6125/1/5416 6117/1/5408
f 6124/1/5415 6118/1/5409 6119/1/5410 6125/1/5416
f 6118/1/5409 6127/1/5418 6126/1/5417 6119/1/5410
f 6143/1/5434 6128/1/5419 6129/1/5420 6142/1/5433
f 6128/1/5419 6136/1/5427 6137/1/5428 6129/1/5420
f 6136/1/5427 6130/1/5421 6131/1/5422 6137/1/5428
f 6130/1/5421 6138/1/5429 6139/1/5430 6131/1/5422
f 6138/1/5429 6132/1/5423 6133/1/5424 6139/1/5430
f 6132/1/5423 6140/1/5431 6141/1/5432 6133/1/5424
f 6140/1/5431 6134/1/5425 6135/1/5426 6141/1/5432
f 6134/1/5425 6143/1/5434 6142/1/5433 6135/1/5426
f 6159/1/5450 6144/1/5435 6145/1/5436 6158/1/5449
f 6144/1/5435 6152/1/5443 6153/1/5444 6145/1/5436
f 6152/1/5443 6146/1/5437 6147/1/5438 6153/1/5444
f 6146/1/5437 6154/1/5445 6155/1/5446 6147/1/5438
f 6154/1/5445 6148/1/5439 6149/1/5440 6155/1/5446
f 6148/1/5439 6156/1/5447 6157/1/5448 6149/1/5440
f 6156/1/5447 6150/1/5441 6151/1/5442 6157/1/5448
f 6150/1/5441 6159/1/5450 6158/1/5449 6151/1/5442
f 6175/1/5466 6160/1/5451 6161/1/5452 6174/1/5465
f 6160/1/5451 6168/1/5459 6169/1/5460 6161/1/5452
f 6168/1/5459 6162/1/5453 6163/1/5454 6169/1/5460
f 6162/1/5453 6170/1/5461 6171/1/5462 6163/1/5454
f 6170/1/5461 6164/1/5455 6165/1/5456 6171/1/5462
f 6164/1/5455 6172/1/5463 6173/1/5464 6165/1/5456
f 6172/1/5463 6166/1/5457 6167/1/5458 6173/1/5464
f 6166/1/5457 6175/1/5466 6174/1/5465 6167/1/5458
f 6191/1/5482 6176/1/5467 6177/1/5468 6190/1/5481
f 6176/1/5467 6184/1/5475 6185/1/5476 6177/1/5468
f 6184/1/5475 6178/1/5469 6179/1/5470 6185/1/5476
f 6178/1/5469 6186/1/5477 6187/1/5478 6179/1/5470
f 6186/1/5477 6180/1/5471 6181/1/5472 6187/1/5478
f 6180/1/5471 6188/1/5479 6189/1/5480 6181/1/5472
f 6188/1/5479 6182/1/5473 6183/1/5474 6189/1/5480
f 6182/1/5473 6191/1/5482 6190/1/5481 6183/1/5474
f 6207/1/5498 6192/1/5483 6193/1/5484 6206/1/5497
f 6192/1/5483 6200/1/5491 6201/1/5492 6193/1/5484
f 6200/1/5491 6194/1/5485 6195/1/5486 6201/1/5492
f 6194/1/5485 6202/1/5493 6203/1/5494 6195/1/5486
f 6202/1/5493 6196/1/5487 6197/1/5488 6203/1/5494
f 6196/1/5487 6204/1/5495 6205/1/5496 6197/1/5488
f 6204/1/5495 6198/1/5489 6199/1/5490 6205/1/5496
f 6198/1/5489 6207/1/5498 6206/1/5497 6199/1/5490
f 6223/1/5514 6208/1/5499 6209/1/5500 6222/1/5513
f 6208/1/5499 6216/1/5507 6217/1/5508 6209/1/5500
f 6216/1/5507 6210/1/5501 6211/1/5502 6217/1/5508
f 6210/1/5501 6218/1/5509 6219/1/5510 6211/1/5502
f 6218/1/5509 6212/1/5503 6213/1/5504 6219/1/5510
f 6212/1/5503 6220/1/5511 6221/1/5512 6213/1/5504
f 6220/1/5511 6214/1/5505 6215/1/5506 6221/1/5512
f 6214/1/5505 6223/1/5514 6222/1/5513 6215/1/5506
f 6239/1/5530 6224/1/5515 6225/1/5516 6238/1/5529
f 6224/1/5515 6232/1/5523 6233/1/5524 6225/1/5516
f 6232/1/5523 6226/1/5517 6227/1/5518 6233/1/5524
f 6226/1/5517 6234/1/5525 6235/1/5526 6227/1/5518
f 6234/1/5525 6228/1/5519 6229/1/5520 6235/1/5526
f 6228/1/5519 6236/1/5527 6237/1/5528 6229/1/5520
f 6236/1/5527 6230/1/5521 6231/1/5522 6237/1/5528
f 6230/1/5521 6239/1/5530 6238/1/5529 6231/1/5522
f 6254/1/5545 6240/1/5531 6241/1/5532 6255/1/5546
f 6240/1/5531 6248/1/5539 6249/1/5540 6241/1/5532
f 6248/1/5539 6242/1/5533 6243/1/5534 6249/1/5540
f 6242/1/5533 6250/1/5541 6251/1/5542 6243/1/5534
f 6250/1/5541 6244/1/5535 6245/1/5536 6251/1/5542
f 6244/1/5535 6252/1/5543 6253/1/5544 6245/1/5536
f 6252/1/5543 6246/1/5537 6247/1/5538 6253/1/5544
f 6246/1/5537 6254/1/5545 6255/1/5546 6247/1/5538
f 6271/1/5562 6256/1/5547 6257/1/5548 6270/1/5561
f 6256/1/5547 6264/1/5555 6265/1/5556 6257/1/5548
f 6264/1/5555 6258/1/5549 6259/1/5550 6265/1/5556
f 6258/1/5549 6266/1/5557 6267/1/5558 6259/1/5550
f 6266/1/5557 6260/1/5551 6261/1/5552 6267/1/5558
f 6260/1/5551 6268/1/5559 6269/1/5560 6261/1/5552
f 6268/1/5559 6262/1/5553 6263/1/5554 6269/1/5560
f 6262/1/5553 6271/1/5562 6270/1/5561 6263/1/5554
f 6287/1/5578 6272/1/5563 6273/1/5564 6286/1/5577
f 6272/1/5563 6280/1/5571 6281/1/5572 6273/1/5564
f 6280/1/5571 6274/1/5565 6275/1/5566 6281/1/5572
f 6274/1/5565 6282/1/5573 6283/1/5574 6275/1/5566
f 6282/1/5573 6276/1/5567 6277/1/5568 6283/1/5574
f 6276/1/5567 6284/1/5575 6285/1/5576 6277/1/5568
f 6284/1/5575 6278/1/5569 6279/1/5570 6285/1/5576
f 6278/1/5569 6287/1/5578 6286/1/5577 6279/1/5570
f 6303/1/5594 6288/1/5579 6289/1/5580 6302/1/5593
f 6288/1/5579 6296/1/5587 6297/1/5588 6289/1/5580
f 6296/1/5587 6290/1/5581 6291/1/5582 6297/1/5588
f 6290/1/5581 6298/1/5589 6299/1/5590 6291/1/5582
f 6298/1/5589 6292/1/5583 6293/1/5584 6299/1/5590
f 6292/1/5583 6300/1/5591 6301/1/5592 6293/1/5584
f 6300/1/5591 6294/1/5585 6295/1/5586 6301/1/5592
f 6294/1/5585 6303/1/5594 6302/1/5593 6295/1/5586
f 6318/1/5609 6304/1/5595 6305/1/5596 6319/1/5610
f 6304/1/5595 6312/1/5603 6313/1/5604 6305/1/5596
f 6312/1/5603 6306/1/5597 6307/1/5598 6313/1/5604
f 6306/1/5597 6314/1/5605 6315/1/5606 6307/1/5598
f 6314/1/5605 6308/1/5599 6309/1/5600 6315/1/5606
f 6308/1/5599 6316/1/5607 6317/1/5608 6309/1/5600
f 6316/1/5607 6310/1/5601 6311/1/5602 6317/1/5608
f 6310/1/5601 6318/1/5609 6319/1/5610 6311/1/5602
f 6335/1/5626 6320/1/5611 6321/1/5612 6334/1/5625
f 6320/1/5611 6328/1/5619 6329/1/5620 6321/1/5612
f 6328/1/5619 6322/1/5613 6323/1/5614 6329/1/5620
f 6322/1/5613 6330/1/5621 6331/1/5622 6323/1/5614
f 6330/1/5621 6324/1/5615 6325/1/5616 6331/1/5622
f 6324/1/5615 6332/1/5623 6333/1/5624 6325/1/5616
f 6332/1/5623 6326/1/5617 6327/1/5618 6333/1/5624
f 6326/1/5617 6335/1/5626 6334/1/5625 6327/1/5618
f 6351/1/5642 6336/1/5627 6337/1/5628 6350/1/5641
f 6336/1/5627 6344/1/5635 6345/1/5636 6337/1/5628
f 6344/1/5635 6338/1/5629 6339/1/5630 6345/1/5636
f 6338/1/5629 6346/1/5637 6347/1/5638 6339/1/5630
f 6346/1/5637 6340/1/5631 6341/1/5632 6347/1/5638
f 6340/1/5631 6348/1/5639 6349/1/5640 6341/1/5632
f 6348/1/5639 6342/1/5633 6343/1/5634 6349/1/5640
f 6342/1/5633 6351/1/5642 6350/1/5641 6343/1/5634
f 6367/1/5658 6352/1/5643 6353/1/5644 6366/1/5657
f 6352/1/5643 6360/1/5651 6361/1/5652 6353/1/5644
f 6360/1/5651 6354/1/5645 6355/1/5646 6361/1/5652
f 6354/1/5645 6362/1/5653 6363/1/5654 6355/1/5646
f 6362/1/5653 6356/1/5647 6357/1/5648 6363/1/5654
f 6356/1/5647 6364/1/5655 6365/1/5656 6357/1/5648
f 6364/1/5655 6358/1/5649 6359/1/5650 6365/1/5656
f 6358/1/5649 6367/1/5658 6366/1/5657 6359/1/5650
f 6382/1/5673 6368/1/5659 6369/1/5660 6383/1/5674
f 6368/1/5659 6376/1/5667 6377/1/5668 6369/1/5660
f 6376/1/5667 6370/1/5661 6371/1/5662 6377/1/5668
f 6370/1/5661 6378/1/5669 6379/1/5670 6371/1/5662
f 6378/1/5669 6372/1/5663 6373/1/5664 6379/1/5670
f 6372/1/5663 6380/1/5671 6381/1/5672 6373/1/5664
f 6380/1/5671 6374/1/5665 6375/1/5666 6381/1/5672
f 6374/1/5665 6382/1/5673 6383/1/5674 6375/1/5666
f 6399/1/5690 6384/1/5675 6385/1/5676 6398/1/5689
f 6384/1/5675 6392/1/5683 6393/1/5684 6385/1/5676
f 6392/1/5683 6386/1/5677 6387/1/5678 6393/1/5684
f 6386/1/5677 6394/1/5685 6395/1/5686 6387/1/5678
f 6394/1/5685 6388/1/5679 6389/1/5680 6395/1/5686
f 6388/1/5679 6396/1/5687 6397/1/5688 6389/1/5680
f 6396/1/5687 6390/1/5681 6391/1/5682 6397/1/5688
f 6390/1/5681 6399/1/5690 6398/1/5689 6391/1/5682
f 6415/1/5706 6400/1/5691 6401/1/5692 6414/1/5705
f 6400/1/5691 6408/1/5699 6409/1/5700 6401/1/5692
f 6408/1/5699 6402/1/5693 6403/1/5694 6409/1/5700
f 6402/1/5693 6410/1/5701 6411/1/5702 6403/1/5694
f 6410/1/5701 6404/1/5695 6405/1/5696 6411/1/5702
f 6404/1/5695 6412/1/5703 6413/1/5704 6405/1/5696
f 6412/1/5703 6406/1/5697 6407/1/5698 6413/1/5704
f 6406/1/5697 6415/1/5706 6414/1/5705 6407/1/5698
f 6431/1/5722 6416/1/5707 6417/1/5708 6430/1/5721
f 6416/1/5707 6424/1/5715 6425/1/5716 6417/1/5708
f 6424/1/5715 6418/1/5709 6419/1/5710 6425/1/5716
f 6418/1/5709 6426/1/5717 6427/1/5718 6419/1/5710
f 6426/1/5717 6420/1/5711 6421/1/5712 6427/1/5718
f 6420/1/5711 6428/1/5719 6429/1/5720 6421/1/5712
f 6428/1/5719 6422/1/5713 6423/1/5714 6429/1/5720
f 6422/1/5713 6431/1/5722 6430/1/5721 6423/1/5714
f 6446/1/5737 6432/1/5723 6433/1/5724 6447/1/5738
f 6432/1/5723 6440/1/5731 6441/1/5732 6433/1/5724
f 6440/1/5731 6434/1/5725 6435/1/5726 6441/1/5732
f 6434/1/5725 6442/1/5733 6443/1/5734 6435/1/5726
f 6442/1/5733 6436/1/5727 6437/1/5728 6443/1/5734
f 6436/1/5727 6444/1/5735 6445/1/5736 6437/1/5728
f 6444/1/5735 6438/1/5729 6439/1/5730 6445/1/5736
f 6438/1/5729 6446/1/5737 6447/1/5738 6439/1/5730
f 6463/1/5754 6448/1/5739 6449/1/5740 6462/1/5753
f 6448/1/5739 6456/1/5747 6457/1/5748 6449/1/5740
f 6456/1/5747 6450/1/5741 6451/1/5742 6457/1/5748
f 6450/1/5741 6458/1/5749 6459/1/5750 6451/1/5742
f 6458/1/5749 6452/1/5743 6453/1/5744 6459/1/5750
f 6452/1/5743 6460/1/5751 6461/1/5752 6453/1/5744
f 6460/1/5751 6454/1/5745 6455/1/5746 6461/1/5752
f 6454/1/5745 6463/1/5754 6462/1/5753 6455/1/5746
f 6479/1/5770 6464/1/5755 6465/1/5756 6478/1/5769
f 6464/1/5755 6472/1/5763 6473/1/5764 6465/1/5756
f 6472/1/5763 6466/1/5757 6467/1/5758 6473/1/5764
f 6466/1/5757 6474/1/5765 6475/1/5766 6467/1/5758
f 6474/1/5765 6468/1/5759 6469/1/5760 6475/1/5766
f 6468/1/5759 6476/1/5767 6477/1/5768 6469/1/5760
f 6476/1/5767 6470/1/5761 6471/1/5762 6477/1/5768
f 6470/1/5761 6479/1/5770 6478/1/5769 6471/1/5762
f 6581/1/5837 6567/1/5823 6566/1/5822 6580/1/5836
f 6567/1/5823 6575/1/5831 6574/1/5830 6566/1/5822
f 6575/1/5831 6569/1/5825 6568/1/5824 6574/1/5830
f 6569/1/5825 6577/1/5833 6576/1/5832 6568/1/5824
f 6577/1/5833 6571/1/5827 6570/1/5826 6576/1/5832
f 6571/1/5827 6579/1/5835 6578/1/5834 6570/1/5826
f 6579/1/5835 6573/1/5829 6572/1/5828 6578/1/5834
f 6573/1/5829 6581/1/5837 6580/1/5836 6572/1/5828
f 6597/1/5370 6583/1/5839 6582/1/5838 6596/1/5369
f 6583/1/5839 6591/1/5842 6590/1/5841 6582/1/5838
f 6591/1/5842 6584/1/5374 6585/1/5373 6590/1/5841
f 6584/1/5374 6592/1/5365 6593/1/5366 6585/1/5373
f 6592/1/5365 6586/1/5840 6587/1/5379 6593/1/5366
f 6586/1/5840 6594/1/5371 6595/1/5372 6587/1/5379
f 6594/1/5371 6588/1/5378 6589/1/5377 6595/1/5372
f 6588/1/5378 6597/1/5370 6596/1/5369 6589/1/5377
f 6613/1/5858 6598/1/5843 6599/1/5844 6612/1/5857
f 6598/1/5843 6606/1/5851 6607/1/5852 6599/1/5844
f 6606/1/5851 6600/1/5845 6601/1/5846 6607/1/5852
f 6600/1/5845 6608/1/5853 6609/1/5854 6601/1/5846
f 6608/1/5853 6602/1/5847 6603/1/5848 6609/1/5854
f 6602/1/5847 6610/1/5855 6611/1/5856 6603/1/5848
f 6610/1/5855 6604/1/5849 6605/1/5850 6611/1/5856
f 6604/1/5849 6613/1/5858 6612/1/5857 6605/1/5850
f 6629/1/5855 6614/1/5859 6615/1/5850 6628/1/5856
f 6614/1/5859 6622/1/5862 6623/1/5857 6615/1/5850
f 6622/1/5862 6617/1/5843 6616/1/5844 6623/1/5857
f 6617/1/5843 6625/1/5851 6624/1/5863 6616/1/5844
f 6625/1/5851 6619/1/5860 6618/1/5846 6624/1/5863
f 6619/1/5860 6627/1/5853 6626/1/5854 6618/1/5846
f 6627/1/5853 6621/1/5861 6620/1/5848 6626/1/5854
f 6621/1/5861 6629/1/5855 6628/1/5856 6620/1/5848
f 6645/1/5384 6631/1/5864 6630/1/5363 6644/1/5383
f 6631/1/5864 6639/1/5355 6638/1/5805 6630/1/5363
f 6639/1/5355 6633/1/5362 6632/1/5361 6638/1/5805
f 6633/1/5362 6641/1/5772 6640/1/5771 6632/1/5361
f 6641/1/5772 6635/1/5360 6634/1/5359 6640/1/5771
f 6635/1/5360 6643/1/5385 6642/1/5773 6634/1/5359
f 6643/1/5385 6637/1/5358 6636/1/5357 6642/1/5773
f 6637/1/5358 6645/1/5384 6644/1/5383 6636/1/5357
f 6661/1/5873 6647/1/5865 6646/1/5828 6660/1/5834
f 6647/1/5865 6655/1/5869 6654/1/5836 6646/1/5828
f 6655/1/5869 6649/1/5867 6648/1/5866 6654/1/5836
f 6649/1/5867 6657/1/5831 6656/1/5870 6648/1/5866
f 6657/1/5831 6650/1/5868 6651/1/5824 6656/1/5870
f 6650/1/5868 6658/1/5871 6659/1/5872 6651/1/5824
f 6658/1/5871 6652/1/5827 6653/1/5826 6659/1/5872
f 6652/1/5827 6661/1/5873 6660/1/5834 6653/1/5826
f 6677/1/5885 6662/1/5874 6663/1/5875 6676/1/5884
f 6662/1/5874 6670/1/5880 6671/1/5881 6663/1/5875
f 6670/1/5880 6664/1/5876 6665/1/5811 6671/1/5881
f 6664/1/5876 6672/1/5882 6673/1/5883 6665/1/5811
f 6672/1/5882 6666/1/5877 6667/1/5878 6673/1/5883
f 6666/1/5877 6674/1/5820 6675/1/5821 6667/1/5878
f 6674/1/5820 6668/1/5879 6669/1/5806 6675/1/5821
f 6668/1/5879 6677/1/5885 6676/1/5884 6669/1/5806
f 6693/1/5365 6678/1/5775 6679/1/5379 6692/1/5777
f 6678/1/5775 6686/1/5371 6687/1/5372 6679/1/5379
f 6686/1/5371 6680/1/5378 6681/1/5774 6687/1/5372
f 6680/1/5378 6688/1/5370 6689/1/5369 6681/1/5774
f 6688/1/5370 6682/1/5375 6683/1/5376 6689/1/5369
f 6682/1/5375 6691/1/5368 6690/1/5367 6683/1/5376
f 6691/1/5368 6685/1/5374 6684/1/5373 6690/1/5367
f 6685/1/5374 6693/1/5365 6692/1/5777 6684/1/5373
f 6709/1/5802 6695/1/5798 6694/1/5781 6708/1/5788
f 6695/1/5798 6703/1/5790 6702/1/5789 6694/1/5781
f 6703/1/5790 6697/1/5783 6696/1/5784 6702/1/5789
f 6697/1/5783 6705/1/5792 6704/1/5791 6696/1/5784
f 6705/1/5792 6699/1/5886 6698/1/5785 6704/1/5791
f 6699/1/5886 6707/1/5887 6706/1/5794 6698/1/5785
f 6707/1/5887 6701/1/5780 6700/1/5779 6706/1/5794
f 6701/1/5780 6709/1/5802 6708/1/5788 6700/1/5779
f 6725/1/5384 6711/1/5364 6710/1/5363 6724/1/5383
f 6711/1/5364 6719/1/5890 6718/1/5356 6710/1/5363
f 6719/1/5890 6713/1/5888 6712/1/5361 6718/1/5356
f 6713/1/5888 6721/1/5381 6720/1/5382 6712/1/5361
f 6721/1/5381 6715/1/5804 6714/1/5889 6720/1/5382
f 6715/1/5804 6723/1/5385 6722/1/5891 6714/1/5889
f 6723/1/5385 6716/1/5358 6717/1/5357 6722/1/5891
f 6716/1/5358 6725/1/5384 6724/1/5383 6717/1/5357
f 6741/1/5831 6726/1/5868 6727/1/5824 6740/1/5870
f 6726/1/5868 6734/1/5833 6735/1/5832 6727/1/5824
f 6734/1/5833 6728/1/5827 6729/1/5826 6735/1/5832
f 6728/1/5827 6736/1/5873 6737/1/5834 6729/1/5826
f 6736/1/5873 6730/1/5865 6731/1/5892 6737/1/5834
f 6730/1/5865 6738/1/5869 6739/1/5893 6731/1/5892
f 6738/1/5869 6732/1/5867 6733/1/5822 6739/1/5893
f 6732/1/5867 6741/1/5831 6740/1/5870 6733/1/5822
f 6757/1/5370 6742/1/5839 6743/1/5838 6756/1/5896
f 6742/1/5839 6750/1/5842 6751/1/5841 6743/1/5838
f 6750/1/5842 6744/1/5374 6745/1/5373 6751/1/5841
f 6744/1/5374 6752/1/5365 6753/1/5894 6745/1/5373
f 6752/1/5365 6746/1/5775 6747/1/5379 6753/1/5894
f 6746/1/5775 6754/1/5895 6755/1/5372 6747/1/5379
f 6754/1/5895 6748/1/5378 6749/1/5377 6755/1/5372
f 6748/1/5378 6757/1/5370 6756/1/5896 6749/1/5377
f 6773/1/5901 6759/1/5847 6758/1/5848 6772/1/5854
f 6759/1/5847 6767/1/5855 6766/1/5856 6758/1/5848
f 6767/1/5855 6761/1/5849 6760/1/5897 6766/1/5856
f 6761/1/5849 6769/1/5858 6768/1/5857 6760/1/5897
f 6769/1/5858 6763/1/5843 6762/1/5844 6768/1/5857
f 6763/1/5843 6771/1/5900 6770/1/5852 6762/1/5844
f 6771/1/5900 6765/1/5899 6764/1/5898 6770/1/5852
f 6765/1/5899 6773/1/5901 6772/1/5854 6764/1/5898
f 6789/1/5381 6775/1/5804 6774/1/5359 6788/1/5382
f 6775/1/5804 6783/1/5385 6782/1/5891 6774/1/5359
f 6783/1/5385 6777/1/5358 6776/1/5357 6782/1/5891
f 6777/1/5358 6785/1/5384 6784/1/5383 6776/1/5357
f 6785/1/5384 6779/1/5864 6778/1/5363 6784/1/5383
f 6779/1/5864 6787/1/5355 6786/1/5356 6778/1/5363
f 6787/1/5355 6781/1/5888 6780/1/5361 6786/1/5356
f 6781/1/5888 6789/1/5381 6788/1/5382 6780/1/5361
f 6805/1/5873 6791/1/5865 6790/1/5828 6804/1/5834
f 6791/1/5865 6798/1/5869 6799/1/5836 6790/1/5828
f 6798/1/5869 6792/1/5867 6793/1/5822 6799/1/5836
f 6792/1/5867 6800/1/5831 6801/1/5870 6793/1/5822
f 6800/1/5831 6794/1/5902 6795/1/5824 6801/1/5870
f 6794/1/5902 6802/1/5833 6803/1/5872 6795/1/5824
f 6802/1/5833 6796/1/5827 6797/1/5903 6803/1/5872
f 6796/1/5827 6805/1/5873 6804/1/5834 6797/1/5903
f 6821/1/5842 6806/1/5374 6807/1/5373 6820/1/5905
f 6806/1/5374 6814/1/5365 6815/1/5366 6807/1/5373
f 6814/1/5365 6808/1/5904 6809/1/5379 6815/1/5366
f 6808/1/5904 6816/1/5371 6817/1/5372 6809/1/5379
f 6816/1/5371 6810/1/5378 6811/1/5377 6817/1/5372
f 6810/1/5378 6818/1/5370 6819/1/5369 6811/1/5377
f 6818/1/5370 6812/1/5375 6813/1/5838 6819/1/5369
f 6812/1/5375 6821/1/5842 6820/1/5905 6813/1/5838
f 6887/1/5971 6828/1/5912 6829/2318/5913 6886/2321/5970
f 6889/1/5973 6836/1/5920 6837/2291/5921 6888/1/5972
f 6891/1/5975 6844/1/5928 6845/2395/5929 6890/2398/5974
f 6893/1/5977 6852/1/5936 6853/2363/5937 6892/2366/5976
f 6895/1/5979 6860/1/5944 6861/2255/5945 6894/2257/5978
f 6897/1/5981 6868/1/5952 6869/2268/5953 6896/2271/5980
f 6899/1/5983 6876/1/5960 6877/2339/5961 6898/2341/5982
f 6901/1/5985 6884/1/5968 6885/2233/5969 6900/1/5984
f 6903/1762/5987 6822/1764/5906 6823/1/5907 6902/1/5986
f 6905/1/5989 6823/1/5907 6822/2308/5906 6904/2310/5988
f 6907/1/5991 6826/1/5910 6827/2314/5911 6906/1/5990
f 6909/2326/5993 6830/2328/5914 6831/1/5915 6908/1/5992
f 6911/1/5995 6831/1/5915 6830/2281/5914 6910/2284/5994
f 6913/2304/5997 6832/2307/5916 6833/1/5917 6912/1/5996
f 6915/2300/5999 6838/2303/5922 6839/1/5923 6914/1/5998
f 6917/1/6001 6839/1/5923 6838/2386/5922 6916/1/6000
f 6919/1/6003 6842/1/5926 6843/2390/5927 6918/2391/6002
f 6921/2403/6005 6846/1/5930 6847/1/5931 6920/1/6004
f 6923/1/6007 6847/1/5931 6846/2380/5930 6922/2379/6006
f 6925/2376/6009 6848/2378/5932 6849/1/5933 6924/1/6008
f 6927/2374/6011 6854/2375/5938 6855/1/5939 6926/1/6010
f 6929/1/6013 6855/1/5939 6854/2243/5938 6928/2245/6012
f 6931/1/6015 6858/1/5942 6859/2248/5943 6930/2250/6014
f 6933/2239/6017 6862/2238/5946 6863/1/5947 6932/1/6016
f 6935/2274/6019 6869/2276/5953 6868/1/5952 6934/1/6018
f 6937/2258/6021 6864/2259/5948 6865/1/5949 6936/1/6020
f 6939/2277/6023 6870/2280/5954 6871/1/5955 6938/1/6022
f 6941/2346/6025 6877/2349/5961 6876/1/5960 6940/1/6024
f 6943/2354/6027 6872/2357/5956 6873/1/5957 6942/1/6026
f 6945/2350/6029 6878/2353/5962 6879/1/5963 6944/1/6028
f 6947/2219/6031 6885/2220/5969 6884/1/5968 6946/1/6030
f 6949/2222/6033 6880/2224/5964 6881/1/5965 6948/1/6032
f 6826/1/5910 6887/1/5971 6886/2316/5970 6827/2317/5911
f 6835/1/5919 6889/1/5973 6888/2286/5972 6834/2285/5918
f 6842/1/5926 6891/1/5975 6890/2392/5974 6843/2394/5927
f 6851/1/5935 6893/1/5977 6892/2358/5976 6850/2360/5934
f 6858/1/5942 6895/1/5979 6894/2251/5978 6859/2254/5943
f 6867/1/5951 6897/1/5981 6896/2264/5980 6866/2266/5950
f 6875/1/5959 6899/1/5983 6898/2333/5982 6874/1/5958
f 6883/1/5967 6901/1/5985 6900/2230/5984 6882/2229/5966
f 6825/2329/5909 6903/2330/5987 6902/1/5986 6824/1/5908
f 6828/1/5912 6905/1/5989 6904/2322/5988 6829/2325/5913
f 6824/1/5908 6907/1/5991 6906/2311/5990 6825/889/5909
f 6832/2288/5916 6909/2290/5993 6908/1/5992 6833/1/5917
f 6836/1/5920 6911/1/5995 6910/2296/5994 6837/2299/5921
f 6834/2293/5918 6913/2295/5997 6912/1/5996 6835/1/5919
f 6841/2382/5925 6915/2385/5999 6914/1/5998 6840/1/5924
f 6844/1/5928 6917/1/6001 6916/2400/6000 6845/2399/5929
f 6840/1/5924 6919/1/6003 6918/2388/6002 6841/2389/5925
f 6848/2361/5932 6921/2362/6005 6920/1/6004 6849/1/5933
f 6852/1/5936 6923/1/6007 6922/2371/6006 6853/2373/5937
f 6850/2367/5934 6925/2370/6009 6924/1/6008 6851/1/5935
f 6857/2241/5941 6927/2240/6011 6926/1/6010 6856/1/5940
f 6860/1/5944 6929/1/6013 6928/2234/6012 6861/2237/5945
f 6856/1/5940 6931/1/6015 6930/2246/6014 6857/1/5941
f 6864/2267/5948 6933/1/6017 6932/1/6016 6865/1/5949
f 6862/2260/5946 6935/2263/6019 6934/1/6018 6863/1/5947
f 6866/2272/5950 6937/2273/6021 6936/1/6020 6867/1/5951
f 6872/2335/5956 6939/2338/6023 6938/1/6022 6873/1/5957
f 6870/2331/5954 6941/2332/6025 6940/1/6024 6871/1/5955
f 6874/2343/5958 6943/2342/6027 6942/1/6026 6875/1/5959
f 6880/2231/5964 6945/2232/6029 6944/1/6028 6881/1/5965
f 6878/2225/5962 6947/2228/6031 6946/1/6030 6879/1/5963
f 6882/2216/5966 6949/2218/6033 6948/1/6032 6883/1/5967
f 6950/2352/6034 6953/2351/6037 6954/1768/6038 6951/1771/6035
f 6953/803/6037 6955/794/6039 6956/1772/6040 6954/1773/6038
f 6955/794/6039 6957/2223/6041 6958/1774/6042 6956/1775/6040
f 6957/2217/6041 6960/786/6044 6959/1776/6043 6958/1777/6042
f 6963/1765/6047 6974/1766/6058 6975/2402/6059 6962/2401/6046
f 6962/1/6046 6964/2387/6048 6965/1810/6049 6963/1811/6047
f 6964/2302/6048 6966/2301/6050 6967/1812/6051 6965/1813/6049
f 6966/2384/6050 6969/2383/6053 6968/1814/6052 6967/1815/6051
f 6971/2397/6055 6975/2396/6059 6974/1822/6058 6972/1823/6056
f 6976/2496/6060 6987/2497/6071 6986/1865/6070 6977/1864/6061
f 6977/1825/6061 6979/1824/6063 6978/1859/6062 6976/1858/6060
f 6979/2424/6063 6981/248/6065 6980/1860/6064 6978/1859/6062
f 6981/248/6065 6983/1866/6067 6982/1861/6066 6980/1860/6064
f 6983/1867/6067 6985/1129/6069 6984/1862/6068 6982/1861/6066
f 6988/2369/6072 6991/2368/6075 6992/1874/6076 6989/1876/6073
f 6991/2359/6075 6993/1722/6077 6994/1877/6078 6992/1878/6076
f 6993/2365/6077 6995/2364/6079 6996/1879/6080 6994/1881/6078
f 6995/1721/6079 6998/2372/6082 6997/1882/6081 6996/1883/6080
f 7000/2498/6084 7014/2488/6098 7015/1919/6099 7001/346/6085
f 7001/1136/6085 7003/1872/6087 7002/1915/6086 7000/1914/6084
f 7003/2423/6087 7005/1921/6089 7004/1916/6088 7002/1915/6086
f 7005/1921/6089 7007/1920/6091 7006/1266/6090 7004/1916/6088
f 7007/1920/6091 7009/1922/6093 7008/1194/6092 7006/1266/6090
f 7009/1923/6093 7011/351/6095 7010/1917/6094 7008/1194/6092
f 7011/1925/6095 7013/1924/6097 7012/1918/6096 7010/1917/6094
f 7013/1927/6097 7015/1926/6099 7014/1913/6098 7012/1918/6096
f 7017/1928/6101 7030/1929/6114 7031/2345/6115 7016/2344/6100
f 7016/1/6100 7018/2334/6102 7019/1930/6103 7017/1931/6101
f 7018/913/6102 7020/2340/6104 7021/1932/6105 7019/1933/6103
f 7020/2348/6104 7022/2347/6106 7023/1934/6107 7021/1936/6105
f 7022/910/6106 7024/2279/6108 7025/1937/6109 7023/1938/6107
f 7024/2279/6108 7026/2278/6110 7027/1939/6111 7025/1940/6109
f 7026/2337/6110 7028/2336/6112 7029/1941/6113 7027/1942/6111
f 7028/2356/6112 7031/2355/6115 7030/1943/6114 7029/1944/6113
f 7032/1973/6116 7044/1972/6128 7045/2499/6129 7033/1806/6117
f 7034/2422/6118 7037/2421/6121 7036/1975/6120 7035/1974/6119
f 7037/1980/6121 7039/1979/6123 7038/1976/6122 7036/1975/6120
f 7039/1982/6123 7041/449/6125 7040/1268/6124 7038/1976/6122
f 7041/449/6125 7043/1983/6127 7042/1196/6126 7040/1268/6124
f 7043/450/6127 7045/1984/6129 7044/1972/6128 7042/1196/6126
f 7047/1985/6131 7060/1986/6144 7059/2313/6143 7046/2312/6130
f 7046/1/6130 7048/2315/6132 7049/1987/6133 7047/1989/6131
f 7048/2315/6132 7050/1670/6134 7051/1990/6135 7049/1991/6133
f 7050/2320/6134 7052/2319/6136 7053/1992/6137 7051/1994/6135
f 7052/2324/6136 7054/2323/6138 7055/1995/6139 7053/1996/6137
f 7054/2309/6138 7057/1763/6141 7056/1997/6140 7055/1999/6139
f 7062/1804/6146 7072/2500/6156 7073/2043/6157 7063/2042/6147
f 7064/2420/6148 7067/2045/6151 7066/2039/6150 7065/2038/6149
f 7067/2045/6151 7069/2044/6153 7068/2040/6152 7066/2039/6150
f 7069/2044/6153 7071/2048/6155 7070/2041/6154 7068/2040/6152
f 7071/2049/6155 7073/1337/6157 7072/2036/6156 7070/2041/6154
f 7075/2050/6159 7090/2052/6174 7091/2287/6175 7074/861/6158
f 7074/1/6158 7076/2292/6160 7077/2053/6161 7075/2054/6159
f 7076/2298/6160 7078/2297/6162 7079/2055/6163 7077/2057/6161
f 7078/2283/6162 7080/2282/6164 7081/2058/6165 7079/2060/6163
f 7080/2327/6164 7083/2289/6167 7082/1362/6166 7081/2062/6165
f 7085/2306/6169 7088/2305/6172 7089/2066/6173 7086/2067/6170
f 7088/2294/6172 7091/862/6175 7090/2068/6174 7089/2069/6173
f 7092/2501/6176 7106/2502/6190 7107/2106/6191 7093/2105/6177
f 7093/2072/6177 7095/2071/6179 7094/2099/6178 7092/2098/6176
f 7095/2071/6179 7097/2419/6181 7096/2100/6180 7094/2099/6178
f 7097/2108/6181 7099/2107/6183 7098/2101/6182 7096/2100/6180
f 7099/2109/6183 7101/1415/6185 7100/2102/6184 7098/2101/6182
f 7101/1416/6185 7103/2110/6187 7102/2103/6186 7100/2102/6184
f 7103/2110/6187 7105/2111/6189 7104/2104/6188 7102/2103/6186
f 7105/622/6189 7107/2106/6191 7106/2097/6190 7104/2104/6188
f 7108/2270/6192 7111/2269/6195 7112/2116/6196 7109/2117/6193
f 7111/2275/6195 7114/834/6198 7113/2118/6197 7112/2119/6196
f 7116/2143/6200 7130/2142/6214 7131/1805/6215 7117/2503/6201
f 7117/2123/6201 7119/2122/6203 7118/2144/6202 7116/2143/6200
f 7119/2417/6203 7121/2416/6205 7120/2145/6204 7118/2144/6202
f 7121/2152/6205 7123/2151/6207 7122/2146/6206 7120/2145/6204
f 7123/2154/6207 7125/2153/6209 7124/1475/6208 7122/2146/6206
f 7126/1483/6210 7129/2157/6213 7128/2148/6212 7127/2147/6211
f 7129/2158/6213 7131/694/6215 7130/2142/6214 7128/2148/6212
f 7132/1/6216 7135/2247/6219 7136/2161/6220 7133/2163/6217
f 7135/2247/6219 7137/2249/6221 7138/2164/6222 7136/2165/6220
f 7137/2253/6221 7139/2252/6223 7140/2166/6224 7138/2167/6222
f 7139/2256/6223 7141/2236/6225 7142/2168/6226 7140/2170/6224
f 7141/2236/6225 7144/2235/6228 7143/2171/6227 7142/2173/6226
f 7146/2200/6230 7160/2199/6244 7161/2504/6245 7147/1806/6231
f 7147/2178/6231 7149/2177/6233 7148/2201/6232 7146/2200/6230
f 7149/2418/6233 7151/2209/6235 7150/2202/6234 7148/2201/6232
f 7151/2209/6235 7153/2208/6237 7152/2203/6236 7150/2202/6234
f 7153/2210/6237 7155/1558/6239 7154/2204/6238 7152/2203/6236
f 7155/2212/6239 7157/2211/6241 7156/2205/6240 7154/2204/6238
f 7157/2214/6241 7159/2213/6243 7158/2206/6242 7156/2205/6240
f 7159/782/6243 7161/2215/6245 7160/2199/6244 7158/2206/6242
f 2318/1/2184 2399/1/2265 2542/1/2402 2463/1/2329
